DBRep_DrawableShape

CASCADE Topology V1, (c) Matra-Datavision
Locations 0
Curve2ds 0
Curves 750
1 41.442340850830078 18.916221618652344 30.553466796875 -0.81514353811334272 -0.38065301857330897 -0.43662832217240499 
1 38.875072479248047 17.717367172241211 29.178319931030273 0.51293734491872656 0.25432290898809157 0.8198872716121175 
1 41.706035614013672 19.121006011962891 33.703376770019531 -0.083248678126419617 -0.06465062043023731 -0.9944294619872186 
1 36.527622222900391 16.498432159423828 33.628475189208984 0.45344782502497838 0.23545692988136244 -0.85961916227534141 
1 36.527622222900391 16.498432159423828 33.628475189208984 0.89204176327690543 0.4517687614043317 0.012902665965820771 
1 38.317153930664062 40.866416931152344 43.627655029296875 0.37254305939886306 0.55735090039251001 -0.74200515006662426 
1 39.871612548828125 43.191997528076172 40.531593322753906 0.074753669819874607 -0.74443106146205251 0.66350153246163868 
1 40.161491394042969 40.305252075195312 43.104511260986328 -0.92330439319190771 0.28092796849704593 0.26189401296831116 
1 37.721019744873047 43.727508544921875 41.17596435546875 0.15627249998591758 -0.75001560022804914 0.64269394361757493 
1 37.721019744873047 43.727508544921875 41.17596435546875 0.93178431033232456 -0.23202010282433649 -0.27918572833133593 
1 37.721019744873047 43.727508544921875 41.17596435546875 -0.76396775986692778 -0.20073235338018913 0.61323713536474556 
1 34.724109649658203 42.940071105957031 43.581584930419922 0.58381095049084808 0.33066661239970363 -0.74150142651992024 
1 38.590011596679688 45.129692077636719 38.671482086181641 -0.28976543561536899 -0.46755826458568506 0.83511990848036788 
1 34.784145355224609 46.18450927734375 39.123218536376953 -0.01088736368035398 -0.58837283541605434 0.80851646356556295 
1 34.784145355224609 46.18450927734375 39.123218536376953 0.95742947977679083 -0.26535695652535574 -0.11364187994724544 
1 39.768703460693359 23.323287963867188 43.179759979248047 -0.8895387601019793 -0.45677616561920942 0.0087366354190790176 
1 34.613063812255859 20.675878524780273 43.230396270751953 0.61387215709634968 0.72939570973287537 0.30189877999943893 
1 38.500617980957031 25.295024871826172 45.14227294921875 0.41476942169054865 -0.64492196315512285 -0.64190496825513832 
1 34.763496398925781 24.692653656005859 46.098411560058594 -0.030465036402316809 -0.81346205168441588 -0.58081956925226452 
1 34.763496398925781 24.692653656005859 46.098411560058594 0.95719440789846677 0.15428621911434032 -0.24489717858584079 
1 32.337612152099609 31.911872863769531 16.361539840698242 -0.15200962718249783 0.98425803643461141 0.090162026140283943 
1 32.088108062744141 33.52740478515625 16.509529113769531 -0.41390821457049493 -0.91001870848382049 -0.023365361553047539 
1 31.173772811889648 31.517147064208984 16.457914352416992 0.94411684248131233 0.32020508557459859 -0.078179862594410815 
1 32.088108062744141 33.52740478515625 16.509529113769531 -0.95362174899744323 0.30095500872241471 -0.005625172348354481 
1 31.173772811889648 31.517147064208984 16.457914352416992 -0.66210920795070261 0.74937503959982199 0.0069603715172607133 
1 29.245948791503906 17.762285232543945 24.979698181152344 -0.95599680146719102 0.26506087102007714 0.12574915601537176 
1 25.295011520385742 18.85772705078125 25.499393463134766 0.79425766324447622 -0.41290076398703551 0.44572157618444574 
1 29.845909118652344 16.491909027099609 28.053266525268555 -0.17753234661785394 0.37591297063250367 -0.90948980445885408 
1 24.692880630493164 17.901617050170898 29.236087799072266 0.94175148914972617 -0.25763386192106241 -0.21616874398467542 
1 24.692880630493164 17.901617050170898 29.236087799072266 0.15424256199217201 0.24491827028968294 -0.95719604729041829 
1 28.357316970825195 34.704811096191406 16.487522125244141 -0.93409295502149181 0.021291416706212794 0.35639448221578779 
1 24.876779556274414 34.784145355224609 17.815488815307617 0.52329507824834343 -0.81068052715297945 -0.26260111190935115 
1 27.676706314086914 30.446542739868164 16.410423278808594 0.15780422943549349 0.98730860301168011 0.017875894142523507 
1 25.305852890014648 29.326217651367188 17.611347198486328 -0.07831846032649098 0.99623178773025378 0.037261828831533013 
1 25.305852890014648 29.326217651367188 17.611347198486328 0.82202989232827417 0.38844270275101195 -0.41638818763055102 
1 27.779991149902344 16.490024566650391 30.01008415222168 -0.88667927904374777 0.40543731677966549 -0.22230708103199234 
1 24.692880630493164 17.901617050170898 29.236087799072266 0.54689614500943595 -0.27331680045369522 0.79132959831133143 
1 27.676700592041016 16.410423278808594 33.553516387939453 0.029130141438660169 0.022449261786775556 -0.99932350392902924 
1 25.119194030761719 17.72119140625 34.829231262207031 -0.075960986234097486 0.032148437852340388 -0.99659239737918803 
1 25.119194030761719 17.72119140625 34.829231262207031 0.81338777034514487 -0.41687586681526956 -0.4057275523303433 
1 20.820234298706055 39.768692016601562 40.676715850830078 -0.0085664411940245266 -0.88941046773031252 0.45702914127768268 
1 20.770805358886719 34.636734008789062 43.313804626464844 -0.30312710100476215 0.61222968071256645 -0.73026623822482561 
1 18.85772705078125 38.500602722167969 38.704990386962891 0.6419050852343372 0.41477195433997976 0.64492021789000542 
1 17.901416778564453 34.763706207275391 39.306846618652344 0.58202218699636121 -0.025754837514007551 0.81276494891733608 
1 18.85772705078125 38.500602722167969 38.704990386962891 -0.24495700822579916 -0.95719874284690709 0.15416429811524551 
1 19.121006011962891 30.296623229980469 22.293966293334961 -0.25432298104902901 0.8198871583331544 0.51293749025658109 
1 17.717367172241211 34.821678161621094 25.124929428100586 -0.23545700855507923 -0.85961944950169122 0.45344723966598666 
1 16.498432159423828 30.371522903442383 27.472375869750977 0.45176902813912923 -0.012902345020738762 -0.89204163283290339 
1 16.410425186157227 33.553459167480469 27.676677703857422 0.41689437297103721 0.40454233468802198 -0.8139684153763278 
1 16.498432159423828 30.371522903442383 27.472375869750977 -0.027590964904894519 0.99756517616772911 0.064050432887409608 
1 17.810447692871094 25.041646957397461 28.908430099487305 -0.41472386192683508 0.7585385182176223 0.50261658819492339 
1 16.495143890380859 27.447364807128906 30.502487182617188 0.44745112450022273 -0.89430795908710958 -0.00087492681685555384 
1 18.976682662963867 22.487583160400391 30.497634887695312 -0.36147916593480084 0.79164222884632596 -0.49258034278917578 
1 16.495143890380859 27.447364807128906 30.502487182617188 0.2473621074826868 -0.48075351939278455 0.84124196363066395 
1 17.737785339355469 25.032264709472656 34.728527069091797 0.24338599205405573 -0.4999121650200376 -0.83117452206912701 
1 16.505634307861328 27.409753799438477 33.668869018554688 0.42785276896396485 -0.82556055574614873 0.36795621599040573 
1 16.505634307861328 27.409753799438477 33.668869018554688 -0.0033128095355819528 0.011877325678571004 -0.99992397432390134 
1 16.410423278808594 30.446565628051758 36.323284149169922 0.023599199066684846 -0.75271034862793407 -0.65792872628562504 
1 16.495143890380859 27.447364807128906 30.502487182617188 -0.012937225028346174 0.4579916882727228 0.88886232999360881 
1 16.410423278808594 30.446565628051758 36.323284149169922 0.41462037327795193 -0.41070717265611734 0.81204037115876815 
1 17.714521408081055 29.154775619506836 38.87738037109375 -0.21493202958052876 -0.31025319186665973 -0.92603843311006495 
1 16.457914352416992 31.517147064208984 32.826225280761719 0.0079438170903490674 -0.86838590044199182 -0.49582539636810247 
1 16.457914352416992 31.517147064208984 32.826225280761719 -0.01298432272832669 -0.29270289799392235 0.9561152759313315 
1 16.361539840698242 31.911872863769531 31.662385940551758 0.028952116466217894 -0.96746286903191614 -0.25135109308825349 
1 16.495143890380859 27.447364807128906 30.502487182617188 0.000780881224503812 0.69441402909977878 -0.71957525417007273 
1 16.498432159423828 30.371522903442383 27.472375869750977 -0.030650229703376625 0.34488480104026442 0.93814446511747185 
1 16.361539840698242 31.911872863769531 31.662385940551758 0.078179862594410815 -0.32020508557459859 0.94411684248131233 
1 16.457914352416992 31.517147064208984 32.826225280761719 0.0076467238584864254 0.58886359840190916 0.80819625716244625 
1 16.490024566650391 33.989910125732422 36.220012664794922 -0.022449820426834605 -0.9993236270428123 0.029125487065474978 
1 16.498432159423828 30.371522903442383 27.472375869750977 0.0020372864666007426 0.57938739292873653 0.81504975208823582 
1 16.509529113769531 33.52740478515625 31.911893844604492 -0.090161994287209973 -0.98425768870901797 -0.15201189757165429 
1 16.410425186157227 33.553459167480469 27.676677703857422 0.023393123076899076 -0.0061500425572170621 0.99970742658502509 
1 16.509529113769531 33.52740478515625 31.911893844604492 -0.023365378253751238 -0.91001935893182562 0.41390678354959137 
1 16.490024566650391 33.989910125732422 36.220012664794922 0.40542298929000181 0.22227324044433797 0.88669431391970288 
1 17.901416778564453 34.763706207275391 39.306846618652344 -0.27330130588657414 -0.79133823064348541 -0.54689139774065831 
1 16.491909027099609 35.946731567382812 34.154090881347656 0.0053416524652432846 -0.73343582881291924 -0.67973770806278422 
1 16.410425186157227 33.553459167480469 27.676677703857422 0.011799185554071603 0.34655540044870436 0.93795529405195999 
1 16.491909027099609 35.946731567382812 34.154090881347656 -0.0073510631548483656 -0.95786048069519369 -0.28713979416456009 
1 16.491909027099609 35.946731567382812 34.154090881347656 -0.00066224693232790597 -0.68767641018079673 0.72601702205241236 
1 16.505632400512695 36.590217590332031 30.331075668334961 -0.023598555267364405 -0.75270673509817476 -0.65793288345175405 
1 16.505632400512695 36.590217590332031 30.331075668334961 -0.003539856121663233 -0.16598309096285868 0.98612224543058224 
1 17.717367172241211 34.821678161621094 25.124929428100586 -0.21521770569321727 0.31411246681665567 0.9246700478259815 
1 16.505632400512695 36.590217590332031 30.331075668334961 0.24163184585570721 0.46726169929681166 0.85045902631380166 
1 17.762285232543945 39.020301818847656 34.754051208496094 -0.37591277767130465 -0.90948990200262825 -0.17753225548810547 
1 17.810447692871094 25.041646957397461 28.908430099487305 -0.23124390704694658 0.93939538551088864 -0.25310583781199514 
1 17.714521408081055 29.154775619506836 38.87738037109375 0.0039775470135911314 -0.70484565851247361 -0.70934954486196178 
1 17.810447692871094 25.041646957397461 28.908430099487305 0.027412719636447265 0.67991527083234626 -0.73277811600177489 
1 17.962541580200195 28.814018249511719 24.84276008605957 -0.43203702036508801 0.45959657136291493 0.77596069786137334 
1 18.916221618652344 33.446533203125 22.557659149169922 -0.38065293131514555 0.43662761647319298 0.81514395686536589 
1 19.121006011962891 30.296623229980469 22.293966293334961 -0.064650623671053717 0.99442951183613415 0.083248080147782802 
1 17.714521408081055 29.154775619506836 38.87738037109375 0.033205464998812398 0.99653163067225869 0.076302727106581425 
1 17.901416778564453 34.763706207275391 39.306846618652344 0.22618085634334129 -0.84691630061405465 0.48122240178320552 
1 18.922744750976562 30.939424514770508 41.479824066162109 -0.35757070470267593 -0.52816241871058767 -0.77018676345430248 
1 16.491909027099609 35.946731567382812 34.154090881347656 0.25760970579705167 -0.21621648738788468 0.94174713700695745 
1 17.717367172241211 34.821678161621094 25.124929428100586 -0.012626338580226163 0.68593318426530969 0.72755497544701753 
1 17.644947052001953 38.755943298339844 29.297922134399414 -0.42891396225262229 -0.81532348711549496 0.38894784270205851 
1 16.491909027099609 35.946731567382812 34.154090881347656 0.41290071608122308 0.44572119158555817 0.79425790397777185 
1 17.644947052001953 38.755943298339844 29.297922134399414 0.02147560328400442 0.04838372885064797 0.99859792371409184 
1 17.762285232543945 39.020301818847656 34.754051208496094 0.2650607233075114 -0.12575000896883526 0.955996730226645 
1 17.737785339355469 25.032264709472656 34.728527069091797 0.54802699412704525 -0.83621856615306223 -0.020122706800832391 
1 20.268764495849609 21.170316696166992 34.635593414306641 -0.28518284348383277 0.29074148891713003 -0.91331272431994848 
1 18.976682662963867 22.487583160400391 30.497634887695312 -0.014354434634784368 0.47319386307780487 -0.88084136945980207 
1 18.892335891723633 25.268074035644531 25.321804046630859 -0.2882664674926313 -0.060330941829468125 0.95564774952766418 
1 17.737785339355469 25.032264709472656 34.728527069091797 0.27601929464810548 0.076782795863308426 0.95808024259003277 
1 18.845714569091797 25.34046745300293 38.57421875 0.2407871413462534 -0.70561029577448575 -0.66643504038979084 
1 17.714521408081055 29.154775619506836 38.87738037109375 0.28350392616803116 -0.95595639904012175 -0.075979516855235796 
1 18.892335891723633 25.268074035644531 25.321804046630859 -0.25150048867102681 0.95914407254933787 -0.12957682004010232 
1 18.892335891723633 25.268074035644531 25.321804046630859 0.35299817587720406 0.49219618885300476 -0.79569793232478858 
1 19.969596862792969 26.770132064819336 22.893535614013672 -0.57926103410865915 0.58989088901221409 0.5625703453113633 
1 17.714521408081055 29.154775619506836 38.87738037109375 0.56743668359443167 -0.0063219679020564464 0.82339276340832512 
1 20.81437873840332 29.1202392578125 43.375503540039062 -0.30665202253829238 -0.5887620076325234 -0.74787955944904327 
1 17.962541580200195 28.814018249511719 24.84276008605957 0.36567174540539621 0.46798739442506837 -0.80453214557990571 
1 17.717367172241211 34.821678161621094 25.124929428100586 0.30750579203356321 0.95126706383805082 0.023046933044218711 
1 18.895807266235352 38.467174530029297 25.213251113891602 -0.29214404080469308 0.067443247352894239 0.95399332692047811 
1 18.895807266235352 38.467174530029297 25.213251113891602 0.098736436759899446 0.61296241852734135 0.78391848398227648 
1 19.470302581787109 42.033679962158203 29.774459838867188 -0.4826590409596434 -0.86669649219680223 -0.12600571651189346 
1 17.644947052001953 38.755943298339844 29.297922134399414 0.2545773544450714 0.5353125650945324 0.80537620293603185 
1 18.94209098815918 41.483512878417969 33.401542663574219 -0.38711026305712354 -0.80821294242478026 0.44377638956226989 
1 19.470302581787109 42.033679962158203 29.774459838867188 -0.14251327594182034 -0.14843694149282075 0.97859922367667318 
1 19.961729049682617 40.702419281005859 37.924694061279297 -0.42728941983284974 -0.8521840729821516 0.30200340636234174 
1 17.762285232543945 39.020301818847656 34.754051208496094 0.52249293374474881 0.39959851706950783 0.75320791242701102 
1 18.94209098815918 41.483512878417969 33.401542663574219 0.21685266014261859 -0.16611995060885637 0.9619662602185074 
1 20.67548942565918 20.769580841064453 29.387971878051758 -0.63895498423034547 0.64617481456063186 0.41736631051719064 
1 20.268764495849609 21.170316696166992 34.635593414306641 0.077051766317385875 -0.07591716956424463 -0.99413259109271968 
1 20.67548942565918 20.769580841064453 29.387971878051758 -0.12688697258631373 0.56835056130981909 -0.81294362390432318 
1 20.147293090820312 23.135471343994141 26.00390625 -0.24966757489606026 -0.13818147160867561 0.95842161022672112 
1 20.147293090820312 23.135471343994141 26.00390625 -0.48892961459514617 0.83085910249666584 -0.2657460889087116 
1 20.147293090820312 23.135471343994141 26.00390625 -0.037119472026976817 0.75925464739443638 -0.64973419581117065 
1 20.81437873840332 29.1202392578125 43.375503540039062 -0.13982037158753438 -0.78565378232229632 -0.60265943783516207 
1 20.219501495361328 25.777610778808594 40.811439514160156 -0.51617165981608903 -0.16424744750727463 -0.84058883741699109 
1 19.969596862792969 26.770132064819336 22.893535614013672 -0.23082274185121598 0.95923065757820225 -0.16308711600361467 
1 18.922744750976562 30.939424514770508 41.479824066162109 0.58429103903614688 -0.56191295517647799 0.58554061559117943 
1 20.418413162231445 34.724109649658203 21.059930801391602 -0.60663192092870488 -0.51592532071320063 0.60482954289397173 
1 19.121006011962891 30.296623229980469 22.293966293334961 0.27165993538446809 0.92705722674358459 -0.25839074644692783 
1 20.770805358886719 34.636734008789062 43.313804626464844 0.0078980036142254177 -0.99990627223367945 0.011183393342655452 
1 18.922744750976562 30.939424514770508 41.479824066162109 0.40867787460616667 0.81761852360751275 0.40556423000710673 
1 18.916221618652344 33.446533203125 22.557659149169922 -0.0035942418640195588 0.88395648672968807 0.46755535607447551 
1 20.418413162231445 34.724109649658203 21.059930801391602 -0.26275685860588605 0.64594257260570109 0.71674055707145168 
1 20.372344970703125 38.317153930664062 23.133583068847656 -0.5779161293608075 0.058717988607541814 0.81398104722315689 
1 20.418413162231445 34.724109649658203 21.059930801391602 -0.011104114736963683 0.86605474683661732 0.49982584378728456 
1 20.372344970703125 38.317153930664062 23.133583068847656 0.058315590829633238 0.7547499350157062 0.65341550904457257 
1 20.608983993530273 41.379856109619141 25.785079956054688 -0.49987698829413546 -0.84987291309061208 -0.16685031665796038 
1 20.608983993530273 41.379856109619141 25.785079956054688 -0.27112051741884718 0.1556757310456191 0.94987300824791754 
1 21.126039505004883 43.652851104736328 34.854377746582031 -0.2637488850280903 -0.66835533452709417 0.69551252501706617 
1 18.94209098815918 41.483512878417969 33.401542663574219 0.64160588550444142 0.63731363762452686 0.42681754296637697 
1 19.470302581787109 42.033679962158203 29.774459838867188 0.29657304043165156 0.29002343427865096 0.90990704979044035 
1 18.845714569091797 25.34046745300293 38.57421875 0.64935001526296598 -0.64100918117223626 0.4092087332045653 
1 20.268764495849609 21.170316696166992 34.635593414306641 0.10540306214456852 0.38284396624391664 0.91778030704585012 
1 23.350397109985352 20.114536285400391 38.262645721435547 -0.63211626493801421 0.21656571480558373 -0.74399483786620513 
1 20.867416381835938 23.344734191894531 39.848258972167969 0.56794040960777603 -0.73885387080542331 -0.36268257296208023 
1 20.219501495361328 25.777610778808594 40.811439514160156 0.24035786592625816 -0.90252753363082139 -0.35731239458720365 
1 20.147293090820312 23.135471343994141 26.00390625 0.26836729953934774 0.30529423213387225 -0.91365990629103755 
1 20.916437149047852 24.010448455810547 23.385345458984375 -0.32001296692024017 0.9327175367381072 -0.16622183269385199 
1 20.81437873840332 29.1202392578125 43.375503540039062 0.54670408316990693 -0.83448939309562742 0.068862894625791204 
1 22.990989685058594 25.797859191894531 43.649669647216797 -0.69863539156716847 -0.0051042100982046559 -0.7154596681078973 
1 19.969596862792969 26.770132064819336 22.893535614013672 0.4092416495299202 0.61334828430871113 -0.67551843381627319 
1 22.227697372436523 30.154445648193359 19.166181564331055 -0.70434415398612515 0.032234276579173111 0.70912640915353509 
1 23.135467529296875 37.996082305908203 43.852710723876953 -0.5707139797987989 -0.8107826395542308 -0.13006561674666489 
1 20.820234298706055 39.768692016601562 40.676715850830078 0.53698497793688726 -0.41113127343307915 0.73662623458265131 
1 19.961729049682617 40.702419281005859 37.924694061279297 0.28331035209982647 -0.30813393435217917 0.90817879456289841 
1 20.372344970703125 38.317153930664062 23.133583068847656 0.26189401296831116 0.92330439319190771 0.28092796849704593 
1 20.895488739013672 40.161491394042969 23.694747924804688 -0.11759406468907992 0.50007010856530043 0.85796359041009973 
1 20.67548942565918 20.769580841064453 29.387971878051758 0.45675681627234016 0.0087382780725660785 -0.88954867954771433 
1 23.323286056518555 20.820236206054688 24.231302261352539 -0.73662625918343194 0.53698576074000537 0.41113020692221253 
1 22.503446578979492 18.942476272583008 33.406478881835938 -0.38258750014384246 0.38240905597102898 -0.84106487184106782 
1 20.268764495849609 21.170316696166992 34.635593414306641 0.6598963122631667 -0.65787598644671985 -0.36295460255826545 
1 23.323286056518555 20.820236206054688 24.231302261352539 -0.58921319487011847 0.78098593815254636 -0.20709605355712285 
1 22.990989685058594 25.797859191894531 43.649669647216797 -0.42490073176329479 -0.49083994700113442 -0.76061522110390356 
1 20.916437149047852 24.010448455810547 23.385345458984375 0.60504309131269973 0.23036968310064468 -0.76213690814897594 
1 22.803020477294922 24.728763580322266 21.008928298950195 -0.71401867352589266 0.5144219205409446 0.47491833142477324 
1 22.803020477294922 24.728763580322266 21.008928298950195 -0.099901849737030965 0.94214132908632298 -0.31998333776397875 
1 22.227697372436523 30.154445648193359 19.166181564331055 -0.34351115739481952 0.8675975621711226 0.3595477087397394 
1 20.770805358886719 34.636734008789062 43.313804626464844 0.39279484708434703 -0.82633019171027267 0.40359710401841165 
1 22.499839782714844 30.999330520629883 45.090389251708984 -0.55231055118465511 -0.61576144675409905 -0.56195275223225072 
1 22.227697372436523 30.154445648193359 19.166181564331055 0.055726666308024891 0.99745487140520095 -0.044478288773603616 
1 22.398513793945312 33.211898803710938 19.029844284057617 -0.61611483737144257 0.47052938850673776 0.63166811042052484 
1 22.7197265625 33.785667419433594 45.098976135253906 -0.078671113794830314 -0.99689589092485775 -0.0030722160430270121 
1 20.770805358886719 34.636734008789062 43.313804626464844 0.70191206735055001 -0.30651516750905738 0.64293693453912826 
1 20.418413162231445 34.724109649658203 21.059930801391602 0.61323713536474556 0.76396775986692778 -0.20073235338018913 
1 22.824033737182617 37.721019744873047 20.272493362426758 -0.64269389116069586 0.15627260880674507 0.75001562250493004 
1 23.468404769897461 39.871612548828125 20.808004379272461 -0.74200513366929133 -0.37254328067382669 0.55735077431829172 
1 22.824033737182617 37.721019744873047 20.272493362426758 0.27918572833133593 0.93178431033232456 0.23202010282433649 
1 23.468404769897461 39.871612548828125 20.808004379272461 -0.66350150007988418 0.074753721587799679 0.74443108512508882 
1 19.961729049682617 40.702419281005859 37.924694061279297 0.71518017510380527 0.69586536885536276 0.065488209368407671 
1 22.990530014038086 43.649421691894531 38.202037811279297 -0.42649801317555724 -0.76262579541178377 0.48631403530007883 
1 20.608983993530273 41.379856109619141 25.785079956054688 0.68549388038619885 0.71491840885754132 0.13780351457663625 
1 23.075742721557617 43.952499389648438 26.280967712402344 -0.6708384395389958 -0.35702099621506728 0.65000907401242169 
1 23.075742721557617 43.952499389648438 26.280967712402344 -0.37609625542476943 0.080400240331487127 0.92308580750118019 
1 21.69255256652832 44.248191833496094 29.675851821899414 -0.7079893305857613 -0.70552403560723465 0.031415648285642056 
1 21.126039505004883 43.652851104736328 34.854377746582031 0.48657561965191642 -0.00089497300761526061 0.87363800591759355 
1 21.69255256652832 44.248191833496094 29.675851821899414 -0.10804453962070498 -0.11354251000555743 0.98764086381629013 
1 22.616912841796875 45.149055480957031 33.084102630615234 -0.54096728575662045 -0.54290166734279655 0.64234895137886427 
1 21.69255256652832 44.248191833496094 29.675851821899414 0.25363357478586934 0.2471863767985612 0.9351838882629131 
1 20.67548942565918 20.769580841064453 29.387971878051758 0.72935185705668304 -0.30185246087592321 -0.61394703392973327 
1 25.295011520385742 18.85772705078125 25.499393463134766 -0.64491979274437583 0.64190528593951268 -0.41477230477632404 
1 20.67548942565918 20.769580841064453 29.387971878051758 0.81350185867800995 -0.5807484896431816 -0.030755775142022917 
1 22.503446578979492 18.942476272583008 33.406478881835938 0.45388038133456904 -0.2157752047646278 -0.86454245728499024 
1 23.350397109985352 20.114536285400391 38.262645721435547 -0.16715381694600542 -0.23131729382061655 -0.95841113884380935 
1 24.101547241210938 20.891712188720703 40.666103363037109 -0.28503336639192067 -0.2949091730046482 -0.91202223641806202 
1 20.867416381835938 23.344734191894531 39.848258972167969 0.78105002977459947 -0.59241044717248159 0.19751129858820121 
1 20.867416381835938 23.344734191894531 39.848258972167969 0.77101448228568303 -0.10813776911928405 0.62756903285267707 
1 24.728612899780273 22.803186416625977 42.9910888671875 -0.20395746857701097 -0.62172029267753071 -0.75621771249067093 
1 24.876779556274414 34.784145355224609 17.815488815307617 -0.80851613447558179 -0.010887359248876738 0.58837328771898612 
1 22.398513793945312 33.211898803710938 19.029844284057617 0.78025454694325624 0.49500442582940801 -0.38232637939811581 
1 20.418413162231445 34.724109649658203 21.059930801391602 0.74267145320431549 0.58057904389345849 -0.33371707536047324 
1 25.371242523193359 38.595954895019531 18.834392547607422 -0.83428013597158102 -0.28656505114121661 0.47101711878409691 
1 24.876779556274414 34.784145355224609 17.815488815307617 0.1243462833403557 0.95858412214014799 0.25623130683084344 
1 23.135467529296875 37.996082305908203 43.852710723876953 -0.09425897263845448 -0.95460734754738819 0.28255983098395837 
1 20.820234298706055 39.768692016601562 40.676715850830078 0.78098589372033722 0.20709731875275769 0.5892128090726344 
1 24.010448455810547 40.614654541015625 43.083564758300781 -0.30529427076581622 -0.91366003159640574 0.26836682898753211 
1 20.820234298706055 39.768692016601562 40.676715850830078 0.76754489553164962 0.63280058458835176 0.10216777127817363 
1 24.728763580322266 42.991069793701172 41.196979522705078 -0.23036970523786995 -0.76213636968327036 0.60504376115668057 
1 20.895488739013672 40.161491394042969 23.694747924804688 0.75636877674733305 0.6472662061236073 -0.09461887746160752 
1 24.503108978271484 43.248729705810547 23.243448257446289 -0.7770121727504895 -0.37290470625950112 0.50714313901213215 
1 24.503108978271484 43.248729705810547 23.243448257446289 -0.416242776826314 0.20523046980336726 0.88578914251881002 
1 21.69255256652832 44.248191833496094 29.675851821899414 0.8507827803721959 0.5097827395918324 -0.1276331423902185 
1 25.077272415161133 46.276290893554688 29.168081283569336 -0.51686341991014384 -0.23680552903995727 0.82266356827982623 
1 23.350397109985352 20.114536285400391 38.262645721435547 0.83803793017591321 -0.51516005244638663 0.17972909600258757 
1 22.503446578979492 18.942476272583008 33.406478881835938 0.46724895542632106 -0.003364922782462755 0.88411938727056527 
1 25.119194030761719 17.72119140625 34.829231262207031 -0.81275573415760327 0.37947328495942789 -0.44207255354300834 
1 25.289690017700195 18.92241096496582 38.678554534912109 -0.04224381422410093 -0.29762633591521781 -0.95374735875360706 
1 26.075305938720703 19.961729049682617 23.297580718994141 -0.908179050749923 0.2833112578067965 0.30813234653132343 
1 25.295011520385742 18.85772705078125 25.499393463134766 0.30200311545455305 0.42729005270564607 -0.85218385875029945 
1 23.323286056518555 20.820236206054688 24.231302261352539 -0.10216821973215731 0.76754507611135558 -0.63280029315256725 
1 23.323286056518555 20.820236206054688 24.231302261352539 0.48631424390530509 0.42649815001957431 -0.7626255858576293 
1 25.797962188720703 22.990530014038086 20.350578308105469 -0.84966538728357022 0.49313710869619676 0.18677398555209968 
1 22.990989685058594 25.797859191894531 43.649669647216797 0.49303197925477799 -0.84970633052203159 -0.18686524369957166 
1 22.803020477294922 24.728763580322266 21.008928298950195 0.73299362260993828 0.24115553551897592 -0.6360537374323928 
1 25.238750457763672 25.530120849609375 18.895328521728516 -0.5449998664002671 0.83700164892506035 0.04902433396203356 
1 24.954496383666992 29.170684814453125 46.194572448730469 -0.42142865901346116 -0.72391165266128554 -0.54621406472492284 
1 20.81437873840332 29.1202392578125 43.375503540039062 0.8265326782437854 0.010070945950865348 0.56279863880682046 
1 22.499839782714844 30.999330520629883 45.090389251708984 0.75435092596195019 -0.56196886406664937 0.33933121919444437 
1 23.135467529296875 37.996082305908203 43.852710723876953 0.83085865003004844 0.26575016510912364 0.48892816794977062 
1 25.268072128295898 38.678195953369141 45.107666015625 -0.46195575118944487 -0.88690157427848892 -0.0015752730981448615 
1 25.041652679443359 35.091598510742188 46.189544677734375 -0.80662624943481132 -0.45367433981460209 -0.37885839982309305 
1 25.268072128295898 38.678195953369141 45.107666015625 -0.060329400087005464 -0.95564790553038059 0.28826627298478541 
1 26.384664535522461 40.997806549072266 20.059482574462891 -0.90721337277465242 -0.35034542169500416 0.23285613961454674 
1 22.824033737182617 37.721019744873047 20.272493362426758 0.73511547094488527 0.67651402551424689 -0.043977467639556678 
1 23.468404769897461 39.871612548828125 20.808004379272461 0.24117131609061213 0.78714649341333864 0.56765904749436258 
1 22.990530014038086 43.649421691894531 38.202037811279297 0.49313705885662878 -0.18677450779055685 0.84966530141099028 
1 23.075742721557617 43.952499389648438 26.280967712402344 0.83188215455807268 0.42103065410327045 -0.36153183709486947 
1 25.388168334960938 45.122859954833984 25.275999069213867 -0.63584092164773287 -0.15048907117398988 0.75700684396863371 
1 24.954494476318359 46.194572448730469 34.829315185546875 -0.42150394714585915 -0.5462375265395828 0.72385011372547237 
1 21.126039505004883 43.652851104736328 34.854377746582031 0.8330991831623823 0.55309674303977285 -0.0054537925306151879 
1 25.388168334960938 45.122859954833984 25.275999069213867 -0.076363090437037304 0.2833088036122281 0.95598368198139916 
1 22.616912841796875 45.149055480957031 33.084102630615234 0.75432706971793406 0.33738361860562793 0.56317223456712362 
1 25.797962188720703 22.990530014038086 20.350578308105469 -0.18765926148057588 0.85223130038873596 -0.48835009185858552 
1 24.954496383666992 29.170684814453125 46.194572448730469 0.13969319262955648 -0.95421434758508705 -0.26450102229618749 
1 25.530115127563477 25.23875617980957 45.104671478271484 -0.8522290194475558 0.18765666468580744 -0.48835507022089558 
1 25.305852890014648 29.326217651367188 17.611347198486328 -0.86791242943363378 0.23352600891845959 0.4383989256296405 
1 25.238750457763672 25.530120849609375 18.895328521728516 0.016742437683751232 0.9471476966320036 -0.32036062733284781 
1 22.7197265625 33.785667419433594 45.098976135253906 0.42621129559527199 -0.88016121239333167 0.20895016560247184 
1 25.305852890014648 29.326217651367188 17.611347198486328 -0.57502597451447224 0.7685266552841401 0.28055642703644107 
1 25.041652679443359 35.091598510742188 46.189544677734375 0.75852876163772842 -0.50263074450794154 0.41472455008562803 
1 27.447349548339844 33.497489929199219 47.504856109619141 -0.88992020419367512 0.054246070746658236 -0.45287900589057561 
1 25.371242523193359 38.595954895019531 18.834392547607422 0.35183256970046661 0.83385759259614922 0.42531794950098284 
1 24.954494476318359 46.194572448730469 34.829315185546875 0.13969482292141391 -0.26450060340298409 0.95421422502937581 
1 25.530120849609375 45.104671478271484 38.761249542236328 -0.85223130038873596 -0.48835009185858552 -0.18765926148057588 
1 25.077272415161133 46.276290893554688 29.168081283569336 -0.021680131386139223 -0.014429844947379237 0.9996608182167962 
1 26.075305938720703 19.961729049682617 23.297580718994141 -0.065488209368407671 0.71518017510380527 -0.69586536885536276 
1 25.530115127563477 25.23875617980957 45.104671478271484 -0.24120593759823161 -0.73296600801651968 -0.63606644838388171 
1 27.447349548339844 33.497489929199219 47.504856109619141 -0.48286809985067541 -0.83810638901221246 -0.25380322859157695 
1 24.876779556274414 34.784145355224609 17.815488815307617 0.71773837254328876 0.69616347120626798 -0.014423936250236399 
1 29.151815414428711 38.930675506591797 17.729576110839844 -0.95640580170288192 -0.084677307928493706 0.27949543107365976 
1 23.135467529296875 37.996082305908203 43.852710723876953 0.75925382804030916 0.64973520331439183 0.037118596149944179 
1 26.770132064819336 41.106464385986328 44.030403137207031 -0.49219655385313027 -0.79569751199863159 0.3529986144084567 
1 24.010448455810547 40.614654541015625 43.083564758300781 0.93271772915285078 0.16622186698454564 0.32001238829164325 
1 26.384664535522461 40.997806549072266 20.059482574462891 -0.43458987934024501 0.51990408644657915 0.73541238612847648 
1 24.503108978271484 43.248729705810547 23.243448257446289 0.30488566637448417 0.645601275809774 0.70017406629507417 
1 25.530120849609375 45.104671478271484 38.761249542236328 -0.24115544747652193 -0.63605407920380042 0.73299335500439833 
1 24.101547241210938 20.891712188720703 40.666103363037109 0.3908664504240843 -0.64784619691860379 -0.65384915926456499 
1 29.170686721801758 24.954494476318359 17.805427551269531 -0.95421426644575813 0.13969476121991337 0.26450048657629155 
1 25.797962188720703 22.990530014038086 20.350578308105469 0.72385030859425892 0.42150382224991773 -0.54623736468380291 
1 24.954496383666992 29.170684814453125 46.194572448730469 0.7487927518555324 -0.6619700649003073 0.033242261422804439 
1 29.326305389404297 25.305788040161133 46.388656616210938 -0.94715008659571664 -0.016724460039541769 -0.32035450035564106 
1 27.409763336181641 30.331195831298828 47.494373321533203 -0.81550063171544218 -0.38545603620865532 -0.43172023791111119 
1 27.447349548339844 33.497489929199219 47.504856109619141 -0.011869825453632505 -0.99992407105970982 -0.0033104922710425378 
1 25.268072128295898 38.678195953369141 45.107666015625 0.95914429862978823 0.12957729680337302 0.25149938083244278 
1 28.814018249511719 39.157241821289062 46.037456512451172 -0.67991713337633397 -0.73277642203367033 0.027411804990561318 
1 24.728763580322266 42.991069793701172 41.196979522705078 0.51442203796754071 -0.47491795918470264 0.71401883651424725 
1 25.077272415161133 46.276290893554688 29.168081283569336 0.44739430111143774 0.23363864452286776 0.86327940037888384 
1 27.40977668762207 47.494373321533203 33.668815612792969 -0.81550352413028071 -0.43171908612306026 0.38545120678000538 
1 24.954494476318359 46.194572448730469 34.829315185546875 0.74879197746508108 0.033242226309544883 0.66197094262053424 
1 29.326217651367188 46.388652801513672 38.694145202636719 -0.94714768908537328 -0.32036062478029637 0.016742913444656948 
1 25.077272415161133 46.276290893554688 29.168081283569336 0.90409030892004849 0.37424044879979712 0.20631238401748364 
1 28.053194046020508 47.508148193359375 29.847183227539062 -0.16602425711167171 -0.0035544003155918518 0.98611526318626364 
1 25.119194030761719 17.72119140625 34.829231262207031 0.92507042837706066 -0.2157502030938713 0.3125644771998809 
1 30.331136703491211 16.505632400512695 36.590251922607422 -0.65794104792515018 -0.023598981733188751 -0.7526995851708117 
1 27.779991149902344 16.490024566650391 30.01008415222168 0.72601705739755673 0.00066224818740101533 -0.68767637286381378 
1 29.245948791503906 17.762285232543945 24.979698181152344 -0.75320791242701102 0.52249293374474881 -0.39959851706950783 
1 25.289690017700195 18.92241096496582 38.678554534912109 0.95554967417532677 -0.28601548620200429 0.071553908600842889 
1 29.223518371582031 17.744935989379883 38.973129272460938 -0.70370026350328152 -0.004071088933954606 -0.71048530271941857 
1 29.345935821533203 20.187896728515625 42.742527008056641 -0.68987706597862819 -0.2152309420623576 -0.69119120033147818 
1 24.101547241210938 20.891712188720703 40.666103363037109 0.92262029571525572 -0.12381890054063756 0.36529531861659781 
1 24.728612899780273 22.803186416625977 42.9910888671875 0.86916565300650861 -0.49230257620895401 -0.046789326686721484 
1 25.797962188720703 22.990530014038086 20.350578308105469 0.8736381237655686 -0.48657540805859611 -0.00089497261842537391 
1 29.145624160766602 21.126039505004883 20.347148895263672 0.0054537925306151879 0.8330991831623823 -0.55309674303977285 
1 30.55596923828125 22.530269622802734 45.06951904296875 -0.94096851141533566 0.04406905881615656 -0.33561313827063632 
1 25.530115127563477 25.23875617980957 45.104671478271484 0.88028930853077436 -0.47439732748070867 -0.0061570257082924906 
1 29.170686721801758 24.954494476318359 17.805427551269531 -0.66197130968790907 0.74879165359662681 -0.033242211931575061 
1 25.305852890014648 29.326217651367188 17.611347198486328 0.91522089005285223 -0.34902522774174644 -0.20137555167071997 
1 30.331182479858398 27.40977668762207 16.505626678466797 -0.65794295420517634 0.75269797235647473 -0.023597275737184596 
1 27.409763336181641 30.331195831298828 47.494373321533203 0.34903689469880372 -0.91521744960641194 -0.20137096631578025 
1 28.357316970825195 34.704811096191406 16.487522125244141 0.17751393740646598 0.94418036495283553 0.27751079341889301 
1 25.041652679443359 35.091598510742188 46.189544677734375 0.93939625374301972 0.25310096471268373 0.23124571372263072 
1 30.371522903442383 36.527622222900391 47.501567840576172 -0.69441341572133142 -0.71957584610532044 0.00078087645999310893 
1 26.770132064819336 41.106464385986328 44.030403137207031 0.58989125979445522 -0.56257014843617881 0.57926084772458608 
1 29.151815414428711 38.930675506591797 17.729576110839844 0.033835613927781942 0.84471464277317798 0.53414635027744262 
1 29.302822113037109 42.700595855712891 20.113445281982422 -0.67484242744433642 -0.70454783030650681 -0.21954510454899503 
1 29.302822113037109 42.700595855712891 20.113445281982422 -0.86360038174105991 -0.50392395070449436 -0.015969738979393557 
1 24.728763580322266 42.991069793701172 41.196979522705078 0.94214136025947259 0.31998334835144387 0.099901521841407909 
1 30.154445648193359 44.833816528320312 41.772300720214844 -0.61334834076425482 -0.67551815032028617 0.40924203287247379 
1 24.503108978271484 43.248729705810547 23.243448257446289 0.83382385123641733 -0.095223832143416398 -0.54375564999473036 
1 29.302822113037109 42.700595855712891 20.113445281982422 -0.56595297484361673 0.35019382312481007 0.74636553813187934 
1 25.530120849609375 45.104671478271484 38.761249542236328 0.83700179224098203 -0.049024687585935152 0.5449996144883823 
1 25.388168334960938 45.122859954833984 25.275999069213867 0.95557567675458477 0.28261728370358502 -0.083681520941153054 
1 28.77325439453125 46.124019622802734 24.979560852050781 -0.6613989669404059 0.027249067157845929 0.74953912164021896 
1 28.77325439453125 46.124019622802734 24.979560852050781 0.48933667879226839 0.42179771994874854 0.76330616284331765 
1 30.371377944946289 47.501567840576172 27.472440719604492 -0.93002135577224532 -0.21524575229078266 0.29787504750873284 
1 30.371377944946289 47.501567840576172 27.472440719604492 -0.69853270995733674 0.001982841682342884 0.7155753779012537 
1 27.40977668762207 47.494373321533203 33.668815612792969 0.34902522774174644 -0.20137555167071997 0.91522089005285223 
1 29.223518371582031 17.744935989379883 38.973129272460938 0.38123997051429892 -0.42656576734659196 -0.82018152320707005 
1 29.245948791503906 17.762285232543945 24.979698181152344 0.44377588698389997 0.38711037056815045 -0.80821316688745071 
1 30.598455429077148 18.94209098815918 22.516487121582031 -0.96196622994870273 0.21685274476272251 0.16612001543207541 
1 29.345935821533203 20.187896728515625 42.742527008056641 -0.027243323380418377 -0.5436673403055462 -0.83885852467283384 
1 29.145624160766602 21.126039505004883 20.347148895263672 -0.6955127480773019 -0.26374880576929915 0.6683551336806115 
1 30.598455429077148 18.94209098815918 22.516487121582031 -0.42681662643431356 0.64160619240406991 -0.63731394247104245 
1 30.55596923828125 22.530269622802734 45.06951904296875 -0.34410148232627324 -0.66610886437436745 -0.66173495499539081 
1 29.326305389404297 25.305788040161133 46.388656616210938 0.37150644074142697 -0.8385405242146603 -0.39853827135852266 
1 29.170686721801758 24.954494476318359 17.805427551269531 0.38545012800114753 0.81550392240189928 -0.43171929696391392 
1 27.409763336181641 30.331195831298828 47.494373321533203 0.75269753331567868 -0.65794345643709273 0.023597276794248986 
1 30.446527481079102 27.676717758178711 47.589576721191406 -0.38840414689989594 -0.82205032495784336 -0.41638381561687543 
1 27.447349548339844 33.497489929199219 47.504856109619141 0.45799046766968982 -0.8888629579804801 0.012937289279067713 
1 28.814018249511719 39.157241821289062 46.037456512451172 0.45959605816316595 -0.7759609570591004 0.43203710076890939 
1 26.770132064819336 41.106464385986328 44.030403137207031 0.95923057641602816 0.16308762101686877 0.23082272232090237 
1 30.296623229980469 41.706035614013672 44.878993988037109 -0.46798749745517004 -0.80453232270225938 0.36567122385136436 
1 30.154445648193359 44.833816528320312 41.772300720214844 0.032234286530408773 -0.70912576320977527 0.70434480385960763 
1 29.302822113037109 42.700595855712891 20.113445281982422 -0.088656997306171201 0.57312872573332396 0.81465538761365219 
1 29.326217651367188 46.388652801513672 38.694145202636719 0.23352595386047834 -0.43839936006239194 0.86791222480757746 
1 28.053194046020508 47.508148193359375 29.847183227539062 0.34662639327800265 0.011793215499651332 0.9379291356767111 
1 30.446542739868164 47.589576721191406 36.323295593261719 -0.75269750410583258 -0.023597261057406085 -0.6579434904180137 
1 30.446542739868164 47.589576721191406 36.323295593261719 -0.38844312508683493 -0.41638864035021 0.82202946343794581 
1 27.676700592041016 16.410423278808594 33.553516387939453 0.95610931372780794 0.012984192187454459 -0.29272237863917971 
1 31.173772811889648 16.457914352416992 32.482852935791016 -0.80819513606122217 0.0076467261438734006 -0.58886513704435184 
1 29.145624160766602 21.126039505004883 20.347148895263672 0.64234854485544768 0.54096752624960653 -0.54290190869573329 
1 30.915897369384766 22.616912841796875 18.850944519042969 -0.56317181428561536 0.75432733118916151 -0.33738373555239071 
1 27.676706314086914 30.446542739868164 16.410423278808594 0.95611370370493021 0.29270803583265387 0.012984273049763049 
1 27.447349548339844 33.497489929199219 47.504856109619141 0.86838862579848153 -0.49582061672027161 0.007944219216151481 
1 31.517147064208984 31.173772811889648 47.542087554931641 -0.29271272785884983 -0.95611227402714394 0.012983774646640365 
1 27.447349548339844 33.497489929199219 47.504856109619141 0.9674641747135152 -0.25134602668823108 0.028952469910801023 
1 31.911872863769531 32.337612152099609 47.638462066650391 -0.32020508557459859 -0.94411684248131233 -0.078179862594410815 
1 30.371522903442383 36.527622222900391 47.501567840576172 0.34488479652591114 -0.93814445283767434 0.030650656358086122 
1 30.296623229980469 41.706035614013672 44.878993988037109 0.012902337457594957 -0.89204176705852345 0.4517687633195076 
1 30.862152099609375 44.958229064941406 22.368633270263672 -0.58989809292555606 0.329215559556229 0.7373176759775063 
1 29.302822113037109 42.700595855712891 20.113445281982422 0.4390425530596398 0.63565573457018831 0.63496726192057151 
1 30.862152099609375 44.958229064941406 22.368633270263672 -0.085747432670110743 0.44436889829852205 0.89173071048127672 
1 30.371377944946289 47.501567840576172 27.472440719604492 0.34491809005240709 0.030650730761767421 0.93813221022325477 
1 31.911872863769531 47.638462066650391 31.662385940551758 -0.90445485096396527 -0.03054491457123101 -0.4254743596993687 
1 31.911872863769531 47.638462066650391 31.662385940551758 -0.32020508557459859 -0.078179862594410815 0.94411684248131233 
1 31.517147064208984 47.542087554931641 32.826225280761719 -0.75815968350775942 -0.0074283500650770802 -0.65202662055987015 
1 31.517147064208984 47.542087554931641 32.826225280761719 -0.2927077459310633 0.012983738712806076 0.95611379971266697 
1 29.845909118652344 16.491909027099609 28.053266525268555 0.98612231239837 0.0035398581281338042 -0.16598269305721053 
1 33.668922424316406 16.505632400512695 27.409782409667969 -0.85045892482717445 0.24163192122190674 -0.46726184503810803 
1 31.173772811889648 16.457914352416992 32.482852935791016 -0.28713930228288659 0.007351061121268241 -0.95786062816303741 
1 33.502769470214844 18.976062774658203 41.51129150390625 -0.83490739508115308 -0.24020017372660257 -0.49521057963306203 
1 29.345935821533203 20.187896728515625 42.742527008056641 0.92342739161651965 -0.26920506367576241 -0.27351505644779339 
1 34.831916809082031 25.0772705078125 17.723709106445312 -0.99966082505926546 -0.021679809343325619 0.014429854769387025 
1 30.915897369384766 22.616912841796875 18.850944519042969 0.82266360914210801 0.51686329663913511 -0.23680565614150026 
1 28.357316970825195 34.704811096191406 16.487522125244141 0.9423874847354804 0.3345078540445755 0.0032131287599224314 
1 33.668930053710938 36.5902099609375 16.505632400512695 -0.86326327553117277 0.44728507344910584 0.23390720422598871 
1 30.296623229980469 41.706035614013672 44.878993988037109 0.819887086272162 -0.51293744517381057 0.25432330428552613 
1 34.821678161621094 38.875072479248047 46.282634735107422 -0.85961923684777031 -0.45344786436182338 0.23545658187223881 
1 29.151815414428711 38.930675506591797 17.729576110839844 0.84037319487636963 0.49231472483572386 0.2267137072239099 
1 33.440704345703125 41.443229675292969 18.886621475219727 -0.92048136558664861 0.27970398230732219 0.27290976143986456 
1 30.862152099609375 44.958229064941406 22.368633270263672 0.80178377985942395 0.25669891564788233 0.53967438058475237 
1 34.871280670166016 46.241790771484375 25.067146301269531 -0.85620681059350245 0.23970067182580024 0.45766088473842964 
1 31.173772811889648 16.457914352416992 32.482852935791016 0.41390678354959137 0.023365378253751238 -0.91001935893182562 
1 32.088104248046875 16.509529113769531 30.47259521484375 -0.67973710873088211 -0.0053416522993850477 -0.73343638426580204 
1 32.337612152099609 16.361539840698242 32.088127136230469 -0.15201189757165429 0.090161994287209973 -0.98425768870901797 
1 31.173772811889648 16.457914352416992 32.482852935791016 0.94411684248131233 -0.078179862594410815 -0.32020508557459859 
1 27.676700592041016 16.410423278808594 33.553516387939453 0.88886659477720997 0.012937295580015188 0.45798340916701613 
1 33.497493743896484 16.495143890380859 36.552646636962891 -0.49582158263989135 -0.0079438146723817705 -0.86838807799101225 
1 30.331136703491211 16.505632400512695 36.590251922607422 0.99992399658767372 -0.0033122332179991109 -0.011875611952367788 
1 29.223518371582031 17.744935989379883 38.973129272460938 0.84327728649835321 -0.24659039842811631 -0.4775736524129417 
1 29.145624160766602 21.126039505004883 20.347148895263672 0.98764084594403001 0.10804461725527571 -0.11354259159065239 
1 34.324146270751953 21.69255256652832 19.751808166503906 -0.93518382261799882 0.25363369892237264 -0.24718649777959659 
1 34.763496398925781 24.692653656005859 46.098411560058594 -0.86909733804629963 -0.44665717780007691 -0.21252572202090328 
1 29.326305389404297 25.305788040161133 46.388656616210938 0.99230673964445959 -0.11189921057391333 -0.052970757301719781 
1 34.831916809082031 25.0772705078125 17.723709106445312 -0.86327925907959413 0.44739459372886886 -0.23363860628151215 
1 30.331182479858398 27.40977668762207 16.505626678466797 0.98611527675847588 0.16602417653526921 -0.003554398590537963 
1 34.152816772460938 28.053194046020508 16.491851806640625 -0.93792910244814598 0.34662648308651323 -0.011793218555192223 
1 34.152816772460938 28.053194046020508 16.491851806640625 -0.65202686256544451 0.7581594794896569 -0.0074279306024910762 
1 31.517147064208984 31.173772811889648 47.542087554931641 0.58886381252583331 -0.80819609682459526 -0.0076471808550221607 
1 33.989910125732422 27.779987335205078 47.509975433349609 -0.9993236572475015 -0.02912463646908468 0.022449579417482962 
1 34.821678161621094 38.875072479248047 46.282634735107422 -0.40454213434640485 -0.81396862068906328 0.41689416651231659 
1 33.553459167480469 36.323322296142578 47.589576721191406 -0.99756519791598242 0.064049836313106789 -0.027591563477102225 
1 30.154445648193359 44.833816528320312 41.772300720214844 0.86759778809842325 -0.35954707810841602 0.34351124684706319 
1 30.296623229980469 41.706035614013672 44.878993988037109 0.92705712616355163 0.2583907184131139 -0.27166030528461754 
1 34.724109649658203 42.940071105957031 43.581584930419922 -0.51592483929096677 -0.60482974875939044 0.60663212511228159 
1 33.446533203125 41.442340850830078 45.083778381347656 -0.9944294619872186 0.083248678126419617 -0.06465062043023731 
1 33.553451538085938 47.589576721191406 27.676671981811523 -0.99756678239671892 -0.027590416528064054 -0.064025647786376538 
1 34.871280670166016 46.241790771484375 25.067146301269531 -0.4093737814696643 0.41867964321927215 0.81062967093427463 
1 33.211898803710938 44.970157623291016 41.601486206054688 -0.99745485077961571 -0.044479532349894817 0.055726042907685576 
1 29.326217651367188 46.388652801513672 38.694145202636719 0.76852656991091961 -0.28055601862676854 0.57502628788017385 
1 31.517147064208984 47.542087554931641 32.826225280761719 0.58885653849154473 -0.0076463785025421543 0.80820140433653764 
1 33.989845275878906 47.509979248046875 36.219985961914062 -0.99932332197484963 0.022449003570875356 0.029136581745732117 
1 29.845909118652344 16.491909027099609 28.053266525268555 0.93795511449772706 -0.011799183295335259 0.34655588649035934 
1 36.323322296142578 16.410425186157227 30.446542739868164 -0.65793291744063209 0.023598539529462153 -0.75270670588226785 
1 32.088104248046875 16.509529113769531 30.47259521484375 0.99970742961640791 -0.023393112612639884 -0.006149589583634177 
1 33.497493743896484 16.495143890380859 36.552646636962891 -0.25134700513401864 -0.028952074072905325 -0.96746393235977357 
1 33.668922424316406 16.505632400512695 27.409782409667969 0.38894906155254472 0.42891372267372135 -0.8153230316994392 
1 34.702079772949219 17.644947052001953 25.244056701660156 -0.99859792469230357 0.021475595797622381 -0.048383711984109984 
1 33.502769470214844 18.976062774658203 41.51129150390625 -0.00095149850357489419 -0.44744371929715182 -0.89431158592077353 
1 30.598455429077148 18.94209098815918 22.516487121582031 0.97859932021910612 0.1425132150588562 -0.14843636347031533 
1 34.225540161132812 19.470302581787109 21.96632194519043 -0.90990690084715864 0.29657310323924369 -0.29002383734059539 
1 34.613063812255859 20.675878524780273 43.230396270751953 -0.4173493809082825 -0.63894502935815833 -0.64619559245941594 
1 29.345935821533203 20.187896728515625 42.742527008056641 0.99152748103791366 0.09186170567620075 0.09184052143182081 
1 34.225540161132812 19.470302581787109 21.96632194519043 0.031415027752515048 0.70798904057076739 -0.70552435426638038 
1 30.55596923828125 22.530269622802734 45.06951904296875 0.84083903989324182 -0.38432538409382883 -0.38116100027749727 
1 30.446527481079102 27.676717758178711 47.589576721191406 0.79127986856703103 -0.54696475594286187 -0.27332348116637833 
1 33.989910125732422 27.779987335205078 47.509975433349609 0.22218322667885843 -0.88671914490827397 -0.40541802110378677 
1 34.152816772460938 28.053194046020508 16.491851806640625 -0.42547473164941207 0.90445469127124167 -0.030544462105327873 
1 31.911872863769531 32.337612152099609 47.638462066650391 0.98425758558533605 -0.15201188164490387 -0.090163146886633627 
1 33.52740478515625 32.088104248046875 47.490470886230469 -0.91001934057234313 -0.41390677519909397 0.023366241216000651 
1 32.088108062744141 33.52740478515625 16.509529113769531 0.99970745557259333 0.0061455266697377315 -0.023393071079333538 
1 36.323333740234375 33.553440093994141 16.410425186157227 -0.98967022233832624 0.14304232952587442 0.0095782556146200102 
1 30.371522903442383 36.527622222900391 47.501567840576172 0.57938739292873653 -0.81504975208823582 -0.0020372864666007426 
1 33.553459167480469 36.323322296142578 47.589576721191406 -0.0061500397243659374 -0.99970741631930671 -0.023393562524015674 
1 36.323333740234375 33.553440093994141 16.410425186157227 -0.65793228303660745 0.75270726218424333 0.02359848286094374 
1 33.668930053710938 36.5902099609375 16.505632400512695 0.38894571302176856 0.81532490542805092 0.4289131974079694 
1 34.702079772949219 38.755943298339844 17.644947052001953 -0.99938876261685583 0.031462538379123037 0.015238432789888541 
1 33.446533203125 41.442340850830078 45.083778381347656 0.43662773136376198 -0.81514356574575331 0.38065363708683159 
1 33.440704345703125 41.443229675292969 18.886621475219727 0.081485777377255722 0.71073835399619045 0.69872101746262794 
1 33.827198028564453 44.814319610595703 22.200712203979492 -0.8359219329047064 -0.39053077812219994 -0.38564262397734067 
1 33.827198028564453 44.814319610595703 22.200712203979492 -0.99723003376660424 0.048400879262964491 0.056476673418583576 
1 33.211898803710938 44.970157623291016 41.601486206054688 0.47052956055604905 -0.63166834139029204 0.61611446917611745 
1 33.827198028564453 44.814319610595703 22.200712203979492 0.30998981364720585 0.42381848095076857 0.85104888851320037 
1 30.446542739868164 47.589576721191406 36.323295593261719 0.81068075371623949 -0.26260154177515976 0.52329451154333639 
1 34.784145355224609 46.18450927734375 39.123218536376953 -0.99623177480648195 0.037262176495176963 -0.078318459310492569 
1 30.371377944946289 47.501567840576172 27.472440719604492 0.57941069402577006 -0.0020372748219683661 0.8150331877659186 
1 33.52740478515625 47.490470886230469 31.911893844604492 -0.98425758558533605 0.090163146886633627 -0.15201188164490387 
1 33.553451538085938 47.589576721191406 27.676671981811523 -0.0061482333678147746 -0.02339354172463794 0.99970742791680434 
1 33.52740478515625 47.490470886230469 31.911893844604492 -0.91001934057234313 0.023366241216000651 0.41390677519909397 
1 33.989845275878906 47.509979248046875 36.219985961914062 0.24151292212377654 -0.40301912858364858 0.88274973262126288 
1 33.497493743896484 16.495143890380859 36.552646636962891 0.71957563560448734 0.00078087721462247184 -0.69441363384885646 
1 36.527622222900391 16.498432159423828 33.628475189208984 -0.93814460329211125 -0.030650234217696744 -0.34488442478066134 
1 35.091575622558594 17.810449600219727 38.958351135253906 -0.50262391094406489 -0.41472405452668859 -0.75853356072374067 
1 33.502769470214844 18.976062774658203 41.51129150390625 0.49265689339045465 -0.36143324631940577 -0.79161555937833994 
1 34.702079772949219 17.644947052001953 25.244056701660156 -0.80537646599610679 0.25457720094448166 -0.53531224232114738 
1 34.702079772949219 17.644947052001953 25.244056701660156 -0.12600626792232303 0.48265922126158001 -0.86669631161985039 
1 34.324146270751953 21.69255256652832 19.751808166503906 0.12763319445071936 0.85078264796831815 -0.50978294752798647 
1 34.831916809082031 25.0772705078125 17.723709106445312 -0.2063117211431702 0.90409052282341795 -0.37424029748254201 
1 34.152816772460938 28.053194046020508 16.491851806640625 0.71557504274014183 0.69853305332976134 0.0019828296056189354 
1 36.527572631835938 30.371393203735352 16.498432159423828 -0.93813373764350494 0.34491397907471555 -0.030650241987199248 
1 34.702079772949219 38.755943298339844 17.644947052001953 -0.3919975345616194 0.83512775948594076 0.38587505521036802 
1 34.784145355224609 46.18450927734375 39.123218536376953 -0.49500442119126908 -0.38232517480055478 0.78025514013995578 
1 36.527622222900391 16.498432159423828 33.628475189208984 -0.81504991744864763 0.002037286879933215 -0.57938716030744208 
1 36.527622222900391 16.498432159423828 33.628475189208984 -0.064049913783288767 -0.027590998878507793 -0.99756520855793651 
1 34.324146270751953 21.69255256652832 19.751808166503906 0.75700701707792828 0.63584083092699617 -0.1504885836894094 
1 38.724014282226562 25.388179779052734 18.877140045166016 -0.95598376524931372 -0.076366077114462375 -0.28330771758971346 
1 31.517147064208984 31.173772811889648 47.542087554931641 0.95786059123056011 -0.28713941485178773 -0.00735147645133286 
1 35.946731567382812 29.845909118652344 47.508090972900391 -0.68767641018079673 -0.72601702205241236 0.00066224693232790597 
1 33.52740478515625 32.088104248046875 47.490470886230469 0.73343611708409995 -0.6797373970020405 0.0053416545647377491 
1 36.527572631835938 30.371393203735352 16.498432159423828 -0.81503521601419116 0.57940784096242737 0.002037274640103733 
1 36.527572631835938 30.371393203735352 16.498432159423828 -0.064028565515085276 0.9975666053969594 -0.027590045213219554 
1 33.553459167480469 36.323322296142578 47.589576721191406 0.34655539931932355 -0.93795529099528074 -0.011799461707317186 
1 33.440704345703125 41.443229675292969 18.886621475219727 0.95789472320234836 -0.049134015521684851 0.28288433639883853 
1 36.750747680664062 41.273445129394531 19.864139556884766 -0.56744418144964792 0.68726338208696447 0.45351531901505393 
1 33.553451538085938 47.589576721191406 27.676671981811523 0.45790572922961459 -0.012940086101522797 0.88890657400560391 
1 36.552776336669922 47.504817962646484 33.499092102050781 -0.88552519621196302 -0.0041993842548045954 -0.46457237546548646 
1 36.552776336669922 47.504817962646484 33.499092102050781 -0.9911638114349498 0.0073357805234000421 -0.13244049692543364 
1 36.552776336669922 47.504817962646484 33.499092102050781 -0.68566045442644485 0.0013807976918287373 0.72792021172203702 
1 33.668922424316406 16.505632400512695 27.409782409667969 0.92467024445295165 0.2152175937620108 0.31411196468553804 
1 38.875072479248047 17.717367172241211 29.178319931030273 -0.72755514140415822 -0.012626341460326112 -0.68593300818498482 
1 34.702079772949219 17.644947052001953 25.244056701660156 0.95399321816595184 0.29214428033567919 0.067443748120329619 
1 38.786746978759766 18.895807266235352 25.532827377319336 -0.78391835762105022 0.098736462132762326 -0.61296257604377502 
1 34.613063812255859 20.675878524780273 43.230396270751953 0.81285211735963525 -0.12700502126987423 -0.56845506407824065 
1 37.99609375 20.147293090820312 40.864528656005859 -0.95841470107515347 -0.24982046330480689 0.13795287919139593 
1 34.225540161132812 19.470302581787109 21.96632194519043 0.65000899165494286 0.67083835454239382 -0.35702130586643965 
1 37.719032287597656 23.075742721557617 20.047500610351562 -0.92308588421118987 -0.37609607537685463 -0.080400201841618085 
1 35.946731567382812 29.845909118652344 47.508090972900391 -0.21623269404448411 -0.94174204882752277 -0.25761470357183491 
1 33.553459167480469 36.323322296142578 47.589576721191406 0.75270650097037262 -0.65793315156835752 -0.023598547927084823 
1 36.590217590332031 33.668922424316406 47.494369506835938 -0.16598317178041244 -0.98612223358721962 0.0035393658566457414 
1 33.668930053710938 36.5902099609375 16.505632400512695 0.92467371650587626 -0.31409842446104191 0.2152224378504746 
1 38.875015258789062 34.82177734375 17.717374801635742 -0.7275588975769498 0.68592899519271666 -0.012627909982397783 
1 34.821678161621094 38.875072479248047 46.282634735107422 0.31411227002702102 -0.92467014605822806 0.21521757086057564 
1 34.702079772949219 38.755943298339844 17.644947052001953 0.95399334968923999 -0.067444076915906051 0.29214377494251825 
1 38.786754608154297 38.467170715332031 18.895807266235352 -0.87373751363813468 0.48639541875996573 -0.0015012897015135402 
1 36.750747680664062 41.273445129394531 19.864139556884766 0.21668333105215387 0.62795742876364202 0.74747428163429019 
1 37.680534362792969 43.968006134033203 23.07154655456543 -0.95376106542613281 0.20947583420650245 -0.21554513439346787 
1 36.552776336669922 47.504817962646484 33.499092102050781 -0.2927375873278481 -0.21853285570496864 0.93088565137878343 
1 34.871280670166016 46.241790771484375 25.067146301269531 0.30276433492032839 0.22062513447794468 0.92717760301726448 
1 36.590202331542969 47.494373321533203 30.331127166748047 -0.75269890841875231 0.023597423652570015 -0.65794187802736781 
1 36.590202331542969 47.494373321533203 30.331127166748047 -0.011813003240182723 0.003296708069678962 0.99992478950686625 
1 36.323322296142578 16.410425186157227 30.446542739868164 0.81396822000567026 0.41689396129240402 -0.40454315203538971 
1 35.091575622558594 17.810449600219727 38.958351135253906 0.2531045595921092 -0.23124430394582843 -0.93939563220524591 
1 33.502769470214844 18.976062774658203 41.51129150390625 0.88090710233762048 -0.014251116516430786 -0.47307460588069222 
1 38.678195953369141 18.892335891723633 38.731925964355469 -0.95564778658832961 -0.28826643035905364 0.060330532211106749 
1 37.99609375 20.147293090820312 40.864528656005859 0.2657460889087116 -0.48892961459514617 -0.83085910249666584 
1 39.768703460693359 23.323287963867188 43.179759979248047 -0.41113137109833625 -0.73662640957004644 -0.53698466311687565 
1 37.719032287597656 23.075742721557617 20.047500610351562 0.36153477421208174 0.83188197791528995 -0.42102848104987406 
1 34.831916809082031 25.0772705078125 17.723709106445312 0.2978766547781283 0.93002102047175728 -0.21524497675639931 
1 35.946731567382812 29.845909118652344 47.508090972900391 0.44572426837655976 -0.79425597810521342 -0.41290109932562702 
1 36.323333740234375 33.553440093994141 16.410425186157227 0.81394798161799287 0.40458048425825616 0.41689724750512619 
1 34.821678161621094 38.875072479248047 46.282634735107422 0.68593318714537133 -0.7275549785018387 0.012626006089886333 
1 38.755943298339844 34.702079772949219 46.355052947998047 -0.81532278059397922 -0.38894894176292855 0.42891430862819219 
1 33.446533203125 41.442340850830078 45.083778381347656 0.88395634900415698 -0.46755561904289611 0.0035939054877677408 
1 38.467174530029297 38.786746978759766 45.104190826416016 -0.9512667508338517 0.023047920879413382 0.30750668627062888 
1 34.724109649658203 42.940071105957031 43.581584930419922 0.6459422678285448 -0.71674087719335366 0.26275673462847454 
1 33.827198028564453 44.814319610595703 22.200712203979492 0.83574112556659452 0.057927840285012071 0.54605964542034779 
1 38.615524291992188 45.146213531494141 25.329326629638672 -0.95759803494429618 0.28019614055793135 -0.067053160158656769 
1 37.680534362792969 43.968006134033203 23.07154655456543 0.34464303790116602 0.43429449244051105 0.83223162056130418 
1 34.871280670166016 46.241790771484375 25.067146301269531 0.70799517030103731 -0.0013543072685052754 0.70621597594661356 
1 39.025241851806641 46.233844757080078 29.210668563842773 -0.82207740757099879 0.42555861858152094 0.37827053561219043 
1 36.552776336669922 47.504817962646484 33.499092102050781 0.33699712761740763 -0.39289060850743734 0.85561083777864344 
1 35.091575622558594 17.810449600219727 38.958351135253906 0.73277797582585147 0.027412396340908338 -0.67991543494129969 
1 39.157241821289062 17.962541580200195 35.185981750488281 -0.77596094502292412 -0.43203653123773056 -0.4595966138639403 
1 38.875072479248047 17.717367172241211 29.178319931030273 -0.023047949758637592 0.30750607615911218 -0.95126694735870521 
1 38.786746978759766 18.895807266235352 25.532827377319336 -0.16684969670104471 0.49987679827848036 -0.84987314656578306 
1 38.214920043945312 20.608983993530273 22.620143890380859 -0.9498730754025706 -0.27112053658667706 -0.15567528791113461 
1 38.214920043945312 20.608983993530273 22.620143890380859 -0.13780351457663625 0.68549388038619885 -0.71491840885754132 
1 34.831916809082031 25.0772705078125 17.723709106445312 0.74953642442952251 0.66140210840806279 0.027247008033464692 
1 39.020423889160156 28.773271560668945 17.875968933105469 -0.76330385291562286 0.48934022998620508 -0.42179778027060921 
1 39.020301818847656 29.245948791503906 46.237712860107422 -0.12574683445350762 -0.95599697324179944 -0.26506135285522203 
1 35.946731567382812 29.845909118652344 47.508090972900391 0.90948970904143456 -0.17753221782211723 -0.37591326231311278 
1 36.590217590332031 33.668922424316406 47.494369506835938 0.46726176222210974 -0.85045877409454862 -0.24163261189393706 
1 36.527572631835938 30.371393203735352 16.498432159423828 0.45342926395102656 0.8596309795759961 0.23544953078323069 
1 38.755943298339844 34.702079772949219 46.355052947998047 0.048383711621379652 -0.99859791720586355 -0.021475944725449322 
1 38.875015258789062 34.82177734375 17.717374801635742 -0.023031617731968854 0.95126543950333287 0.30751196430574779 
1 38.467174530029297 38.786746978759766 45.104190826416016 0.067443295899183006 -0.9539931226735372 0.29214469656293351 
1 38.786754608154297 38.467170715332031 18.895807266235352 -0.56559746323142079 0.77957578056060162 0.26900020808451125 
1 38.317153930664062 40.866416931152344 43.627655029296875 0.058717978259593857 -0.81398165030939462 0.57791528097870914 
1 34.724109649658203 42.940071105957031 43.581584930419922 0.86605454340436305 -0.49982618612099877 0.011104571869151543 
1 36.750747680664062 41.273445129394531 19.864139556884766 0.93610851682789131 -0.15783066242814503 0.31430928513134709 
1 39.588687896728516 40.794960021972656 20.817010879516602 -0.44017408736375663 0.73196032274127509 0.52007774298269316 
1 39.025241851806641 46.233844757080078 29.210668563842773 -0.48378419807281203 0.24868971852696378 0.83911040608136045 
1 39.124004364013672 46.143653869628906 34.968887329101562 -0.13777316448577706 -0.26160789676587504 0.95529046027755893 
1 36.552776336669922 47.504817962646484 33.499092102050781 0.78884350569502759 -0.41760024530824269 0.45092788629810265 
1 38.678195953369141 18.892335891723633 38.731925964355469 0.12957732729728696 -0.2515004718578801 -0.95914400842926373 
1 38.786746978759766 18.895807266235352 25.532827377319336 0.8139813348106073 0.57791580351399485 0.058717208965648242 
1 40.866416931152344 20.372344970703125 25.682846069335938 -0.65341550904457257 0.058315590829633238 -0.7547499350157062 
1 39.768703460693359 23.323287963867188 43.179759979248047 0.20709480690367613 -0.58921410036036892 -0.78098558558404285 
1 40.614654541015625 20.916437149047852 39.989551544189453 -0.91365990629103755 -0.26836729953934774 0.30529423213387225 
1 38.214920043945312 20.608983993530273 22.620143890380859 0.50715104608799366 0.77700942710791421 -0.37289967368889543 
1 40.756584167480469 24.503084182739258 20.751300811767578 -0.88579222712930072 -0.41623255232198803 -0.20523789305300499 
1 40.702419281005859 26.075305938720703 44.038272857666016 -0.30813064881043872 -0.90817898302911637 -0.28331332133851028 
1 38.500617980957031 25.295024871826172 45.14227294921875 0.85218424480974353 0.30199965442663285 -0.42729172894433792 
1 38.724014282226562 25.388179779052734 18.877140045166016 0.083673295562852273 0.95557559041604068 -0.2826200109876984 
1 38.786754608154297 38.467170715332031 18.895807266235352 0.81397095690041121 -0.058686245784522216 0.57793356528094775 
1 40.866146087646484 38.317249298095703 20.372211456298828 -0.80812650611060177 0.5804979183723662 -0.099768316046834962 
1 39.588687896728516 40.794960021972656 20.817010879516602 0.27345064043481604 0.54357402418124046 0.79356916994122262 
1 40.747737884521484 43.098957061767578 24.180639266967773 -0.90870350691809498 0.25746838579744857 -0.32858479397198526 
1 40.997810363769531 43.940521240234375 37.615322113037109 -0.35034528279613053 -0.23285585190850239 0.90721350026025571 
1 37.721019744873047 43.727508544921875 41.17596435546875 0.67651326590933569 0.043977760847758951 -0.73511615245449591 
1 38.615524291992188 45.146213531494141 25.329326629638672 0.1011243775294854 0.26844353636885393 0.95797282218811297 
1 39.025241851806641 46.233844757080078 29.210668563842773 0.58122676276299756 -0.27365013061113658 0.7663491738525946 
1 41.550422668457031 45.044952392578125 32.540126800537109 -0.88419963082651842 0.43520731251095623 0.16966321929999853 
1 39.157241821289062 17.962541580200195 35.185981750488281 0.80453214557990571 0.36567174540539621 -0.46798739442506837 
1 38.678195953369141 18.892335891723633 38.731925964355469 0.79569817710032931 0.3529982844678084 -0.49219571526172112 
1 41.106464385986328 19.969596862792969 37.229869842529297 -0.56256978636594601 -0.57926102539666746 -0.58989143062480176 
1 37.99609375 20.147293090820312 40.864528656005859 0.64973439236292763 -0.037119483256026313 -0.75925447864571927 
1 40.866416931152344 20.372344970703125 25.682846069335938 -0.28092821616785724 0.26189424385846788 -0.92330425234293545 
1 40.305252075195312 20.895488739013672 23.838510513305664 -0.85796325453059552 -0.11759401865281849 -0.5000706956544736 
1 40.305252075195312 20.895488739013672 23.838510513305664 0.094626354225929368 0.75636900233130944 -0.64726484949999297 
1 39.020301818847656 29.245948791503906 46.237712860107422 0.39959870627417615 -0.75320826906110028 -0.52249227493043937 
1 39.020423889160156 28.773271560668945 17.875968933105469 0.68618109339480371 0.66579488281266741 0.29304040862648639 
1 41.567543029785156 31.244716644287109 18.963741302490234 -0.8876029129277565 -0.15380336957479904 -0.43417230734997292 
1 41.567543029785156 31.244716644287109 18.963741302490234 -0.57935987137027911 0.76968767009516104 -0.26818469372672293 
1 38.755943298339844 34.702079772949219 46.355052947998047 0.53531219130726704 -0.80537638924580024 -0.25457755101974189 
1 41.483512878417969 30.598455429077148 45.057907104492188 -0.80821316688745071 -0.44377588698389997 0.38711037056815045 
1 42.033679962158203 34.225540161132812 44.529697418212891 -0.14843687762672247 -0.9785993172359736 0.14251270001552721 
1 38.755943298339844 34.702079772949219 46.355052947998047 0.86669643711841982 -0.12600621284381555 -0.48265901028676139 
1 42.158718109130859 34.740261077880859 19.749237060546875 -0.85018074057154336 0.021105307771085033 -0.52606774691584157 
1 41.567543029785156 31.244716644287109 18.963741302490234 0.16280612545577552 0.96265229282290155 0.21632089274244615 
1 38.467174530029297 38.786746978759766 45.104190826416016 0.61296259588333224 -0.78391838299387684 -0.098736137519311262 
1 38.467174530029297 38.786746978759766 45.104190826416016 0.84987346487387627 -0.16684986845263119 -0.49987619977411596 
1 41.379856109619141 38.214920043945312 43.391017913818359 0.15567575021346242 -0.94987312520267264 0.2711200966604711 
1 38.317153930664062 40.866416931152344 43.627655029296875 0.75474995570351211 -0.65341552695478711 -0.058315122395005865 
1 40.866146087646484 38.317249298095703 20.372211456298828 -0.45253307867294362 0.87771644497522783 0.15756793749629189 
1 40.161491394042969 40.305252075195312 43.104511260986328 0.50007006252890107 -0.85796351142606575 0.11759483672252047 
1 37.680534362792969 43.968006134033203 23.07154655456543 0.64425359040058516 0.021454727753590152 0.76451095866113949 
1 41.605464935302734 44.098712921142578 27.729110717773438 -0.75229723945449567 0.26356102394790304 -0.60380828924806762 
1 38.590011596679688 45.129692077636719 38.671482086181641 0.83439827984947912 -0.41209511140955585 -0.36600154335272406 
1 41.550422668457031 45.044952392578125 32.540126800537109 -0.6731349233682149 0.30480083883507741 0.6737847012121162 
1 38.786746978759766 18.895807266235352 25.532827377319336 0.71674102958190367 0.26275679049401685 0.64594207601235887 
1 42.940071105957031 20.418413162231445 29.275890350341797 -0.49982618867266926 -0.011104112185346269 -0.86605454782567171 
1 41.442340850830078 18.916221618652344 30.553466796875 -0.46755575727105397 -0.0035942423666175081 -0.88395627452069225 
1 41.442340850830078 18.916221618652344 30.553466796875 0.60483003136983038 0.60663163831822853 -0.51592508036003815 
1 40.614654541015625 20.916437149047852 39.989551544189453 0.16622193263846277 -0.32001315933522501 -0.93271745290962704 
1 40.305252075195312 20.895488739013672 23.838510513305664 0.74443133178133547 0.66350128152827359 0.074753205099218345 
1 43.191997528076172 23.468404769897461 24.128387451171875 -0.56765819605186085 0.24116819694300615 -0.78714806309766561 
1 39.768703460693359 23.323287963867188 43.179759979248047 0.6327997344953612 -0.10216874599176752 -0.7675454666435535 
1 42.991069793701172 22.803020477294922 39.271236419677734 -0.76213665175524181 -0.60504337338460112 0.23036979049930018 
1 40.756584167480469 24.503084182739258 20.751300811767578 -0.70016999859577855 0.30489351776975787 -0.64560197946441422 
1 41.483512878417969 30.598455429077148 45.057907104492188 -0.16612004465779084 -0.96196639918870219 -0.21685197161846648 
1 42.158718109130859 34.740261077880859 19.749237060546875 -0.66144483711826729 0.7310711214354646 -0.16740890911979822 
1 42.158718109130859 34.740261077880859 19.749237060546875 -0.33538038362996758 0.9281120599824394 0.16164158620654698 
1 39.588687896728516 40.794960021972656 20.817010879516602 0.78885231422151625 -0.20214133320102612 0.58038858341551658 
1 43.191734313964844 39.871688842773438 23.46790885925293 -0.59457130703629257 0.78512433979335494 0.17339184500201635 
1 40.747737884521484 43.098957061767578 24.180639266967773 0.22660716746817064 0.26413046346891306 0.93748828788404059 
1 41.605464935302734 44.098712921142578 27.729110717773438 -0.70456483417618543 0.58302664508112345 0.40455942155353886 
1 39.124004364013672 46.143653869628906 34.968887329101562 0.47797815172081193 -0.56198414474658198 0.67506348407465311 
1 41.106464385986328 19.969596862792969 37.229869842529297 0.16308753985461452 -0.23082260744956906 -0.95923061785701547 
1 40.866416931152344 20.372344970703125 25.682846069335938 0.55735108943660139 0.74200494462516731 -0.37254318575922979 
1 40.702419281005859 26.075305938720703 44.038272857666016 0.69586536885536276 -0.065488209368407671 -0.71518017510380527 
1 43.649421691894531 25.797962188720703 41.009471893310547 -0.76262562013314394 -0.48631460799777576 0.42649767357455448 
1 40.756584167480469 24.503084182739258 20.751300811767578 0.53597658703936313 0.84001342670908075 0.084300303048707462 
1 43.85943603515625 29.366052627563477 21.239328384399414 -0.74297019637481942 -0.5755011201808401 -0.34175100287981663 
1 43.85943603515625 29.366052627563477 21.239328384399414 -0.81701363533676541 -0.10008452134658027 -0.56786601259507419 
1 43.652851104736328 29.145624160766602 42.873958587646484 -0.66835498135247273 -0.69551258955953632 0.26374960979217338 
1 41.483512878417969 30.598455429077148 45.057907104492188 0.63731394247104245 -0.42681662643431356 -0.64160619240406991 
1 43.85943603515625 29.366052627563477 21.239328384399414 -0.61340124362832882 0.50280481746637218 -0.60903713338993359 
1 40.866146087646484 38.317249298095703 20.372211456298828 0.55738921899631289 0.37256287849227254 0.74196641441256106 
1 40.997810363769531 43.940521240234375 37.615322113037109 0.51989944047380521 -0.73541005780940516 0.43459937720594077 
1 43.248703002929688 40.756580352783203 39.496910095214844 -0.78714783523735732 0.56765827966007076 0.24116874385896486 
1 41.605464935302734 44.098712921142578 27.729110717773438 -0.011225106558991451 0.19297241022000058 0.98113997262196129 
1 41.550422668457031 45.044952392578125 32.540126800537109 0.52854626789454051 -0.55350629959904607 0.6436378010954017 
1 43.449615478515625 43.056072235107422 34.852870941162109 -0.81373006268543047 0.58083307317718347 0.021824898293331261 
1 43.449615478515625 43.056072235107422 34.852870941162109 -0.64555318387312099 0.23287286081554928 0.72734539077858884 
1 41.706035614013672 19.121006011962891 33.703376770019531 0.25839074644692783 0.27165993538446809 -0.92705722674358459 
1 41.106464385986328 19.969596862792969 37.229869842529297 0.67551810265954193 0.40924165832472037 -0.61334864316380888 
1 44.833816528320312 22.227697372436523 33.845554351806641 -0.709125979195807 -0.70434458595811933 -0.032234296348350802 
1 40.866416931152344 20.372344970703125 25.682846069335938 0.75001584124254239 0.64269365014612501 0.15627255020345621 
1 43.727508544921875 22.824033737182617 26.278980255126953 -0.23202010282433649 0.27918572833133593 -0.93178431033232456 
1 42.940071105957031 20.418413162231445 29.275890350341797 0.20073235338018913 0.61323713536474556 -0.76396775986692778 
1 41.106464385986328 19.969596862792969 37.229869842529297 0.47491807661126817 0.71401901306006543 0.51442168451240833 
1 42.991069793701172 22.803020477294922 39.271236419677734 0.31998333776397875 -0.099901849737030965 -0.94214132908632298 
1 43.649421691894531 25.797962188720703 41.009471893310547 -0.18677445795091691 -0.84966507468297892 -0.49313746838088574 
1 43.940521240234375 26.384675979614258 23.002189636230469 -0.73540970850430876 -0.43460057257573032 -0.51989893532729514 
1 43.191997528076172 23.468404769897461 24.128387451171875 0.23285585190850239 0.90721350026025571 -0.35034528279613053 
1 43.652851104736328 29.145624160766602 42.873958587646484 -0.00089497305194606645 -0.87363854695192833 -0.48657464823288904 
1 42.033679962158203 34.225540161132812 44.529697418212891 0.29002349505022018 -0.90990689881113518 -0.29657344421703941 
1 41.567543029785156 31.244716644287109 18.963741302490234 0.62325336138306686 0.46570414290418316 0.6282315646372667 
1 44.982048034667969 33.796085357666016 22.405519485473633 -0.70763713476858814 0.23664744078529704 -0.66576848398393884 
1 42.158718109130859 34.740261077880859 19.749237060546875 0.3462557431486108 0.65111549217144782 0.67539290504930294 
1 43.736629486083984 37.707439422607422 22.827049255371094 -0.75026995565359167 0.15938849480500725 -0.64163096976950218 
1 41.379856109619141 38.214920043945312 43.391017913818359 0.71491840885754132 -0.13780351457663625 -0.68549388038619885 
1 42.033679962158203 34.225540161132812 44.529697418212891 0.3570210812116511 0.65000922876116562 -0.67083824435982953 
1 43.952499389648438 37.719032287597656 40.924259185791016 0.080400201841618085 -0.92308588421118987 0.37609607537685463 
1 44.248191833496094 34.324146270751953 42.307449340820312 -0.70552435260631596 -0.031415054736212235 0.70798904102772642 
1 43.736629486083984 37.707439422607422 22.827049255371094 -0.23466841380850542 0.93207098264634458 0.27599713561788553 
1 40.161491394042969 40.305252075195312 43.104511260986328 0.64726454351298313 0.094625451241021896 -0.75636937714873309 
1 43.248703002929688 40.756580352783203 39.496910095214844 -0.37290003186921822 -0.50714973685588194 0.77701010974050122 
1 40.747737884521484 43.098957061767578 24.180639266967773 0.71658469310922834 -0.45869679368631844 0.52545563948200602 
1 44.129013061523438 40.934551239013672 26.660053253173828 -0.60284566826568098 0.75588063645148662 0.25538512817116044 
1 43.191734313964844 39.871688842773438 23.46790885925293 0.26836463148592177 0.30432214112421541 0.91398493367724531 
1 41.605464935302734 44.098712921142578 27.729110717773438 0.6869111326050592 -0.50633530246111125 0.52132298758528739 
1 44.929759979248047 41.648311614990234 30.252044677734375 -0.63645169792711365 0.63971056788002723 0.43092879405802892 
1 43.449615478515625 43.056072235107422 34.852870941162109 -0.038740934629528261 -0.44339936798075447 0.89548653840149828 
1 42.940071105957031 20.418413162231445 29.275890350341797 0.35954707810841602 0.34351124684706319 0.86759778809842325 
1 44.833816528320312 22.227697372436523 33.845554351806641 0.044479503200702118 0.055726628635814318 -0.99745481935569624 
1 44.970157623291016 22.398513793945312 30.78809928894043 -0.63166828681301923 -0.61611500942070585 -0.47052892642347582 
1 43.727508544921875 22.824033737182617 26.278980255126953 0.043977760847758951 0.73511615245449591 -0.67651326590933569 
1 43.940521240234375 26.384675979614258 23.002189636230469 -0.023404492332694767 0.86054671540353755 -0.50883354876308196 
1 43.85943603515625 29.366052627563477 21.239328384399414 0.23801760912753953 0.93926111535809031 0.24725730509225757 
1 44.248191833496094 34.324146270751953 42.307449340820312 -0.11354260051576724 -0.98764092357840372 0.10804389821417387 
1 44.982048034667969 33.796085357666016 22.405519485473633 -0.30181483473014892 0.94787786967168319 0.10215355952429882 
1 43.736629486083984 37.707439422607422 22.827049255371094 0.078071582925951052 0.6420904022389532 0.76264326083173106 
1 43.248703002929688 40.756580352783203 39.496910095214844 0.20523683966645068 -0.88579136948986981 0.41623489688034165 
1 43.248703002929688 40.756580352783203 39.496910095214844 0.64560185975164586 -0.70017129390458854 -0.30489079664232344 
1 45.122859954833984 38.724010467529297 38.611824035644531 -0.42102893026091681 -0.36153378763671895 0.83188217932613251 
1 44.129013061523438 40.934551239013672 26.660053253173828 0.21360428009837046 0.19040007260527508 0.95818632002109216 
1 41.550422668457031 45.044952392578125 32.540126800537109 0.69825158275931409 -0.70320847966991606 0.13394984619042249 
1 44.972843170166016 41.598236083984375 33.196670532226562 -0.56812699670665401 0.5437375375775535 0.61772259618875547 
1 42.940071105957031 20.418413162231445 29.275890350341797 0.33066666800473243 0.7415015512110944 -0.58381076062555481 
1 45.129692077636719 25.328516006469727 25.409990310668945 -0.46755835075307128 -0.83512006238653347 0.28976485301116239 
1 42.940071105957031 20.418413162231445 29.275890350341797 0.58837283763175785 0.80851646661028664 -0.010887017827221067 
1 46.18450927734375 24.876779556274414 29.215856552124023 -0.26535695652535574 0.11364187994724544 -0.95742947977679083 
1 44.970157623291016 22.398513793945312 30.78809928894043 0.38232558123430332 0.78025536908800652 -0.49500374639308603 
1 42.991069793701172 22.803020477294922 39.271236419677734 0.63605407920380042 0.73299335500439833 -0.24115544747652193 
1 45.104671478271484 25.238750457763672 38.469879150390625 -0.049024678361937468 -0.54499985717630128 -0.83700163475904843 
1 45.129692077636719 25.328516006469727 25.409990310668945 -0.41209488413335021 0.36600134149776459 -0.83439848063917121 
1 43.649421691894531 25.797962188720703 41.009471893310547 0.48834982547198591 -0.18765915911566719 -0.85223147557543399 
1 46.194572448730469 29.170686721801758 39.045505523681641 -0.26450048657629155 -0.95421426644575813 -0.13969476121991337 
1 43.649421691894531 25.797962188720703 41.009471893310547 0.54623727043388204 0.72385018369830934 -0.42150415887493431 
1 46.161666870117188 29.1337890625 24.850959777832031 -0.55687119145688624 -0.68923975867222498 -0.46351163004917251 
1 45.129692077636719 25.328516006469727 25.409990310668945 0.25914957130825872 0.95558039631067504 -0.14038378067810761 
1 43.652851104736328 29.145624160766602 42.873958587646484 0.55309693428965412 0.0054537944164284513 -0.83309905617870506 
1 46.161666870117188 29.1337890625 24.850959777832031 -0.5367381237356903 0.054149526724781294 -0.84200951021005277 
1 45.149055480957031 30.915897369384766 41.383087158203125 -0.54290211195626648 -0.64234878534844575 0.540967036698912 
1 44.248191833496094 34.324146270751953 42.307449340820312 0.24718646496796506 -0.93518369848133576 -0.25363418860912879 
1 44.982048034667969 33.796085357666016 22.405519485473633 0.042781149660197158 0.84705655134884661 0.52977822912115824 
1 45.221763610839844 38.542396545410156 25.374025344848633 -0.48465871550555112 -0.27247993288573003 -0.83118025461334044 
1 45.122859954833984 38.724010467529297 38.611824035644531 -0.15048868985977915 -0.75700689482220918 0.63584095135176999 
1 45.221763610839844 38.542396545410156 25.374025344848633 -0.37326829688218921 0.81712657012041956 0.43928913820615795 
1 44.972843170166016 41.598236083984375 33.196670532226562 0.33105777889694632 -0.74132891154240743 0.58380835206698611 
1 46.124027252197266 39.020420074462891 35.226741790771484 -0.55076701455338917 0.83110017468787567 -0.076994774587171189 
1 45.122859954833984 38.724010467529297 38.611824035644531 -0.2800581375879449 0.72507584379620305 -0.62915217580009686 
1 46.124027252197266 39.020420074462891 35.226741790771484 -0.28261974719779542 -0.083673536280293767 0.9555756473561916 
1 44.929759979248047 41.648311614990234 30.252044677734375 0.014627445389524936 -0.017001458794784294 0.99974846248455196 
1 46.388652801513672 25.305852890014648 34.673782348632812 -0.43839936006239194 -0.86791222480757746 -0.23352595386047834 
1 45.104671478271484 25.238750457763672 38.469879150390625 0.32036062733284781 0.016742437683751232 -0.9471476966320036 
1 45.149055480957031 30.915897369384766 41.383087158203125 0.33738373555239071 -0.56317181428561536 -0.75432733118916151 
1 46.161666870117188 29.1337890625 24.850959777832031 -0.21864039388668219 0.86414888246789046 -0.4532583006306366 
1 46.276290893554688 34.831916809082031 38.9227294921875 -0.014429854769387025 -0.99966082505926546 0.021679809343325619 
1 45.149055480957031 30.915897369384766 41.383087158203125 0.23680565614150026 0.82266360914210801 -0.51686329663913511 
1 46.223060607910156 34.734699249267578 24.968784332275391 -0.4138678385926714 -0.31302027954102368 -0.85482847213618829 
1 46.161666870117188 29.1337890625 24.850959777832031 0.010958303220760935 0.99971877173891754 0.021030763736774139 
1 44.248191833496094 34.324146270751953 42.307449340820312 0.5097827395918324 0.1276331423902185 -0.8507827803721959 
1 45.122859954833984 38.724010467529297 38.611824035644531 0.28330799162874504 -0.95598375298364768 0.076365214008651719 
1 46.223060607910156 34.734699249267578 24.968784332275391 -0.25298368875251331 0.96203754775015804 0.10238657111181108 
1 46.254680633544922 38.921718597412109 29.134731292724609 -0.26360809306588007 -0.096805803939801663 -0.95976007918319828 
1 46.223060607910156 34.734699249267578 24.968784332275391 0.0053533899660364141 0.70887821612999158 0.70531058117132528 
1 46.124027252197266 39.020420074462891 35.226741790771484 0.027247747169636159 -0.74953729581701045 0.66140109045382067 
1 46.254680633544922 38.921718597412109 29.134731292724609 -0.55453056394693212 0.52509490880393705 -0.64557818302424252 
1 47.501567840576172 36.527553558349609 33.628627777099609 -0.42179771842112795 0.76330629942628347 0.48933646705603678 
1 44.972843170166016 41.598236083984375 33.196670532226562 0.44498801304076596 -0.89230471322002913 0.076012939788910883 
1 46.254680633544922 38.921718597412109 29.134731292724609 -0.41008970287643842 0.84393560989278804 0.34583105983934176 
1 44.970157623291016 22.398513793945312 30.78809928894043 0.28055599814705873 0.57502586866154781 0.76852689105439898 
1 46.388652801513672 25.305852890014648 34.673782348632812 -0.037262189419013353 -0.078318486474095173 -0.99623177218763137 
1 47.589576721191406 27.676706314086914 33.553459167480469 -0.26260144380277428 -0.52329502926217109 -0.81068045126436961 
1 46.388652801513672 25.305852890014648 34.673782348632812 0.41638829459467869 0.82203010349591277 -0.38844214121415055 
1 45.129692077636719 25.328516006469727 25.409990310668945 0.39289144099979262 0.85560918009161901 0.33700036577436215 
1 47.504817962646484 30.500885009765625 27.447240829467773 -0.41621978888924127 -0.42363989407232261 -0.80454355226263963 
1 46.18450927734375 24.876779556274414 29.215856552124023 0.21853372371954258 0.93088587617751672 -0.29273622449312209 
1 47.509979248046875 27.780012130737305 30.010156631469727 -0.0013808071984168582 0.72791961030776609 -0.68566109288836774 
1 46.18450927734375 24.876779556274414 29.215856552124023 0.40301912858364858 0.88274973262126288 0.24151292212377654 
1 46.194572448730469 29.170686721801758 39.045505523681641 0.033242211931575061 -0.66197130968790907 -0.74879165359662681 
1 47.494373321533203 30.331182479858398 36.590221405029297 -0.20137557608561613 -0.91522100101479786 -0.34902492268842017 
1 46.194572448730469 29.170686721801758 39.045505523681641 0.43171907392426806 0.38544992886559659 -0.81550413459864135 
1 47.504817962646484 30.500885009765625 27.447240829467773 -0.2527829377187456 0.83497551019468907 -0.48879104305766435 
1 46.276290893554688 34.831916809082031 38.9227294921875 0.23363856804014405 -0.86327911778025812 -0.44739488634615626 
1 47.494373321533203 33.668872833251953 27.409807205200195 -0.43074773668122651 0.36112461668492435 -0.82707037098917235 
1 47.504817962646484 30.500885009765625 27.447240829467773 -0.0032966841613064693 0.99992476214610015 -0.011815325666508539 
1 47.494373321533203 33.668872833251953 27.409807205200195 -0.2187915161081781 0.92706692534261836 0.30442928311000073 
1 46.276290893554688 34.831916809082031 38.9227294921875 0.21524592940646692 0.29787462248358165 -0.93002145091078958 
1 47.501567840576172 36.527553558349609 33.628627777099609 0.0019828457208980747 -0.71557511113659844 0.69853298321889701 
1 47.508148193359375 34.152816772460938 35.946807861328125 -0.37424049353978861 0.20631182922588673 0.90409041700294779 
1 46.254680633544922 38.921718597412109 29.134731292724609 -0.25481175673935619 0.53205507108469197 0.80745796792183966 
1 47.501567840576172 36.527553558349609 33.628627777099609 -0.2378505232818352 0.45670001597010462 -0.8572352209209928 
1 47.589576721191406 36.323314666748047 30.446624755859375 -0.027591021241038117 0.064029442904303277 0.99756652208674346 
1 46.254680633544922 38.921718597412109 29.134731292724609 0.41685562149681504 -0.81141842832607358 0.40967246063086626 
1 47.589576721191406 27.676706314086914 33.553459167480469 -0.022449004274572092 0.029135506793812271 -0.99932335330009581 
1 47.494373321533203 30.331182479858398 36.590221405029297 0.023597292531112816 -0.65794342245612492 -0.75269756252556197 
1 47.589576721191406 27.676706314086914 33.553459167480469 -0.012983749678132091 0.95611356423667959 -0.29270851461296538 
1 47.542087554931641 31.173772811889648 32.482852935791016 -0.0076463805477326695 -0.8082016205076108 -0.58885624177161522 
1 47.542087554931641 31.173772811889648 32.482852935791016 -0.0073358010784128772 -0.13244499769959281 -0.9911632098735772 
1 47.542087554931641 31.173772811889648 32.482852935791016 -0.023366224514680813 0.41390820621998059 -0.91001869012437742 
1 47.490470886230469 32.088108062744141 30.47259521484375 0.0041993887800750255 -0.46458013374166357 -0.88552112592893673 
1 47.638462066650391 32.337612152099609 32.088127136230469 -0.09016317874010811 -0.15200961125597401 -0.98425793331082012 
1 47.542087554931641 31.173772811889648 32.482852935791016 0.078179862594410815 0.94411684248131233 -0.32020508557459859 
1 47.589576721191406 27.676706314086914 33.553459167480469 -0.011793218555192223 0.93792910244814598 0.34662648308651323 
1 47.508148193359375 34.152816772460938 35.946807861328125 0.007428345691997555 -0.6520266541744445 -0.75815965464165902 
1 47.494373321533203 30.331182479858398 36.590221405029297 0.0035543991714025785 0.9861154379107655 -0.16602321934172218 
1 47.504817962646484 30.500885009765625 27.447240829467773 0.012940015866056691 0.88890320521177002 0.45791227080482144 
1 47.589576721191406 36.323314666748047 30.446624755859375 -0.023597181135080317 -0.65793180687266484 -0.75270771920297752 
1 47.490470886230469 32.088108062744141 30.47259521484375 0.023393628545044422 0.9997075363386777 -0.0061302472338207242 
1 47.508148193359375 34.152816772460938 35.946807861328125 0.030544896409989142 -0.4254745537955939 -0.90445476027037608 
1 47.501567840576172 36.527553558349609 33.628627777099609 0.030650741776774446 -0.9381316932472884 -0.34491949517751086 
1 47.501567840576172 36.527553558349609 33.628627777099609 -0.002037275907671084 -0.81503222144173537 -0.57941205330802892 
Polygon3D 0
PolygonOnTriangulations 0
Surfaces 500
1 40.598993423461565 18.552358155517592 31.205776558979593 -0.41208737609033391 0.91080903478200326 -0.02471632307725509 0.91108736739618712 0.41221330518444621 0 0.010188397227681924 -0.022518729724169965 -0.99969450502318002 
1 39.065325557101154 17.793385766127127 32.21188454645899 -0.45186717398384479 0.89206515347441717 0.0059849003766470794 0.89208113035899617 0.45187526692375585 0 -0.0027044284552094865 0.005339016693085309 -0.9999820903233626 
1 39.479090602673999 41.633976548065014 42.2344261614831 -0.38345298602977834 -0.63566406225263639 -0.66999627421749375 0 -0.72544933299322967 0.68827557363288594 -0.92356039732377371 0.26392132392088874 0.27817571294956495 
1 38.629133098934581 42.449123032533976 41.924189049160468 -0.36208783314698995 -0.64889013845386967 -0.66920399677843789 2.7755575615628914e-17 -0.71791913106403316 0.69612651238999923 -0.93214398087791017 0.25205894046746607 0.25994978254174567 
1 36.863013103796803 43.918995491079642 41.222900196515297 -0.21202058861616535 -0.81951776353218464 -0.53238886657974094 -1.3877787807814457e-17 0.54477419936184479 -0.83858277570533324 0.97726519942278456 -0.17779681370842249 -0.11550334641159853 
1 36.013163987514048 44.615641529935154 40.653836732335726 -0.28181776964988631 -0.77398215560192662 -0.56703647812055169 2.7755575615628907e-17 0.59099053683839353 -0.80667848946619825 0.95946794876617103 -0.22733633272590331 -0.16655163497598502 
1 37.317807556519433 22.875682641322523 43.806733703650501 -0.29980168014667674 0.56919895117088992 -0.76559225869073988 2.7755575615628914e-17 -0.80250630695361624 -0.59664363509524554 -0.954001547473184 -0.17887476425037532 0.24059273915299875 
1 35.968169915957574 23.404169066840488 44.710841011356138 -0.28884931703505035 0.56346154671128112 -0.77400074769092808 0 -0.80846177654239704 -0.58854868606591204 -0.95737457248894231 -0.17000188601201494 0.23352363200321488 
1 31.849099639964791 32.390111191611233 16.450217084464654 0.10728280478936397 -0.074252174555871603 0.99145197280062525 0.99419645499908438 0 -0.107579779081637 0.0079880325350518127 0.99723949709872817 0.073821248719420751 
1 30.335110641482313 33.364649443753592 16.484792574039275 -0.012240827241741793 -0.020101027185108266 0.99972301706749822 5.4210108624275222e-20 0.99979792366000286 0.020102533301729144 -0.99992507826758592 0.00024607163726782775 -0.012238353660174244 
1 27.980989867580064 17.733276793315174 26.23038832669047 0.29186793840032454 0.90270247656743641 0.31613501124197135 0 -0.33052659266258361 0.94379667913320331 0.95645862771682111 -0.27546399100768065 -0.09647011518691212 
1 26.795531174380582 17.683808674010546 27.605964583633078 0.3129089629044231 0.90681340554450518 0.28244898381629069 0.94530398988418085 -0.32619069071487727 0 0.092132229122751055 0.267000151340272 -0.95928232108235223 
1 26.932008765557836 33.195067177849964 16.909805359548781 0.3540496391612849 -0.073469304931560259 0.93233637397810321 0.93486286067252156 0 -0.35500905866638044 0.02608226878462647 0.99729747880603492 0.068683724579940222 
1 25.84827593290343 31.817605432087209 17.331378310652553 0.45108867227504867 0.0020810978792555751 0.89247671049543398 0.89247864314591963 0 -0.45108964910361043 -0.00093876171210366518 0.99999783451346391 -0.0018573354115318666 
1 26.63763167492904 16.966643734946743 31.010590121497366 0.40889330930096296 0.91200660812451273 0.032406918183138594 0.91248588413810883 -0.40910819015108185 -1.7347234759768067e-18 0.013257935646278014 0.029570855390532575 -0.99947475788729734 
1 25.7269888277043 17.394862727520696 32.265376078524042 0.45378601266567614 0.89109153125469753 -0.0058427420912979811 0.89110674152291813 -0.45379375845466113 4.3368086899420168e-19 -0.0026513998932913567 -0.0052065068665353431 -0.99998293103675251 
1 20.193263408309374 37.328550190745219 41.118872233432583 0.7655942850213372 -0.29984674304925835 -0.5691724882892879 0.59662475338384047 0 0.80252034469518063 -0.24063311158761808 -0.95398738497044711 0.17889598912471155 
1 19.288794569314383 35.976818709335035 40.590915441952511 0.77402819778878218 -0.28882738076760395 -0.56343508334747439 0.58851697618276522 0 0.80848485993535757 -0.23351256448539245 -0.95738119060222071 0.16997981676813842 
1 17.793385775284911 31.788114344870149 24.934675064678977 0.89206501782467984 -0.0059851107720939401 0.45186743899345017 -0.45187553250713774 0 0.89208099583019418 -0.0053392035777235841 -0.99998208906412211 -0.0027045251172541553 
1 16.914679736052499 32.854390434750378 26.680331696018239 0.89094977118785701 -0.0045128088601995939 0.45407944214255797 -0.45408406597786471 -2.1684043449710084e-19 0.89095884362018096 -0.0040207269635623372 -0.99998981722625124 -0.002049194596220365 
1 17.758720668697627 24.981653974686417 30.073767934512212 0.8925783855692756 0.44652451248468672 0.06260739065684312 -0.44740221135503022 0.8943328582103135 0 -0.055991846631224182 -0.028010685027039871 0.99803823305279316 
1 17.739159630946364 24.983116324192768 31.865528538230052 0.89428194610505962 0.44744520411422684 -0.0072519091090029238 -0.4474569701915071 0.89430546225942109 -4.3368086899420177e-19 0.0064854219279901646 0.0032449172780186397 0.99997370456141232 
1 16.941598699186311 26.574966868109978 32.875811528981089 0.88738419348570607 0.46102370970322898 0.0025361867430960141 -0.46102519241869183 0.88738704743494445 0 -0.0022505792656996198 -0.0011692459812455752 0.99999678387323043 
1 16.465286423776764 28.591751421633898 33.571770558152544 0.99942178872661602 0.033876649555582991 -0.0029087511718658993 -0.033876792868836082 0.99942601672406062 1.3552527156068802e-20 0.0029070815973393786 9.853916095628526e-05 0.99999576957436198 
1 16.892929886762627 28.858765099593644 36.196758797142458 0.90262284071854115 0.29896796851619545 -0.30966136538885558 0.32450311672303422 -1.387778780781446e-17 0.9458846268108162 0.28278920532832935 -0.95426314704137005 -0.097016037583859405 
1 16.45568439787758 29.615172348179573 33.147988631251131 0.99990209998215618 0.0011863100623487558 0.013942134689861512 -0.013942144500474976 3.3881317890172014e-21 0.999902803579792 0.0011861947572574388 -0.99999929633397056 1.6539706311633836e-05 
1 16.450578564996324 29.926901739752243 29.909642661109821 0.99943261365628333 0.023688004819008575 0.023944293430067581 -0.02395101408831822 1.0842021724855042e-19 0.99971313331582345 0.02368120951961138 -0.99971939984562408 0.00056735173714422425 
1 16.447602157945408 29.829942258555633 31.47730088472159 0.99666990723421522 0.047116575558089659 -0.066551666556291605 0.06662566118651278 0 0.99777804208724696 0.047011884510206534 -0.99888939743481064 -0.0031391729994020108 
1 16.453818728126009 32.018777387255298 35.083406882101059 0.99972930952989325 -0.022261871248261664 0.0067614166717213618 0.022262380135971652 0.99975216250362853 0 -0.0067597409391415182 0.00015052522820355722 0.9999771413610371 
1 16.465655912526369 31.74663842905116 29.941516192432584 0.99236462183686602 -0.10168532364769772 0.06980366953990999 0.10193396618823769 0.99479116729951689 -8.6736173798840355e-19 -0.069440073903396793 0.0071153648906961027 0.99756074888638402 
1 16.477221332800298 32.476269785645201 29.201049682671862 0.99930628446280567 0.029129009416521582 -0.023204539287698271 -0.029136854851881788 0.99957543171555618 0 0.023194687376261583 0.00067610729313045297 0.99973073842732563 
1 16.450217072382397 32.390111188149923 32.150899788214623 0.99145199920509131 -0.074251935819118597 -0.10728272600629225 0.10757969816287745 0 0.99419646375511928 -0.073821012018339779 -0.99723951487449269 0.0079880008434301264 
1 16.966562458752122 32.989341352628244 37.362246685078688 0.91201410119472426 -0.032405204770370045 -0.40887673194468982 0.40909158134443424 0 0.91249333042664504 -0.02956953322407236 -0.99947481344143452 0.013256696463300882 
1 16.465070368940221 34.392248257866356 31.070200985773653 0.99931617320953625 0.028785875158230563 -0.023206881591954904 -0.028793629741752376 0.99958537748723342 0 0.02319725949639577 0.00066821035601943846 0.99973068405785026 
1 16.485234361203133 33.795436435432869 33.096897876790642 0.99960579973932429 -0.01481973092532099 0.023845769075605202 -0.023848388063665776 0 0.99971558674793348 -0.014815515997453768 -0.99989018175762745 -0.00035342669410616366 
1 16.478487683638399 33.681347981049903 34.275662472470813 0.99996858490721197 -0.0061900442389444775 -0.0049510151472166039 0.0061901201072267868 0.99998084102299589 0 0.0049509202908312516 -3.0647378413969891e-05 0.99998774364939691 
1 16.465490612374914 35.234974854819527 30.742167734534465 0.99954724876715695 -0.030052215693865278 -0.0014703108163604374 0.030052248177566705 0.99954832918647518 0 0.0014696467198778772 -4.4186145551424564e-05 0.99999891909246741 
1 16.893866766884997 35.134189300035203 27.805094555339398 0.90116375620020628 -0.30095181129017878 0.31198059521754867 -0.32714735991266575 0 0.9449733355508888 -0.28439143695496188 -0.95363934864347999 -0.098455590524516787 
1 16.934415913223546 37.239700305786741 32.967776969188726 0.92657597669286207 -0.37142075603350611 -0.059191058473114767 0.37207312217508132 0.92820342153801993 -3.4694469519536134e-18 0.054941342999202121 -0.022023401930939605 0.99824667221926278 
1 16.941930612889823 27.739381309691257 28.815491273913288 0.90724606522286877 0.30216124168204328 0.2925801790326677 -0.31598858816949998 0.94876299050218338 -1.387778780781446e-17 -0.27758924562069803 -0.0924519976989122 0.95624099412083985 
1 17.363458052347255 27.384285550308345 36.072809189340667 0.89268588839199625 0.32218455581246297 -0.31513333156256024 -0.33948204586008995 0.94061253475522422 0 0.29641836178691827 0.10698210811756401 0.94904740837235402 
1 17.450066796126034 27.84834608915228 27.219624911796508 0.89718059641484482 0.30652603308129123 0.31797605013609215 -0.33405678363783636 0 0.94255295092930658 0.28891701701742528 -0.9518622752496535 0.10239710071240117 
1 18.552358152489013 32.794222867729196 23.401007974091879 0.91080919394541038 0.024716613863859701 0.41208700686095007 -0.41221293880670534 0 0.91108753316042002 0.022518998753302575 -0.99969449783376574 0.010188508038172166 
1 17.393185719308395 31.729738865020728 38.272743614214576 0.89162448077640755 0.0049563314749069909 -0.45274851745589689 0.4527540784922035 0 0.89163543245469756 0.0044192407580175251 -0.99998771731372327 -0.002243999289623419 
1 18.137291110221476 31.779416689718548 39.798092917905507 0.90645529726575713 0.0021304871458814253 -0.42229640666641866 0.42229736506619858 0 0.90645735446194375 0.001931195741970854 -0.99999773050968543 -0.00089969910801313176 
1 17.026182957066702 34.973210005324781 36.663014300638388 0.88497077074375607 -0.33847017385370542 -0.31978848687944467 0.35722862134580147 0.93401697634003311 0 0.29868787558349325 -0.11423760029020394 0.94748895701182467 
1 17.337653082455322 36.52152375473387 27.911954976277904 0.89338080430183475 -0.31907500152833007 0.31632559476701078 0.33634614647150518 0.94173842958316656 0 -0.29789596885284586 0.106394894830191 0.94865068286239951 
1 17.683764268611508 36.393990936195976 37.204416927732169 0.90681249233528605 -0.28245816105669619 -0.31290332532131454 0.32618573266205397 0 0.94530570071682063 -0.26700930986088478 -0.9592796189081001 0.092133822210654887 
1 17.355916611262966 38.223060958918715 31.786678304804827 0.88568085959158205 -0.46428173165947556 0.0034479849760656323 0.46428449151407292 0.88568612439143402 2.1684043449710089e-19 -0.0030538324504114614 0.0016008459513607947 0.99999405568213506 
1 17.733276811278007 37.769609704140549 36.019010781886735 0.902702504492646 -0.3161347984760372 -0.29186808248799645 0.33052638540531676 0.9437967517166479 -1.3877787807814454e-17 0.27546414818193771 -0.096470102319938286 0.95645858374776493 
1 18.969427096001056 22.931900629481689 33.269343946524543 0.832372551889763 0.54756629209080343 -0.085598426541922679 -0.54958341755282702 0.83543884704444715 0 0.071512250779002667 0.047043475796054467 0.99632971920622093 
1 18.62851056510625 24.222240781127805 28.12780177945762 0.79856932332276764 0.53556471560970942 0.27469523338002788 -0.55699142623516673 0.83051824248508521 0 -0.22813940244581107 -0.15300288982034371 0.96153134569721233 
1 19.032011536920848 23.739438823913847 36.00707369925928 0.80146252055368949 0.53183113502480617 -0.27352051470767869 -0.55291593767114133 0.83323704062484072 -1.3877787807814454e-17 0.2279074242252094 0.15123385186188937 0.96186616950282988 
1 18.049598346026691 26.585294104954546 37.312871868605676 0.91215682221354 0.29326900621903368 -0.28629219633199393 -0.30608082791698432 0.95200552875582267 1.3877787807814457e-17 0.27255175374770568 0.087628552479468505 0.95814235806554504 
1 18.174581714384924 26.448113633249346 26.434700448418528 0.91425347169892823 0.27936911058633657 0.29341692101284211 -0.30558412435626608 0 0.9521650817696552 0.266005512025355 -0.96018378451742226 0.085370765030714529 
1 18.910010359610801 26.990475775911072 24.37919249525952 0.80048986989497439 0.28139001388596507 0.52918392670297842 -0.55146677622523332 -1.387778780781446e-17 0.83419685609557914 0.23473466492036349 -0.95959348689184865 0.15517724381966683 
1 19.245771888470852 27.891075103230907 40.461670571923698 0.7919316188143446 0.27806680358945002 -0.54362042259616938 0.56594011714407377 0 0.82444634986574605 0.22925116123815739 -0.96056173812074475 -0.15736915939729149 
1 17.83853719097749 29.931283921300849 24.895577795580888 0.88988312723757901 0.07751510341975025 0.44955470034211881 -0.45091141258094847 3.4694469519536142e-18 0.89256870772185037 0.069187555688292046 -0.99699117786559444 0.03495244477935789 
1 18.036377656342484 37.312370247376244 26.659951793326112 0.90595424826322579 -0.30009354392476384 0.29864822944141034 0.31444373018748595 0.94927611396567835 -1.3877787807814457e-17 -0.28349963068687228 0.093908063279445245 0.95436326157889728 
1 18.731169860063218 39.784282218850819 27.976759123878626 0.81890521840068109 -0.49761824372002034 0.28595511324880213 0.51930276206779014 0.85459033537055873 0 -0.24437447613221994 0.14849728013751071 0.9582430136488681 
1 18.069785430504009 39.654784974059389 32.232328110297637 0.90220347490633113 -0.43130807408020722 0.0014950251381463282 0.43130855608938873 0.90220448316558854 -1.0842021724855044e-19 -0.0013488183820808707 0.0006448171336512319 0.9999988824492938 
1 18.641716664534748 40.68511951864776 30.874869640598714 0.86924380845053051 -0.49163980854688227 0.052014422253855962 0.4923062268794316 0.87042206944432299 3.469446951953615e-18 -0.04527450105915215 0.025607023963109366 0.99864633373261713 
1 18.782733969098395 39.383492340675552 36.954095327965547 0.80971861369365927 -0.50929949341709357 -0.29149578494913209 0.53242143116976193 0.84647942658468833 0 0.24674518489559491 -0.15519860300257002 0.95657211299352096 
1 18.964014246664004 40.445116438414921 35.497144526429345 0.80082277490940235 -0.53325840356091292 -0.27261393621396418 0.55425150716297888 0.8323492456941175 0 0.22691000417339735 -0.15109668502022183 0.96212350651147116 
1 20.0257013254522 21.422547335043415 31.772204537570254 0.71154919652987336 0.70263469337439965 0.0014928443841548949 -0.70263547631605083 0.71154998940490233 1.0842021724855042e-19 -0.0010622334057285832 -0.0010489254249264159 0.99999888570720152 
1 19.930185383897321 22.227614068008613 28.440954169159117 0.76708739781227953 0.57582576401584307 0.28284556495224827 -0.6003403853905942 0.7997445977742349 -2.7755575615628901e-17 -0.22620421257496207 -0.16980361546945305 0.95916546350817056 
1 19.272962385824815 23.560417564396896 27.592309400222113 0.78397033829404339 0.55211743771059751 0.28382537527678481 -0.57579650113814118 0.81759304625044016 -2.7755575615628907e-17 -0.23205365317572091 -0.16342565801859257 0.95887598590693279 
1 19.741555845079656 25.080269401597796 24.648186944909217 0.59310594804584427 0.54002026210473919 0.59716283450074925 0.7095127474852444 2.7755575615628907e-17 -0.70469260046912652 -0.38054828280860786 0.84165201628483532 -0.38315125986363519 
1 19.989826488797981 26.966535468285898 41.075874005631142 0.7947588771829851 0.2739824834930959 -0.54156433216913047 0.56311199154323544 1.387778780781446e-17 0.82638059329839741 0.22641380726239291 -0.9617346820921846 -0.15428282192775883 
1 19.042242161481596 28.598276109010872 23.321563136777442 0.80071308328485524 0.28249192788702826 0.52825833541471967 -0.55068803779334263 0 0.83471113867691871 0.23579915879361937 -0.95926967567971733 0.15556492546056605 
1 19.161788211747634 29.63110748287983 41.210052088345861 0.79639864503888746 0.25826991102223146 -0.54685084917259907 0.5660555288498399 -1.387778780781446e-17 0.82436711376578353 0.21290922112194266 -0.96607279904806798 -0.14619511106969033 
1 19.51704470216367 32.69047123676792 21.935934953087287 0.71134419297221263 -0.01258226608947874 0.7027311902176856 -0.70278682271231385 -8.6736173798840355e-19 0.71140050732476345 -0.0089510304793503428 -0.99992084015688643 -0.0088426508075456541 
1 20.245117976248167 31.737503197706623 42.798207766013661 0.70674075591219498 -0.0023302790042721358 -0.70746877933405772 -0.70747070019044755 -2.1684043449710084e-19 -0.70674267479192032 0.0016469076164907417 0.99999728489619533 -0.0016486041187915071 
1 19.202713495210194 33.483515809536527 41.365628534505397 0.80593820912052494 -0.11475958140410017 -0.58077004188883308 0.58463253661371151 0 0.81129821713881356 -0.093104243792742999 -0.99339329496224993 0.067092185177006783 
1 18.57802011987696 35.711563338131576 24.262989147914677 0.80699965075591296 -0.27355016880068145 0.52337545684618547 -0.54412979905260195 0 0.83900104992960245 -0.2295088788321917 -0.96185773643981198 -0.14884679838032014 
1 19.35313010585643 35.889987636872512 23.205788328942628 0.78747683264852586 -0.28567191236144018 0.54614265217944968 -0.5698914658159524 2.7755575615628914e-17 0.82171997492463655 -0.23474231666231557 -0.95832747977283717 -0.16280198487810738 
1 19.897464011940681 36.937989201165692 23.003375016082174 0.76272757491323095 -0.31590365011713523 0.56431509842432215 -0.59477264725265411 -2.7755575615628914e-17 0.80389395947479925 -0.25395303610520548 -0.94879127517208484 -0.18789085025694477 
1 20.020674099112679 39.503508192937552 24.741524091833909 0.68564217714744868 -0.50601617905506924 0.52329956186778404 -0.60670725721636332 2.7755575615628914e-17 0.79492534494818923 -0.40224508568471562 -0.86252398606329095 -0.30700368810160522 
1 19.595743409261356 40.622007155756528 27.074730322128858 0.79088791912186374 -0.5264403622292948 0.31202058330016857 0.55410380516340663 0.83244757979312645 0 -0.25974077941386486 0.17289179249592906 0.95007534206347155 
1 19.995191932781538 41.876467046566873 35.501880879790654 0.76328015389151282 -0.5854763189421065 -0.27316823869796686 0.60862457908678258 0.79345833017962375 2.7755575615628914e-17 0.21674761453539762 -0.16625690429742787 0.96196627454742445 
1 19.90849084916637 42.452774580870958 32.588635267826362 0.70623957665270598 -0.7079583939130295 -0.004535731196885529 -0.70796567638896923 -0.70624684144788163 0 -0.003203345831457025 0.003211142004721613 -0.99998971351834898 
1 20.011104391910447 23.100146441949523 37.402880561833548 0.76010971240500869 0.56406469657466962 -0.32258989938573873 -0.59592346204960966 0.80304123641243197 0 0.25905299165688567 0.19223888966418468 0.94653883006155604 
1 21.424859610300661 21.575412620427329 37.514160496998244 0.64871036231021129 0.67303174201276961 -0.3552508129119637 0.71999637085105861 -0.69397782814820885 0 -0.24653618759253024 -0.25577929603850225 -0.9347710200500382 
1 19.973369988809761 24.794369861132793 39.718538617442753 0.74001880390379837 0.4085907418570548 -0.53425253910252335 0.58534258429587227 2.7755575615628914e-17 0.81078607475081221 0.33127968376980388 -0.91271770316385437 -0.23916556075797607 
1 20.293528243444047 24.702119061872988 24.150087218460182 0.85580785909748902 0.35985223422669516 0.37161711186250329 -0.39829946874603522 0 0.91725543508699159 0.33007641767263324 -0.9330093083791049 0.1433289537195665 
1 21.322847315795205 26.912197882289735 42.601036903769554 0.66063611564331015 0.37934882543511234 -0.64780737210124406 0.70014024226398597 0 0.7140053509341 0.27085709123123602 -0.92525373203300343 -0.26559737854269805 
1 20.54133727676863 29.053149340468408 21.355269029721185 0.68755943892453719 0.27939990057308434 0.67022213743319925 -0.69802094329142372 -2.7755575615628914e-17 0.71607734409528068 0.20007193874285975 -0.96017482551863997 0.1950269821535543 
1 21.491063228118904 37.453661041304116 42.539471093256346 0.65226952131422367 -0.35139555968851521 -0.67161419892354035 -0.71736249400055296 2.7755575615628907e-17 -0.69670011640684171 0.24481732733983583 0.93622708817422873 -0.25207799507887341 
1 19.903980568156161 39.65847731209 39.144511797839229 0.74866673568080344 -0.52076943703958378 -0.41024055422462191 0.57103330121384921 0.82092689620015102 -2.775557561562892e-17 0.33677750487504859 -0.23426101797068494 0.91197735041473216 
1 20.599409332678064 39.969785639333331 24.293978089859131 0.87993183703761335 -0.34800276717149781 0.32344093156029485 0.36777106403865711 0.92991636422630719 -1.3877787807814457e-17 -0.30077301511851923 0.11895221555358412 0.94624836263605161 
1 21.456401826000079 21.489955260804173 26.556972700601708 0.67160104700534184 0.65235850824142916 0.35125547737557888 -0.69675604482283104 0.71730817226826937 0 -0.25195842447549494 -0.24473937713856375 0.93627965352967824 
1 21.09949451284497 20.343904437978907 32.299509770283656 0.70620609545213342 0.70800600548558956 0.00066853765150962433 0.70800616370466207 -0.70620625326897757 -5.4210108624275246e-20 0.0004721254700418532 0.00047332877793745352 -0.99999977652867933 
1 21.56853035832388 22.542446408056698 24.535092878164473 0.67532075168269978 0.61674096194509276 0.40444093290090583 -0.67435508090230778 0.7384072215662858 0 -0.29864210555103454 -0.27273679802659523 0.91456412120432817 
1 21.498637104150909 24.982801145398824 41.58473947376541 0.64666029306838291 0.42340591170520492 -0.63447450642385739 0.7003493038339591 -2.775557561562892e-17 0.71380028902998416 0.30222726215217921 -0.90594008297076933 -0.29653203550192303 
1 21.255419402078189 25.215344155074209 22.37754547775458 0.68004819569797204 0.34829719261192904 0.64515387090722909 -0.68824917000910057 0 0.72547438271918629 0.25268069081296468 -0.93738416117334133 0.23971525373165994 
1 21.708699107795457 27.370561490181963 20.913731278790156 0.66908740915355402 0.30163408955175158 0.67921934228382419 0.7124002642746714 0 -0.70177337044189592 -0.21167877166490531 0.95342376518539007 -0.21488420511091766 
1 20.611828149390185 31.787208303267793 20.818098759663091 0.70919169966569406 -0.011340191814861345 0.70492448756933257 -0.70496981856862051 8.6736173798840374e-19 0.70923730507308091 -0.0080428870817840711 -0.99993569795742476 -0.0079944929662561573 
1 21.281993583761711 31.769448353318584 43.844642320274261 0.71439230690559341 -0.0021834216332327879 -0.69974199852808328 0.69974366648456798 0 0.71439400978363043 -0.0015598233356134941 -0.99999761633214479 0.0015278354591200343 
1 21.609665901381444 32.664066450930704 19.824609060853238 0.71265347705609083 -0.0085355949618279164 0.70146430077268473 -0.70148985524434904 0 0.71267943915147591 -0.0060831430302196827 -0.99996357114579315 -0.00598763327419706 
1 21.939017778669012 33.086633129255809 44.453434513364314 0.66264644296837105 -0.049990559278835139 -0.7472620929796685 -0.74819757162028766 0 -0.66347599340255314 0.033167535978274362 0.99874969035438976 -0.037402815056364488 
1 21.185966154348247 36.903165487991011 21.498277354880901 0.66775495606469304 -0.36564298286613378 0.64838917922170491 -0.69662698813109369 -2.7755575615628907e-17 0.7174335087012601 -0.26232452812964507 -0.93075518214015673 -0.2547167698853039 
1 22.075809944019248 38.629133144341239 21.550877994594419 0.66920400384263234 -0.36208783341259676 0.64889013102031512 -0.69612650449236479 5.5511151231257815e-17 0.71791913872193269 -0.25994978550526215 -0.93214398077473615 -0.25205893779272459 
1 21.765572924971941 39.479090553919576 22.366024344142236 0.66999628601209649 -0.38345298566057234 0.63566405004372395 -0.68827556029924941 2.7755575615628914e-17 0.72544934564361863 -0.2781757175325541 -0.92356039747706431 -0.26392131855395046 
1 21.386767492504163 41.507669658178152 38.933655472458241 0.6528916585457073 -0.63167620647085798 -0.41799240708417362 0.69533363946328341 0.71868708756366617 -2.7755575615628914e-17 0.30040574567105111 -0.29064418168585676 0.90845052018256811 
1 21.03531578495468 42.493670013169201 27.403763972511484 0.65867524336826777 -0.68958880257922572 0.30102193795652665 -0.72312956570525633 -0.69071240846167492 -2.7755575615628914e-17 0.20791958776575342 -0.21767786326225771 -0.95361721506529928 
1 21.430158145195467 43.36518722241437 28.449876939057781 0.67322030678756473 -0.6607961789872504 0.33184759809995179 0.70049088767369727 0.71366134565780981 0 -0.2368268034133236 0.23245621856541951 0.94333301205634312 
1 21.325134073296134 42.629428712251929 37.000052755413677 0.66483449418049412 -0.64837809131013557 -0.37094601501673036 0.69819091905116504 0.71591161504370759 0 0.26556456070465478 -0.25899113914289817 0.92865443192998742 
1 20.779020524606416 43.325902024301591 31.713937840819593 0.70577184922223524 -0.7084265449267082 -0.0042340628990530328 -0.70843289509566243 -0.70577817559512157 -4.3368086899420168e-19 -0.0029883091882486404 0.0029995494375932739 -0.99999103631550967 
1 21.75200921607092 44.291288261318329 32.391415166617897 0.70586436282168064 -0.70833448942039534 -0.0042133592169186929 -0.70834077682124752 -0.70587062829690816 0 -0.0029740865176869657 0.0029844941407391494 -0.99999112376266075 
1 22.875465280981235 20.193277131975435 26.682666170789474 0.56920588541357475 0.76559131640144573 0.29979092091197507 0.8025024750635249 -0.59664878908526808 0 0.17886988994088726 0.24058295603343338 -0.95400492857151942 
1 23.403989543680883 19.289218517456536 28.032126004695868 0.56346810971616745 0.77399913927369313 0.28884082422066204 0.8084579327503425 -0.58855396606687027 0 0.16999841265709437 0.23351565564334148 -0.95737713481340714 
1 22.627681584595173 19.203532654616275 30.663815398528893 0.58050350746087931 0.80769469301880492 0.10317441880076371 0.81202826100039183 -0.58361811429793664 -1.3877787807814457e-17 0.060214459744287283 0.083780543878510305 -0.99466327935896204 
1 22.126751773113753 20.070066083320011 35.598576214765615 0.59348637414747296 0.75263376254753867 -0.28516020615580484 0.78523690261499246 -0.61919545118775943 0 -0.17656990251143806 -0.22391831703083689 -0.95847986772032889 
1 22.630672632439229 21.584031229976343 39.598483736848202 0.61473850395650964 0.67379295058789124 -0.40999955059899279 0.73873862140548041 -0.67399202461448338 5.5511151231257815e-17 -0.27633642719924334 -0.30288250278636647 -0.91208572432015611 
1 23.098541520150398 22.441689249503501 41.128721815408376 0.57180627695385622 0.55134174234446198 -0.60750297512419049 -0.72817679872062135 -2.7755575615628914e-17 -0.68538934176494726 -0.37788375387300993 0.834279499417655 0.40147426494143995 
1 22.577221799823818 34.340156885732775 19.330805059256477 0.56480964721597116 -0.2950383759718338 0.77067659826653168 0.8065812363785736 0 -0.59112326051510755 0.17440404678155255 0.95548540371054491 0.23797241807048813 
1 22.797815629540072 36.869556632851541 20.065785305225724 0.53507166927774474 -0.2148261224277514 0.81703613497750782 0.83656806577279441 0 -0.54786300416177547 0.11769528480569325 0.97665231127697472 0.17971667371685351 
1 23.35901039039241 36.017056997855427 19.374130413578179 0.56724413206697466 -0.28055132492440799 0.77429002881268205 0.80668738046065269 0 -0.5909784007944201 0.16579977334458237 0.95983902508866537 0.22631721338803609 
1 22.281523681422627 35.634873672855782 44.083413650074206 0.57741711522888661 -0.2836293336774785 -0.76560033706785957 -0.79838689985760947 0 -0.60214479831329226 0.17078592792295877 0.95893399203369023 -0.22644594442344154 
1 22.542445424430223 39.464901201570761 42.431473102152189 0.61674120705407331 -0.40444062586937995 -0.67532071171249375 -0.7384070682382422 -2.7755575615628914e-17 -0.67435524879384179 0.27273665888048276 0.91456425698054933 -0.29864181682464858 
1 23.059699026298567 41.092389929031697 41.555431165780369 0.57446441552517491 -0.60837434703617066 -0.54760504851912417 -0.72707958282007112 -0.68655318821355094 2.7755575615628907e-17 -0.37595999194264085 0.39815245022744949 -0.83673694243553487 
1 22.252264853153569 41.768654997498558 24.151240807814116 0.60987997249781101 -0.64546535090100976 0.45980528480249755 -0.72685921817700372 -0.68678648570797829 -2.7755575615628907e-17 0.31578805565946333 -0.33421370982519782 -0.88801976333170318 
1 22.694032923773573 42.785852965966328 25.038837275505713 0.60506829455247801 -0.66465371922906946 0.43832384425481713 -0.73947603754467373 -0.67318287997930282 2.7755575615628907e-17 0.29507210783905718 -0.32412997951090089 -0.89881711574584466 
1 23.200522891344242 45.269513032738217 30.653319283052014 0.52135127289828387 -0.84928773614154174 0.083085446902054522 -0.85223439891631447 -0.52316013734204603 0 0.043466993812404119 -0.070808275899265805 -0.99654242685050098 
1 23.601820238659457 19.260403016036459 36.384625005037108 0.54558553818454825 0.78798394933437665 -0.28533789814056482 0.8221637770976038 -0.56925101987488946 -2.7755575615628914e-17 -0.16242888952547388 -0.23459448408433808 -0.95842698411758254 
1 24.275175215256191 18.599736760810817 35.791094744024306 0.52536885686393953 0.80535041092102433 -0.27458747215926443 0.83754381545046286 -0.54637016499867641 0 -0.15002640247022681 -0.2299790391071681 -0.96156212494730953 
1 24.855489052170363 19.903981274728721 24.341519731824015 0.41024035658039137 0.74866657006539994 0.52076983082673201 -2.7755575615628914e-17 -0.57103367733936727 0.82092663456869241 0.91197743932226383 -0.33677723529180104 -0.23426105941111416 
1 22.444569975819881 23.059699995642692 22.907607171543042 0.54760580626989208 0.57446413008019803 0.60837393450960964 0 0.72707952072346616 -0.68655325397563649 -0.8367364465227396 0.37596054819054642 0.39815296716810039 
1 23.937350695891812 22.730894732611659 21.99887626944329 0.48561021472508237 0.5936652348213648 0.64167305406971342 -2.7755575615628907e-17 0.7340323424111278 -0.67911451191565109 -0.87417545112789552 0.32978494395427882 0.35645360341342297 
1 22.753666528131617 23.946551069181684 42.03640958736279 0.5919565609895534 0.48503326695472659 -0.64368482959337014 -0.73606403019336375 2.7755575615628914e-17 -0.67691191705827047 -0.32832479857135988 0.87449570035948432 0.35701554125254981 
1 23.318508151346141 27.067147819916784 19.657020716990381 0.55903179746988974 0.31918269008733946 0.76524888746485187 0.80748588638293328 0 -0.58988689025301166 -0.18828168447821145 0.94769320476017427 -0.25773551742326439 
1 22.969562212999978 28.086528509984731 44.460677869537399 0.53689071911162389 0.28624728877985844 -0.79360622817489512 -0.82826430593568534 0 -0.56033761208121446 -0.16039512225962768 0.95815577526109008 0.23708841196722114 
1 22.795779360415722 29.662266908858989 44.882727501049096 0.54363192974710095 0.24500442532284825 -0.80276843269504816 -0.82800438312660407 -2.7755575615628914e-17 -0.5607216256959705 -0.13737927966973448 0.9695219603352061 0.202864738052733 
1 23.660173164612942 36.54402750134323 44.753788281293595 0.55230141073576844 -0.28628369405413928 -0.78294622945512404 -0.81714804376881345 2.7755575615628926e-17 -0.57642785720747503 0.16502189631706793 0.95814489849850792 -0.23393616055924943 
1 24.325744858220357 36.0087260337394 45.399962189974339 0.53116886958170662 -0.27524387877174061 -0.80131169914458356 -0.83350635163882403 -1.3877787807814454e-17 -0.55250987482373304 0.15207496100617313 0.9613744365223611 -0.22941752120595224 
1 24.379604733071758 39.567485414534801 20.332347418750466 0.35061643725346497 -0.32386455021602722 0.87873765541318283 0.9287965793220071 0 -0.37058995431573494 0.12002094886904355 0.94610345793331196 0.30080428640430645 
1 22.970840802967796 41.150942107631195 22.625474975259184 0.57399746225789328 -0.58734186612455663 0.57057553892435831 -0.71518460038399312 -0.69893561032014107 0 0.39879556253183979 -0.40806683879449873 -0.82124512441851261 
1 22.730893697559754 42.001120742991432 40.062649960374856 0.59366519715008881 -0.64167283298409983 -0.48561055291550842 -0.7340322472527594 -0.67911461476915957 2.7755575615628914e-17 -0.32978522357105411 0.35645380544622568 -0.87417526326080308 
1 23.35047723264023 44.476626689355733 27.241978596295144 0.5285632362063557 -0.7996219667165515 0.28500108013026648 -0.83421938423090314 -0.5514326966851103 0 0.15715891417440206 -0.23775342557141319 -0.95852719540166498 
1 23.084655745960031 44.550484384492258 35.93157578304713 0.52724265355334021 -0.79706016445901495 -0.29446609058871381 -0.83403988453297284 -0.55170415170472076 0 -0.16245816471405178 0.24559646419348674 -0.95566192845242048 
1 23.992801342722309 45.14887548340036 27.959874474582755 0.52397829125028172 -0.80431669491588698 0.28021671002639903 -0.83788508066049594 -0.54584667408215859 0 0.1529553591901546 -0.23478940068288817 -0.95993676636640035 
1 22.953084004926815 45.007690475898883 34.349246902988412 0.53679018790500144 -0.81083733434240779 -0.23323617087710011 -0.83383438718955383 -0.55201468706930346 -1.3877787807814454e-17 -0.12874979187996499 0.19448033961374483 -0.97242011939006501 
1 24.185968671335303 18.149796428384473 32.272829010617379 0.424458524523458 0.90544192156732817 -0.0031444598635328135 0.9054463979368963 -0.42446062298298021 0 -0.001334699392620115 -0.0028471398568929306 -0.99999505617386264 
1 24.575225792377555 24.410485076695519 20.113288946662852 0.45841806562028098 0.51570436574827871 0.72381066879476519 -2.7755575615628914e-17 0.81442646548545783 -0.5802667768508416 -0.88873667478784724 0.26600477338767803 0.37334780489780611 
1 24.490539504741342 26.888200282445506 45.038975811869534 0.52315082367630128 0.29791774311048907 -0.79847243786292343 -0.83645454624260274 -2.775557561562892e-17 -0.54803630543065462 -0.16326973925651131 0.95459154529042034 0.24919465063110441 
1 24.213941272520923 28.230061968792047 18.618448616223528 0.49111862665445011 0.27130035933853897 0.82776724359920562 0.86002261980743921 0 -0.51025590973505541 -0.13843261166573365 0.96249473506236893 -0.23332444579302994 
1 23.501649467150212 31.303028898861285 45.508886771925191 0.39256042416549386 -0.028146260672718963 -0.91929543748957598 -0.91965979242253326 0 -0.39271601215298468 0.011053487248408576 0.99960381552400224 -0.025884984247743232 
1 23.421893331404736 30.913171431675128 18.545550750918117 0.45389633583699845 0.014369868702578297 0.89093861920292661 0.89103061980180276 8.6736173798840355e-19 -0.45394320633270335 -0.0065231042734283573 0.99989674810625861 -0.012803993016528866 
1 24.297617299805903 32.215365535745427 18.101624995366706 0.43952691622892381 0.00095702574681728425 0.89822890958375001 0.89822932092718932 0 -0.43952711751003543 -0.00042063876788148993 0.99999954205075525 -0.00085962858667352549 
1 25.10286054632757 34.025760824841981 46.287507399775912 0.45011694038722494 -0.056063377399800357 -0.89120796545529768 -0.89261185464550308 3.4694469519536134e-18 -0.45082599408897805 0.025274827848250546 0.99842721202625873 -0.050042835278526578 
1 24.801192174456709 39.136112763421345 19.800275028147002 0.5456189895943202 -0.55188579545999883 0.63065203318752394 2.7755575615628907e-17 0.75253809778976644 0.65854871602255827 -0.83803336341345813 -0.35931668503486497 0.41059907654728395 
1 24.490369935139327 45.038862808865431 37.111817634386561 0.52314707752647827 -0.79847465103701798 -0.29791838970902296 -0.83645704151753031 -0.54803249693402356 0 -0.16326895899479937 0.24919593486967598 -0.95459134349373964 
1 24.322517731752551 45.922242521625378 32.140236733580267 0.41092413030021074 -0.91165964950204781 -0.0042476589810007273 -0.9116678739716455 -0.41092783742163314 0 -0.0017454813191672062 0.0038724542325654985 -0.99999097865589825 
1 25.066345491993559 21.386768101158946 22.492328256814432 0.41799193652152278 0.65289178811920678 0.63167638392573466 -2.7755575615628914e-17 -0.69533366908074212 0.71868705890861373 0.90845073669571508 -0.30040539550616918 -0.29064386686767507 
1 24.410611513052228 24.575218576311137 43.886798741741295 0.51570794707479894 0.45841223710926354 -0.72381180854720562 -0.81442499293204285 2.775557561562892e-17 -0.58026884362995235 -0.26600233873321188 0.8887396811600573 0.37334238296767391 
1 25.034752501182894 32.162027570724071 46.263294432316336 0.45393258631625533 0.00829067337863045 -0.8909974589274452 -0.89102808197937555 4.3368086899420177e-19 -0.45394818770885675 -0.0037635361551153568 0.99996563177687725 0.0073872227988785594 
1 26.54334792839488 37.352045751929893 18.075756288170389 0.29203724841959039 -0.28215380174330551 0.91383996284760605 0.95254254317857046 0 -0.30440549179491089 0.08588916678147468 0.95936918449666675 0.26876349988007037 
1 25.080267247499123 39.351808930122303 44.258445834309804 0.54002154575645234 -0.59716364019470047 -0.59310396807661492 0 0.70469093758041701 -0.70951439907307934 0.8416511926676109 0.38315306252390469 0.38054828939274044 
1 24.70211659650866 39.849907687416419 43.706473617425999 0.35985170398499183 -0.37161659020165144 -0.85580830857499601 -1.387778780781446e-17 -0.91725571578167597 0.39829882232545621 -0.93300951288778289 -0.14332850990903093 -0.33007603231400945 
1 24.774741654914124 41.46047006776687 21.456381200613158 0.41003950472185535 -0.61279874494345521 0.67553334689205513 0 0.74066135674286715 0.67187852669051373 -0.91206776314452409 -0.2754967383174281 0.30370041588546265 
1 24.292783861985104 44.072916558716713 24.912157936140847 0.54894529429674177 -0.71989360961949633 0.42474963766726864 -0.79518941494113637 -0.60636110888279549 0 0.25755166129349055 -0.33775641587309496 -0.90531085561895486 
1 24.4104851454791 43.886710388192249 39.424774286011029 0.51570432623050078 -0.72381044999200816 -0.4584184555507248 -0.81442640360267748 -0.58026686370566505 -2.775557561562892e-17 -0.26600503946721388 0.37334809409927067 -0.8887364736582426 
1 24.26698425003077 19.991123113555837 39.25564823040542 0.54011218447523934 0.73663560978577713 -0.40699730536813311 0.80645055113547315 -0.59130153777348804 2.7755575615628914e-17 -0.24065813253384297 -0.32822320122478343 -0.91342935874816211 
1 26.888183196606107 24.490369990715124 18.961137110331148 0.29791825875631356 0.52314707691747919 0.79847470029569723 2.7755575615628907e-17 0.83645705730805742 -0.54803247283308409 -0.95459138436275781 0.16326888004834916 0.24919583003764642 
1 26.66301178843122 26.664192654629989 45.945833039283215 0.30141391913456417 0.29542120833521707 -0.90657374714785488 -0.94892710900662169 0 -0.31549539107938684 -0.093204029656864321 0.95536710727644392 0.28033319316478045 
1 26.5387363103263 31.075790277917953 47.029800119323696 0.46884791330432318 -0.0026412685101689557 -0.88327496165737607 -0.88327804266876386 2.1684043449710089e-19 -0.46884954872457474 0.001238357549053145 0.9999965118442451 -0.0023329744798246772 
1 26.448117352978826 37.565312982796449 45.825415294636727 0.279368178717604 -0.29341632143670254 -0.91425394887556399 0 -0.95216530986746561 0.30558341362873931 -0.96018405564767051 -0.085370281711769164 -0.26600468845575698 
1 25.215344121507435 41.622453851942865 42.744581155316553 0.34829671327327533 -0.64515450612998959 -0.68004783856961348 0 -0.72547386389412594 0.68824971689534853 -0.93738433927767006 -0.23971511430591214 -0.25268016235998753 
1 25.729596313460096 46.611451301953423 32.268737602363508 0.4668962377120956 -0.88430816977845206 -0.0026389530831239152 -0.88431124898802516 -0.46689786347041601 2.1684043449710089e-19 -0.0012321215563092232 0.0023336558969581089 -0.9999965179572502 
1 26.662972621407604 45.945830130369856 37.33578086707265 0.30141467987394527 -0.90657343558314385 -0.29542138827691977 -0.94892683815320189 -0.31549620573402615 1.3877787807814454e-17 -0.093204327094046718 0.28033328390044687 -0.95536705163436397 
1 26.794826755486753 47.079964663369694 31.016709176806025 0.37027881272807428 -0.9270451314040844 0.058999365968388055 -0.92866284335463711 -0.37092495652420154 0 0.021884337256779796 -0.054790518956324065 -0.99825802016078413 
1 27.802115790198361 16.895364681666678 35.136288148417414 0.31184297400329014 0.90124841117853516 -0.30084092293594206 0.94502743461397642 -0.3269910516006922 -1.3877787807814457e-17 -0.098372289755346509 -0.28430292562905429 -0.95367433596959639 
1 27.336846455147878 17.026268337097868 29.026719820572428 0.31979269251341491 0.88496754006369049 0.33847464727604171 0 -0.35723387787326616 0.9340149658863226 0.947487537551297 -0.29869116078861246 -0.11424078366210022 
1 27.045905687546551 18.782733849140499 24.616506431857061 0.29149544886246248 0.80971846144193504 0.50929992783484379 -2.7755575615628914e-17 -0.5324218283060691 0.84647917679244933 0.9565722154089944 -0.24674482759184277 -0.15519853982625051 
1 26.628821773615616 18.07976658864844 37.425232876060356 0.2941639734621781 0.90858085717817694 -0.2965609257577812 0 0.31028970398730743 0.95064204598758895 0.95575496688060324 -0.27964464158792379 0.091276052249309403 
1 26.540768294476855 20.01166261483537 40.881246118605688 0.32429856948001778 0.76173725955076277 -0.56088036625051152 -2.7755575615628914e-17 0.59292513829130888 0.80525758635497025 0.94595477578646125 -0.26114388331784871 0.19228477415661321 
1 26.337676005793252 21.186347652839888 42.170354753128848 0.34791944901558591 0.67599499518758877 -0.64960205008760796 2.7755575615628907e-17 0.69289079755737937 0.72104253873145285 0.93752443007992659 -0.25086472279224636 0.24107018451413328 
1 28.068425367921311 23.08465570894009 19.449515690827546 0.29446593774948326 0.52724268029653931 0.79706020323375737 0 0.83403988400606588 -0.55170415250127347 -0.95566197554643639 0.16245808062657141 0.24559633656431643 
1 27.244122388835457 23.418952670951406 44.430429016533857 0.30016194449192168 0.56693528631974577 -0.76712918612472081 -2.7755575615628914e-17 -0.80421284190848041 -0.59434140433717519 -0.95388825712387748 0.17839867161790599 -0.24139409041262386 
1 26.664219318024134 26.662972520842992 18.05416984525591 0.29542126418968401 0.3014148275694869 0.90657342691357623 0 0.94892679096666177 -0.31549634765827883 -0.95536709000497244 0.093204329872436792 0.28033315221083127 
1 27.89544803867966 28.903008406896383 16.852204599821878 0.313300438302059 0.30208539106676335 0.9003261919236708 0.94445007820500126 0 -0.32865490986529777 -0.09928184697267034 0.95328086968324344 -0.28530457121759306 
1 27.409278758800333 27.987967417359584 46.656539396792887 0.32138600246933036 0.31876044229012757 -0.89168538052823654 -0.940759822267902 0 -0.33907367459958543 -0.10808327448430262 0.94783531292677747 0.29987701703489816 
1 27.459889135206382 36.288790162487508 17.399190233055059 0.33095483644491863 -0.32283973195798837 0.88670367299510577 0.93686962382015648 1.3877787807814454e-17 -0.34967886404968546 0.1128902307411743 0.94645364781868446 0.30245873823368075 
1 27.73937976126297 35.184509448149228 47.05806765112591 0.30216107702768025 -0.29257951617169115 -0.90724633382902775 -0.94876307017148154 1.3877787807814454e-17 -0.3159883489605026 0.092451718254755372 0.95624119693555309 -0.27758864003234035 
1 26.990474827046611 39.620808030443818 45.089989584328166 0.28138933296169061 -0.52918434021017302 -0.80048983589530909 0 -0.83419664708381802 0.55146709239456526 -0.95959368656498312 -0.15517695727922973 -0.23473403808179438 
1 27.908435982119894 40.177538163536362 18.969981218550362 0.28161436891621561 -0.52085469168339749 0.80585590360269421 0 0.83984644715730195 0.54282404625924341 -0.95952766881415241 -0.15286705121984345 0.2365128272027294 
1 27.130953941357198 40.781132870033161 19.638755023609065 0.29449919646398437 -0.52990153647154437 0.79528270754943764 0 0.83218884568093143 0.55449231295324464 -0.95565172698115686 -0.16329754061018667 0.24507894635932495 
1 27.370561549247835 43.086267462467355 42.291300157375673 0.30163394727703435 -0.67921971357156652 -0.66908709638270158 0 0.70177300926083708 -0.71240062006780247 0.95342381019674316 0.21488421107365804 0.21167856287582901 
1 26.734693572707179 43.61650647590443 22.61081963022454 0.28953767407509373 -0.76321090723602092 0.57764785671475904 0 -0.60349770420131355 -0.7973647352521579 0.95716661835397554 0.23086713083441268 -0.17473532158410723 
1 27.067147603892774 44.342977893883955 40.681491069982641 0.31918246021206131 -0.76524864440974483 -0.55903226143222173 2.775557561562892e-17 0.58988733163229934 -0.80748556394509363 0.94769328218204429 0.2577352288857187 0.18828168975832538 
1 26.445016481922192 45.891032906809556 26.597348784293139 0.29466928252982733 -0.90954470152748046 0.29308437327268655 -0.9513204344820485 -0.3082035543871719 0 0.090329645577978637 -0.27881715332167106 -0.95608658088237841 
1 27.832261263486902 46.607238637503492 27.371240756622228 0.305871777697588 -0.90266461638921291 0.30271941782289502 -0.94710295136145684 -0.32092989814353257 0 0.097151711927971146 -0.2867064540544858 -0.95307972073324876 
1 27.815583631753167 47.055955811993407 28.729538256321916 0.30540125268839435 -0.90352141071076231 0.30063122799136077 -0.94734516228042864 -0.3202142150246744 -1.387778780781446e-17 0.096266392683157523 -0.28480153946804021 -0.95374045985079536 
1 27.409241725418084 46.656538650278819 36.012001685912381 0.32138599983527016 -0.8916856560706391 -0.318759674155558 -0.94075985657722816 -0.33907357940835375 -1.387778780781446e-17 -0.10808298368696555 0.29987630534118676 -0.94783557125286377 
1 27.915263474266226 17.367282699331859 36.61210654274916 0.31593805481235682 0.89388583253694576 -0.31804286489578049 0 0.33521251024140075 0.94214254387415219 0.9487798193055037 -0.29765868266756518 0.10590638843443539 
1 28.502854780586521 18.964014215113295 23.55488364730456 0.27261404026081576 0.80082282578614705 0.53325827396540659 1.387778780781446e-17 -0.55425138944891417 0.83234932407850748 0.96212347703019607 -0.22691011214540097 -0.15109671059783933 
1 27.910382254699435 19.025539242238509 40.220744288068808 0.27950276110143785 0.80155655097436307 -0.52856910818430913 0 0.5505097351691024 0.83482874380560512 0.96014488830419364 -0.2333369389405115 0.15386899099298545 
1 28.498118849218436 19.995192065478605 22.123532896656524 0.27316834524587752 0.76327995535149307 0.58547652806432138 -2.7755575615628907e-17 -0.60862481561995174 0.79345814874609466 0.96196624429115452 -0.21674764951482806 -0.1662570337584795 
1 26.999948002554639 21.325134088140555 21.370571199363223 0.37094582798415143 0.66483453772465972 0.64837815366465767 0 -0.69819093002756405 0.71591160433900303 0.92865450663912275 -0.26556442283499371 -0.25899101263009949 
1 27.968772864734824 21.946434637677264 43.589747747474348 0.29513536079615538 0.59231788147163522 -0.7497030386070721 0 -0.78465514832530969 -0.61993249487874602 -0.95545545098017171 0.18296400054529946 -0.23157948030155109 
1 28.336144602668433 24.319991062516412 45.453136321691289 0.26794986219107531 0.50783233887900014 -0.81872412138672701 0 -0.84979883633682285 -0.52710714068449305 -0.96343285772895659 0.14123828570634164 -0.22770348108658783 
1 27.987997270964062 27.409241803892073 17.343461433253648 0.31875977493074337 0.32138635971287366 0.89168549033648037 1.3877787807814454e-17 0.9407597153598064 -0.33907397121592237 -0.94783553736188941 0.10808314274966076 0.299876355132002 
1 28.903025735551552 27.895431406060478 47.147794648148661 0.30208644061755358 0.31330121920134579 -0.90032556802634889 0 -0.94444975324314318 -0.32865584370122791 -0.95328053709021943 0.099282474011862923 -0.28530546429934783 
1 28.591740586803407 30.42822862582258 47.534715772123882 0.03387297086449087 0.0029067329927031744 -0.99942191928540502 -0.99942614141837549 0 -0.033873113963400689 -9.8460097923011363e-05 0.99999577544273133 0.0029050649390308207 
1 27.848350336128338 36.780386539347354 46.549930223514345 0.30652588473687542 -0.31797630533675325 -0.89718055664992191 0 -0.94255286184959597 0.33405703497926309 -0.9518623230206541 -0.10239712819959595 -0.28891684988972133 
1 28.59827621261763 40.678438264086878 44.957757159803144 0.28249218733118492 -0.52825795853718227 -0.80071324039194669 0 -0.83471136893688269 0.55068768877424112 -0.95926959927688871 -0.15556496973819015 -0.23579944040118761 
1 26.669904021526378 42.418464455900214 21.270255682782626 0.3641727453934116 -0.64538072240912681 0.67146253406671852 0 0.72097055952728595 0.69296569344731085 -0.93133141872945813 -0.25235921904615638 0.26255782801087574 
1 29.053149233301298 42.644730738162657 43.458662084154398 0.27940019782565434 -0.6702226979436372 -0.68755877175419522 0 -0.71607671376033477 0.69802158993128549 -0.96017473902148931 -0.19502737031337888 -0.20007197548298195 
1 27.903650668248893 44.462689956715465 23.165351143412323 0.27820746029616605 -0.77107775001673473 0.57274751196726048 0 -0.59628837527335476 -0.80277031180398217 0.96052100915886129 0.22333668964814724 -0.16589187448892723 
1 28.230062091434196 45.381550767732939 39.78605750644072 0.2713000642477445 -0.82776712011343279 -0.49111899779817486 1.3877787807814454e-17 0.51025625124521845 -0.8600224171875851 0.96249481824016581 0.2333241370374923 0.13843255374564101 
1 28.765054737118678 47.534534401962389 33.258417148874457 0.030061282473807883 -0.99954699363237576 0.001458360898172834 -0.99954805656059531 -0.030061314441274807 0 4.3840245528833505e-05 -0.0014577018015326203 -0.99999893659117989 
1 28.903008163491901 47.147795519999576 36.104550538353777 0.30208590623827802 -0.90032596785805363 -0.31330058546491302 0 0.3286551205238617 -0.94445000489885433 0.95328070643027196 0.28530503562661652 0.09928207992330125 
1 28.916581320592208 16.453818634722023 31.981248457000632 -0.0067610454493692261 0.99972932487665578 0.022261294798324879 0 -0.022261803616979797 0.99975217534132887 0.99997714387101444 0.0067593698955884744 0.0001505130660393326 
1 29.650754385157782 22.95308404615027 18.992309521231761 0.23323641002730283 0.5367901550910279 0.81083728727465798 1.3877787807814454e-17 0.83383438797255971 -0.55201468588655012 -0.97242006202956133 0.12874992361852819 0.19448053920803304 
1 29.046805025657854 32.285066362822107 16.45280615036933 -0.00844934998521959 -0.016752010772534499 0.99982397381734367 0 0.99985966520260006 0.016752608780269823 -0.99996430360529731 0.00014154865474996239 -0.0084481642474012516 
1 29.615155642648528 30.852003000245002 47.5443161369367 0.0011870177200865837 -0.013941834170885885 -0.99990210333256313 -3.3881317890172014e-21 -0.99990280776987273 0.013941843992995591 -0.99999929549421795 -1.6549215870368456e-05 -0.001186902351187168 
1 29.829935291291367 32.522688252058352 47.552398916919955 0.047116531504813042 0.0665516815866707 -0.99666990831314983 0 -0.99777804109174684 -0.066625676095004707 -0.9988893995127569 0.0031391707667597583 -0.047011840507909929 
1 29.926894534987177 34.090349408076953 47.54942201328064 0.023688380715662531 -0.023944609657769237 -0.9994325971707182 1.0842021724855042e-19 -0.99971312573238691 0.023951330618168194 -0.99971939093881246 -0.00056736823832987304 -0.023681585128793786 
1 29.931283949766293 39.104422235449746 46.161462536924901 0.077515673408908581 -0.44955441005565527 -0.88988322423533484 -3.4694469519536142e-18 -0.89256884468703346 0.45091114146143518 -0.99699113354932267 -0.034952680777962784 -0.069188075059726933 
1 29.533248245449272 44.559791694825734 22.497243716742297 0.28587064104780668 -0.76882754723005908 0.57199840839562432 0 -0.59690846255338359 -0.80230934640708007 0.95826821745632174 0.22935668717603877 -0.17063860483699647 
1 30.118729491635577 46.187174472224228 24.908544062361862 0.065559126084754005 -0.89057088282650332 0.45009499402751191 0 -0.451065377099438 -0.89249091064399177 0.9978486864184386 0.05851092414040638 -0.029571451929729167 
1 30.199991185463396 47.553236891293636 29.737825785130507 0.022238191927164506 -0.99945299530668352 0.024478010382977783 0 -0.024484065271961872 -0.99970022033995698 0.99975270083146606 0.022231525369548609 -0.00054448134267511136 
1 30.105033879642374 47.553515201146368 31.201242397487732 0.062478558889844528 -0.99616203755441013 -0.061299466673816291 -0.9980389302035394 -0.06259627623249335 -4.3368086899420177e-19 -0.0038371183488187244 0.06117925414118313 -0.99811941940105831 
1 29.830166710754806 47.545794722376826 32.917319772216985 -0.0014887152408363533 -0.9999127847011553 0.013122755736237977 0 -0.013122770278067209 -0.99991389274288478 0.99999889186285185 -0.0014885870516503387 1.9536068114952959e-05 
1 31.032222359537293 16.934415937257196 26.76029907496174 0.059190940058392684 0.92657589597276335 0.37142097627527004 0 -0.37207334018661647 0.92820333414741329 0.99824667924065946 -0.054941227913519776 -0.022023370776311967 
1 29.72433849180269 16.478487677965205 30.318650170674616 0.0049510129717783811 0.99996858491724816 0.0061900443576386683 0 -0.0061901202258557598 0.99998084102226159 0.99998774366016774 -0.0049509181154310722 -3.0647365535079588e-05 
1 30.721251304777631 18.942719946362423 41.038948930405788 0.082352318340295341 0.83509679948141891 -0.54390388044200388 -6.9388939039072284e-18 0.5457576669839328 0.83794305828514082 0.9966032789751289 -0.069006553486938557 0.044944409128117729 
1 31.859763061586147 24.322516931447634 18.077757508164684 0.0042477979340271388 0.41092421351020098 0.91165961134830054 -2.1684043449710089e-19 0.91166783635566173 -0.4109279208749223 -0.99999097806565818 0.0017455387733265623 0.0038725807517905717 
1 30.489815676665515 36.709363200383521 16.88684967082213 0.10261668922003589 -0.29821075540031339 0.94896794490493364 -3.4694469519536142e-18 0.95400415814999406 0.29979337256270555 -0.99472097348629318 -0.030763803342493592 0.097896748211499907 
1 31.788114130430721 39.065325514049846 46.206614874321602 -0.0059845221184607368 -0.45186716889820971 -0.89206515858816648 0 -0.89208113345330198 0.45187526081505319 -0.99998209258716908 0.0027042574931328998 0.0053386792746128089 
1 30.663756348314205 40.989075366808855 18.883825727973026 0.086636959504821948 -0.53491954305179112 0.84044935582640723 0 0.84362141483559983 0.53693845869967349 -0.99623994963450446 -0.046518715502945125 0.07308879435451246 
1 31.980121759899873 46.243876017152722 24.987976251092633 -0.012831119705732322 -0.89544548492041154 0.44498623113838726 0 -0.44502286640199112 -0.89551920603600443 0.99991767779507601 -0.011490514131430339 0.0057101416705920708 
1 30.903100912604781 16.485234360056303 30.204562817313906 -0.023845791129942159 0.9996057993620735 0.01481972088459582 0.99971558622185008 0.023848410116875527 0 -0.0003534267814734665 0.014815505951787905 -0.99989018190644452 
1 31.849098304436737 16.450217072382397 31.609888811850073 0.1072827260062922 0.99145199920509131 0.07425193581911857 0.99419646375511928 -0.10757969816287739 0 0.0079880008434301195 0.073821012018339752 -0.99723951487449269 
1 30.851995665768882 16.455684353704807 34.384855107601354 -0.013942127519524991 0.99990210001146385 -0.0011863696278531935 0.99990280367975781 0.013942137331118633 0 1.654052827699733e-05 -0.0011862543170909191 -0.99999929626330541 
1 30.428219752534684 16.46528591634652 35.408285570720743 0.0029082356241841795 0.99942179724019387 -0.033876442651718089 1.3552527156068808e-20 0.033876585913298639 0.99942602373905542 0.99999577107383519 -0.0029065663659746644 9.8521093978791032e-05 
1 31.10504145043215 16.945271732959377 37.429125414383762 -0.0025538937426845985 0.88669585702174558 -0.46234612009534937 0 0.46234762789970785 0.88669874871655996 0.99999673880805795 0.0022645343859934862 -0.0011807867138381313 
1 31.608584730819519 21.752009252697825 19.708711702359686 0.0042133621003962477 0.70586436379628692 0.70833448843203595 0 0.70834077584148514 -0.70587062928009892 -0.99999112375051158 0.002974088557191619 0.0029844961790957878 
1 31.752413094817619 24.243771643476492 45.884345920400882 0.00020335037307314042 0.42933374806868552 -0.90314588601062684 0 -0.90314590468378919 -0.42933375694545606 -0.99999997932431273 8.73051796477515e-05 -0.00018365505665692748 
1 31.731261868557887 25.729595748310857 17.388548601517154 0.0026391138103890482 0.46689618134502581 0.88430819905942781 -2.1684043449710089e-19 0.88431127864419901 -0.46689780730119285 -0.99999651753308416 0.0012321964512889425 0.0023337981081527036 
1 30.741583510095921 28.76505451971985 16.465465605252799 -0.001458360532460167 0.030061284623422568 0.99954699356825993 6.7762635780344027e-21 0.99954805649594614 -0.030061316590875738 -0.99999893659171324 -4.3840237669923185e-05 -0.0014577014358909532 
1 31.082680920090521 29.830166499986674 16.454205802954583 -0.013123063524607941 -0.0014895377998272569 0.99991277943672274 0.99991388870323794 -3.3881317890172006e-21 0.013123078082852664 -1.954732085449365e-05 0.99999889063795622 0.0014894095337957378 
1 32.018765223940697 28.916589355759406 47.546181956603746 -0.022261656271457105 -0.0067607018853495585 -0.99972931915097352 -0.99975216729319238 0 0.022262165046661325 -0.00015050786120292625 0.99997714619386058 -0.0067590263623013933 
1 32.854390591396118 37.319668385078913 47.085321433123568 -0.0045120063176826621 -0.45407949094049699 -0.89094975038225832 2.1684043449710089e-19 -0.89095881958778755 0.45408411313184749 -0.99998982084768717 0.0020488303872102246 0.0040200118227751843 
1 31.787208414439501 43.181901764587408 43.38817065297912 -0.011340127546443375 -0.70492513685258507 -0.70919105531626281 0 -0.70923666016524578 0.70497046737976743 -0.99993569868628573 0.0079944550165623619 0.0080428341868874018 
1 32.690471524655941 42.064066471310767 44.482954595782559 -0.012582666948676807 -0.7027310203998961 -0.71134435364328275 -8.6736173798840355e-19 -0.71140067159728215 0.70278665642635529 -0.99992083511268959 0.0088429304337869809 0.008951317717773603 
1 32.88022659572173 47.068108212997828 26.654779203465427 -0.0047309632236077785 -0.88945319144658186 0.45700179235148208 -2.1684043449710093e-19 -0.45700690674736916 -0.88946314549013306 0.99998880893086839 -0.0042080174300683131 0.0021620828687565524 
1 30.913171368937718 45.454449391515659 40.578105385632583 0.01437120617933209 -0.89093823254090876 -0.45389705245774942 0 0.45394393175417674 -0.89103025022922722 0.99989672888401393 0.012805179438066088 0.0065237218370959296 
1 32.018741963810918 47.546183347630645 35.083399317017019 -0.022260999293049977 -0.99972933196140101 0.0067609708242010501 -0.99975218192179671 0.022261508093718272 -2.7105054312137611e-20 -0.00015050940672434475 -0.006759295333404608 -0.99997714437556739 
1 33.257832278987685 16.465490604806373 28.765025381485071 0.0014702954806163422 0.99954724898175595 0.030052209306525742 0 -0.03005224178954264 0.99954832937853633 0.99999891911501571 -0.001469631391342877 -4.4185675285554123e-05 
1 32.92979868430114 16.465070367251904 29.607751880645235 0.023206884365152169 0.99931617425162167 -0.028785836745962353 -1.0842021724855042e-19 0.028793591320990412 0.99958537859396468 0.99973068399347564 -0.023197262294126993 0.00066820954424367379 
1 32.522689857238994 16.447602149508189 34.170062937384145 0.066551784526879432 0.99666991570251007 -0.047116229792285295 0.99777803427374911 -0.066625778200433181 0 -0.003139155475781441 -0.047011539144536665 -0.9988894137441644 
1 32.213321991530279 17.355916656750232 25.776938956368944 -0.003447983518961899 0.88568086180589234 0.46428172744619706 2.1684043449710089e-19 -0.4642844872984368 0.88568612660130774 0.99999405568715916 0.0030538311674945117 0.0016008452603146852 
1 32.115158623599285 17.740877059938782 39.017413659472261 0.0081075956811460428 0.89427914554304899 -0.44743611470137856 -4.3368086899420187e-19 0.44745082110957074 0.89430853886584971 0.99996713290601258 -0.0072506920473207909 0.0036277503447532068 
1 31.41136516989345 19.908490709153469 21.547226254832328 0.0045353914242847963 0.70623946022899775 0.70795851223082462 4.3368086899420168e-19 0.70796579361694156 -0.70624672393458521 -0.99998971505942436 0.0032031053351621501 0.0032109019890572562 
1 32.222428967992464 19.995954575809613 42.544979254342586 -0.0008024990225518106 0.71134370616696951 -0.70284385726273446 0 0.70284408358021089 0.71134393522141848 0.99999967799760769 0.00057085281271334676 -0.00056403169007944226 
1 32.28606270873172 20.77902037708607 20.674098715986016 0.0042339969565782587 0.70577215783186842 0.70842623786751435 0 0.70843258783591656 -0.70577848401046228 -0.99999103659471467 0.0029882639533187145 0.0029995014208381307 
1 31.670854285510771 21.084569977445359 43.634460107387632 0.00043742814405295328 0.70465994716629543 -0.70954504262676132 -5.4210108624275222e-20 -0.70954511051014491 -0.70466001458231353 -0.99999990432830488 0.00030823812236706853 -0.00031037500081230031 
1 31.81553566105238 25.778628606550946 46.636198292995687 0.0031672453386556942 0.45066612278191998 -0.89268696323721242 2.1684043449710089e-19 -0.89269144074010942 -0.45066838321469582 -0.99999498426590372 0.0014273773360162431 -0.0028273728045419473 
1 32.98929623672111 26.637556732182617 47.033366295888086 -0.032404429657348806 0.40886589071879387 -0.91201898902671386 -1.7347234759768075e-18 -0.91249819788333597 -0.40908072413603691 -0.99947483857202823 -0.013256027549443519 0.029568983665768111 
1 32.798756548930108 30.105033831416026 16.446485871284025 0.061299602853794585 0.062478161407246199 0.9961620541042191 -4.3368086899420177e-19 0.99803895514735363 -0.062595878525495433 -0.99811941103756074 0.0038371024938972389 0.06117939158314889 
1 32.390111200457213 31.84909831483067 47.549784112774034 -0.07425303895952326 0.10728309004231916 -0.99145187719639083 1.7347234759768071e-18 -0.99419642329570124 -0.10758007206743796 -0.99723943273683047 -0.0079881472824917914 0.073822105752394368 
1 32.316747354460155 33.972009272266043 16.463819737608119 0.022740121422974727 0.090664776589345811 0.99562180830055769 4.3368086899420168e-19 0.99587933273278606 -0.090688227657733045 -0.99974141000444139 0.0020622613085712247 0.022646416948974603 
1 31.746638440472001 34.058481874642581 47.534344592206189 -0.10168661950825567 -0.069804591211095238 -0.99236442422067672 -0.99479103351482134 -8.6736173798840374e-19 0.10193527180771982 -0.0071155499785297638 0.99756068439260981 -0.069440981434965049 
1 32.476269949735169 34.798948861416093 47.52277921984124 0.029129621688887927 0.023204974458608925 -0.99930625651030414 -0.9995754138547116 1.0842021724855042e-19 -0.029137467583543641 -0.00067613419106467558 0.99973072832657062 0.023195121947952028 
1 32.522842546311317 34.826723837642611 16.46617699740138 0.0058889706466472569 -0.026192697031437978 0.99963956636726936 2.7105054312137617e-20 0.99965690055585643 0.02619315122429431 -0.99998265986202139 -0.00015425069870306183 0.0058869501440918142 
1 32.172164168530252 38.190554963556437 17.344591266276527 -0.001145711425438737 -0.46514357916435223 0.88523451023302624 -5.421010862427521e-20 0.88523509123720523 0.4651438844510985 -0.99999934367244947 0.00053292066288857919 -0.0010142239582297688 
1 32.794222751903916 40.598993455543685 45.447642528675239 0.024716254785347606 -0.41208798081674514 -0.91080876303193503 -1.7347234759768075e-18 -0.91108709402429078 0.4122139093994443 -0.9996945067116183 -0.010188384010780859 -0.022518660747546323 
1 32.17551630335106 43.036749271998424 20.450058760285156 -0.0015460559872373771 -0.70096138197636182 0.71319755375959715 1.0842021724855042e-19 0.71319840613530028 0.70096221972804462 -0.99999880485472792 0.0010837268366377451 -0.0011026446658936352 
1 31.318117198082696 44.060024000454241 21.462912509268879 0.005564298750938973 -0.70863367817798539 0.70555463908286353 -4.3368086899420168e-19 -0.70556556182346675 -0.70864464858540765 0.9999845191698773 0.0039431105329833715 -0.0039259775743598711 
1 32.664066339536078 44.175391530727268 42.390332651517994 -0.008534356180798874 -0.70146349576534406 -0.71265428425937538 0 -0.7126802388484742 0.70148904279032176 -0.99996358171914401 0.0059867573481002662 0.0060822670013496918 
1 33.170123233712722 45.391531741525668 23.317230070411114 -0.017777682796786223 -0.89240335573949559 0.45088823965508812 8.6736173798840374e-19 -0.4509595072619777 -0.89254440943296176 0.99984196450958041 -0.015867371392944085 0.0080170150742984534 
1 31.817605787940785 46.66862083716336 38.151723502773756 0.002080851387886949 -0.89247637201186214 -0.45108934309961918 1.0842021724855044e-19 0.45109031969824931 -0.8924783042038229 0.99999783502640716 0.0018571147179615151 0.00093865191780646948 
1 31.746577371283962 47.534344455470354 29.941543715962595 -0.1016873300663157 -0.99236401051141121 0.069809437368396066 -0.9947909569754031 0.10193601875667845 0 -0.0071160961169779904 -0.069445797005621188 -0.99756034526955217 
1 32.476212867335406 47.52277939494337 29.201054492790739 0.029127867988559531 -0.99930630661800568 -0.02320501799011554 -0.999575464986173 -0.029135713440313484 0 -0.00067609475453732555 0.023195166647482252 -0.9997307273161502 
1 32.390111200457213 47.549784112774034 32.150899777820698 -0.074253038959523232 -0.99145187719639083 -0.10728309004231909 0 0.10758007206743789 -0.99419642329570124 0.99723943273683047 -0.07382210575239434 -0.007988147282491781 
1 32.977960208764735 47.069147755066183 37.286914788640125 -0.032387489837661564 -0.91251927596449833 -0.40774945922127614 -1.7347234759768071e-18 0.40796348190551912 -0.91299824612729974 0.99947538764194466 -0.02956972141825075 -0.01321291312435203 
1 34.090350619650557 16.450578629886358 34.073103278089512 -0.023944292594143091 0.99943261292874064 -0.023688036360075236 0.999713133335427 0.023951013270064044 0 0.00056735247320192157 -0.023681241052094338 -0.99971939909826901 
1 33.926380709885528 17.758426197271376 39.017801036463723 -0.062633549382758599 0.89258275538870668 -0.446512108765733 0 0.44739051899727483 0.89433870737620946 0.99803659175990023 0.056015607593360314 -0.028021656164993816 
1 31.767672402004543 18.06978541219701 24.345215065423712 -0.0014950246827908173 0.90220347435937176 0.4313080752259067 0 -0.43130855723479589 0.90220448261801445 0.99999888244997459 0.0013488179704384505 0.00064481693896491579 
1 33.125130009155718 18.641716659992976 23.314881019238261 -0.052014592256257958 0.86924365401238002 0.4916400636152643 3.4694469519536142e-18 -0.49230648665863386 0.87042192251449679 0.99864632487803984 0.045274641390499706 0.025607121168659736 
1 33.346679497735515 23.200522211421816 18.730486975510363 -0.083085402717768264 0.52135148473244075 0.84928761042564727 0 0.85223426961388038 -0.52316034797726763 -0.99654243053430813 -0.043466988197659061 -0.070808227500752344 
1 33.32076170773783 22.634416355768909 44.799269661592184 -0.10084125382373074 0.58062583166810411 -0.8079014080486433 0 -0.8120407625655095 -0.58360071961232696 -0.99490252865658046 -0.058851028298138576 0.081887208653084409 
1 32.983289489840253 26.794826179954612 16.920035306224431 -0.058999309532208867 0.37027865385376857 0.92704519845310873 3.4694469519536134e-18 0.92866290741769597 -0.37092479613327561 -0.99825802349629156 -0.021884306860238591 -0.054790470325817658 
1 34.262179707926705 30.199995146446071 16.446763867125604 -0.024477675794102198 0.022237843733190096 0.99945301124856145 0.99970022854112561 -1.0842021724855044e-19 0.024483730410647428 0.00054446537087753176 0.9997527085765251 -0.022231177462331976 
1 32.192293171401388 39.62888057427093 18.049787323683887 0.00064638148105349057 -0.41919465987412341 0.90789615007664781 0 0.90789633974030715 0.41919474744580559 -0.99999979109546877 -0.00027095972170386375 0.00058684738072438283 
1 32.215365500019551 45.898374967587117 39.70238138101552 0.00095659851008273779 -0.89822948218734533 -0.43952574696909846 0 0.43952594807000273 -0.89822989316386337 0.99999954245954059 0.00085924537751232849 0.00042044986706646738 
1 34.058481855067697 16.465655910891673 32.253360737706089 -0.069803620757984228 0.99236462600112962 0.10168531649512445 -8.6736173798840374e-19 -0.10193395866937424 0.99479116806995749 0.99756075229986652 0.069440025429347477 0.0071153593933170394 
1 34.79894841870469 16.477221334918642 31.52372976604568 0.023204541809873358 0.99930628378757513 -0.029129030571924015 1.0842021724855047e-19 0.029136876014688274 0.99957543109867641 0.9997307383687839 -0.023194689883051421 0.00067610785769193018 
1 36.040130717009092 23.992805721371454 18.851124539187694 -0.28021732437534236 0.52397847766908656 0.80431635943794566 -1.387778780781446e-17 0.83788488771531811 -0.54584697025658102 -0.95993658703058315 -0.15295577752368622 -0.23478986137012059 
1 33.681348100142145 29.724336802867008 47.521513036726404 -0.006190381234482966 0.0049513343495263566 -0.99996858124059629 -0.99998083893677014 0 0.0061904571166794629 3.0651022961084912e-05 0.99998774206895125 0.0049512394766958135 
1 33.795436312686654 30.903100977349489 47.514766283436217 -0.014820360557168564 -0.023846468528065885 -0.99960577371866732 0 -0.99971557005498668 0.023849087815536383 -0.99989017242542977 0.00035345208038582482 0.014816145202830212 
1 34.058462514174288 31.746583391262806 16.465656024441273 -0.069807794752335978 -0.10168576519784944 0.99236428641298025 -8.6736173798840374e-19 0.99479111892163807 0.10193443831520023 -0.99756046021873568 0.0071158183481021499 -0.069444174251128379 
1 34.79894885428849 32.476216016688561 16.477221197658153 0.023204628175794589 0.029127544556419409 0.99930632509723316 0 0.99957547442377426 -0.029135389657370205 -0.99973073636415877 0.00067607588375616682 0.023194777217647154 
1 34.392248112360356 32.929798865486987 47.534930370805263 0.028786261453717876 0.023207318312822668 -0.9993161519400382 -0.99958536634828721 0 -0.028794016433288577 -0.0006682319048719748 0.99973067392009507 0.023197695777684161 
1 34.650980975358536 42.63777681481902 20.429897505069761 -0.24252346294063817 -0.66584110850513512 0.70557635174935796 0 0.7272891769636185 0.68633115408786627 -0.97014554058825675 0.1664514082134341 -0.1763846897564634 
1 34.340156843563975 44.669195548593848 41.422776699988965 -0.29503989611243003 -0.77067652411831211 -0.56480895431542433 0 0.5911228257310458 -0.80658155502078266 0.95548493431449066 -0.23797373819953399 -0.17440481709337383 
1 34.598779121612807 47.533137904320583 30.86054967718805 0.016957005480190267 -0.99958501587149418 -0.023286391097154562 0 0.023289739704169667 -0.99972875722593479 0.99985621964617732 0.016952406014983983 0.00039492424379580988 
1 34.043595125296896 47.513736732270679 32.853022085019717 -0.011544680769686946 -0.99945147829082048 0.031039698584550145 5.4210108624275222e-20 -0.031041767271482803 -0.99951808822285115 0.99993335795238181 -0.01153911725206061 0.00035836729367618521 
1 33.976600761194199 47.519675378736828 34.088752428858051 -0.0067986833723396017 -0.99996673125399949 -0.0045071376276218248 -0.99997688821563002 0.0067987524286031685 6.7762635780344027e-21 3.06429128918426e-05 0.0045070334596288494 -0.99998984280361858 
1 36.088045575644088 17.337652975417125 27.478475545654316 -0.31632521210372005 0.89338103099946786 0.31907474616124754 0 -0.33634583204153867 0.9417385418831945 0.9486508104605913 0.29789564400744956 0.10639466666074192 
1 36.023240660524472 18.731169945580792 24.215718950320305 -0.28595553050388361 0.81890487497609787 0.49761856910149965 -2.7755575615628926e-17 -0.51930316910742613 0.85459008802757841 0.95824288913314803 0.24437476198528679 0.14849761321446206 
1 35.5592118375354 19.930066899499067 41.772104702006331 -0.2828340710910589 0.76709650812235985 -0.57581927325901505 -2.7755575615628914e-17 0.60033149696525656 0.79975126992800349 0.9591688528252249 0.22619690753398161 -0.16979420129087316 
1 35.550122484871999 21.430158184680838 20.634813381823342 -0.33184747103005402 0.6732204756438227 0.66079607076984259 -2.7755575615628907e-17 -0.70049073976201603 0.71366149083978447 0.94333305675723966 0.23682676090672045 0.23245608046999669 
1 34.973124978675898 27.336749424639951 46.973737120606216 -0.33848353798641201 0.31980115409657606 -0.88496108182829114 -0.93401096506146253 0 0.35724433815661166 0.11424715163695189 0.94748468158514221 0.29869778456551249 
1 35.234974708603936 33.257832094376937 47.534510605861691 -0.030051834664678777 0.0014707460631094302 -0.99954725958270962 -0.99954834064179454 6.7762635780344042e-21 0.030051867167202866 4.4198665325251163e-05 0.99999891845242406 0.0014700817868864831 
1 36.088017592273651 36.521565136059628 17.337654826642645 -0.31632424773995599 -0.31907527650381806 0.89338118304325342 0 0.9417383829358984 0.33634627707955894 -0.94865113202470319 0.10639448307732625 -0.29789468555004062 
1 35.134189336668229 36.194905451686388 47.106135102595267 -0.30095182793113512 -0.31198038770098507 -0.90116382248448679 0 -0.94497341026141424 0.32714714410936435 -0.9536393433918865 0.098455531022163659 0.28439147516449104 
1 35.829440145903938 39.566862284812395 18.548234023796333 -0.28474072424132008 -0.5089873871210604 0.81231432322113117 0 0.84739250091166229 0.53096699464154884 -0.95860456913084258 0.15118792660247171 -0.24128715442625015 
1 36.041427724442855 43.312915665985606 21.651531453930453 -0.30043460372262643 -0.68561272150280594 0.66307936553593982 0 -0.69519572855927969 -0.71882049149487426 0.95380241606216787 -0.2159585495099661 0.20886085321936976 
1 35.232367920145393 47.034871785483759 36.238331767031347 -0.33505291037820245 -0.8883671696636084 -0.31391610202563025 -0.93566432195082583 0.35289130993593704 -2.7755575615628914e-17 0.11077826445380795 0.2937200967512576 -0.94945072588788637 
1 35.147166417980493 47.090186806562812 27.775814201928675 -0.30167262733622796 -0.9006322953262379 0.31281798946264211 0 -0.32810383112520497 -0.94464166539538308 0.95341157215342076 -0.28497253309109516 0.09897994477462263 
1 35.408388992910588 47.534699414816153 30.428959733443545 -0.033862853148341705 -0.99942229620704826 0.0028949992892838214 -0.99942648432294257 0.033862995051873408 0 -9.8033346608195082e-05 -0.0028933389618063469 -0.99999580948077738 
1 36.194905482926629 16.89386676618059 28.865810692317211 -0.31198020181360231 0.9011640023435421 0.30095148206399081 0.94497349070654879 0.32714691174131549 1.3877787807814454e-17 -0.098455347941206472 0.28439117253931873 -0.95363945254141391 
1 35.184503980688412 16.941930547971232 36.260618974010129 -0.29257968552960817 0.90724628222273307 -0.30216106798928399 0 0.31598835663172986 0.94876306761655671 0.95624114511737879 0.27758879996535851 -0.092451774014329205 
1 35.872487811392048 18.628294361002052 39.777290068249116 -0.27469515675495881 0.79857024922074571 -0.53556337432173673 1.3877787807814457e-17 0.55699001860467434 0.83051918651814693 0.96153136758785385 0.22813959812860324 -0.15300246047155844 
1 36.40789441473693 19.272727622416454 40.439129321114848 -0.28382120224199087 0.7839720709821425 -0.55211712260885515 0 0.57579543079711615 0.81759380004569715 0.9588772211070149 0.23205045527456769 -0.16342295141428259 
1 37.443474528199275 21.456555692803139 42.510008206309621 -0.35127339769052796 0.67160242583587504 -0.65234743939584849 0 0.69674922585191501 0.7173147958008097 0.9362729303333257 0.25197360553463766 -0.24474946790324723 
1 36.758026587433356 23.350482422975912 19.523372972697153 -0.28500065033973698 0.52856242727925284 0.79962265461565785 0 0.83421999067558594 -0.5514317792412996 -0.95852732319215983 -0.15715841570176867 -0.2377532398689513 
1 35.270466649573322 27.81559053077228 16.944043746651275 -0.30063143308703583 0.30540118416772577 0.90352136562949403 0 0.94734517922788242 -0.32021416488608301 -0.95374039520198328 -0.096266443284471523 -0.2848017388593731 
1 36.393895859379946 26.795420002336115 46.316188872299115 -0.2824443406838883 0.31291188547746568 -0.90681384326805525 1.387778780781446e-17 -0.94530309900802223 -0.32619327247175017 -0.95928368818386767 -0.092131443778803418 0.26699551054575721 
1 36.194889815679367 35.134211276182171 16.893867411481803 -0.3119790336815666 -0.30094993665796893 0.90116492284635696 0.94497397268960581 -1.387778780781446e-17 0.32714551951574128 -0.098454423376200639 0.95363994024241894 0.28438985722436605 
1 36.521523738147046 36.088045536663238 46.662348354691964 -0.31907527783278883 -0.31632544612817104 -0.89338075824798369 -0.94173833183432087 0 0.33634642015920224 -0.1063949314104729 0.9486507324256982 -0.29789579795349114 
1 35.711563551428426 39.737010570049215 45.421979676550464 -0.27355124459883823 -0.52337652707597637 -0.80699859199648938 2.7755575615628914e-17 -0.83900021606103781 0.5441310848035904 -0.9618574304845946 0.14884773547293811 0.22950955332219111 
1 35.889987480503308 40.794211653903155 44.646868461087806 -0.28567234929287683 -0.54614251986868256 -0.78747676590549287 0 -0.82172001695976349 0.56989140520597981 -0.95832734952597942 0.16280221656701108 0.23474268770587822 
1 35.893527369562193 45.336654545284205 24.161895619240447 -0.27457901523028683 -0.81709066002539521 0.50692131311913702 0 -0.52718386762815594 -0.84975123990060697 0.96156453990107504 -0.23332385864262387 0.14475362721863294 
1 36.488787599863294 44.6976264281071 23.494270130326555 -0.29481385247373348 -0.79161748294444434 0.53518833422104606 0 -0.56008131398984096 -0.82843763900453804 0.95555470402776832 -0.24423489188917197 0.16511972987589577 
1 36.647255108837939 46.612361166581813 27.895576081455062 -0.31724788470298465 -0.89402876117376429 0.3163326632606665 -0.94242380111149715 0.33442096091387197 0 -0.10578827321607635 -0.29811943092584053 -0.948648325858647 
1 36.636757405614759 46.352261154695164 36.8661856200005 -0.2877794766099423 -0.90826048581395946 -0.30372004008806874 0 0.31713593613043517 -0.94838009153222558 0.95769670190624956 -0.27292432636843306 -0.091265213713820723 
1 37.319668737433695 16.914679962442115 31.145608082110755 -0.45407927842759804 0.89094985604280008 0.0045125292227154359 0.89095892735165405 0.45408390168821239 -4.3368086899420177e-19 -0.0020490668759327014 0.0040204781959135372 -0.99998981848817547 
1 36.780377557748331 17.45006737729739 36.151651853207802 -0.31797560853489154 0.8971808205421532 -0.30652583517246007 0.94255312328240559 0.33405629733711412 0 0.10239688553587856 -0.28891688330855009 -0.95186233898175943 
1 37.340048818493145 18.03637756150124 26.687629761588727 -0.29864859501382046 0.90595394929475148 0.30009408266994198 0 -0.31444433238701364 0.9492759144893993 0.95436314718050119 0.28349991814271869 0.093908358077440385 
1 36.9252692369272 19.595743460529427 23.377994260925277 -0.31202036620481322 0.79088826370409482 0.52643997322442793 -2.775557561562892e-17 -0.55410335413479195 0.83244788001206027 0.95007541336117862 0.25974069236778347 0.17289153147245312 
1 36.596236003709436 21.03531581968587 21.506330636431318 -0.30102164197647763 0.65867534067881328 0.68958883883328237 0 0.72312953287455384 -0.69071244283321676 -0.95361730849528181 -0.20791939367523884 -0.21767763934758144 
1 36.628754507240835 27.832266849969717 17.392757936733613 -0.30271916705334961 0.30587161065819657 0.90266475708974414 0 0.947103019838204 -0.32092969606029698 -0.95307980038322404 -0.097151570274057755 -0.28670623727913319 
1 37.769614317313469 27.980996062820662 46.266723397955026 -0.3161354217611691 0.29186761623939772 -0.90270243696282304 -0.94379654071821839 -1.3877787807814457e-17 0.33052698789709195 0.096470124060312468 0.95645872602571391 0.27546364655441608 
1 37.239700435194891 31.032222116513978 47.065584058968163 -0.37142114328879344 0.059191616151954264 -0.92657578583479361 -0.92820326109221729 -3.4694469519536134e-18 0.37207352243578562 0.022023633120324564 0.99824663915152745 0.054941851141562713 
1 37.319630917460792 32.85436081365529 16.914681501498062 -0.45409397971234494 -0.0045048069397287116 0.89094240234901845 0.89095144256090653 4.3368086899420187e-19 0.45409858731187425 -0.0020456264674435357 0.99998985330574031 0.0040135642414096786 
1 38.223060982988827 32.213322059609965 46.644083173775549 -0.46428243917189821 -0.0034477163892580082 -0.88568048975253588 -0.88568575372999292 0 0.46428519860074619 -0.0016007236885057022 0.99999405660818774 -0.003053593288867229 
1 37.340024710634282 37.312412803367138 18.036381182983611 -0.29864819067320003 -0.30009497622466186 0.90595378659860115 0 0.94927561815765793 0.31444522698141936 -0.95436327371060548 0.093908498103824595 -0.28349944581296804 
1 37.312369898360515 37.340049265827382 45.963622470631442 -0.30009463737123837 -0.29864883649157337 -0.90595368594826886 -0.94927571371268815 0 0.31444493851112743 -0.093908615027012504 0.95436307161490141 -0.28350008741000216 
1 36.298937203859083 40.300049555126776 19.151764959378959 -0.27063142267589541 -0.48358008000539399 0.83241152039264676 -1.3877787807814457e-17 0.86467870202625896 0.50232533507895483 -0.96268303873103589 0.13594502007856341 -0.23400922728691312 
1 36.937989146119058 40.996625104928796 44.102534615470958 -0.31590311920294345 -0.56431437773478466 -0.76272832801702983 0 -0.80389460345159935 0.59477177685343796 -0.94879145194181169 0.1878902595218781 0.25395281274077353 
1 37.991411732112368 42.11917618063768 21.351857325588163 -0.33515252827191266 -0.67127968592200604 0.66110238697299972 2.7755575615628907e-17 -0.70168513012052236 -0.71248717754619684 0.94216388319280475 -0.23879187891592696 0.23517154541069912 
1 36.903165706017667 42.501723818705763 42.814032549929955 -0.36564297717815031 -0.64838918707843307 -0.66775495155039277 2.7755575615628914e-17 -0.71743350212874291 0.69662699489991564 -0.93075518437465532 0.25471676839787327 0.26232452164570041 
1 37.450788113765995 47.045592141684679 31.095389097563345 -0.46062907050734292 -0.88758916834666857 -0.0025154795190326356 -0.88759197653112021 0.46063052786108255 -2.1684043449710089e-19 0.001158706658675745 0.0022327194382217282 -0.99999683617638979 
1 38.015466875863424 46.242497055756118 35.843575755738051 -0.31142263596994391 -0.90413103602258882 -0.29251155790199485 -0.9454846558386979 0.32566664792941152 0 0.095261258542552602 0.27656518965180887 -0.95626198737257562 
1 37.565302764528312 18.174582410051901 37.551885215791884 -0.29341676539739114 0.91425347923427069 -0.27936924936678914 0.95216512965896805 0.30558397513861973 -1.3877787807814457e-17 0.085370765752995736 -0.26600565754605737 -0.96018374413871266 
1 39.258475323143607 20.020674008832398 24.496492480245745 -0.5232990615220765 0.68564284086238725 0.5060157971686946 0.79492590796914786 0.60670651952935695 0 -0.30700308312709168 0.40224506701105661 -0.86252421010411684 
1 39.464908970201456 21.568530945779298 41.457552221333614 -0.4044409466117545 0.67532052002369336 -0.61674120661645127 -2.775557561562892e-17 0.67435535290088733 0.73840697316176507 0.91456411514108071 0.29864201521026473 -0.27273691727993871 
1 38.961174039015603 22.694026638471932 21.214155506617541 -0.4383215304750831 0.60506934948358504 0.66465428475072075 5.5511151231257827e-17 0.73947573841062453 -0.6731832085710856 -0.8988182440972039 -0.29507069427100518 -0.32412813740933716 
1 39.65848551993129 24.855492231627291 44.096017332657638 -0.52076954892776695 0.4102409746310301 -0.74866642748513368 -0.82092672849119308 0 0.57103354231493875 0.23426135694629005 0.91197716130053541 0.33677778119689006 
1 37.402648972194143 26.445023974451054 18.108963436186841 -0.29308424577455883 0.29466937443874014 0.90954471283529514 -1.387778780781446e-17 0.95132040742006019 -0.30820363791839134 -0.95608661996639099 -0.090329630764286961 -0.27881702409865433 
1 38.706905756093775 39.500630030008743 19.771928370995607 -0.49794910298802181 -0.58284653340389136 0.64213441687273776 0 0.74046331223323114 0.67209678115327443 -0.86720625622364167 0.33466998929640984 -0.36871304212207701 
1 39.342324419810737 42.552764262521755 22.616072049172843 -0.41205511449354243 -0.67928220865853006 0.6072777483324272 -2.775557561562892e-17 -0.66648938305771732 -0.74551452183800093 0.91115892281188449 -0.30719307165255605 0.27463035904457822 
1 39.567487692393627 43.667655288738779 39.620388029664532 -0.32386448419315272 -0.87873782335499329 -0.35061607733193267 0 0.37058956503794493 -0.92879673464380086 0.94610348053387006 -0.30080427538569904 -0.12002079832837884 
1 37.438837794015264 45.923564373931313 26.628600693730167 -0.28748175455735114 -0.91394678270014118 0.28645334557077146 -0.95392163974906741 0.30005583683449732 0 -0.085951998319279271 -0.27325404511847656 -0.95809419203505886 
1 38.979992766475995 46.293227609858711 31.839819892132013 -0.43960835787599972 -0.898099505636761 0.01271887025535267 -0.8981721570775727 0.43964391983811202 -8.6736173798840355e-19 -0.0055917739749756145 -0.011423735132839884 -0.99991911189827121 
1 39.104422304989527 17.838536994273486 34.068715362809058 -0.44955444131409866 0.88988330927307158 -0.077514515879127832 0.89256884941062931 0.45091113211117928 -6.9388939039072284e-18 0.03495215811010751 -0.069187042250855091 -0.99699122354613767 
1 39.620808134100713 18.910010300335497 37.009524737966061 -0.52918384998914514 0.80048982804936142 -0.28139027719551674 0.83419687961064493 0.55146674065428769 -1.387778780781446e-17 0.15517737901681813 -0.23473489118927443 -0.95959340967924023 
1 39.351812978565782 19.741555828999033 38.919731383796012 -0.59716254881834796 0.59310618950555649 -0.54002031282070606 -0.70469291460211902 -0.70951243548620813 0 -0.38315112736144313 0.38054848818597142 0.84165198374448502 
1 39.706021677594642 20.59940934268743 24.03021461717637 -0.32344144302223965 0.87993148468461191 0.34800318273893133 1.3877787807814457e-17 -0.36777157116038006 0.92991616366542718 0.94624818781104758 0.30077342586565092 0.1189525676786696 
1 39.848770637928943 22.252253205933545 22.231358315214088 -0.45980517422558415 0.60988177456918613 0.64546372694654253 0 0.7268573425758359 -0.68678847074160621 -0.88801982058700701 -0.31578889244546671 -0.33421276704022729 
1 39.383497545866021 27.045911195084454 45.217266231532008 -0.50929995719718368 0.29149464661716196 -0.80971873177819143 -0.8464792430706356 0 0.53242172293264278 0.15519808197755122 0.95657245987616424 0.24674416782763767 
1 39.084494948695905 30.254815360229298 17.792753692105418 -0.44802339802044605 0.069438940887231904 0.89132108037153057 0.89347775381296324 0 0.4491074519993426 0.031185545811397691 0.99758620353754868 -0.062042148931075097 
1 38.949836009091122 32.072401931226253 17.705684330200949 -0.43714687408928227 -0.015720059684469406 0.89925273988878451 0.89936387227936387 -8.6736173798840374e-19 0.43720089803049134 -0.0068728242111429456 0.99987643222726119 0.01413805375028712 
1 39.65478494886014 31.767672434121707 45.930213413637844 -0.43130821273164671 -0.0014947173565875176 -0.9022034091324731 -0.9022044169765574 -1.0842021724855044e-19 0.43130869454254028 -0.00064468459177983886 0.99999888290938799 -0.0013485406012447821 
1 40.685119489287338 33.125130166052898 45.358282696926977 -0.4916397909829805 -0.052013946059003224 -0.86924384687933365 -0.8704220863073433 -3.4694469519536134e-18 0.49230619706476547 -0.025606787978639727 0.99864635853507777 -0.045274087445755201 
1 40.806364973711091 33.577070233159972 18.769350455554722 -0.52530548794322596 -0.1010185355812909 0.84489608817045714 0.84924033994257531 6.9388939039072284e-18 0.528006481981253 -0.053338441587175441 0.99488454378837932 0.085789015497556617 
1 39.784282433248393 36.023240490538662 45.26882940157703 -0.4976183469284135 -0.28595568919663261 -0.81890495456817947 -0.85459021332204399 0 0.51930296291681544 -0.1484976366627313 0.95824284177659214 -0.24437493343120237 
1 40.622007276156069 36.925268840943488 44.404256467260382 -0.52643947920388701 -0.31202026415497003 -0.79088863279996824 -0.83244823913776811 -2.7755575615628914e-17 0.55410281460792932 -0.17289130658297855 0.95007544687601675 -0.25974071947110611 
1 39.503508046191783 39.258475530203903 43.979326006737189 -0.50601540040217996 -0.52329907094789685 -0.68564312648847392 0 -0.79492602459302597 0.60670636672506406 -0.86252444287441588 0.30700276508493513 0.4022448106245532 
1 38.997467940172491 40.076737789221845 20.302623937785622 -0.35026692740088627 -0.3374468874033793 0.87375206881066292 0.92819579279565334 -1.3877787807814457e-17 0.372092152882117 -0.12556133881729273 0.94134456931655541 0.31321678117980523 
1 39.969785662075651 39.706021900528256 43.400591391201736 -0.3480029183100864 -0.32344177202097651 -0.87993146833125258 -0.92991625689878232 0 0.36777133541829771 -0.1189526124262151 0.94624807535441291 -0.3007737619624557 
1 39.471027992936243 44.327754552642538 25.496690548865981 -0.63180587489755546 -0.54838207382140924 0.54781241091843202 0.65548803412664913 -0.75520555951130341 -2.7755575615628914e-17 0.41371097829489051 0.35908448030310308 0.83660119677402744 
1 39.139750382599217 44.188802107695366 39.20643552714251 -0.55112151803933485 -0.63186533842319847 -0.54498740027027792 -0.75361641572783566 0.65731445895060758 0 0.35822809814355588 0.41071145120851804 -0.83844423401120949 
1 39.10590857876295 46.221941554605117 33.547505484494671 -0.44789633723070277 -0.89302742027148596 -0.043484453987321071 -0.89387293130652656 0.44832040180821342 0 0.019494967884006547 0.038869576351910455 -0.99905410377087411 
1 40.996625023817856 19.897463990675714 27.062011341317334 -0.56431457062963919 0.76272796959391465 0.31590364001421439 0.80389437260732843 0.59477208886284316 0 -0.18789066785062997 0.25395315849359829 -0.94879127853589051 
1 39.737010867174128 18.578020190106265 28.288437038772738 -0.52337609793996076 0.80699901653371242 0.27355081322994002 0.83900055042244059 0.54413056924863334 2.7755575615628914e-17 -0.14884735972123381 0.22950928286842595 -0.96185755316535237 
1 40.794211613734113 19.353130190022068 28.110013224582321 -0.54614219109362927 0.78747712669719661 0.28567198328883636 0.82172029988906892 0.56989099725317516 -2.7755575615628907e-17 -0.16280189144376739 0.2347424677780077 -0.9583274586297853 
1 39.849912652864774 20.293528250464064 39.29788178381466 -0.37161715266115125 0.85580774954961336 -0.35985245262307852 0.91725540048452292 0.39829954843305776 1.3877787807814457e-17 0.14332906938230047 -0.33007660554611967 -0.93300922414580389 
1 41.374537053440207 22.970829048673568 22.849072289149866 -0.57057635321698774 0.57399955365593769 0.58733903118419384 0 0.7151816410612416 -0.69893863842897497 -0.82124455867275203 -0.39879785943725138 -0.408065732644464 
1 41.092394289021719 22.444570456680541 40.940298400864584 -0.6083742329766767 0.5476056198487298 -0.57446399170020113 0.68655298848907309 2.7755575615628914e-17 -0.72707977141213531 -0.39815296890361512 -0.83673656852685041 -0.37596027482055672 
1 39.087859693679547 24.292780516858333 19.927094045339537 -0.42474797834629885 0.54894494079319334 0.71989485820381405 -2.775557561562892e-17 0.79519011030472908 -0.6063601969733442 -0.90531163412977966 -0.25755026781409152 -0.33775539175290409 
1 40.445116405173373 28.502854932434545 45.035985315559572 -0.53325808924357754 0.2726134091304992 -0.80082316363760098 -0.83234952052306554 0 0.55425109443737064 0.15109628036888184 0.96212365585835535 0.22690964037792924 
1 39.994219173622255 36.065605421041113 18.840284794227902 -0.51074257849819182 -0.27561966754786776 0.81435607529496656 0.84716969584387802 2.775557561562892e-17 0.53132241289427218 -0.14644290680265024 0.96126676779175235 0.23349662992511783 
1 40.67749086959995 36.97568071861145 19.638933218929139 -0.56146677679546098 -0.33469455589004088 0.75679231815107928 0.80311036682462755 0 0.59583029353903461 -0.19942115548187989 0.94232667067082865 0.26879666755505655 
1 41.173634987588386 41.229449668991769 22.794615536774185 -0.57745953673318229 -0.56702899578759502 0.58738284054950929 0.71310475510426707 0 0.70105749282614704 -0.39751992614657927 0.82369783169321975 0.40435107317813146 
1 39.971782031622915 43.781939746404923 25.106826487120912 -0.36664030239405848 -0.86859482303785174 0.33334354958846363 -0.9212874638116576 0.38888225598950121 0 -0.12963139158350986 -0.30710523337833112 -0.94280542952815216 
1 39.727473826821139 45.162915519938856 27.394056565043677 -0.51060222737941241 -0.81241169210938868 0.28155391654023021 -0.84666310153139113 0.53212930055132801 0 -0.14982308867603966 -0.23838131222626169 -0.95954540907705721 
1 39.551946097386143 45.12087218063138 36.983841199763198 -0.52389971114938549 -0.79927130616397479 -0.29443924976219527 -0.83634637499728592 0.54820136905055183 0 0.16141199982185278 0.24625319919553243 -0.95567019844686774 
1 40.678438258323808 19.042242265553423 35.401724569149806 -0.52825837526376263 0.8007130136224877 -0.28249205082494533 0.83471109755933193 0.55068810011774871 0 0.15556501076715565 -0.23579924979587669 -0.95926963947615718 
1 41.633976660034058 21.765573192622327 24.52090993408002 -0.63566361240753677 0.66999651353857326 0.38345331359522411 0.72544969895050904 0.68827518791005105 -2.7755575615628914e-17 -0.26392140146948456 0.2781760909092304 -0.92356026132182767 
1 41.50767369038094 25.06634649093607 42.613232099455509 -0.6316762802193101 0.41799221152316313 -0.65289171239514976 -0.71868707565491796 2.7755575615628914e-17 0.69533365177199802 0.29064405085065442 0.9084506101632468 0.300405600146114 
1 41.38014366406501 26.760581350520162 20.360496375133319 -0.57677295134389062 0.29142716542692026 0.76315343794632051 0.7977827784988154 0 0.60294497122930724 0.175714543873773 0.9565930206996236 -0.23249557376432237 
1 40.821975465009039 27.925110968968031 19.513445489288205 -0.57092830624465962 0.27842133864715785 0.77234864362833511 0.80414532569224739 -2.7755575615628907e-17 0.59443275075260549 0.16550276220025278 0.96045903514201203 -0.22389121804609022 
1 41.876467179311511 28.49811878854041 44.004807335986818 -0.58547687430917994 0.27316774950169764 -0.76327990297225223 -0.79345795475745018 -2.7755575615628907e-17 0.60862506852094433 0.16625674025818282 0.96196641346368106 0.21674712382531247 
1 41.477675980237485 29.675736241778139 19.393762389074947 -0.57327016630290284 0.24696135922080345 0.78126269812327231 0.80623558047267752 0 0.59159461523908818 0.14610101028715347 0.9690253283850806 -0.19910903480570591 
1 41.336806683163985 39.696542984659679 21.684316815968661 -0.60372649183657645 -0.43159365063136274 0.67025461116608032 0.74301993932932076 2.7755575615628914e-17 0.66926928045372935 -0.28885237200645036 0.90206813530613839 0.32068268810703521 
1 41.460459036535759 42.543634404262782 39.225258657147236 -0.61279694910709315 -0.67553531261038646 -0.41003895007843633 -0.74066330948458747 0.67187637403270739 0 0.27549548299087806 0.30370080578268016 -0.91206801249609326 
1 40.785642860686892 45.099714327027506 29.911684994505634 -0.57720928721855913 -0.80247095195667717 0.15122767608605051 -0.81180758508100481 0.583925033548783 0 -0.08830562583205151 -0.12276777452082906 -0.98849895800937115 
1 41.361638758612756 44.728575366692723 34.229074647629325 -0.57148712849584815 -0.79265718178544331 -0.21236066991683925 -0.81115860989917399 0.58482622169875353 0 0.12419408822488125 0.17225818580700067 -0.97719135581137406 
1 41.191097013835666 44.411886374410003 35.711885282004665 -0.5667147146891327 -0.7844885686228199 -0.25181762816557235 -0.81061073772618286 0.58558537540055899 1.3877787807814454e-17 0.14746072032181506 0.20412607333975222 -0.96777470629535767 
1 42.064066444313603 19.517044711205703 31.309528621279458 -0.70273059305228724 0.7113447769356791 0.012582603653850907 0.71140109435653043 0.70278622848511418 0 -0.0088428805664128949 0.0089512780092040126 -0.99992083590916847 
1 42.644730519187704 20.541337088743084 34.946851613763322 -0.67022251385726417 0.68755900273937942 -0.27940007099297504 0.71607692680177504 0.69802137137921905 2.7755575615628914e-17 0.19502722071796758 -0.20007194418484725 -0.96017477592838296 
1 42.449123108375858 22.075809861603695 25.370866892384878 -0.64888989356866733 0.66920422949566161 0.36208784189690979 0.71791938333980354 0.69612625221650437 0 -0.25205885235285796 0.25994988016946974 -0.93214397747903655 
1 42.501723840889341 21.185966140551006 27.096834408386492 -0.64838891616902372 0.66775510720880804 0.36564317330658891 0.71743372875696232 0.69662676150280178 0 -0.25471681968617665 0.2623247452198742 -0.93075510732645872 
1 43.086267536603081 21.708699152446091 36.629438911065236 -0.67921968269923971 0.66908702960497213 -0.30163416492224343 -0.70177298990296377 -0.71240063913689367 0 -0.21488437187612944 0.21167870977436648 0.9534237413404707 
1 41.622453878213747 21.255419433917222 38.784656511498675 -0.64515415621108985 0.6800478384738301 -0.34829736161881586 0.72547405023356093 0.68824952047764831 0 0.23971549211778009 -0.25268069761926554 -0.93738409837663239 
1 42.001125888475045 23.937351569316917 41.269103901477081 -0.64167301070148719 0.48561076017688776 -0.59366483552398008 0.67911429053652217 0 -0.734032547227353 -0.35645410325365218 -0.87417514812560604 -0.32978520687442836 
1 42.54363613802969 24.774738275123379 22.539542579354599 -0.67553562814463763 0.41003890769224383 0.61279662962991355 -0.6718760097175851 0 -0.7406636399648463 -0.30370090989854692 -0.91206803155167737 0.27549530512922199 
1 42.629428612276598 26.999947981599089 42.674866731043188 -0.64837837717647739 0.37094515755899365 -0.6648346938100711 -0.71591156596761607 2.775557561562892e-17 0.69819096937284708 0.2589905591402773 0.92865477443640676 0.26556392863616324 
1 42.452774442865504 31.411365171054015 44.091508081670931 -0.70795828454824294 0.0045360679575035517 -0.70623968412076221 0.70624694999586646 0 -0.70796556810450617 -0.0032113799284946491 -0.99998971199082098 -0.0032035841599608629 
1 42.973512794987208 33.183594358798928 20.436093144412265 -0.69243717877773525 -0.044707580198068753 0.72009165091616223 0.72081237949930321 0 0.6931302284279286 -0.030988175275147332 0.99900011625266261 0.032225777264225867 
1 42.293583385946967 36.879055393026391 20.998955707702645 -0.65038238241036683 -0.35223227537627361 0.67300459198542506 0.71908913365661209 2.7755575615628914e-17 0.69491784971821169 -0.2447724954058331 0.93591261567694084 0.2532864017462218 
1 42.493669995550114 36.596236102854974 42.964685413241796 -0.68958883720805453 -0.30102165524493557 -0.65867533631649089 0.69071244129237885 0 -0.72312953434631755 0.217677649385428 -0.95361730430692115 0.20791940237610226 
1 43.36518739358214 35.550122699010714 42.569842843727471 -0.66079606496828858 -0.33184747254134678 -0.67322048059335338 -0.71366149648884503 2.7755575615628907e-17 0.70049073400674089 -0.23245607961876971 0.94333305622559427 -0.23682676385989843 
1 42.452862935970415 38.624699081419585 22.077430912990721 -0.64914029099306814 -0.36160007765461333 0.66922512389300837 0.71779601060677156 2.7755575615628914e-17 0.69625346473608551 -0.25176530691586213 0.93233330083193833 0.25955509317558023 
1 41.768644048669692 39.84876927558004 41.747744670396472 -0.64546422990837582 -0.45980534437179621 -0.609881113985276 0.68678779499291731 -2.775557561562892e-17 -0.72685798107248345 0.33421318429642177 -0.88801973248747912 0.31578869858706493 
1 41.150929975849756 41.374535701545931 41.029168063178759 -0.58733956638955975 -0.5705765297641634 -0.57399883051763145 0.69893786228167054 -2.775557561562892e-17 -0.715182399580085 0.40806629170081221 -0.82124443601298436 0.39879753998145839 
1 42.203487179463394 42.653554122120674 26.165065369187122 -0.67268180686248646 -0.65364893390201528 0.34675965440774581 0.69688803560032275 -0.71717993965051985 -2.7755575615628914e-17 0.2486890680213823 0.24165265438566075 0.93795401916886134 
1 42.628410325636928 41.382086570141979 24.786884404871 -0.68446713489207744 -0.60739190623611572 0.40321187171447281 0.66373892506715315 -0.74796433026629028 0 0.30158809758233296 0.267627414306079 0.91510665307848771 
1 42.707483743985279 43.593639408441334 30.211773602685511 -0.6537094916293833 -0.74390142544677795 0.13883288433186591 -0.7511759459070898 0.66010203627211206 0 -0.091643869648995291 -0.10428792321099896 -0.99031582347657898 
1 42.62944331822407 42.504281645762639 37.355673471364533 -0.64800502907088797 -0.67102783204613115 -0.3602931180557114 -0.71933927319432533 0.69465891633251187 -2.7755575615628914e-17 0.2502808269506423 0.25917298967911273 -0.93283914426962877 
1 43.181901787194739 20.611828070197205 32.212791466331247 -0.7049249165677145 0.70919127714011332 0.011339948429148315 0.70923688056257572 0.70497024564861366 0 -0.0079943262297392983 0.0080427096496296317 -0.99993570071761328 
1 44.175391651841913 21.609666077312298 31.335933281125055 -0.70146397947851735 0.71265380346121932 0.0085347470038702519 0.71267976041012393 0.70148952886110028 -8.6736173798840335e-19 -0.0059870356546936308 0.0060825414498792731 -0.99996357838352301 
1 43.667655288738779 24.379610062986842 24.43251230760638 -0.87873782335499351 0.35061607733193251 0.32386448419315261 -0.37058956503794471 -0.92879673464380097 0 0.30080427538569898 -0.12002079832837872 0.94610348053387017 
1 42.726979844048088 26.699387585287372 21.563316335164384 -0.6713989898622148 0.36358319382587811 0.64577910896789759 -0.69322202334688721 0 -0.72072409863057019 -0.26204316964737984 -0.9315617323437958 0.25204387727889865 
1 43.512217562056648 31.608325488213922 20.913448310618723 -0.70736799963592012 -0.0068123208234038227 0.70681263809872275 -0.70682903944932085 0 -0.70738441387349671 0.0048189295727817305 -0.99997679587328381 -0.0048151461840271314 
1 43.325901896463762 32.286062340511634 43.220979436892279 -0.70842624903466667 0.0042345197084587899 -0.70577214348648765 0.70577847122719795 0 -0.70843260057128887 -0.0029998718092338365 -0.99999103438122827 -0.0029886328462174847 
1 43.603353422252511 35.454453454348325 21.654233703403737 -0.70525816271737729 -0.29408265880873213 0.64507853297757201 -0.67492366396974712 0 -0.737887557703511 0.21699993487133021 -0.95577999026344296 -0.19848334559315448 
1 43.74466455578122 39.555801300056729 24.504915460174711 -0.87153213159122866 -0.32748987206584063 0.36494126554604489 -0.38624062484873983 -1.3877787807814454e-17 -0.92239805925449292 0.30207602241903359 -0.94485468919527493 -0.12648989281834416 
1 42.785845551745759 38.961172915086799 41.305972746193369 -0.66465404713793463 -0.43832250264851613 -0.60506890623721998 0.67318307050789494 2.7755575615628914e-17 -0.73947586409670096 0.32412891139903999 -0.89881777000231899 0.295071288205633 
1 44.072907113456445 39.087857059881493 39.707219644805079 -0.71989442113378632 -0.42474884091785325 -0.54894484655508979 0.60636036393629 -2.7755575615628907e-17 -0.79518998298963117 0.33775602358433326 -0.90531122943380105 0.25755086176046682 
1 43.506692453537013 42.292287364288981 28.245177372616077 -0.6996851285980864 -0.6546797687191489 0.2860683856152601 0.68323260300884314 -0.7302008012771285 0 0.2088873643963175 0.19545124774245165 0.95820920406322485 
1 43.244572845499754 43.317383709416873 33.412069844925568 -0.70669360414822602 -0.70697919147831967 -0.027650907266345431 -0.70724961504202277 0.70696391847315021 0 0.019548193750353257 0.019556093519685465 -0.99961764056430491 
1 43.918995460755909 22.777097835196585 27.136987609462622 -0.81951789239163975 0.53238872648979674 0.21202044230813527 -0.54477403831841997 -0.83858288032504036 -1.3877787807814457e-17 0.17779671319854509 -0.11550323256226042 0.97726523116473496 
1 44.61564157014336 23.346161393886653 27.986837244339334 -0.77398221172633497 0.56703639848012044 0.28181777575217781 -0.59099045493763813 -0.80667854946850026 0 0.22733635455820589 -0.16655161550129285 0.95946794697378779 
1 44.669195274541934 22.577221576419984 29.65984325308607 -0.77067661916711172 0.56480889543681834 0.29503976054862835 -0.59112273821205374 -0.8065816191611882 0 0.23797364778024191 -0.17440471113693387 0.95548497617461692 
1 44.342977932836462 23.318508212337594 36.932852336059014 -0.76524862475382271 0.55903218459655812 -0.31918264191146567 -0.58988728864711559 -0.80748559534678677 0 -0.25773538562824011 0.1882817832203777 0.94769322098578779 
1 44.188802146714465 24.793562760157098 24.860249992759911 -0.63186582537549218 0.54498714652831215 0.55112121066193442 -0.65731396304477641 0 -0.75361684826334019 -0.41071149571069776 -0.83844439894302369 0.35822766109298909 
1 43.886710415078774 24.575225843687733 39.589515563291762 -0.72381054537512735 0.45841863478050809 -0.51570403303613599 0.58026659416609228 0 -0.81442659564560138 -0.3733483281047934 -0.88873638120984744 -0.26600501990635511 
1 45.038862790200895 26.888183048018316 39.509630695999128 -0.7984748840265562 0.29791826787126791 -0.52314679129988095 0.54803217526218184 2.7755575615628914e-17 -0.83645725227138856 -0.24919589574505216 -0.9545913815180731 -0.16326879639183234 
1 45.132037940228813 27.059806312450874 24.442462783980904 -0.79959132138239331 0.29379330593230851 0.52377400867103285 -0.54795586373256711 0 -0.8365072452771084 -0.24576022902629016 -0.9558689729190738 0.16098576471098447 
1 44.55048441423542 28.068425284344023 40.915344090215726 -0.79706019788783666 0.2944654829236803 -0.52724294239897262 0.55170434585855899 -2.775557561562892e-17 -0.83403975610325654 -0.24559591955849394 -0.95566211569075166 -0.16245788663433366 
1 44.696656758164735 28.338018091635 23.071811743503915 -0.79837702022207835 0.29024576358887538 0.52759030535068208 -0.55132360725161833 2.7755575615628914e-17 -0.83429148388741425 -0.24214956879659844 -0.95695213919961053 0.16001934137131915 
1 44.291288316908293 31.608584908190931 42.247990801800313 -0.70833432285200071 0.0042138451697011142 -0.70586452707207459 0.7058707939941351 0 -0.70834061170180662 -0.0029848376651227895 -0.99999112171503091 -0.0029744302357052757 
1 44.713262245155668 36.50299543110868 23.529516761478799 -0.77519953616445969 -0.30637030367333123 0.55245173197078257 -0.58035983767959431 0 -0.81436015300879938 0.24949576737676635 -0.9519124103756138 -0.17780501970970253 
1 44.476626942731421 36.758024976227212 40.64952042871991 -0.79962267602658232 -0.28500064104859368 -0.52856239989804243 0.55143174908611392 2.7755575615628914e-17 -0.83422001060860995 0.2377532377990185 -0.95852732595471202 0.1571584019840897 
1 44.282087676407265 39.099266944910148 24.903092099196886 -0.6124694973023922 -0.57270592271928267 0.54487525265551384 0.6829984858578757 -0.73041978910476479 -2.7755575615628914e-17 0.3979876671330459 0.37214897254514345 0.83851711911182236 
1 44.887156168392998 41.121872750307141 34.531282432959436 -0.79683862377542847 -0.55102206977287282 -0.2478364103252397 0.56876650638373227 -0.82249903417331993 1.3877787807814457e-17 -0.20384520812549223 -0.1409610492553717 0.96880189601233713 
1 44.784935309852969 40.442782188156393 36.206605795864796 -0.78779862797129496 -0.54810290213481161 -0.28099204693005508 0.57111298929008458 -0.82087145976952058 -2.7755575615628914e-17 -0.23065835174709995 -0.16047820788896355 0.95971009662400542 
1 43.919948772776912 41.027476447211072 37.374839745123502 -0.76224113491207768 -0.56635969489578875 -0.31340891538929944 0.59640775138249591 -0.80268162685517774 0 -0.2515675780755996 -0.186919506490559 0.94961826633363744 
1 43.631209928990899 42.951491320138935 32.01808538231235 -0.70944957243712758 -0.70475437474165925 -0.0016048212579203918 0.704755282273687 -0.70945048601529337 1.0842021724855044e-19 -0.0011385412213992965 -0.0011310062586244991 0.99999871227353609 
1 45.381550734072846 24.213941240496421 35.769937937427194 -0.82776703809528185 0.49111901521756829 -0.27130028296094766 -0.5102563020259917 -0.86002238705905776 -1.3877787807814454e-17 -0.23332431696187203 0.13843267912225832 0.96249475659107342 
1 45.007690551444121 29.650754422539531 41.046915189438927 -0.81083710473379778 0.23323671260981071 -0.53679029935150735 0.55201487543726069 0 -0.83383426248624826 -0.19448076224371855 -0.97241998945464325 -0.12875013485870082 
1 45.027671263222707 30.843237386542004 22.863141766525828 -0.83907555988474203 0.070631739735440166 0.53941019840753079 -0.54076077016013024 0 -0.84117643182380164 -0.059413754804164991 -0.99750245981749097 0.038194873977086506 
1 45.92224249183532 31.859763061586147 39.67748306855237 -0.91165961134830065 0.0042477979340271553 -0.41092421351020086 0.41092792087492219 2.1684043449710089e-19 -0.91166783635566184 -0.0038725807517905873 -0.99999097806565829 -0.0017455387733265691 
1 45.826812209768796 32.25276317787467 24.153876961842787 -0.90016058092719253 0.00070432145815814721 0.43555761097253592 -0.43555771900582863 5.4210108624275222e-20 -0.90016080419802758 -0.00063400257018956521 -0.99999975196561119 0.00030677264776222171 
1 45.269513001233712 33.34667963071049 40.799478392341449 -0.84928776842642262 -0.083085214383972955 -0.52135125736113508 0.5231601115738882 6.9388939039072268e-18 -0.85223441473458272 0.070808079053622533 -0.99654244623637045 0.043466870027259713 
1 45.148875454696729 36.040128833134908 40.007196601723855 -0.80431656055685807 -0.28021712875914839 -0.5239782735609988 0.54584672515972377 1.3877787807814457e-17 -0.83788504738562142 0.23478974220862184 -0.95993664413334012 0.15295560206684181 
1 45.416971115506826 35.862601756417561 24.245276328857802 -0.8242572454102377 -0.26973539523022827 0.49783813629403662 -0.51700104796058466 0 -0.85598476412121804 0.23088938866129047 -0.9629344819664486 -0.13945348200609051 
1 45.948231026498085 37.314996773603966 26.569391082599996 -0.92060039222297019 -0.27191632015040257 0.2802792048561169 -0.29125336965757953 0 -0.95664595052877599 0.26012764655456888 -0.96232090013459848 -0.079196544508693956 
1 45.891035237059398 37.402646023112545 37.554982293127807 -0.90954477004670919 -0.2930842469739669 -0.29466919665343672 0.30820345208587208 0 -0.95132046762505418 0.27881704288481107 -0.95608661959871766 0.090329576669364905 
1 45.250743138655572 39.437280211631453 27.145991061452815 -0.81018002741758555 -0.5178025568233191 0.27475231631575731 0.53852777894603543 -0.84260775649376152 1.3877787807814454e-17 0.23150843284228451 0.14796175466580333 0.96151503611702616 
1 46.195740328905664 39.072937766661916 33.90304114226236 -0.89067650532045772 -0.44980686629258754 -0.066099515173555598 0.45079273393529079 -0.89262865236958755 -3.4694469519536134e-18 -0.05900232115165404 -0.029797181156884369 0.99781303564035528 
1 45.081805054055742 40.507415314445602 28.627708085583208 -0.81219872615840794 -0.51042613905557011 0.28248608071103837 0.53209773620497613 -0.84668293895976177 -2.775557561562892e-17 0.23917614503164647 0.15031020405575965 0.95927139757449076 
1 45.89837498695357 24.297617324781125 31.784634971653499 -0.89822935448720176 0.43952600788551049 -0.0009566241326367835 -0.43952620899730721 -0.89822976548567768 0 -0.00085926827031627788 0.00042046137845318265 0.99999954243502986 
1 45.454449303517578 23.421893193528327 33.086827823447571 -0.89093826754053229 0.45389699285241952 -0.014370918947844372 -0.45394387026850436 -0.89103028155369179 0 -0.012804923956283056 0.0065235905664994568 0.9998967330122619 
1 46.668620977866674 25.848276014777035 32.182395791897896 -0.89247665332802706 0.4510887867645168 -0.0020807978568327919 -0.45108976331169598 -0.89247858542118441 -1.0842021724855044e-19 -0.0018570675278135624 0.00093862661273818823 0.99999783513779628 
1 46.241113149988315 28.172565718177751 25.970549519119121 -0.90361391754273634 0.29120591538267709 0.31413532572635983 -0.32836660404273504 -1.3877787807814457e-17 -0.94455035511583074 -0.27505865078653813 -0.95666039682122161 0.095622297511365723 
1 46.352260446934089 27.133803126439879 27.363249541643878 -0.90826037352125555 0.30372036845336781 0.28777948446263518 -0.31713627978164954 -0.94837997661604778 0 0.27292430074525226 -0.091265315099961136 0.9576966995465841 
1 47.03487120424861 27.761655893829875 28.767640574037731 -0.88836726829676338 0.31391625878945267 0.33505250198525571 -0.35289089906431242 0 -0.93566447691337584 -0.29372029207483713 -0.94945067405717998 0.11077819079511532 
1 45.945830154744094 26.664219318024134 37.337027479157008 -0.90657342691357634 0.29542126418968384 -0.30141482756948695 0.31549634765827889 1.3877787807814457e-17 -0.94892679096666177 -0.2803331522108311 -0.95536709000497255 -0.093204329872436764 
1 46.656538573901983 27.987997470057064 36.59075780832503 -0.89168558926339969 0.31875962627287907 -0.3213862326832907 0.33907381931060765 -1.3877787807814454e-17 -0.94075977011037071 -0.29987623273294134 -0.9478355873559372 -0.10808304392236698 
1 46.586131676969266 31.692136357326024 25.671115135882488 -0.88819826360351484 7.0363010268757934e-05 0.45946037868433021 -0.45946037982171356 0 -0.88819826580222883 -6.2496303697335217e-05 -0.99999999752452351 3.2329015423482649e-05 
1 46.611451441411283 31.731261699000473 38.270403604647591 -0.88430835034378596 0.0026391222093003039 -0.46689589476265103 0.46689752072816915 -2.1684043449710084e-19 -0.8843114299486855 -0.0023338059347156859 -0.99999651751091845 -0.0012321996164209601 
1 47.042531833773928 32.884688058967988 26.548632811795674 -0.886463318746887 0.0025458384712435229 0.46279185734272982 -0.46279335709495345 0 -0.88646619147533368 -0.0022567997337146315 -0.99999675934798837 0.0011781971327282741 
1 46.612809684812468 36.086598408626131 27.35264173662711 -0.89079079136256412 -0.31710913885720693 0.32547436162760573 -0.34318654451269659 0 -0.93926726530068916 0.29785023365626523 -0.94838905205260604 -0.1088275895978017 
1 46.607240873242596 36.628749629665002 36.167741625322357 -0.90266460753505962 -0.30271943759984743 -0.30587178425413669 0.32092990713806108 -1.3877787807814454e-17 -0.94710294831362207 0.28670647186265702 -0.95307971445164663 0.097151720997805127 
1 47.055955634191314 35.270458782460587 36.184420365253914 -0.90352128554853417 -0.30063153137836035 -0.30540132432886774 0.32021432224782614 -1.3877787807814457e-17 -0.94734512603768928 0.2848018159845363 -0.953740364219268 0.09626652206664775 
1 45.433442522145597 40.62549975680227 30.888071480963582 -0.89850179676274444 -0.438933069334764 0.0056817126364539549 0.43894015429391514 -0.89851629976780845 0 0.0051051114144506065 0.0024939318212987859 0.99998385894049147 
1 46.251222437728693 39.000620652664487 32.036930113792629 -0.89521465566196312 -0.44549829109749495 0.011045040391262936 0.44552546740208698 -0.89526926558223374 0 0.0098882851994120755 0.0049208467827923496 0.99993900168098038 
1 47.073228601632053 37.340329652300248 31.123604242478482 -0.89041593628332316 -0.45512463977634621 0.004585049742829527 0.45512942382186788 -0.89042529589605368 -2.1684043449710089e-19 0.004082644273957106 0.0020867910476486061 0.99998948860418335 
1 47.069147720849102 26.713084615809063 31.022041751058875 -0.91251924450186128 0.40774956431349202 0.032387053214358426 -0.40796358127781057 -0.9129982017238496 0 0.029569321343843866 -0.01321273821636469 0.99947540179040439 
1 47.147795329512583 27.895447870156477 35.096991428607922 -0.90032606527949899 0.31330043931981566 -0.30208576745743254 -0.32865495205427686 -0.9444500635238483 0 -0.28530492226482257 0.099281983420001899 0.95328075040863691 
1 47.546183344257429 28.916599799167287 31.981259079834764 -0.9997293318425361 -0.0067609637656309441 0.022261006774992775 -0.022261515574769648 0 -0.99975218175521596 0.0067592882754574967 -0.99997714442329133 -0.0001505093001690465 
1 47.519675398327678 29.911239105847823 30.023408152491033 -0.99996673122164403 0.0045071383110468644 0.0067986876781815746 -0.0067987567345098197 -6.7762635780344027e-21 -0.99997688818635455 -0.0045070341429061453 -0.99998984280053826 3.0642936945597092e-05 
1 47.513736725260166 31.146969116345204 29.95641224234209 -0.99945148893853242 -0.031039312171822979 0.011544797895626291 0.031041380874981976 -0.99951810022298959 0 0.011539234460094758 0.00035836646860282613 0.9999333566001033 
1 47.549784100691724 31.849099650358738 31.609888796081481 -0.99145185079154563 0.10728316882561673 0.074253277697035006 -0.10758015298647206 -0.99419641453960561 0 0.073822342454205866 -0.0079881789743940189 0.99723941496074409 
1 47.545794714248018 31.082681014186473 34.16983485260409 -0.99991278456004262 -0.013122764870495572 0.0014887295038150822 0.013122779412613573 -0.9999138926230039 0 0.0014886013132224514 1.9536268883614976e-05 0.99999889184161828 
1 47.534534394727544 30.74158378273496 35.234946356669255 -0.99954699192218455 -0.001458339914875313 -0.030061340356095267 0.030061372322703835 -6.7762635780344042e-21 -0.99954805481981501 0.0014576808251797137 -0.99999893662178096 4.3839699154127006e-05 
1 47.534699410412841 33.57102844459412 28.5916489186531 -0.99942232483626359 -0.002894906807530706 0.033862016086668854 -0.033862157977626824 1.3552527156068805e-20 -0.99942651268469884 0.0028932466151976076 -0.99999580974850877 -9.8027791647112083e-05 
1 47.533137941091191 33.139437716591374 29.401253677769802 -0.9995849985764993 0.023286777055427432 -0.016957494956231323 -0.023290125911311289 -0.9997287482287559 0 -0.016952895205688587 0.00039494219267105366 0.99985621134481606 
1 47.553515198545938 32.798756608365593 33.894967073581007 -0.99616203757528365 0.061299466845572713 -0.062478558388521156 0.062596275730886969 -4.3368086899420177e-19 -0.9980389302349999 -0.061179254314531223 -0.99811941939050985 -0.0038371183288218322 
1 47.553236920417774 34.262170834250206 33.80001088015446 -0.99945299581304559 -0.024478010886326163 -0.022238168615627385 0.024484065762735797 -0.99970022032793715 -1.0842021724855047e-19 -0.022231502064732518 -0.00054448078282782835 0.99975270135000038 
1 47.079964684958853 32.983289289880958 37.205173725935765 -0.92704510948500829 -0.058998986415725589 -0.37027892808239321 0.37092506374456757 0 -0.92866280052885097 0.054790163953191369 -0.99825804259315498 0.021884202797117894 
1 47.534344458631843 34.0584538883788 32.253425099072068 -0.99236401438564048 -0.069809588001214756 0.10168718884656583 -0.10193587826872529 0 -0.9947909713711639 0.069445947858749163 -0.99756033472823114 -0.0071161016644816907 
1 47.522779256132232 34.798932456123417 31.523809448844602 -0.9993062710651518 0.023205620944231904 -0.029128607355211632 0.029136453413999855 0 -0.99957544341708082 -0.023195768845099305 -0.99973071332063856 -0.00067612949358455217 
1 47.095040746614941 36.21845226423541 28.854217718861175 -0.90151089758552272 -0.31143162215553233 0.30048035918528704 0.32652080056986893 -0.94519001623758803 0 0.28401103557741775 0.09811308743670169 0.95378800251622009 
Triangulations 0

TShapes 2004
Ve
1e-07
41.4423408508301 18.9162216186523 30.553466796875
0 0

0101101
*
Ve
1e-07
38.875072479248 17.7173671722412 29.1783199310303
0 0

0101101
*
Ed
 1e-07 1 1 0
1  1 0 0 3.14946785632871
0

0101000
+2004 0 -2003 0 *
Ve
1e-07
41.7060356140137 19.1210060119629 33.7033767700195
0 0

0101101
*
Ed
 1e-07 1 1 0
1  2 0 0 5.51912073240482
0

0101000
+2003 0 -2001 0 *
Ed
 1e-07 1 1 0
1  3 0 0 3.16755495844814
0

0101000
+2001 0 -2004 0 *
Wi

0101100
+2002 0 +2000 0 +1999 0 *
Fa
0  1e-07 1 0

0101000
+1998 0 *
Ve
1e-07
36.5276222229004 16.4984321594238 33.628475189209
0 0

0101101
*
Ed
 1e-07 1 1 0
1  4 0 0 5.17689164396884
0

0101000
+1996 0 -2003 0 *
Ed
 1e-07 1 1 0
1  5 0 0 5.8051243835159
0

0101000
+1996 0 -2001 0 *
Wi

0101100
-2000 0 -1995 0 +1994 0 *
Fa
0  1e-07 2 0

0101000
+1993 0 *
Ve
1e-07
38.3171539306641 40.8664169311523 43.6276550292969
0 0

0101101
*
Ve
1e-07
39.8716125488281 43.1919975280762 40.5315933227539
0 0

0101101
*
Ed
 1e-07 1 1 0
1  6 0 0 4.17256094012956
0

0101000
+1991 0 -1990 0 *
Ve
1e-07
40.161491394043 40.3052520751953 43.1045112609863
0 0

0101101
*
Ed
 1e-07 1 1 0
1  7 0 0 3.87778748405706
0

0101000
+1990 0 -1988 0 *
Ed
 1e-07 1 1 0
1  8 0 0 1.99754000628432
0

0101000
+1988 0 -1991 0 *
Wi

0101100
+1989 0 +1987 0 +1986 0 *
Fa
0  1e-07 3 0

0101000
+1985 0 *
Ve
1e-07
37.721019744873 43.7275085449219 41.1759643554688
0 0

0101101
*
Ed
 1e-07 1 1 0
1  9 0 0 3.81470947124245
0

0101000
+1983 0 -1991 0 *
Ed
 1e-07 1 1 0
1  10 0 0 2.30803714991516
0

0101000
+1983 0 -1990 0 *
Wi

0101100
-1989 0 -1982 0 +1981 0 *
Fa
0  1e-07 4 0

0101000
+1980 0 *
Ve
1e-07
34.7241096496582 42.940071105957 43.5815849304199
0 0

0101101
*
Ed
 1e-07 1 1 0
1  11 0 0 3.9228227323845
0

0101000
+1983 0 -1978 0 *
Ve
1e-07
38.5900115966797 45.1296920776367 38.6714820861816
0 0

0101101
*
Ed
 1e-07 1 1 0
1  12 0 0 6.62183870270191
0

0101000
+1978 0 -1976 0 *
Ed
 1e-07 1 1 0
1  13 0 0 2.99894930518949
0

0101000
+1976 0 -1983 0 *
Wi

0101100
+1977 0 +1975 0 +1974 0 *
Fa
0  1e-07 5 0

0101000
+1973 0 *
Ve
1e-07
34.7841453552246 46.1845092773438 39.123218536377
0 0

0101101
*
Ed
 1e-07 1 1 0
1  14 0 0 5.51425554698236
0

0101000
+1971 0 -1978 0 *
Ed
 1e-07 1 1 0
1  15 0 0 3.97508779690213
0

0101000
+1971 0 -1976 0 *
Wi

0101100
-1975 0 -1970 0 +1969 0 *
Fa
0  1e-07 6 0

0101000
+1968 0 *
Ve
1e-07
39.7687034606934 23.3232879638672 43.179759979248
0 0

0101101
*
Ve
1e-07
34.6130638122559 20.6758785247803 43.230396270752
0 0

0101101
*
Ed
 1e-07 1 1 0
1  16 0 0 5.79585722363176
0

0101000
+1966 0 -1965 0 *
Ve
1e-07
38.500617980957 25.2950248718262 45.1422729492188
0 0

0101101
*
Ed
 1e-07 1 1 0
1  17 0 0 6.33284002827156
0

0101000
+1965 0 -1963 0 *
Ed
 1e-07 1 1 0
1  18 0 0 3.05732634428008
0

0101000
+1963 0 -1966 0 *
Wi

0101100
+1964 0 +1962 0 +1961 0 *
Fa
0  1e-07 7 0

0101000
+1960 0 *
Ve
1e-07
34.7634963989258 24.6926536560059 46.0984115600586
0 0

0101101
*
Ed
 1e-07 1 1 0
1  19 0 0 4.93787647857469
0

0101000
+1958 0 -1965 0 *
Ed
 1e-07 1 1 0
1  20 0 0 3.90424510548087
0

0101000
+1958 0 -1963 0 *
Wi

0101100
-1962 0 -1957 0 +1956 0 *
Fa
0  1e-07 8 0

0101000
+1955 0 *
Ve
1e-07
32.3376121520996 31.9118728637695 16.3615398406982
0 0

0101101
*
Ve
1e-07
32.0881080627441 33.5274047851562 16.5095291137695
0 0

0101101
*
Ed
 1e-07 1 1 0
1  21 0 0 1.6413703130521
0

0101000
+1953 0 -1952 0 *
Ve
1e-07
31.1737728118896 31.517147064209 16.457914352417
0 0

0101101
*
Ed
 1e-07 1 1 0
1  22 0 0 2.20902900369658
0

0101000
+1952 0 -1950 0 *
Ed
 1e-07 1 1 0
1  23 0 0 1.23272807754512
0

0101000
+1950 0 -1953 0 *
Wi

0101100
+1951 0 +1949 0 +1948 0 *
Fa
0  1e-07 9 0

0101000
+1947 0 *
Ve
1e-07
28.3573169708252 34.7048110961914 16.4875221252441
0 0

0101101
*
Ed
 1e-07 1 1 0
1  24 0 0 3.91223364593056
0

0101000
+1952 0 -1945 0 *
Ed
 1e-07 1 1 0
1  25 0 0 4.25376328745175
0

0101000
+1950 0 -1945 0 *
Wi

0101100
-1949 0 +1944 0 -1943 0 *
Fa
0  1e-07 10 0

0101000
+1942 0 *
Ve
1e-07
29.2459487915039 17.7622852325439 24.9796981811523
0 0

0101101
*
Ve
1e-07
25.2950115203857 18.8577270507812 25.4993934631348
0 0

0101101
*
Ed
 1e-07 1 1 0
1  26 0 0 4.13279339957473
0

0101000
+1940 0 -1939 0 *
Ve
1e-07
29.8459091186523 16.4919090270996 28.0532665252686
0 0

0101101
*
Ed
 1e-07 1 1 0
1  27 0 0 5.72974968812585
0

0101000
+1939 0 -1937 0 *
Ed
 1e-07 1 1 0
1  28 0 0 3.37944233024688
0

0101000
+1937 0 -1940 0 *
Wi

0101100
+1938 0 +1936 0 +1935 0 *
Fa
0  1e-07 11 0

0101000
+1934 0 *
Ve
1e-07
24.6928806304932 17.9016170501709 29.2360877990723
0 0

0101101
*
Ed
 1e-07 1 1 0
1  29 0 0 5.47174976363633
0

0101000
+1932 0 -1937 0 *
Ed
 1e-07 1 1 0
1  30 0 0 3.90379206695968
0

0101000
+1932 0 -1939 0 *
Wi

0101100
+1931 0 -1936 0 -1930 0 *
Fa
0  1e-07 12 0

0101000
+1929 0 *
Ve
1e-07
24.8767795562744 34.7841453552246 17.8154888153076
0 0

0101101
*
Ed
 1e-07 1 1 0
1  31 0 0 3.72611461829374
0

0101000
+1945 0 -1927 0 *
Ve
1e-07
27.6767063140869 30.4465427398682 16.4104232788086
0 0

0101101
*
Ed
 1e-07 1 1 0
1  32 0 0 5.35056963880658
0

0101000
+1927 0 -1925 0 *
Ed
 1e-07 1 1 0
1  33 0 0 4.31300643317991
0

0101000
+1925 0 -1945 0 *
Wi

0101100
+1926 0 +1924 0 +1923 0 *
Fa
0  1e-07 13 0

0101000
+1922 0 *
Ve
1e-07
25.3058528900146 29.3262176513672 17.6113471984863
0 0

0101101
*
Ed
 1e-07 1 1 0
1  34 0 0 5.47857212656544
0

0101000
+1920 0 -1927 0 *
Ed
 1e-07 1 1 0
1  35 0 0 2.88414502465012
0

0101000
+1920 0 -1925 0 *
Wi

0101100
-1924 0 -1919 0 +1918 0 *
Fa
0  1e-07 14 0

0101000
+1917 0 *
Ve
1e-07
27.7799911499023 16.4900245666504 30.0100841522217
0 0

0101101
*
Ed
 1e-07 1 1 0
1  36 0 0 3.48165406858105
0

0101000
+1915 0 -1932 0 *
Ve
1e-07
27.676700592041 16.4104232788086 33.5535163879395
0 0

0101101
*
Ed
 1e-07 1 1 0
1  37 0 0 5.45591697578408
0

0101000
+1932 0 -1913 0 *
Ed
 1e-07 1 1 0
1  38 0 0 3.54583097644166
0

0101000
+1913 0 -1915 0 *
Wi

0101100
+1914 0 +1912 0 +1911 0 *
Fa
0  1e-07 15 0

0101000
+1910 0 *
Ve
1e-07
25.1191940307617 17.72119140625 34.829231262207
0 0

0101101
*
Ed
 1e-07 1 1 0
1  39 0 0 5.61226784174098
0

0101000
+1908 0 -1932 0 *
Ed
 1e-07 1 1 0
1  40 0 0 3.14426483225101
0

0101000
+1908 0 -1913 0 *
Wi

0101100
-1912 0 -1907 0 +1906 0 *
Fa
0  1e-07 16 0

0101000
+1905 0 *
Ve
1e-07
20.8202342987061 39.7686920166016 40.6767158508301
0 0

0101101
*
Ve
1e-07
20.7708053588867 34.6367340087891 43.3138046264648
0 0

0101101
*
Ed
 1e-07 1 1 0
1  41 0 0 5.77006702080846
0

0101000
+1903 0 -1902 0 *
Ve
1e-07
18.8577270507812 38.500602722168 38.7049903869629
0 0

0101101
*
Ed
 1e-07 1 1 0
1  42 0 0 6.31114242759645
0

0101000
+1902 0 -1900 0 *
Ed
 1e-07 1 1 0
1  43 0 0 3.0573168729585
0

0101000
+1900 0 -1903 0 *
Wi

0101100
+1901 0 +1899 0 +1898 0 *
Fa
0  1e-07 17 0

0101000
+1897 0 *
Ve
1e-07
17.9014167785645 34.7637062072754 39.3068466186523
0 0

0101101
*
Ed
 1e-07 1 1 0
1  44 0 0 4.930032985736
0

0101000
+1895 0 -1902 0 *
Ed
 1e-07 1 1 0
1  45 0 0 3.90399229294668
0

0101000
+1900 0 -1895 0 *
Wi

0101100
-1899 0 -1894 0 -1893 0 *
Fa
0  1e-07 18 0

0101000
+1892 0 *
Ve
1e-07
19.1210060119629 30.2966232299805 22.293966293335
0 0

0101101
*
Ve
1e-07
17.7173671722412 34.8216781616211 25.1249294281006
0 0

0101101
*
Ed
 1e-07 1 1 0
1  46 0 0 5.51911916859406
0

0101000
+1890 0 -1889 0 *
Ve
1e-07
16.4984321594238 30.3715229034424 27.472375869751
0 0

0101101
*
Ed
 1e-07 1 1 0
1  47 0 0 5.17688991420378
0

0101000
+1889 0 -1887 0 *
Ed
 1e-07 1 1 0
1  48 0 0 5.8051209560373
0

0101000
+1887 0 -1890 0 *
Wi

0101100
+1888 0 +1886 0 +1885 0 *
Fa
0  1e-07 19 0

0101000
+1884 0 *
Ve
1e-07
16.4104251861572 33.5534591674805 27.6766777038574
0 0

0101101
*
Ed
 1e-07 1 1 0
1  49 0 0 3.13494753304042
0

0101000
+1882 0 -1889 0 *
Ed
 1e-07 1 1 0
1  50 0 0 3.18970262801463
0

0101000
+1887 0 -1882 0 *
Wi

0101100
-1886 0 -1881 0 -1880 0 *
Fa
0  1e-07 20 0

0101000
+1879 0 *
Ve
1e-07
17.8104476928711 25.0416469573975 28.9084300994873
0 0

0101101
*
Ve
1e-07
16.4951438903809 27.4473648071289 30.5024871826172
0 0

0101101
*
Ed
 1e-07 1 1 0
1  51 0 0 3.17151705807147
0

0101000
+1877 0 -1876 0 *
Ve
1e-07
18.9766826629639 22.4875831604004 30.4976348876953
0 0

0101101
*
Ed
 1e-07 1 1 0
1  52 0 0 5.5459437616896
0

0101000
+1876 0 -1874 0 *
Ed
 1e-07 1 1 0
1  53 0 0 3.2262854404813
0

0101000
+1874 0 -1877 0 *
Wi

0101100
+1875 0 +1873 0 +1872 0 *
Fa
0  1e-07 21 0

0101000
+1871 0 *
Ve
1e-07
17.7377853393555 25.0322647094727 34.7285270690918
0 0

0101101
*
Ed
 1e-07 1 1 0
1  54 0 0 5.02357237177721
0

0101000
+1876 0 -1869 0 *
Ed
 1e-07 1 1 0
1  55 0 0 5.09025730344103
0

0101000
+1869 0 -1874 0 *
Wi

0101100
-1873 0 +1868 0 +1867 0 *
Fa
0  1e-07 22 0

0101000
+1866 0 *
Ve
1e-07
16.5056343078613 27.4097537994385 33.6688690185547
0 0

0101101
*
Ed
 1e-07 1 1 0
1  56 0 0 2.87984821151857
0

0101000
+1864 0 -1869 0 *
Ed
 1e-07 1 1 0
1  57 0 0 3.16662258056014
0

0101000
+1864 0 -1876 0 *
Wi

0101100
+1863 0 -1868 0 -1862 0 *
Fa
0  1e-07 23 0

0101000
+1861 0 *
Ve
1e-07
16.4104232788086 30.4465656280518 36.3232841491699
0 0

0101101
*
Ed
 1e-07 1 1 0
1  58 0 0 4.03450256017987
0

0101000
+1859 0 -1864 0 *
Ed
 1e-07 1 1 0
1  59 0 0 6.54859225116964
0

0101000
+1876 0 -1859 0 *
Wi

0101100
+1858 0 +1862 0 +1857 0 *
Fa
0  1e-07 24 0

0101000
+1856 0 *
Ve
1e-07
17.7145214080811 29.1547756195068 38.8773803710938
0 0

0101101
*
Ed
 1e-07 1 1 0
1  60 0 0 3.14528231925117
0

0101000
+1859 0 -1854 0 *
Ed
 1e-07 1 1 0
1  61 0 0 5.62450883927838
0

0101000
+1854 0 -1864 0 *
Wi

0101100
-1858 0 +1853 0 +1852 0 *
Fa
0  1e-07 25 0

0101000
+1851 0 *
Ve
1e-07
16.457914352417 31.517147064209 32.8262252807617
0 0

0101101
*
Ed
 1e-07 1 1 0
1  62 0 0 4.68660563812544
0

0101000
+1849 0 -1876 0 *
Ed
 1e-07 1 1 0
1  63 0 0 3.65757033324438
0

0101000
+1849 0 -1859 0 *
Wi

0101100
-1857 0 -1848 0 +1847 0 *
Fa
0  1e-07 26 0

0101000
+1846 0 *
Ve
1e-07
16.3615398406982 31.9118728637695 31.6623859405518
0 0

0101101
*
Ed
 1e-07 1 1 0
1  64 0 0 4.61465571397898
0

0101000
+1844 0 -1876 0 *
Ed
 1e-07 1 1 0
1  65 0 0 4.21097209125265
0

0101000
+1876 0 -1887 0 *
Ed
 1e-07 1 1 0
1  66 0 0 4.46627382732159
0

0101000
+1887 0 -1844 0 *
Wi

0101100
+1843 0 +1842 0 +1841 0 *
Fa
0  1e-07 27 0

0101000
+1840 0 *
Ed
 1e-07 1 1 0
1  67 0 0 1.23272807754512
0

0101000
+1844 0 -1849 0 *
Wi

0101100
+1848 0 -1843 0 +1838 0 *
Fa
0  1e-07 28 0

0101000
+1837 0 *
Ve
1e-07
16.4900245666504 33.9899101257324 36.2200126647949
0 0

0101101
*
Ed
 1e-07 1 1 0
1  68 0 0 4.19921195372606
0

0101000
+1849 0 -1835 0 *
Ed
 1e-07 1 1 0
1  69 0 0 3.54574274218462
0

0101000
+1835 0 -1859 0 *
Wi

0101100
-1847 0 +1834 0 +1833 0 *
Fa
0  1e-07 29 0

0101000
+1832 0 *
Ve
1e-07
16.5095291137695 33.5274047851562 31.9118938446045
0 0

0101101
*
Ed
 1e-07 1 1 0
1  70 0 0 5.44692880830777
0

0101000
+1887 0 -1830 0 *
Ed
 1e-07 1 1 0
1  71 0 0 1.64137089292713
0

0101000
+1830 0 -1844 0 *
Wi

0101100
-1841 0 +1829 0 +1828 0 *
Fa
0  1e-07 30 0

0101000
+1827 0 *
Ed
 1e-07 1 1 0
1  72 0 0 4.23645561503375
0

0101000
+1882 0 -1830 0 *
Wi

0101100
-1829 0 +1880 0 +1825 0 *
Fa
0  1e-07 31 0

0101000
+1824 0 *
Ed
 1e-07 1 1 0
1  73 0 0 2.20902742476478
0

0101000
+1830 0 -1849 0 *
Wi

0101100
-1828 0 +1822 0 -1838 0 *
Fa
0  1e-07 32 0

0101000
+1821 0 *
Ed
 1e-07 1 1 0
1  74 0 0 3.48128312700216
0

0101000
+1835 0 -1895 0 *
Ed
 1e-07 1 1 0
1  75 0 0 5.4554935071355
0

0101000
+1895 0 -1859 0 *
Wi

0101100
+1819 0 +1818 0 -1833 0 *
Fa
0  1e-07 33 0

0101000
+1817 0 *
Ve
1e-07
16.4919090270996 35.9467315673828 34.1540908813477
0 0

0101101
*
Ed
 1e-07 1 1 0
1  76 0 0 3.29862093885199
0

0101000
+1815 0 -1830 0 *
Ed
 1e-07 1 1 0
1  77 0 0 6.90588689947882
0

0101000
+1882 0 -1815 0 *
Wi

0101100
+1814 0 -1825 0 +1813 0 *
Fa
0  1e-07 34 0

0101000
+1812 0 *
Ed
 1e-07 1 1 0
1  78 0 0 4.62445689372103
0

0101000
+1815 0 -1849 0 *
Wi

0101100
-1822 0 -1814 0 +1810 0 *
Fa
0  1e-07 35 0

0101000
+1809 0 *
Ed
 1e-07 1 1 0
1  79 0 0 2.8455555733487
0

0101000
+1815 0 -1835 0 *
Wi

0101100
-1834 0 -1810 0 +1807 0 *
Fa
0  1e-07 36 0

0101000
+1806 0 *
Ve
1e-07
16.5056324005127 36.590217590332 30.331075668335
0 0

0101101
*
Ed
 1e-07 1 1 0
1  80 0 0 4.03445097705348
0

0101000
+1804 0 -1882 0 *
Ed
 1e-07 1 1 0
1  81 0 0 3.87681672401925
0

0101000
+1804 0 -1815 0 *
Wi

0101100
-1813 0 -1803 0 +1802 0 *
Fa
0  1e-07 37 0

0101000
+1801 0 *
Ed
 1e-07 1 1 0
1  82 0 0 5.63027455304159
0

0101000
+1889 0 -1804 0 *
Wi

0101100
+1881 0 +1799 0 +1803 0 *
Fa
0  1e-07 38 0

0101000
+1798 0 *
Ve
1e-07
17.7622852325439 39.0203018188477 34.7540512084961
0 0

0101101
*
Ed
 1e-07 1 1 0
1  83 0 0 5.2006921007493
0

0101000
+1804 0 -1796 0 *
Ed
 1e-07 1 1 0
1  84 0 0 3.37944406496111
0

0101000
+1796 0 -1815 0 *
Wi

0101100
-1802 0 +1795 0 +1794 0 *
Fa
0  1e-07 39 0

0101000
+1793 0 *
Ed
 1e-07 1 1 0
1  85 0 0 5.67373017608158
0

0101000
+1877 0 -1887 0 *
Wi

0101100
-1875 0 +1791 0 -1842 0 *
Fa
0  1e-07 40 0

0101000
+1790 0 *
Ed
 1e-07 1 1 0
1  86 0 0 5.84881365196239
0

0101000
+1854 0 -1869 0 *
Wi

0101100
-1852 0 +1788 0 -1863 0 *
Fa
0  1e-07 41 0

0101000
+1787 0 *
Ve
1e-07
17.9625415802002 28.8140182495117 24.8427600860596
0 0

0101101
*
Ed
 1e-07 1 1 0
1  87 0 0 5.54829616857429
0

0101000
+1877 0 -1785 0 *
Ed
 1e-07 1 1 0
1  88 0 0 3.38885176908946
0

0101000
+1785 0 -1887 0 *
Wi

0101100
-1791 0 +1784 0 +1783 0 *
Fa
0  1e-07 42 0

0101000
+1782 0 *
Ve
1e-07
18.9162216186523 33.446533203125 22.5576591491699
0 0

0101101
*
Ed
 1e-07 1 1 0
1  89 0 0 3.14946857829026
0

0101000
+1780 0 -1889 0 *
Ed
 1e-07 1 1 0
1  90 0 0 3.16755479966446
0

0101000
+1890 0 -1780 0 *
Wi

0101100
+1779 0 -1888 0 +1778 0 *
Fa
0  1e-07 43 0

0101000
+1777 0 *
Ed
 1e-07 1 1 0
1  91 0 0 5.62845213852849
0

0101000
+1854 0 -1895 0 *
Wi

0101100
-1818 0 -1775 0 -1853 0 *
Fa
0  1e-07 44 0

0101000
+1774 0 *
Ve
1e-07
18.9227447509766 30.9394245147705 41.4798240661621
0 0

0101101
*
Ed
 1e-07 1 1 0
1  92 0 0 4.51553676524126
0

0101000
+1895 0 -1772 0 *
Ed
 1e-07 1 1 0
1  93 0 0 3.37897743580576
0

0101000
+1772 0 -1854 0 *
Wi

0101100
+1771 0 +1770 0 +1775 0 *
Fa
0  1e-07 45 0

0101000
+1769 0 *
Ed
 1e-07 1 1 0
1  94 0 0 5.4714854283296
0

0101000
+1815 0 -1895 0 *
Wi

0101100
-1807 0 +1767 0 -1819 0 *
Fa
0  1e-07 46 0

0101000
+1766 0 *
Ve
1e-07
17.644947052002 38.7559432983398 29.2979221343994
0 0

0101101
*
Ed
 1e-07 1 1 0
1  95 0 0 5.73563901990347
0

0101000
+1889 0 -1764 0 *
Ed
 1e-07 1 1 0
1  96 0 0 2.65627783601557
0

0101000
+1764 0 -1804 0 *
Wi

0101100
-1799 0 +1763 0 +1762 0 *
Fa
0  1e-07 47 0

0101000
+1761 0 *
Ed
 1e-07 1 1 0
1  97 0 0 5.72975035290627
0

0101000
+1815 0 -1900 0 *
Wi

0101100
-1767 0 +1759 0 +1893 0 *
Fa
0  1e-07 48 0

0101000
+1758 0 *
Ed
 1e-07 1 1 0
1  98 0 0 5.46378972410003
0

0101000
+1764 0 -1796 0 *
Wi

0101100
-1762 0 +1756 0 -1795 0 *
Fa
0  1e-07 49 0

0101000
+1755 0 *
Ed
 1e-07 1 1 0
1  99 0 0 4.13279570269045
0

0101000
+1796 0 -1900 0 *
Wi

0101100
+1753 0 -1759 0 -1794 0 *
Fa
0  1e-07 50 0

0101000
+1752 0 *
Ve
1e-07
20.2687644958496 21.170316696167 34.6355934143066
0 0

0101101
*
Ed
 1e-07 1 1 0
1  100 0 0 4.61834760626299
0

0101000
+1869 0 -1750 0 *
Ed
 1e-07 1 1 0
1  101 0 0 4.53071375929033
0

0101000
+1750 0 -1874 0 *
Wi

0101100
-1867 0 +1749 0 +1748 0 *
Fa
0  1e-07 51 0

0101000
+1747 0 *
Ve
1e-07
18.8923358917236 25.2680740356445 25.3218040466309
0 0

0101101
*
Ed
 1e-07 1 1 0
1  102 0 0 5.87600789485928
0

0101000
+1874 0 -1745 0 *
Ed
 1e-07 1 1 0
1  103 0 0 3.75308376400108
0

0101000
+1745 0 -1877 0 *
Wi

0101100
-1872 0 +1744 0 +1743 0 *
Fa
0  1e-07 52 0

0101000
+1742 0 *
Ve
1e-07
18.8457145690918 25.3404674530029 38.57421875
0 0

0101101
*
Ed
 1e-07 1 1 0
1  104 0 0 4.01395573142384
0

0101000
+1869 0 -1740 0 *
Ed
 1e-07 1 1 0
1  105 0 0 5.90999136748527
0

0101000
+1740 0 -1750 0 *
Wi

0101100
+1739 0 +1738 0 -1749 0 *
Fa
0  1e-07 53 0

0101000
+1737 0 *
Ed
 1e-07 1 1 0
1  106 0 0 3.99004407558113
0

0101000
+1854 0 -1740 0 *
Wi

0101100
+1735 0 -1739 0 -1788 0 *
Fa
0  1e-07 54 0

0101000
+1734 0 *
Ed
 1e-07 1 1 0
1  107 0 0 3.69698809110326
0

0101000
+1745 0 -1785 0 *
Wi

0101100
-1743 0 +1732 0 -1784 0 *
Fa
0  1e-07 55 0

0101000
+1731 0 *
Ve
1e-07
19.969596862793 26.7701320648193 22.8935356140137
0 0

0101101
*
Ed
 1e-07 1 1 0
1  108 0 0 3.05174656609013
0

0101000
+1745 0 -1729 0 *
Ed
 1e-07 1 1 0
1  109 0 0 3.46485464136413
0

0101000
+1729 0 -1785 0 *
Wi

0101100
+1728 0 +1727 0 -1732 0 *
Fa
0  1e-07 56 0

0101000
+1726 0 *
Ve
1e-07
20.8143787384033 29.1202392578125 43.3755035400391
0 0

0101101
*
Ed
 1e-07 1 1 0
1  110 0 0 5.46291316713293
0

0101000
+1854 0 -1724 0 *
Ed
 1e-07 1 1 0
1  111 0 0 6.41986363897434
0

0101000
+1724 0 -1740 0 *
Wi

0101100
+1723 0 +1722 0 -1735 0 *
Fa
0  1e-07 57 0

0101000
+1721 0 *
Ed
 1e-07 1 1 0
1  112 0 0 3.16804469122541
0

0101000
+1785 0 -1890 0 *
Wi

0101100
+1719 0 -1885 0 -1783 0 *
Fa
0  1e-07 58 0

0101000
+1718 0 *
Ve
1e-07
18.8958072662354 38.4671745300293 25.2132511138916
0 0

0101101
*
Ed
 1e-07 1 1 0
1  113 0 0 3.8322533250545
0

0101000
+1889 0 -1716 0 *
Ed
 1e-07 1 1 0
1  114 0 0 4.28165575716684
0

0101000
+1716 0 -1764 0 *
Wi

0101100
+1715 0 +1714 0 -1763 0 *
Fa
0  1e-07 59 0

0101000
+1713 0 *
Ve
1e-07
19.4703025817871 42.0336799621582 29.7744598388672
0 0

0101101
*
Ed
 1e-07 1 1 0
1  115 0 0 5.81847324457106
0

0101000
+1716 0 -1711 0 *
Ed
 1e-07 1 1 0
1  116 0 0 3.7818736931891
0

0101000
+1711 0 -1764 0 *
Wi

0101100
-1714 0 +1710 0 +1709 0 *
Fa
0  1e-07 60 0

0101000
+1708 0 *
Ve
1e-07
18.9420909881592 41.483512878418 33.4015426635742
0 0

0101101
*
Ed
 1e-07 1 1 0
1  117 0 0 5.09528406006397
0

0101000
+1764 0 -1706 0 *
Ed
 1e-07 1 1 0
1  118 0 0 3.04772533359865
0

0101000
+1706 0 -1796 0 *
Wi

0101100
+1705 0 +1704 0 -1756 0 *
Fa
0  1e-07 61 0

0101000
+1703 0 *
Ed
 1e-07 1 1 0
1  119 0 0 3.70640272028809
0

0101000
+1711 0 -1706 0 *
Wi

0101100
+1701 0 -1705 0 -1709 0 *
Fa
0  1e-07 62 0

0101000
+1700 0 *
Ve
1e-07
19.9617290496826 40.7024192810059 37.9246940612793
0 0

0101101
*
Ed
 1e-07 1 1 0
1  120 0 0 2.58373352500335
0

0101000
+1698 0 -1900 0 *
Ed
 1e-07 1 1 0
1  121 0 0 4.20951878023513
0

0101000
+1796 0 -1698 0 *
Wi

0101100
+1697 0 -1753 0 +1696 0 *
Fa
0  1e-07 63 0

0101000
+1695 0 *
Ed
 1e-07 1 1 0
1  122 0 0 4.70198549029948
0

0101000
+1706 0 -1698 0 *
Wi

0101100
-1696 0 -1704 0 +1693 0 *
Fa
0  1e-07 64 0

0101000
+1692 0 *
Ve
1e-07
20.6754894256592 20.7695808410645 29.3879718780518
0 0

0101101
*
Ed
 1e-07 1 1 0
1  123 0 0 2.65872683463235
0

0101000
+1690 0 -1874 0 *
Ed
 1e-07 1 1 0
1  124 0 0 5.27859320102046
0

0101000
+1750 0 -1690 0 *
Wi

0101100
+1689 0 -1748 0 +1688 0 *
Fa
0  1e-07 65 0

0101000
+1687 0 *
Ve
1e-07
20.1472930908203 23.1354713439941 26.00390625
0 0

0101101
*
Ed
 1e-07 1 1 0
1  125 0 0 4.162731004395
0

0101000
+1690 0 -1685 0 *
Ed
 1e-07 1 1 0
1  126 0 0 4.68867624617969
0

0101000
+1685 0 -1874 0 *
Wi

0101100
+1684 0 +1683 0 -1689 0 *
Fa
0  1e-07 66 0

0101000
+1682 0 *
Ed
 1e-07 1 1 0
1  127 0 0 2.56674409083572
0

0101000
+1685 0 -1745 0 *
Wi

0101100
-1683 0 +1680 0 -1744 0 *
Fa
0  1e-07 67 0

0101000
+1679 0 *
Ed
 1e-07 1 1 0
1  128 0 0 4.78714319800136
0

0101000
+1685 0 -1729 0 *
Wi

0101100
+1677 0 -1728 0 -1680 0 *
Fa
0  1e-07 68 0

0101000
+1676 0 *
Ve
1e-07
20.2195014953613 25.7776107788086 40.8114395141602
0 0

0101101
*
Ed
 1e-07 1 1 0
1  129 0 0 4.25458204900829
0

0101000
+1724 0 -1674 0 *
Ed
 1e-07 1 1 0
1  130 0 0 2.66149235461515
0

0101000
+1674 0 -1740 0 *
Wi

0101100
+1673 0 +1672 0 -1722 0 *
Fa
0  1e-07 69 0

0101000
+1671 0 *
Ed
 1e-07 1 1 0
1  131 0 0 3.67637453755343
0

0101000
+1729 0 -1890 0 *
Wi

0101100
+1669 0 -1719 0 -1727 0 *
Fa
0  1e-07 70 0

0101000
+1668 0 *
Ed
 1e-07 1 1 0
1  132 0 0 3.2374858778379
0

0101000
+1772 0 -1724 0 *
Wi

0101100
+1666 0 -1723 0 -1770 0 *
Fa
0  1e-07 71 0

0101000
+1665 0 *
Ve
1e-07
20.4184131622314 34.7241096496582 21.0599308013916
0 0

0101101
*
Ed
 1e-07 1 1 0
1  133 0 0 2.47628173156363
0

0101000
+1663 0 -1780 0 *
Ed
 1e-07 1 1 0
1  134 0 0 4.77585017618587
0

0101000
+1890 0 -1663 0 *
Wi

0101100
+1662 0 -1778 0 +1661 0 *
Fa
0  1e-07 72 0

0101000
+1660 0 *
Ed
 1e-07 1 1 0
1  135 0 0 5.51701184817386
0

0101000
+1902 0 -1724 0 *
Ed
 1e-07 1 1 0
1  136 0 0 4.52204712499077
0

0101000
+1772 0 -1902 0 *
Wi

0101100
+1658 0 -1666 0 +1657 0 *
Fa
0  1e-07 73 0

0101000
+1656 0 *
Wi

0101100
-1771 0 +1894 0 -1657 0 *
Fa
0  1e-07 74 0

0101000
+1654 0 *
Ed
 1e-07 1 1 0
1  137 0 0 5.67973808923425
0

0101000
+1780 0 -1716 0 *
Wi

0101100
-1779 0 +1652 0 -1715 0 *
Fa
0  1e-07 75 0

0101000
+1651 0 *
Ed
 1e-07 1 1 0
1  138 0 0 5.79473321486112
0

0101000
+1663 0 -1716 0 *
Wi

0101100
-1662 0 +1649 0 -1652 0 *
Fa
0  1e-07 76 0

0101000
+1648 0 *
Ve
1e-07
20.3723449707031 38.3171539306641 23.1335830688477
0 0

0101101
*
Ed
 1e-07 1 1 0
1  139 0 0 2.55493423604714
0

0101000
+1646 0 -1716 0 *
Ed
 1e-07 1 1 0
1  140 0 0 4.14874959594638
0

0101000
+1663 0 -1646 0 *
Wi

0101100
+1645 0 -1649 0 +1644 0 *
Fa
0  1e-07 77 0

0101000
+1643 0 *
Ve
1e-07
20.6089839935303 41.3798561096191 25.7850799560547
0 0

0101101
*
Ed
 1e-07 1 1 0
1  141 0 0 4.0579032032528
0

0101000
+1646 0 -1641 0 *
Ed
 1e-07 1 1 0
1  142 0 0 3.42719662519624
0

0101000
+1641 0 -1716 0 *
Wi

0101100
-1645 0 +1640 0 +1639 0 *
Fa
0  1e-07 78 0

0101000
+1638 0 *
Ed
 1e-07 1 1 0
1  143 0 0 4.19990867007695
0

0101000
+1641 0 -1711 0 *
Wi

0101100
-1639 0 +1636 0 -1710 0 *
Fa
0  1e-07 79 0

0101000
+1635 0 *
Ve
1e-07
21.1260395050049 43.6528511047363 34.854377746582
0 0

0101101
*
Ed
 1e-07 1 1 0
1  144 0 0 4.41446588560275
0

0101000
+1633 0 -1698 0 *
Ed
 1e-07 1 1 0
1  145 0 0 3.40387855876454
0

0101000
+1706 0 -1633 0 *
Wi

0101100
+1632 0 -1693 0 +1631 0 *
Fa
0  1e-07 80 0

0101000
+1630 0 *
Ed
 1e-07 1 1 0
1  146 0 0 5.58289762551548
0

0101000
+1711 0 -1633 0 *
Wi

0101100
-1631 0 -1701 0 +1628 0 *
Fa
0  1e-07 81 0

0101000
+1627 0 *
Ve
1e-07
20.8674163818359 23.3447341918945 39.848258972168
0 0

0101101
*
Ed
 1e-07 1 1 0
1  147 0 0 3.11342383186888
0

0101000
+1740 0 -1625 0 *
Ed
 1e-07 1 1 0
1  148 0 0 5.67964415649737
0

0101000
+1750 0 -1625 0 *
Wi

0101100
-1738 0 +1624 0 -1623 0 *
Fa
0  1e-07 82 0

0101000
+1622 0 *
Ve
1e-07
23.3503971099854 20.1145362854004 38.2626457214355
0 0

0101101
*
Ed
 1e-07 1 1 0
1  149 0 0 4.87510413046867
0

0101000
+1620 0 -1750 0 *
Ed
 1e-07 1 1 0
1  150 0 0 4.37190361197256
0

0101000
+1625 0 -1620 0 *
Wi

0101100
+1619 0 +1623 0 +1618 0 *
Fa
0  1e-07 83 0

0101000
+1617 0 *
Ed
 1e-07 1 1 0
1  151 0 0 2.69562589090964
0

0101000
+1674 0 -1625 0 *
Wi

0101100
+1615 0 -1624 0 -1672 0 *
Fa
0  1e-07 84 0

0101000
+1614 0 *
Ve
1e-07
20.9164371490479 24.0104484558105 23.3853454589844
0 0

0101101
*
Ed
 1e-07 1 1 0
1  152 0 0 2.86601258628668
0

0101000
+1685 0 -1612 0 *
Ed
 1e-07 1 1 0
1  153 0 0 2.95875600094315
0

0101000
+1612 0 -1729 0 *
Wi

0101100
+1611 0 +1610 0 -1677 0 *
Fa
0  1e-07 85 0

0101000
+1609 0 *
Ve
1e-07
22.9909896850586 25.7978591918945 43.6496696472168
0 0

0101101
*
Ed
 1e-07 1 1 0
1  154 0 0 3.98133288859819
0

0101000
+1724 0 -1607 0 *
Ed
 1e-07 1 1 0
1  155 0 0 3.96700227779802
0

0101000
+1607 0 -1674 0 *
Wi

0101100
+1606 0 +1605 0 -1673 0 *
Fa
0  1e-07 86 0

0101000
+1604 0 *
Ve
1e-07
22.2276973724365 30.1544456481934 19.1661815643311
0 0

0101101
*
Ed
 1e-07 1 1 0
1  156 0 0 5.51776807721635
0

0101000
+1729 0 -1602 0 *
Ed
 1e-07 1 1 0
1  157 0 0 4.41075764296729
0

0101000
+1602 0 -1890 0 *
Wi

0101100
+1601 0 +1600 0 -1669 0 *
Fa
0  1e-07 87 0

0101000
+1599 0 *
Ve
1e-07
23.1354675292969 37.9960823059082 43.852710723877
0 0

0101101
*
Ed
 1e-07 1 1 0
1  158 0 0 4.14334019160316
0

0101000
+1597 0 -1902 0 *
Ed
 1e-07 1 1 0
1  159 0 0 4.31154189729109
0

0101000
+1903 0 -1597 0 *
Wi

0101100
+1596 0 -1901 0 +1595 0 *
Fa
0  1e-07 88 0

0101000
+1594 0 *
Ed
 1e-07 1 1 0
1  160 0 0 3.03026431141823
0

0101000
+1698 0 -1903 0 *
Wi

0101100
+1592 0 -1898 0 -1697 0 *
Fa
0  1e-07 89 0

0101000
+1591 0 *
Ve
1e-07
20.8954887390137 40.161491394043 23.6947479248047
0 0

0101101
*
Ed
 1e-07 1 1 0
1  161 0 0 1.99754000628432
0

0101000
+1646 0 -1589 0 *
Ed
 1e-07 1 1 0
1  162 0 0 2.4363878078449
0

0101000
+1589 0 -1641 0 *
Wi

0101100
+1588 0 +1587 0 -1640 0 *
Fa
0  1e-07 90 0

0101000
+1586 0 *
Ve
1e-07
23.3232860565186 20.8202362060547 24.2313022613525
0 0

0101101
*
Ed
 1e-07 1 1 0
1  163 0 0 5.79695044831172
0

0101000
+1690 0 -1584 0 *
Ed
 1e-07 1 1 0
1  164 0 0 4.31153916399737
0

0101000
+1584 0 -1685 0 *
Wi

0101100
-1684 0 +1583 0 +1582 0 *
Fa
0  1e-07 91 0

0101000
+1581 0 *
Ve
1e-07
22.5034465789795 18.942476272583 33.4064788818359
0 0

0101101
*
Ed
 1e-07 1 1 0
1  165 0 0 4.77787996898239
0

0101000
+1579 0 -1690 0 *
Ed
 1e-07 1 1 0
1  166 0 0 3.38641395868067
0

0101000
+1750 0 -1579 0 *
Wi

0101100
+1578 0 -1688 0 +1577 0 *
Fa
0  1e-07 92 0

0101000
+1576 0 *
Ed
 1e-07 1 1 0
1  167 0 0 4.08485235637204
0

0101000
+1584 0 -1612 0 *
Wi

0101100
-1582 0 +1574 0 -1611 0 *
Fa
0  1e-07 93 0

0101000
+1573 0 *
Ed
 1e-07 1 1 0
1  168 0 0 4.99781041658847
0

0101000
+1607 0 -1625 0 *
Wi

0101100
-1615 0 -1605 0 +1571 0 *
Fa
0  1e-07 94 0

0101000
+1570 0 *
Ve
1e-07
22.8030204772949 24.7287635803223 21.0089282989502
0 0

0101101
*
Ed
 1e-07 1 1 0
1  169 0 0 3.11809746336239
0

0101000
+1612 0 -1568 0 *
Ed
 1e-07 1 1 0
1  170 0 0 3.96827662855123
0

0101000
+1568 0 -1729 0 *
Wi

0101100
+1567 0 +1566 0 -1610 0 *
Fa
0  1e-07 95 0

0101000
+1565 0 *
Ed
 1e-07 1 1 0
1  171 0 0 5.75888340779281
0

0101000
+1568 0 -1602 0 *
Wi

0101100
-1566 0 +1563 0 -1601 0 *
Fa
0  1e-07 96 0

0101000
+1562 0 *
Ed
 1e-07 1 1 0
1  172 0 0 5.2670318598285
0

0101000
+1602 0 -1663 0 *
Wi

0101100
-1600 0 +1560 0 -1661 0 *
Fa
0  1e-07 97 0

0101000
+1559 0 *
Ve
1e-07
22.4998397827148 30.9993305206299 45.090389251709
0 0

0101101
*
Ed
 1e-07 1 1 0
1  173 0 0 4.4018765436015
0

0101000
+1902 0 -1557 0 *
Ed
 1e-07 1 1 0
1  174 0 0 3.05165461839605
0

0101000
+1557 0 -1724 0 *
Wi

0101100
-1658 0 +1556 0 +1555 0 *
Fa
0  1e-07 98 0

0101000
+1554 0 *
Ve
1e-07
22.3985137939453 33.2118988037109 19.0298442840576
0 0

0101101
*
Ed
 1e-07 1 1 0
1  175 0 0 3.06525462270817
0

0101000
+1602 0 -1552 0 *
Ed
 1e-07 1 1 0
1  176 0 0 3.21384993771885
0

0101000
+1552 0 -1663 0 *
Wi

0101100
+1551 0 +1550 0 -1560 0 *
Fa
0  1e-07 99 0

0101000
+1549 0 *
Ve
1e-07
22.7197265625 33.7856674194336 45.0989761352539
0 0

0101101
*
Ed
 1e-07 1 1 0
1  177 0 0 2.79501292378557
0

0101000
+1547 0 -1557 0 *
Ed
 1e-07 1 1 0
1  178 0 0 2.7765888268166
0

0101000
+1902 0 -1547 0 *
Wi

0101100
+1546 0 -1556 0 +1545 0 *
Fa
0  1e-07 100 0

0101000
+1544 0 *
Ve
1e-07
22.8240337371826 37.721019744873 20.2724933624268
0 0

0101101
*
Ed
 1e-07 1 1 0
1  179 0 0 3.9228227323845
0

0101000
+1663 0 -1542 0 *
Ed
 1e-07 1 1 0
1  180 0 0 3.81470681485984
0

0101000
+1542 0 -1646 0 *
Wi

0101100
-1644 0 +1541 0 +1540 0 *
Fa
0  1e-07 101 0

0101000
+1539 0 *
Ve
1e-07
23.4684047698975 39.8716125488281 20.8080043792725
0 0

0101101
*
Ed
 1e-07 1 1 0
1  181 0 0 4.17255846180471
0

0101000
+1537 0 -1646 0 *
Ed
 1e-07 1 1 0
1  182 0 0 2.30803714991516
0

0101000
+1542 0 -1537 0 *
Wi

0101100
+1536 0 -1540 0 +1535 0 *
Fa
0  1e-07 102 0

0101000
+1534 0 *
Ed
 1e-07 1 1 0
1  183 0 0 3.87778479863876
0

0101000
+1537 0 -1589 0 *
Wi

0101100
-1536 0 +1532 0 -1588 0 *
Fa
0  1e-07 103 0

0101000
+1531 0 *
Ve
1e-07
22.9905300140381 43.6494216918945 38.2020378112793
0 0

0101101
*
Ed
 1e-07 1 1 0
1  184 0 0 4.23501806928003
0

0101000
+1698 0 -1529 0 *
Ed
 1e-07 1 1 0
1  185 0 0 5.08864202947338
0

0101000
+1529 0 -1903 0 *
Wi

0101100
+1528 0 +1527 0 -1592 0 *
Fa
0  1e-07 104 0

0101000
+1526 0 *
Ve
1e-07
23.0757427215576 43.9524993896484 26.2809677124023
0 0

0101101
*
Ed
 1e-07 1 1 0
1  186 0 0 3.59851312842881
0

0101000
+1641 0 -1524 0 *
Ed
 1e-07 1 1 0
1  187 0 0 5.37452824296739
0

0101000
+1524 0 -1711 0 *
Wi

0101100
-1636 0 +1523 0 +1522 0 *
Fa
0  1e-07 105 0

0101000
+1521 0 *
Ve
1e-07
21.6925525665283 44.2481918334961 29.6758518218994
0 0

0101101
*
Ed
 1e-07 1 1 0
1  188 0 0 3.67775572098451
0

0101000
+1524 0 -1519 0 *
Ed
 1e-07 1 1 0
1  189 0 0 3.13881846623679
0

0101000
+1519 0 -1711 0 *
Wi

0101100
-1522 0 +1518 0 +1517 0 *
Fa
0  1e-07 106 0

0101000
+1516 0 *
Ed
 1e-07 1 1 0
1  190 0 0 3.83186175741195
0

0101000
+1633 0 -1529 0 *
Wi

0101100
-1632 0 +1514 0 -1528 0 *
Fa
0  1e-07 107 0

0101000
+1513 0 *
Ed
 1e-07 1 1 0
1  191 0 0 5.24332894112193
0

0101000
+1519 0 -1633 0 *
Wi

0101100
-1517 0 +1511 0 -1628 0 *
Fa
0  1e-07 108 0

0101000
+1510 0 *
Ve
1e-07
22.6169128417969 45.149055480957 33.0841026306152
0 0

0101101
*
Ed
 1e-07 1 1 0
1  192 0 0 2.75593991734046
0

0101000
+1508 0 -1633 0 *
Ed
 1e-07 1 1 0
1  193 0 0 3.6444712654819
0

0101000
+1519 0 -1508 0 *
Wi

0101100
+1507 0 -1511 0 +1506 0 *
Fa
0  1e-07 109 0

0101000
+1505 0 *
Ed
 1e-07 1 1 0
1  194 0 0 6.33373597397661
0

0101000
+1690 0 -1939 0 *
Ed
 1e-07 1 1 0
1  195 0 0 3.05731888841053
0

0101000
+1939 0 -1584 0 *
Wi

0101100
-1583 0 +1503 0 +1502 0 *
Fa
0  1e-07 110 0

0101000
+1501 0 *
Ed
 1e-07 1 1 0
1  196 0 0 4.93839216466265
0

0101000
+1690 0 -1932 0 *
Wi

0101100
-1503 0 +1499 0 +1930 0 *
Fa
0  1e-07 111 0

0101000
+1498 0 *
Ed
 1e-07 1 1 0
1  197 0 0 4.82381292858696
0

0101000
+1579 0 -1932 0 *
Wi

0101100
+1496 0 -1499 0 -1578 0 *
Fa
0  1e-07 112 0

0101000
+1495 0 *
Ed
 1e-07 1 1 0
1  198 0 0 5.06689315553855
0

0101000
+1620 0 -1579 0 *
Wi

0101100
-1577 0 -1619 0 +1493 0 *
Fa
0  1e-07 113 0

0101000
+1492 0 *
Ve
1e-07
24.1015472412109 20.8917121887207 40.6661033630371
0 0

0101101
*
Ed
 1e-07 1 1 0
1  199 0 0 2.63530596692583
0

0101000
+1490 0 -1620 0 *
Ed
 1e-07 1 1 0
1  200 0 0 4.14074737351758
0

0101000
+1625 0 -1490 0 *
Wi

0101100
+1489 0 -1618 0 +1488 0 *
Fa
0  1e-07 114 0

0101000
+1487 0 *
Ve
1e-07
24.7286128997803 22.803186416626 42.9910888671875
0 0

0101101
*
Ed
 1e-07 1 1 0
1  201 0 0 5.00794292021308
0

0101000
+1625 0 -1485 0 *
Ed
 1e-07 1 1 0
1  202 0 0 3.07449226029478
0

0101000
+1485 0 -1490 0 *
Wi

0101100
-1488 0 +1484 0 +1483 0 *
Fa
0  1e-07 115 0

0101000
+1482 0 *
Ed
 1e-07 1 1 0
1  203 0 0 5.51425779144747
0

0101000
+1927 0 -1663 0 *
Ed
 1e-07 1 1 0
1  204 0 0 3.17622726075486
0

0101000
+1552 0 -1927 0 *
Wi

0101100
+1480 0 -1550 0 +1479 0 *
Fa
0  1e-07 116 0

0101000
+1478 0 *
Ve
1e-07
25.3712425231934 38.5959548950195 18.8343925476074
0 0

0101101
*
Ed
 1e-07 1 1 0
1  205 0 0 6.66893730678961
0

0101000
+1663 0 -1476 0 *
Ed
 1e-07 1 1 0
1  206 0 0 3.05318163070529
0

0101000
+1476 0 -1542 0 *
Wi

0101100
-1541 0 +1475 0 +1474 0 *
Fa
0  1e-07 117 0

0101000
+1473 0 *
Ed
 1e-07 1 1 0
1  207 0 0 3.97649976851758
0

0101000
+1927 0 -1476 0 *
Wi

0101100
-1475 0 -1480 0 +1471 0 *
Fa
0  1e-07 118 0

0101000
+1470 0 *
Ed
 1e-07 1 1 0
1  208 0 0 4.41062484726538
0

0101000
+1597 0 -1547 0 *
Wi

0101100
-1596 0 +1468 0 -1545 0 *
Fa
0  1e-07 119 0

0101000
+1467 0 *
Ve
1e-07
24.0104484558105 40.6146545410156 43.0835647583008
0 0

0101101
*
Ed
 1e-07 1 1 0
1  209 0 0 4.08485503100121
0

0101000
+1903 0 -1465 0 *
Ed
 1e-07 1 1 0
1  210 0 0 2.86602471876994
0

0101000
+1465 0 -1597 0 *
Wi

0101100
-1595 0 +1464 0 +1463 0 *
Fa
0  1e-07 120 0

0101000
+1462 0 *
Ve
1e-07
24.7287635803223 42.9910697937012 41.1969795227051
0 0

0101101
*
Ed
 1e-07 1 1 0
1  211 0 0 5.09224842008612
0

0101000
+1903 0 -1460 0 *
Ed
 1e-07 1 1 0
1  212 0 0 3.11809716373087
0

0101000
+1460 0 -1465 0 *
Wi

0101100
-1464 0 +1459 0 +1458 0 *
Fa
0  1e-07 121 0

0101000
+1457 0 *
Ve
1e-07
24.5031089782715 43.2487297058105 23.2434482574463
0 0

0101101
*
Ed
 1e-07 1 1 0
1  213 0 0 4.76965780471785
0

0101000
+1589 0 -1455 0 *
Ed
 1e-07 1 1 0
1  214 0 0 5.01166535262463
0

0101000
+1455 0 -1641 0 *
Wi

0101100
-1587 0 +1454 0 +1453 0 *
Fa
0  1e-07 122 0

0101000
+1452 0 *
Ed
 1e-07 1 1 0
1  215 0 0 3.42916763047991
0

0101000
+1455 0 -1524 0 *
Wi

0101100
-1523 0 -1453 0 +1450 0 *
Fa
0  1e-07 123 0

0101000
+1449 0 *
Ve
1e-07
25.0772724151611 46.2762908935547 29.1680812835693
0 0

0101101
*
Ed
 1e-07 1 1 0
1  216 0 0 3.97835960802131
0

0101000
+1519 0 -1447 0 *
Ed
 1e-07 1 1 0
1  217 0 0 4.76017353635123
0

0101000
+1447 0 -1508 0 *
Wi

0101100
-1506 0 +1446 0 +1445 0 *
Fa
0  1e-07 124 0

0101000
+1444 0 *
Ve
1e-07
25.2896900177002 18.9224109649658 38.6785545349121
0 0

0101101
*
Ed
 1e-07 1 1 0
1  218 0 0 2.31408727204957
0

0101000
+1620 0 -1442 0 *
Ed
 1e-07 1 1 0
1  219 0 0 5.9630811505582
0

0101000
+1579 0 -1442 0 *
Wi

0101100
-1493 0 +1441 0 -1440 0 *
Fa
0  1e-07 125 0

0101000
+1439 0 *
Ed
 1e-07 1 1 0
1  220 0 0 3.21836849849281
0

0101000
+1908 0 -1579 0 *
Ed
 1e-07 1 1 0
1  221 0 0 4.03599888101973
0

0101000
+1442 0 -1908 0 *
Wi

0101100
+1437 0 +1440 0 +1436 0 *
Fa
0  1e-07 126 0

0101000
+1435 0 *
Ve
1e-07
26.0753059387207 19.9617290496826 23.2975807189941
0 0

0101101
*
Ed
 1e-07 1 1 0
1  222 0 0 3.03026135642491
0

0101000
+1433 0 -1584 0 *
Ed
 1e-07 1 1 0
1  223 0 0 2.583729698154
0

0101000
+1939 0 -1433 0 *
Wi

0101100
+1432 0 -1502 0 +1431 0 *
Fa
0  1e-07 127 0

0101000
+1430 0 *
Ed
 1e-07 1 1 0
1  224 0 0 5.09224473703813
0

0101000
+1584 0 -1568 0 *
Wi

0101100
-1574 0 +1428 0 -1567 0 *
Fa
0  1e-07 128 0

0101000
+1427 0 *
Ve
1e-07
25.7979621887207 22.9905300140381 20.3505783081055
0 0

0101101
*
Ed
 1e-07 1 1 0
1  225 0 0 5.08863592464303
0

0101000
+1584 0 -1425 0 *
Ed
 1e-07 1 1 0
1  226 0 0 3.52484843592462
0

0101000
+1425 0 -1568 0 *
Wi

0101100
+1424 0 +1423 0 -1428 0 *
Fa
0  1e-07 129 0

0101000
+1422 0 *
Ed
 1e-07 1 1 0
1  227 0 0 3.52436208569698
0

0101000
+1607 0 -1485 0 *
Wi

0101100
-1571 0 +1420 0 -1484 0 *
Fa
0  1e-07 130 0

0101000
+1419 0 *
Ve
1e-07
25.2387504577637 25.5301208496094 18.8953285217285
0 0

0101101
*
Ed
 1e-07 1 1 0
1  228 0 0 3.3229893212385
0

0101000
+1568 0 -1417 0 *
Ed
 1e-07 1 1 0
1  229 0 0 5.52486940082243
0

0101000
+1417 0 -1602 0 *
Wi

0101100
-1563 0 +1416 0 +1415 0 *
Fa
0  1e-07 131 0

0101000
+1414 0 *
Ve
1e-07
24.954496383667 29.1706848144531 46.1945724487305
0 0

0101101
*
Ed
 1e-07 1 1 0
1  230 0 0 4.65916746906783
0

0101000
+1412 0 -1607 0 *
Ed
 1e-07 1 1 0
1  231 0 0 5.00901870457268
0

0101000
+1724 0 -1412 0 *
Wi

0101100
+1411 0 -1606 0 +1410 0 *
Fa
0  1e-07 132 0

0101000
+1409 0 *
Ed
 1e-07 1 1 0
1  232 0 0 3.25399826058669
0

0101000
+1557 0 -1412 0 *
Wi

0101100
-1555 0 +1407 0 -1410 0 *
Fa
0  1e-07 133 0

0101000
+1406 0 *
Ve
1e-07
25.2680721282959 38.6781959533691 45.107666015625
0 0

0101101
*
Ed
 1e-07 1 1 0
1  233 0 0 2.56674778426137
0

0101000
+1597 0 -1404 0 *
Ed
 1e-07 1 1 0
1  234 0 0 5.51642783802217
0

0101000
+1404 0 -1547 0 *
Wi

0101100
-1468 0 +1403 0 +1402 0 *
Fa
0  1e-07 134 0

0101000
+1401 0 *
Ve
1e-07
25.0416526794434 35.0915985107422 46.1895446777344
0 0

0101101
*
Ed
 1e-07 1 1 0
1  235 0 0 2.8785650337691
0

0101000
+1399 0 -1547 0 *
Ed
 1e-07 1 1 0
1  236 0 0 3.75305321329241
0

0101000
+1404 0 -1399 0 *
Wi

0101100
+1398 0 -1402 0 +1397 0 *
Fa
0  1e-07 135 0

0101000
+1396 0 *
Ve
1e-07
26.3846645355225 40.9978065490723 20.0594825744629
0 0

0101101
*
Ed
 1e-07 1 1 0
1  237 0 0 3.21452466767086
0

0101000
+1394 0 -1537 0 *
Ed
 1e-07 1 1 0
1  238 0 0 4.84363469287779
0

0101000
+1542 0 -1394 0 *
Wi

0101100
+1393 0 -1535 0 +1392 0 *
Fa
0  1e-07 136 0

0101000
+1391 0 *
Ed
 1e-07 1 1 0
1  239 0 0 4.29032865577293
0

0101000
+1537 0 -1455 0 *
Wi

0101100
-1532 0 +1389 0 -1454 0 *
Fa
0  1e-07 137 0

0101000
+1388 0 *
Ed
 1e-07 1 1 0
1  240 0 0 3.52484879216823
0

0101000
+1529 0 -1460 0 *
Wi

0101100
-1527 0 +1386 0 -1459 0 *
Fa
0  1e-07 138 0

0101000
+1385 0 *
Ve
1e-07
25.3881683349609 45.122859954834 25.2759990692139
0 0

0101101
*
Ed
 1e-07 1 1 0
1  241 0 0 2.77975143562464
0

0101000
+1524 0 -1383 0 *
Ed
 1e-07 1 1 0
1  242 0 0 5.81217037565892
0

0101000
+1383 0 -1519 0 *
Wi

0101100
-1518 0 +1382 0 +1381 0 *
Fa
0  1e-07 139 0

0101000
+1380 0 *
Ve
1e-07
24.9544944763184 46.1945724487305 34.8293151855469
0 0

0101101
*
Ed
 1e-07 1 1 0
1  243 0 0 4.65942128319063
0

0101000
+1378 0 -1529 0 *
Ed
 1e-07 1 1 0
1  244 0 0 4.59543719246122
0

0101000
+1633 0 -1378 0 *
Wi

0101100
+1377 0 -1514 0 +1376 0 *
Fa
0  1e-07 140 0

0101000
+1375 0 *
Ed
 1e-07 1 1 0
1  245 0 0 4.07128519839233
0

0101000
+1383 0 -1447 0 *
Wi

0101100
-1381 0 +1373 0 -1446 0 *
Fa
0  1e-07 141 0

0101000
+1372 0 *
Ed
 1e-07 1 1 0
1  246 0 0 3.09889665685149
0

0101000
+1508 0 -1378 0 *
Wi

0101100
-1507 0 +1370 0 -1376 0 *
Fa
0  1e-07 142 0

0101000
+1369 0 *
Wi

0101100
-1496 0 -1437 0 +1907 0 *
Fa
0  1e-07 143 0

0101000
+1367 0 *
Ed
 1e-07 1 1 0
1  247 0 0 2.97993142755128
0

0101000
+1425 0 -1417 0 *
Wi

0101100
+1365 0 -1416 0 -1423 0 *
Fa
0  1e-07 144 0

0101000
+1364 0 *
Ve
1e-07
25.5301151275635 25.2387561798096 45.1046714782715
0 0

0101101
*
Ed
 1e-07 1 1 0
1  248 0 0 4.12059265781784
0

0101000
+1412 0 -1362 0 *
Ed
 1e-07 1 1 0
1  249 0 0 2.97939331396017
0

0101000
+1362 0 -1607 0 *
Wi

0101100
-1411 0 +1361 0 +1360 0 *
Fa
0  1e-07 145 0

0101000
+1359 0 *
Ed
 1e-07 1 1 0
1  250 0 0 3.54661992752749
0

0101000
+1920 0 -1602 0 *
Ed
 1e-07 1 1 0
1  251 0 0 4.00792486246494
0

0101000
+1417 0 -1920 0 *
Wi

0101100
+1357 0 -1415 0 +1356 0 *
Fa
0  1e-07 146 0

0101000
+1355 0 *
Ed
 1e-07 1 1 0
1  252 0 0 5.24333785674493
0

0101000
+1547 0 -1412 0 *
Wi

0101100
-1407 0 -1546 0 +1353 0 *
Fa
0  1e-07 147 0

0101000
+1352 0 *
Ed
 1e-07 1 1 0
1  253 0 0 5.05601351056215
0

0101000
+1920 0 -1552 0 *
Wi

0101100
-1551 0 -1357 0 +1350 0 *
Fa
0  1e-07 148 0

0101000
+1349 0 *
Wi

0101100
-1479 0 -1350 0 +1919 0 *
Fa
0  1e-07 149 0

0101000
+1347 0 *
Ve
1e-07
27.4473495483398 33.4974899291992 47.5048561096191
0 0

0101101
*
Ed
 1e-07 1 1 0
1  254 0 0 3.17153019181814
0

0101000
+1399 0 -1345 0 *
Ed
 1e-07 1 1 0
1  255 0 0 5.31241224051473
0

0101000
+1345 0 -1547 0 *
Wi

0101100
+1344 0 +1343 0 -1398 0 *
Fa
0  1e-07 150 0

0101000
+1342 0 *
Ed
 1e-07 1 1 0
1  256 0 0 2.88040988698653
0

0101000
+1476 0 -1394 0 *
Wi

0101100
-1474 0 +1340 0 -1392 0 *
Fa
0  1e-07 151 0

0101000
+1339 0 *
Ve
1e-07
25.5301208496094 45.1046714782715 38.7612495422363
0 0

0101101
*
Ed
 1e-07 1 1 0
1  257 0 0 4.12059918365649
0

0101000
+1378 0 -1337 0 *
Ed
 1e-07 1 1 0
1  258 0 0 2.97993142755128
0

0101000
+1337 0 -1529 0 *
Wi

0101100
+1336 0 +1335 0 -1377 0 *
Fa
0  1e-07 152 0

0101000
+1334 0 *
Ed
 1e-07 1 1 0
1  259 0 0 5.66315474090112
0

0101000
+1447 0 -1378 0 *
Wi

0101100
+1332 0 -1370 0 -1445 0 *
Fa
0  1e-07 153 0

0101000
+1331 0 *
Ed
 1e-07 1 1 0
1  260 0 0 4.23501806928003
0

0101000
+1433 0 -1425 0 *
Wi

0101100
+1329 0 -1424 0 -1432 0 *
Fa
0  1e-07 154 0

0101000
+1328 0 *
Ed
 1e-07 1 1 0
1  261 0 0 3.32289592770406
0

0101000
+1362 0 -1485 0 *
Wi

0101100
-1360 0 +1326 0 -1420 0 *
Fa
0  1e-07 155 0

0101000
+1325 0 *
Ed
 1e-07 1 1 0
1  262 0 0 5.16259650501608
0

0101000
+1345 0 -1412 0 *
Wi

0101100
-1343 0 +1323 0 -1353 0 *
Fa
0  1e-07 156 0

0101000
+1322 0 *
Ve
1e-07
29.1518154144287 38.9306755065918 17.7295761108398
0 0

0101101
*
Ed
 1e-07 1 1 0
1  263 0 0 5.95625930240543
0

0101000
+1927 0 -1320 0 *
Ed
 1e-07 1 1 0
1  264 0 0 3.95289623348587
0

0101000
+1320 0 -1476 0 *
Wi

0101100
+1319 0 +1318 0 -1471 0 *
Fa
0  1e-07 157 0

0101000
+1317 0 *
Ve
1e-07
26.7701320648193 41.1064643859863 44.030403137207
0 0

0101101
*
Ed
 1e-07 1 1 0
1  265 0 0 4.78715338835209
0

0101000
+1597 0 -1315 0 *
Ed
 1e-07 1 1 0
1  266 0 0 3.05174817817121
0

0101000
+1315 0 -1404 0 *
Wi

0101100
+1314 0 +1313 0 -1403 0 *
Fa
0  1e-07 158 0

0101000
+1312 0 *
Ed
 1e-07 1 1 0
1  267 0 0 2.95875539056741
0

0101000
+1465 0 -1315 0 *
Wi

0101100
-1463 0 +1310 0 -1314 0 *
Fa
0  1e-07 159 0

0101000
+1309 0 *
Ed
 1e-07 1 1 0
1  268 0 0 4.32949695033714
0

0101000
+1394 0 -1455 0 *
Wi

0101100
+1307 0 -1389 0 -1393 0 *
Fa
0  1e-07 160 0

0101000
+1306 0 *
Ed
 1e-07 1 1 0
1  269 0 0 2.90292215837512
0

0101000
+1455 0 -1383 0 *
Wi

0101100
-1450 0 +1304 0 -1382 0 *
Fa
0  1e-07 161 0

0101000
+1303 0 *
Ed
 1e-07 1 1 0
1  270 0 0 3.32299053441506
0

0101000
+1337 0 -1460 0 *
Wi

0101100
-1335 0 +1301 0 -1386 0 *
Fa
0  1e-07 162 0

0101000
+1300 0 *
Ed
 1e-07 1 1 0
1  271 0 0 3.03976658830693
0

0101000
+1490 0 -1442 0 *
Wi

0101100
-1489 0 +1298 0 -1441 0 *
Fa
0  1e-07 163 0

0101000
+1297 0 *
Ve
1e-07
29.1706867218018 24.9544944763184 17.8054275512695
0 0

0101101
*
Ed
 1e-07 1 1 0
1  272 0 0 4.12060100367572
0

0101000
+1295 0 -1417 0 *
Ed
 1e-07 1 1 0
1  273 0 0 4.65942266382534
0

0101000
+1425 0 -1295 0 *
Wi

0101100
+1294 0 -1365 0 +1293 0 *
Fa
0  1e-07 164 0

0101000
+1292 0 *
Ve
1e-07
29.3263053894043 25.3057880401611 46.3886566162109
0 0

0101101
*
Ed
 1e-07 1 1 0
1  274 0 0 5.83847666113731
0

0101000
+1412 0 -1290 0 *
Ed
 1e-07 1 1 0
1  275 0 0 4.00801342423484
0

0101000
+1290 0 -1362 0 *
Wi

0101100
-1361 0 +1289 0 +1288 0 *
Fa
0  1e-07 165 0

0101000
+1287 0 *
Ve
1e-07
27.4097633361816 30.3311958312988 47.4943733215332
0 0

0101101
*
Ed
 1e-07 1 1 0
1  276 0 0 3.01074806937903
0

0101000
+1285 0 -1412 0 *
Ed
 1e-07 1 1 0
1  277 0 0 3.16653452951161
0

0101000
+1345 0 -1285 0 *
Wi

0101100
+1284 0 -1323 0 +1283 0 *
Fa
0  1e-07 166 0

0101000
+1282 0 *
Ve
1e-07
28.8140182495117 39.1572418212891 46.0374565124512
0 0

0101101
*
Ed
 1e-07 1 1 0
1  278 0 0 3.69698920827813
0

0101000
+1404 0 -1280 0 *
Ed
 1e-07 1 1 0
1  279 0 0 5.54827255394424
0

0101000
+1280 0 -1399 0 *
Wi

0101100
-1397 0 +1279 0 +1278 0 *
Fa
0  1e-07 167 0

0101000
+1277 0 *
Ed
 1e-07 1 1 0
1  280 0 0 3.96827572271676
0

0101000
+1460 0 -1315 0 *
Wi

0101100
-1458 0 +1275 0 -1310 0 *
Fa
0  1e-07 168 0

0101000
+1274 0 *
Ve
1e-07
27.4097766876221 47.4943733215332 33.668815612793
0 0

0101101
*
Ed
 1e-07 1 1 0
1  281 0 0 5.21353147920396
0

0101000
+1447 0 -1272 0 *
Ed
 1e-07 1 1 0
1  282 0 0 3.01075610178659
0

0101000
+1272 0 -1378 0 *
Wi

0101100
+1271 0 +1270 0 -1332 0 *
Fa
0  1e-07 169 0

0101000
+1269 0 *
Ve
1e-07
29.3262176513672 46.3886528015137 38.6941452026367
0 0

0101101
*
Ed
 1e-07 1 1 0
1  283 0 0 5.83836807366529
0

0101000
+1378 0 -1267 0 *
Ed
 1e-07 1 1 0
1  284 0 0 4.00792489439906
0

0101000
+1267 0 -1337 0 *
Wi

0101100
-1336 0 +1266 0 +1265 0 *
Fa
0  1e-07 170 0

0101000
+1264 0 *
Ve
1e-07
28.0531940460205 47.5081481933594 29.8471832275391
0 0

0101101
*
Ed
 1e-07 1 1 0
1  285 0 0 3.29161987635302
0

0101000
+1447 0 -1262 0 *
Ed
 1e-07 1 1 0
1  286 0 0 3.87544187573543
0

0101000
+1262 0 -1272 0 *
Wi

0101100
-1271 0 +1261 0 +1260 0 *
Fa
0  1e-07 171 0

0101000
+1259 0 *
Ve
1e-07
30.3311367034912 16.5056324005127 36.5902519226074
0 0

0101101
*
Ed
 1e-07 1 1 0
1  287 0 0 5.6341036453552
0

0101000
+1908 0 -1257 0 *
Ed
 1e-07 1 1 0
1  288 0 0 4.03445889235987
0

0101000
+1257 0 -1913 0 *
Wi

0101100
-1906 0 +1256 0 +1255 0 *
Fa
0  1e-07 172 0

0101000
+1254 0 *
Ed
 1e-07 1 1 0
1  289 0 0 2.84555018053623
0

0101000
+1915 0 -1937 0 *
Wi

0101100
+1252 0 -1931 0 -1914 0 *
Fa
0  1e-07 173 0

0101000
+1251 0 *
Ed
 1e-07 1 1 0
1  290 0 0 4.20951878023513
0

0101000
+1940 0 -1433 0 *
Wi

0101100
-1431 0 -1938 0 +1249 0 *
Fa
0  1e-07 174 0

0101000
+1248 0 *
Ve
1e-07
29.223518371582 17.7449359893799 38.9731292724609
0 0

0101101
*
Ed
 1e-07 1 1 0
1  291 0 0 4.11682245329304
0

0101000
+1442 0 -1246 0 *
Ed
 1e-07 1 1 0
1  292 0 0 5.83248941870145
0

0101000
+1246 0 -1908 0 *
Wi

0101100
-1436 0 +1245 0 +1244 0 *
Fa
0  1e-07 175 0

0101000
+1243 0 *
Ve
1e-07
29.3459358215332 20.1878967285156 42.7425270080566
0 0

0101101
*
Ed
 1e-07 1 1 0
1  293 0 0 5.87966465891862
0

0101000
+1241 0 -1442 0 *
Ed
 1e-07 1 1 0
1  294 0 0 5.68423283627918
0

0101000
+1490 0 -1241 0 *
Wi

0101100
+1240 0 -1298 0 +1239 0 *
Fa
0  1e-07 176 0

0101000
+1238 0 *
Ed
 1e-07 1 1 0
1  295 0 0 5.31236238544547
0

0101000
+1485 0 -1241 0 *
Wi

0101100
-1483 0 +1236 0 -1239 0 *
Fa
0  1e-07 177 0

0101000
+1235 0 *
Ve
1e-07
29.1456241607666 21.1260395050049 20.3471488952637
0 0

0101101
*
Ed
 1e-07 1 1 0
1  296 0 0 3.83186342374432
0

0101000
+1425 0 -1233 0 *
Ed
 1e-07 1 1 0
1  297 0 0 4.59543719246122
0

0101000
+1233 0 -1295 0 *
Wi

0101100
-1293 0 +1232 0 +1231 0 *
Fa
0  1e-07 178 0

0101000
+1230 0 *
Ve
1e-07
30.5559692382812 22.5302696228027 45.0695190429688
0 0

0101101
*
Ed
 1e-07 1 1 0
1  298 0 0 6.19293447953523
0

0101000
+1228 0 -1485 0 *
Ed
 1e-07 1 1 0
1  299 0 0 5.70932085850963
0

0101000
+1362 0 -1228 0 *
Wi

0101100
+1227 0 -1326 0 +1226 0 *
Fa
0  1e-07 179 0

0101000
+1225 0 *
Ed
 1e-07 1 1 0
1  300 0 0 5.83837059888473
0

0101000
+1295 0 -1920 0 *
Wi

0101100
-1294 0 +1223 0 -1356 0 *
Fa
0  1e-07 180 0

0101000
+1222 0 *
Ve
1e-07
30.3311824798584 27.4097766876221 16.5056266784668
0 0

0101101
*
Ed
 1e-07 1 1 0
1  301 0 0 5.49083794356305
0

0101000
+1920 0 -1220 0 *
Ed
 1e-07 1 1 0
1  302 0 0 4.03450808129438
0

0101000
+1220 0 -1925 0 *
Wi

0101100
+1219 0 +1218 0 -1918 0 *
Fa
0  1e-07 181 0

0101000
+1217 0 *
Ed
 1e-07 1 1 0
1  303 0 0 5.49094403007598
0

0101000
+1285 0 -1290 0 *
Wi

0101100
+1215 0 -1289 0 -1284 0 *
Fa
0  1e-07 182 0

0101000
+1214 0 *
Ed
 1e-07 1 1 0
1  304 0 0 4.47569613525217
0

0101000
+1945 0 -1320 0 *
Wi

0101100
-1926 0 +1212 0 -1319 0 *
Fa
0  1e-07 183 0

0101000
+1211 0 *
Ve
1e-07
30.3715229034424 36.5276222229004 47.5015678405762
0 0

0101101
*
Ed
 1e-07 1 1 0
1  305 0 0 5.67371884097066
0

0101000
+1399 0 -1209 0 *
Ed
 1e-07 1 1 0
1  306 0 0 4.21099778446102
0

0101000
+1209 0 -1345 0 *
Wi

0101100
-1344 0 +1208 0 +1207 0 *
Fa
0  1e-07 184 0

0101000
+1206 0 *
Ed
 1e-07 1 1 0
1  307 0 0 3.46485246349398
0

0101000
+1315 0 -1280 0 *
Wi

0101100
-1313 0 +1204 0 -1279 0 *
Fa
0  1e-07 185 0

0101000
+1203 0 *
Ve
1e-07
29.3028221130371 42.7005958557129 20.1134452819824
0 0

0101101
*
Ed
 1e-07 1 1 0
1  308 0 0 4.4629513426505
0

0101000
+1320 0 -1201 0 *
Ed
 1e-07 1 1 0
1  309 0 0 5.82592236343652
0

0101000
+1201 0 -1476 0 *
Wi

0101100
-1318 0 +1200 0 +1199 0 *
Fa
0  1e-07 186 0

0101000
+1198 0 *
Ed
 1e-07 1 1 0
1  310 0 0 3.37906008289564
0

0101000
+1201 0 -1394 0 *
Wi

0101100
+1196 0 -1340 0 -1199 0 *
Fa
0  1e-07 187 0

0101000
+1195 0 *
Ve
1e-07
30.1544456481934 44.8338165283203 41.7723007202148
0 0

0101101
*
Ed
 1e-07 1 1 0
1  311 0 0 5.75888321724547
0

0101000
+1460 0 -1193 0 *
Ed
 1e-07 1 1 0
1  312 0 0 5.51776756933432
0

0101000
+1193 0 -1315 0 *
Wi

0101100
-1275 0 +1192 0 +1191 0 *
Fa
0  1e-07 188 0

0101000
+1190 0 *
Ed
 1e-07 1 1 0
1  313 0 0 5.75626749900291
0

0101000
+1455 0 -1201 0 *
Ed
 1e-07 1 1 0
1  314 0 0 6.91692411221597
0

0101000
+1201 0 -1383 0 *
Wi

0101100
+1188 0 +1187 0 -1304 0 *
Fa
0  1e-07 189 0

0101000
+1186 0 *
Ed
 1e-07 1 1 0
1  315 0 0 5.52486845482475
0

0101000
+1337 0 -1193 0 *
Wi

0101100
-1192 0 -1301 0 +1184 0 *
Fa
0  1e-07 190 0

0101000
+1183 0 *
Ve
1e-07
28.7732543945312 46.1240196228027 24.9795608520508
0 0

0101101
*
Ed
 1e-07 1 1 0
1  316 0 0 3.54245732903861
0

0101000
+1383 0 -1181 0 *
Ed
 1e-07 1 1 0
1  317 0 0 5.58812783828121
0

0101000
+1181 0 -1447 0 *
Wi

0101100
-1373 0 +1180 0 +1179 0 *
Fa
0  1e-07 191 0

0101000
+1178 0 *
Ve
1e-07
30.3713779449463 47.5015678405762 27.4724407196045
0 0

0101101
*
Ed
 1e-07 1 1 0
1  318 0 0 3.26589773396788
0

0101000
+1181 0 -1176 0 *
Ed
 1e-07 1 1 0
1  319 0 0 5.69245587418709
0

0101000
+1176 0 -1447 0 *
Wi

0101100
-1179 0 +1175 0 +1174 0 *
Fa
0  1e-07 192 0

0101000
+1173 0 *
Ed
 1e-07 1 1 0
1  320 0 0 3.31864759642732
0

0101000
+1176 0 -1262 0 *
Wi

0101100
-1174 0 +1171 0 -1261 0 *
Fa
0  1e-07 193 0

0101000
+1170 0 *
Ed
 1e-07 1 1 0
1  321 0 0 5.49083794356305
0

0101000
+1272 0 -1267 0 *
Wi

0101100
+1168 0 -1266 0 -1270 0 *
Fa
0  1e-07 194 0

0101000
+1167 0 *
Ed
 1e-07 1 1 0
1  322 0 0 2.90530484097715
0

0101000
+1246 0 -1257 0 *
Wi

0101100
-1256 0 -1244 0 +1165 0 *
Fa
0  1e-07 195 0

0101000
+1164 0 *
Ve
1e-07
30.5984554290771 18.9420909881592 22.516487121582
0 0

0101101
*
Ed
 1e-07 1 1 0
1  323 0 0 3.04772448716284
0

0101000
+1940 0 -1162 0 *
Ed
 1e-07 1 1 0
1  324 0 0 4.70198365549448
0

0101000
+1162 0 -1433 0 *
Wi

0101100
-1249 0 +1161 0 +1160 0 *
Fa
0  1e-07 196 0

0101000
+1159 0 *
Ed
 1e-07 1 1 0
1  325 0 0 4.49348444908016
0

0101000
+1241 0 -1246 0 *
Wi

0101100
-1245 0 -1240 0 +1157 0 *
Fa
0  1e-07 197 0

0101000
+1156 0 *
Ed
 1e-07 1 1 0
1  326 0 0 4.41446721218782
0

0101000
+1233 0 -1433 0 *
Ed
 1e-07 1 1 0
1  327 0 0 3.40387693058657
0

0101000
+1162 0 -1233 0 *
Wi

0101100
+1154 0 -1160 0 +1153 0 *
Fa
0  1e-07 198 0

0101000
+1152 0 *
Wi

0101100
-1154 0 -1232 0 -1329 0 *
Fa
0  1e-07 199 0

0101000
+1150 0 *
Ed
 1e-07 1 1 0
1  328 0 0 3.51650161041941
0

0101000
+1228 0 -1241 0 *
Wi

0101100
-1236 0 -1227 0 +1148 0 *
Fa
0  1e-07 200 0

0101000
+1147 0 *
Ed
 1e-07 1 1 0
1  329 0 0 3.30993951658785
0

0101000
+1290 0 -1228 0 *
Wi

0101100
+1145 0 -1226 0 -1288 0 *
Fa
0  1e-07 201 0

0101000
+1144 0 *
Ed
 1e-07 1 1 0
1  330 0 0 3.01075463140898
0

0101000
+1295 0 -1220 0 *
Wi

0101100
-1219 0 -1223 0 +1142 0 *
Fa
0  1e-07 202 0

0101000
+1141 0 *
Ve
1e-07
30.4465274810791 27.6767177581787 47.5895767211914
0 0

0101101
*
Ed
 1e-07 1 1 0
1  331 0 0 4.03450790056443
0

0101000
+1285 0 -1139 0 *
Ed
 1e-07 1 1 0
1  332 0 0 2.88416614656671
0

0101000
+1139 0 -1290 0 *
Wi

0101100
-1215 0 +1138 0 +1137 0 *
Fa
0  1e-07 203 0

0101000
+1136 0 *
Ed
 1e-07 1 1 0
1  333 0 0 6.54855972876342
0

0101000
+1345 0 -1139 0 *
Wi

0101100
-1138 0 -1283 0 +1134 0 *
Fa
0  1e-07 204 0

0101000
+1133 0 *
Ed
 1e-07 1 1 0
1  334 0 0 3.3888555531904
0

0101000
+1280 0 -1209 0 *
Wi

0101100
-1208 0 -1278 0 +1131 0 *
Fa
0  1e-07 205 0

0101000
+1130 0 *
Ve
1e-07
30.2966232299805 41.7060356140137 44.8789939880371
0 0

0101101
*
Ed
 1e-07 1 1 0
1  335 0 0 3.6763748486179
0

0101000
+1315 0 -1128 0 *
Ed
 1e-07 1 1 0
1  336 0 0 3.1680439937624
0

0101000
+1128 0 -1280 0 *
Wi

0101100
+1127 0 +1126 0 -1204 0 *
Fa
0  1e-07 206 0

0101000
+1125 0 *
Wi

0101100
-1307 0 -1196 0 -1188 0 *
Fa
0  1e-07 207 0

0101000
+1123 0 *
Ed
 1e-07 1 1 0
1  337 0 0 4.41075628129643
0

0101000
+1193 0 -1128 0 *
Wi

0101100
-1191 0 +1121 0 -1127 0 *
Fa
0  1e-07 208 0

0101000
+1120 0 *
Ed
 1e-07 1 1 0
1  338 0 0 5.97321965097725
0

0101000
+1201 0 -1181 0 *
Wi

0101100
-1187 0 +1118 0 -1180 0 *
Fa
0  1e-07 209 0

0101000
+1117 0 *
Ed
 1e-07 1 1 0
1  339 0 0 3.5466207637075
0

0101000
+1267 0 -1193 0 *
Wi

0101100
+1115 0 -1184 0 -1265 0 *
Fa
0  1e-07 210 0

0101000
+1114 0 *
Ve
1e-07
30.4465427398682 47.5895767211914 36.3232955932617
0 0

0101101
*
Ed
 1e-07 1 1 0
1  340 0 0 6.90469260350909
0

0101000
+1262 0 -1112 0 *
Ed
 1e-07 1 1 0
1  341 0 0 4.03451059114859
0

0101000
+1112 0 -1272 0 *
Wi

0101100
-1260 0 +1111 0 +1110 0 *
Fa
0  1e-07 211 0

0101000
+1109 0 *
Ed
 1e-07 1 1 0
1  342 0 0 2.88414188885576
0

0101000
+1112 0 -1267 0 *
Wi

0101100
-1168 0 -1110 0 +1107 0 *
Fa
0  1e-07 212 0

0101000
+1106 0 *
Ve
1e-07
31.1737728118896 16.457914352417 32.482852935791
0 0

0101101
*
Ed
 1e-07 1 1 0
1  343 0 0 3.6576071058379
0

0101000
+1913 0 -1104 0 *
Ed
 1e-07 1 1 0
1  344 0 0 4.19921069870213
0

0101000
+1104 0 -1915 0 *
Wi

0101100
+1103 0 +1102 0 -1911 0 *
Fa
0  1e-07 213 0

0101000
+1101 0 *
Ve
1e-07
30.9158973693848 22.6169128417969 18.850944519043
0 0

0101101
*
Ed
 1e-07 1 1 0
1  345 0 0 2.75593869215745
0

0101000
+1233 0 -1099 0 *
Ed
 1e-07 1 1 0
1  346 0 0 3.0988955826861
0

0101000
+1099 0 -1295 0 *
Wi

0101100
+1098 0 +1097 0 -1231 0 *
Fa
0  1e-07 214 0

0101000
+1096 0 *
Ed
 1e-07 1 1 0
1  347 0 0 3.65758432731551
0

0101000
+1925 0 -1950 0 *
Wi

0101100
+1094 0 +1943 0 -1923 0 *
Fa
0  1e-07 215 0

0101000
+1093 0 *
Ve
1e-07
31.517147064209 31.1737728118896 47.5420875549316
0 0

0101101
*
Ed
 1e-07 1 1 0
1  348 0 0 4.68660850103486
0

0101000
+1345 0 -1091 0 *
Ed
 1e-07 1 1 0
1  349 0 0 3.65757782711161
0

0101000
+1091 0 -1139 0 *
Wi

0101100
-1134 0 +1090 0 +1089 0 *
Fa
0  1e-07 216 0

0101000
+1088 0 *
Ve
1e-07
31.9118728637695 32.3376121520996 47.6384620666504
0 0

0101101
*
Ed
 1e-07 1 1 0
1  350 0 0 4.61466525802025
0

0101000
+1345 0 -1086 0 *
Ed
 1e-07 1 1 0
1  351 0 0 1.23272807754512
0

0101000
+1086 0 -1091 0 *
Wi

0101100
-1090 0 +1085 0 +1084 0 *
Fa
0  1e-07 217 0

0101000
+1083 0 *
Ed
 1e-07 1 1 0
1  352 0 0 4.46627388578267
0

0101000
+1209 0 -1086 0 *
Wi

0101100
-1085 0 -1207 0 +1081 0 *
Fa
0  1e-07 218 0

0101000
+1080 0 *
Ed
 1e-07 1 1 0
1  353 0 0 5.80512435890633
0

0101000
+1128 0 -1209 0 *
Wi

0101100
-1126 0 +1078 0 -1131 0 *
Fa
0  1e-07 219 0

0101000
+1077 0 *
Ve
1e-07
30.8621520996094 44.9582290649414 22.3686332702637
0 0

0101101
*
Ed
 1e-07 1 1 0
1  354 0 0 3.54111622012268
0

0101000
+1075 0 -1181 0 *
Ed
 1e-07 1 1 0
1  355 0 0 3.55166025640445
0

0101000
+1201 0 -1075 0 *
Wi

0101100
+1074 0 -1118 0 +1073 0 *
Fa
0  1e-07 220 0

0101000
+1072 0 *
Ed
 1e-07 1 1 0
1  356 0 0 5.72348511647226
0

0101000
+1075 0 -1176 0 *
Wi

0101100
-1175 0 -1074 0 +1070 0 *
Fa
0  1e-07 221 0

0101000
+1069 0 *
Ve
1e-07
31.9118728637695 47.6384620666504 31.6623859405518
0 0

0101101
*
Ed
 1e-07 1 1 0
1  357 0 0 4.46626304404381
0

0101000
+1176 0 -1067 0 *
Ed
 1e-07 1 1 0
1  358 0 0 4.26630341319576
0

0101000
+1067 0 -1262 0 *
Wi

0101100
-1171 0 +1066 0 +1065 0 *
Fa
0  1e-07 222 0

0101000
+1064 0 *
Ve
1e-07
31.517147064209 47.5420875549316 32.8262252807617
0 0

0101101
*
Ed
 1e-07 1 1 0
1  359 0 0 1.23272807754512
0

0101000
+1067 0 -1062 0 *
Ed
 1e-07 1 1 0
1  360 0 0 4.56889635988277
0

0101000
+1062 0 -1262 0 *
Wi

0101100
-1065 0 +1061 0 +1060 0 *
Fa
0  1e-07 223 0

0101000
+1059 0 *
Ed
 1e-07 1 1 0
1  361 0 0 3.65758794983499
0

0101000
+1062 0 -1112 0 *
Wi

0101100
-1111 0 -1060 0 +1057 0 *
Fa
0  1e-07 224 0

0101000
+1056 0 *
Ve
1e-07
33.6689224243164 16.5056324005127 27.409782409668
0 0

0101101
*
Ed
 1e-07 1 1 0
1  362 0 0 3.87681452655303
0

0101000
+1937 0 -1054 0 *
Ed
 1e-07 1 1 0
1  363 0 0 5.20069047862754
0

0101000
+1054 0 -1940 0 *
Wi

0101100
+1053 0 +1052 0 -1935 0 *
Fa
0  1e-07 225 0

0101000
+1051 0 *
Ed
 1e-07 1 1 0
1  364 0 0 4.62445817301982
0

0101000
+1104 0 -1937 0 *
Wi

0101100
-1102 0 +1049 0 -1252 0 *
Fa
0  1e-07 226 0

0101000
+1048 0 *
Ve
1e-07
33.5027694702148 18.9760627746582 41.5112915039062
0 0

0101101
*
Ed
 1e-07 1 1 0
1  365 0 0 5.12542004519779
0

0101000
+1046 0 -1246 0 *
Ed
 1e-07 1 1 0
1  366 0 0 4.50152733871673
0

0101000
+1241 0 -1046 0 *
Wi

0101100
+1045 0 -1157 0 +1044 0 *
Fa
0  1e-07 227 0

0101000
+1043 0 *
Ve
1e-07
34.831916809082 25.0772705078125 17.7237091064453
0 0

0101101
*
Ed
 1e-07 1 1 0
1  367 0 0 5.66315088614645
0

0101000
+1041 0 -1295 0 *
Ed
 1e-07 1 1 0
1  368 0 0 4.76017098140633
0

0101000
+1099 0 -1041 0 *
Wi

0101100
+1040 0 -1097 0 +1039 0 *
Fa
0  1e-07 228 0

0101000
+1038 0 *
Ve
1e-07
33.6689300537109 36.5902099609375 16.5056324005127
0 0

0101101
*
Ed
 1e-07 1 1 0
1  369 0 0 5.63633661197937
0

0101000
+1945 0 -1036 0 *
Ed
 1e-07 1 1 0
1  370 0 0 5.23260373436228
0

0101000
+1036 0 -1320 0 *
Wi

0101100
+1035 0 +1034 0 -1212 0 *
Fa
0  1e-07 229 0

0101000
+1033 0 *
Ve
1e-07
34.8216781616211 38.875072479248 46.2826347351074
0 0

0101101
*
Ed
 1e-07 1 1 0
1  371 0 0 5.51911965367696
0

0101000
+1128 0 -1031 0 *
Ed
 1e-07 1 1 0
1  372 0 0 5.17689119487072
0

0101000
+1031 0 -1209 0 *
Wi

0101100
+1030 0 +1029 0 -1078 0 *
Fa
0  1e-07 230 0

0101000
+1028 0 *
Ve
1e-07
33.4407043457031 41.443229675293 18.8866214752197
0 0

0101101
*
Ed
 1e-07 1 1 0
1  373 0 0 5.10355275182875
0

0101000
+1320 0 -1026 0 *
Ed
 1e-07 1 1 0
1  374 0 0 4.4953460084755
0

0101000
+1026 0 -1201 0 *
Wi

0101100
+1025 0 +1024 0 -1200 0 *
Fa
0  1e-07 231 0

0101000
+1023 0 *
Ve
1e-07
34.871280670166 46.2417907714844 25.0671463012695
0 0

0101101
*
Ed
 1e-07 1 1 0
1  375 0 0 5.00026150598801
0

0101000
+1075 0 -1021 0 *
Ed
 1e-07 1 1 0
1  376 0 0 5.25562594170502
0

0101000
+1021 0 -1176 0 *
Wi

0101100
-1070 0 +1020 0 +1019 0 *
Fa
0  1e-07 232 0

0101000
+1018 0 *
Ve
1e-07
32.0881042480469 16.5095291137695 30.4725952148438
0 0

0101101
*
Ed
 1e-07 1 1 0
1  377 0 0 2.20902742476478
0

0101000
+1104 0 -1016 0 *
Ed
 1e-07 1 1 0
1  378 0 0 3.29862104127413
0

0101000
+1016 0 -1937 0 *
Wi

0101100
+1015 0 +1014 0 -1049 0 *
Fa
0  1e-07 233 0

0101000
+1013 0 *
Ve
1e-07
32.3376121520996 16.3615398406982 32.0881271362305
0 0

0101101
*
Ed
 1e-07 1 1 0
1  379 0 0 1.64137089292713
0

0101000
+1011 0 -1016 0 *
Ed
 1e-07 1 1 0
1  380 0 0 1.23272807754512
0

0101000
+1104 0 -1011 0 *
Wi

0101100
+1010 0 -1015 0 +1009 0 *
Fa
0  1e-07 234 0

0101000
+1008 0 *
Ve
1e-07
33.4974937438965 16.4951438903809 36.5526466369629
0 0

0101101
*
Ed
 1e-07 1 1 0
1  381 0 0 6.54855653936958
0

0101000
+1913 0 -1006 0 *
Ed
 1e-07 1 1 0
1  382 0 0 4.68660706465157
0

0101000
+1006 0 -1104 0 *
Wi

0101100
+1005 0 +1004 0 -1103 0 *
Fa
0  1e-07 235 0

0101000
+1003 0 *
Ed
 1e-07 1 1 0
1  383 0 0 3.1665977126369
0

0101000
+1257 0 -1006 0 *
Wi

0101100
-1255 0 +1001 0 -1005 0 *
Fa
0  1e-07 236 0

0101000
+1000 0 *
Ed
 1e-07 1 1 0
1  384 0 0 5.06829181900751
0

0101000
+1246 0 -1006 0 *
Wi

0101100
-1165 0 +998 0 -1001 0 *
Fa
0  1e-07 237 0

0101000
+997 0 *
Ve
1e-07
34.324146270752 21.6925525665283 19.7518081665039
0 0

0101101
*
Ed
 1e-07 1 1 0
1  385 0 0 5.24332517357106
0

0101000
+1233 0 -995 0 *
Ed
 1e-07 1 1 0
1  386 0 0 3.64446948176025
0

0101000
+995 0 -1099 0 *
Wi

0101100
-1098 0 +994 0 +993 0 *
Fa
0  1e-07 238 0

0101000
+992 0 *
Ed
 1e-07 1 1 0
1  387 0 0 4.84126112974055
0

0101000
+1958 0 -1228 0 *
Ed
 1e-07 1 1 0
1  388 0 0 5.4793450374726
0

0101000
+1290 0 -1958 0 *
Wi

0101100
+990 0 -1145 0 +989 0 *
Fa
0  1e-07 239 0

0101000
+988 0 *
Ed
 1e-07 1 1 0
1  389 0 0 5.21353233254115
0

0101000
+1041 0 -1220 0 *
Wi

0101100
+986 0 -1142 0 -1040 0 *
Fa
0  1e-07 240 0

0101000
+985 0 *
Ve
1e-07
34.1528167724609 28.0531940460205 16.4918518066406
0 0

0101101
*
Ed
 1e-07 1 1 0
1  390 0 0 3.87544375660104
0

0101000
+1220 0 -983 0 *
Ed
 1e-07 1 1 0
1  391 0 0 6.90469081455126
0

0101000
+983 0 -1925 0 *
Wi

0101100
+982 0 +981 0 -1218 0 *
Fa
0  1e-07 241 0

0101000
+980 0 *
Ed
 1e-07 1 1 0
1  392 0 0 4.56889758935703
0

0101000
+983 0 -1950 0 *
Wi

0101100
-981 0 +978 0 -1094 0 *
Fa
0  1e-07 242 0

0101000
+977 0 *
Ve
1e-07
33.9899101257324 27.7799873352051 47.5099754333496
0 0

0101101
*
Ed
 1e-07 1 1 0
1  393 0 0 4.19921042679959
0

0101000
+1091 0 -975 0 *
Ed
 1e-07 1 1 0
1  394 0 0 3.54578080780463
0

0101000
+975 0 -1139 0 *
Wi

0101100
-1089 0 +974 0 +973 0 *
Fa
0  1e-07 243 0

0101000
+972 0 *
Ve
1e-07
33.5534591674805 36.3233222961426 47.5895767211914
0 0

0101101
*
Ed
 1e-07 1 1 0
1  395 0 0 3.13494908556216
0

0101000
+1031 0 -970 0 *
Ed
 1e-07 1 1 0
1  396 0 0 3.18970255847486
0

0101000
+970 0 -1209 0 *
Wi

0101100
-1029 0 +969 0 +968 0 *
Fa
0  1e-07 244 0

0101000
+967 0 *
Ed
 1e-07 1 1 0
1  397 0 0 5.26703048826405
0

0101000
+1193 0 -1978 0 *
Ed
 1e-07 1 1 0
1  398 0 0 4.77585069433643
0

0101000
+1128 0 -1978 0 *
Wi

0101100
-1121 0 +965 0 -964 0 *
Fa
0  1e-07 245 0

0101000
+963 0 *
Ve
1e-07
33.446533203125 41.4423408508301 45.0837783813477
0 0

0101101
*
Ed
 1e-07 1 1 0
1  399 0 0 2.47628404224338
0

0101000
+1978 0 -961 0 *
Ed
 1e-07 1 1 0
1  400 0 0 3.16755495844814
0

0101000
+961 0 -1128 0 *
Wi

0101100
+960 0 +959 0 +964 0 *
Fa
0  1e-07 246 0

0101000
+958 0 *
Ve
1e-07
33.5534515380859 47.5895767211914 27.6766719818115
0 0

0101101
*
Ed
 1e-07 1 1 0
1  401 0 0 3.18983515619326
0

0101000
+956 0 -1176 0 *
Ed
 1e-07 1 1 0
1  402 0 0 3.21913417940209
0

0101000
+1021 0 -956 0 *
Wi

0101100
+955 0 -1019 0 +954 0 *
Fa
0  1e-07 247 0

0101000
+953 0 *
Ve
1e-07
33.2118988037109 44.970157623291 41.6014862060547
0 0

0101101
*
Ed
 1e-07 1 1 0
1  403 0 0 3.06525468609216
0

0101000
+951 0 -1193 0 *
Ed
 1e-07 1 1 0
1  404 0 0 5.05601407221892
0

0101000
+1267 0 -951 0 *
Wi

0101100
+950 0 -1115 0 +949 0 *
Fa
0  1e-07 248 0

0101000
+948 0 *
Ve
1e-07
33.9898452758789 47.5099792480469 36.2199859619141
0 0

0101101
*
Ed
 1e-07 1 1 0
1  405 0 0 4.19915217041515
0

0101000
+1062 0 -946 0 *
Ed
 1e-07 1 1 0
1  406 0 0 3.5457018345259
0

0101000
+946 0 -1112 0 *
Wi

0101100
-1057 0 +945 0 +944 0 *
Fa
0  1e-07 249 0

0101000
+943 0 *
Ve
1e-07
36.3233222961426 16.4104251861572 30.4465427398682
0 0

0101101
*
Ed
 1e-07 1 1 0
1  407 0 0 6.90588822148368
0

0101000
+1937 0 -941 0 *
Ed
 1e-07 1 1 0
1  408 0 0 4.03445366763503
0

0101000
+941 0 -1054 0 *
Wi

0101100
+940 0 +939 0 -1053 0 *
Fa
0  1e-07 250 0

0101000
+938 0 *
Ed
 1e-07 1 1 0
1  409 0 0 4.2364575100945
0

0101000
+1016 0 -941 0 *
Wi

0101100
-1014 0 +936 0 -940 0 *
Fa
0  1e-07 251 0

0101000
+935 0 *
Ed
 1e-07 1 1 0
1  410 0 0 4.61466247102656
0

0101000
+1006 0 -1011 0 *
Wi

0101100
-1004 0 +933 0 -1009 0 *
Fa
0  1e-07 252 0

0101000
+932 0 *
Ve
1e-07
34.7020797729492 17.644947052002 25.2440567016602
0 0

0101101
*
Ed
 1e-07 1 1 0
1  411 0 0 2.65627931973616
0

0101000
+1054 0 -930 0 *
Ed
 1e-07 1 1 0
1  412 0 0 5.46379162877442
0

0101000
+930 0 -1940 0 *
Wi

0101100
+929 0 +928 0 -1052 0 *
Fa
0  1e-07 253 0

0101000
+927 0 *
Ed
 1e-07 1 1 0
1  413 0 0 5.54465014767531
0

0101000
+1046 0 -1006 0 *
Wi

0101100
+925 0 -998 0 -1045 0 *
Fa
0  1e-07 254 0

0101000
+924 0 *
Ve
1e-07
34.2255401611328 19.4703025817871 21.9663219451904
0 0

0101101
*
Ed
 1e-07 1 1 0
1  414 0 0 3.70640430369762
0

0101000
+1162 0 -922 0 *
Ed
 1e-07 1 1 0
1  415 0 0 5.58289644318184
0

0101000
+922 0 -1233 0 *
Wi

0101100
-1153 0 +921 0 +920 0 *
Fa
0  1e-07 255 0

0101000
+919 0 *
Ed
 1e-07 1 1 0
1  416 0 0 2.66034740395366
0

0101000
+1965 0 -1046 0 *
Ed
 1e-07 1 1 0
1  417 0 0 5.31213515656583
0

0101000
+1241 0 -1965 0 *
Wi

0101100
+917 0 -1044 0 +916 0 *
Fa
0  1e-07 256 0

0101000
+915 0 *
Ed
 1e-07 1 1 0
1  418 0 0 3.1388197519974
0

0101000
+922 0 -995 0 *
Wi

0101100
+913 0 -994 0 -920 0 *
Fa
0  1e-07 257 0

0101000
+912 0 *
Ed
 1e-07 1 1 0
1  419 0 0 4.82505495283583
0

0101000
+1228 0 -1965 0 *
Wi

0101100
-916 0 -1148 0 +910 0 *
Fa
0  1e-07 258 0

0101000
+909 0 *
Ed
 1e-07 1 1 0
1  420 0 0 5.45567894411935
0

0101000
+1139 0 -1958 0 *
Wi

0101100
+907 0 -989 0 -1137 0 *
Fa
0  1e-07 259 0

0101000
+906 0 *
Ed
 1e-07 1 1 0
1  421 0 0 3.48174920652986
0

0101000
+975 0 -1958 0 *
Wi

0101100
+904 0 -907 0 -973 0 *
Fa
0  1e-07 260 0

0101000
+903 0 *
Ed
 1e-07 1 1 0
1  422 0 0 4.26630416646468
0

0101000
+983 0 -1953 0 *
Wi

0101100
+901 0 -1948 0 -978 0 *
Fa
0  1e-07 261 0

0101000
+900 0 *
Ve
1e-07
33.5274047851562 32.0881042480469 47.4904708862305
0 0

0101101
*
Ed
 1e-07 1 1 0
1  423 0 0 1.64137106489859
0

0101000
+1086 0 -898 0 *
Ed
 1e-07 1 1 0
1  424 0 0 2.20902746933152
0

0101000
+898 0 -1091 0 *
Wi

0101100
+897 0 +896 0 -1084 0 *
Fa
0  1e-07 262 0

0101000
+895 0 *
Ve
1e-07
36.3233337402344 33.5534400939941 16.4104251861572
0 0

0101101
*
Ed
 1e-07 1 1 0
1  425 0 0 4.23646503172717
0

0101000
+1952 0 -893 0 *
Ed
 1e-07 1 1 0
1  426 0 0 8.04916283182454
0

0101000
+893 0 -1945 0 *
Wi

0101100
+892 0 +891 0 -1944 0 *
Fa
0  1e-07 263 0

0101000
+890 0 *
Ed
 1e-07 1 1 0
1  427 0 0 5.44692880830777
0

0101000
+1209 0 -898 0 *
Wi

0101100
-1081 0 +888 0 -897 0 *
Fa
0  1e-07 264 0

0101000
+887 0 *
Ed
 1e-07 1 1 0
1  428 0 0 4.23645756644359
0

0101000
+970 0 -898 0 *
Wi

0101100
-888 0 -968 0 +885 0 *
Fa
0  1e-07 265 0

0101000
+884 0 *
Ed
 1e-07 1 1 0
1  429 0 0 4.0344633558219
0

0101000
+893 0 -1036 0 *
Wi

0101100
-891 0 +882 0 -1035 0 *
Fa
0  1e-07 266 0

0101000
+881 0 *
Ve
1e-07
34.7020797729492 38.7559432983398 17.644947052002
0 0

0101101
*
Ed
 1e-07 1 1 0
1  430 0 0 2.65628257273132
0

0101000
+1036 0 -879 0 *
Ed
 1e-07 1 1 0
1  431 0 0 5.55365896249162
0

0101000
+879 0 -1320 0 *
Wi

0101100
+878 0 +877 0 -1034 0 *
Fa
0  1e-07 267 0

0101000
+876 0 *
Ed
 1e-07 1 1 0
1  432 0 0 3.14946774956545
0

0101000
+961 0 -1031 0 *
Wi

0101100
+874 0 -1030 0 -959 0 *
Fa
0  1e-07 268 0

0101000
+873 0 *
Ve
1e-07
33.8271980285645 44.8143196105957 22.2007122039795
0 0

0101101
*
Ed
 1e-07 1 1 0
1  433 0 0 4.74308149595203
0

0101000
+1026 0 -871 0 *
Ed
 1e-07 1 1 0
1  434 0 0 5.41243833596494
0

0101000
+871 0 -1201 0 *
Wi

0101100
-1024 0 +870 0 +869 0 *
Fa
0  1e-07 269 0

0101000
+868 0 *
Ed
 1e-07 1 1 0
1  435 0 0 2.97328181919662
0

0101000
+871 0 -1075 0 *
Wi

0101100
+866 0 -1073 0 -869 0 *
Fa
0  1e-07 270 0

0101000
+865 0 *
Ed
 1e-07 1 1 0
1  436 0 0 3.2138487625734
0

0101000
+951 0 -1978 0 *
Wi

0101100
-950 0 +863 0 -965 0 *
Fa
0  1e-07 271 0

0101000
+862 0 *
Ed
 1e-07 1 1 0
1  437 0 0 3.36811919500624
0

0101000
+871 0 -1021 0 *
Wi

0101100
-866 0 +860 0 -1020 0 *
Fa
0  1e-07 272 0

0101000
+859 0 *
Ed
 1e-07 1 1 0
1  438 0 0 5.35056814346764
0

0101000
+1112 0 -1971 0 *
Ed
 1e-07 1 1 0
1  439 0 0 5.47857219763707
0

0101000
+1971 0 -1267 0 *
Wi

0101100
+857 0 +856 0 -1107 0 *
Fa
0  1e-07 273 0

0101000
+855 0 *
Ve
1e-07
33.5274047851562 47.4904708862305 31.9118938446045
0 0

0101101
*
Ed
 1e-07 1 1 0
1  440 0 0 5.44695994180182
0

0101000
+1176 0 -853 0 *
Ed
 1e-07 1 1 0
1  441 0 0 1.64137106489859
0

0101000
+853 0 -1067 0 *
Wi

0101100
-1066 0 +852 0 +851 0 *
Fa
0  1e-07 274 0

0101000
+850 0 *
Ed
 1e-07 1 1 0
1  442 0 0 4.23646133311057
0

0101000
+956 0 -853 0 *
Wi

0101100
-955 0 +848 0 -852 0 *
Fa
0  1e-07 275 0

0101000
+847 0 *
Ed
 1e-07 1 1 0
1  443 0 0 2.20902746933152
0

0101000
+853 0 -1062 0 *
Wi

0101100
-851 0 +845 0 -1061 0 *
Fa
0  1e-07 276 0

0101000
+844 0 *
Ed
 1e-07 1 1 0
1  444 0 0 3.28885126460695
0

0101000
+946 0 -1971 0 *
Wi

0101100
+842 0 -857 0 -944 0 *
Fa
0  1e-07 277 0

0101000
+841 0 *
Ed
 1e-07 1 1 0
1  445 0 0 4.21099371500873
0

0101000
+1006 0 -1996 0 *
Ed
 1e-07 1 1 0
1  446 0 0 4.4662731695064
0

0101000
+1996 0 -1011 0 *
Wi

0101100
-933 0 +839 0 +838 0 *
Fa
0  1e-07 278 0

0101000
+837 0 *
Ve
1e-07
35.0915756225586 17.8104496002197 38.9583511352539
0 0

0101101
*
Ed
 1e-07 1 1 0
1  447 0 0 3.1715201842825
0

0101000
+835 0 -1006 0 *
Ed
 1e-07 1 1 0
1  448 0 0 3.22497497479355
0

0101000
+1046 0 -835 0 *
Wi

0101100
+834 0 -925 0 +833 0 *
Fa
0  1e-07 279 0

0101000
+832 0 *
Ed
 1e-07 1 1 0
1  449 0 0 5.09528713233087
0

0101000
+930 0 -1162 0 *
Wi

0101100
+830 0 -1161 0 -928 0 *
Fa
0  1e-07 280 0

0101000
+829 0 *
Ed
 1e-07 1 1 0
1  450 0 0 3.78187228043426
0

0101000
+930 0 -922 0 *
Wi

0101100
-921 0 -830 0 +827 0 *
Fa
0  1e-07 281 0

0101000
+826 0 *
Ed
 1e-07 1 1 0
1  451 0 0 3.97835798528207
0

0101000
+995 0 -1041 0 *
Wi

0101100
-993 0 +824 0 -1039 0 *
Fa
0  1e-07 282 0

0101000
+823 0 *
Wi

0101100
-990 0 +1957 0 -910 0 *
Fa
0  1e-07 283 0

0101000
+821 0 *
Ed
 1e-07 1 1 0
1  452 0 0 3.29162120725963
0

0101000
+1041 0 -983 0 *
Wi

0101100
-986 0 +819 0 -982 0 *
Fa
0  1e-07 284 0

0101000
+818 0 *
Ve
1e-07
36.5275726318359 30.3713932037354 16.4984321594238
0 0

0101101
*
Ed
 1e-07 1 1 0
1  453 0 0 3.31866780915301
0

0101000
+983 0 -816 0 *
Ed
 1e-07 1 1 0
1  454 0 0 4.4662720373548
0

0101000
+816 0 -1953 0 *
Wi

0101100
+815 0 +814 0 -901 0 *
Fa
0  1e-07 285 0

0101000
+813 0 *
Ed
 1e-07 1 1 0
1  455 0 0 3.21781469533149
0

0101000
+879 0 -1026 0 *
Wi

0101100
+811 0 -1025 0 -877 0 *
Fa
0  1e-07 286 0

0101000
+810 0 *
Ed
 1e-07 1 1 0
1  456 0 0 3.17622729051577
0

0101000
+1971 0 -951 0 *
Wi

0101100
+808 0 -949 0 -856 0 *
Fa
0  1e-07 287 0

0101000
+807 0 *
Ed
 1e-07 1 1 0
1  457 0 0 5.44692770321424
0

0101000
+1996 0 -1016 0 *
Wi

0101100
-838 0 +805 0 -1010 0 *
Fa
0  1e-07 288 0

0101000
+804 0 *
Ed
 1e-07 1 1 0
1  458 0 0 3.18969870043941
0

0101000
+1996 0 -941 0 *
Wi

0101100
-805 0 +802 0 -936 0 *
Fa
0  1e-07 289 0

0101000
+801 0 *
Ve
1e-07
38.7240142822266 25.3881797790527 18.877140045166
0 0

0101101
*
Ed
 1e-07 1 1 0
1  459 0 0 5.81218920328935
0

0101000
+995 0 -799 0 *
Ed
 1e-07 1 1 0
1  460 0 0 4.07130080512351
0

0101000
+799 0 -1041 0 *
Wi

0101100
+798 0 +797 0 -824 0 *
Fa
0  1e-07 290 0

0101000
+796 0 *
Ve
1e-07
35.9467315673828 29.8459091186523 47.5080909729004
0 0

0101101
*
Ed
 1e-07 1 1 0
1  461 0 0 4.62445636006713
0

0101000
+1091 0 -794 0 *
Ed
 1e-07 1 1 0
1  462 0 0 2.8455555733487
0

0101000
+794 0 -975 0 *
Wi

0101100
-974 0 +793 0 +792 0 *
Fa
0  1e-07 291 0

0101000
+791 0 *
Ed
 1e-07 1 1 0
1  463 0 0 3.2986196423555
0

0101000
+898 0 -794 0 *
Wi

0101100
-896 0 +789 0 -793 0 *
Fa
0  1e-07 292 0

0101000
+788 0 *
Ed
 1e-07 1 1 0
1  464 0 0 5.44696042804425
0

0101000
+816 0 -1952 0 *
Wi

0101100
-814 0 +786 0 -1951 0 *
Fa
0  1e-07 293 0

0101000
+785 0 *
Ed
 1e-07 1 1 0
1  465 0 0 3.18980895415255
0

0101000
+816 0 -893 0 *
Wi

0101100
+783 0 -892 0 -786 0 *
Fa
0  1e-07 294 0

0101000
+782 0 *
Ed
 1e-07 1 1 0
1  466 0 0 6.90588692198424
0

0101000
+970 0 -794 0 *
Wi

0101100
-789 0 -885 0 +780 0 *
Fa
0  1e-07 295 0

0101000
+779 0 *
Ve
1e-07
36.7507476806641 41.2734451293945 19.8641395568848
0 0

0101101
*
Ed
 1e-07 1 1 0
1  467 0 0 3.45553979449338
0

0101000
+1026 0 -777 0 *
Ed
 1e-07 1 1 0
1  468 0 0 5.15213610020782
0

0101000
+777 0 -871 0 *
Wi

0101100
-870 0 +776 0 +775 0 *
Fa
0  1e-07 296 0

0101000
+774 0 *
Wi

0101100
+1970 0 -863 0 -808 0 *
Fa
0  1e-07 297 0

0101000
+772 0 *
Ve
1e-07
36.5527763366699 47.5048179626465 33.4990921020508
0 0

0101101
*
Ed
 1e-07 1 1 0
1  469 0 0 6.55009231622867
0

0101000
+956 0 -770 0 *
Ed
 1e-07 1 1 0
1  470 0 0 3.41647145045154
0

0101000
+770 0 -853 0 *
Wi

0101100
-848 0 +769 0 +768 0 *
Fa
0  1e-07 298 0

0101000
+767 0 *
Ed
 1e-07 1 1 0
1  471 0 0 5.08052172039115
0

0101000
+770 0 -1062 0 *
Wi

0101100
-845 0 -768 0 +765 0 *
Fa
0  1e-07 299 0

0101000
+764 0 *
Ed
 1e-07 1 1 0
1  472 0 0 3.73790123704146
0

0101000
+770 0 -946 0 *
Wi

0101100
-945 0 -765 0 +762 0 *
Fa
0  1e-07 300 0

0101000
+761 0 *
Ed
 1e-07 1 1 0
1  473 0 0 5.63027748125676
0

0101000
+1054 0 -2003 0 *
Ed
 1e-07 1 1 0
1  474 0 0 5.73563771158992
0

0101000
+2003 0 -930 0 *
Wi

0101100
+759 0 +758 0 -929 0 *
Fa
0  1e-07 301 0

0101000
+757 0 *
Ve
1e-07
38.7867469787598 18.8958072662354 25.5328273773193
0 0

0101101
*
Ed
 1e-07 1 1 0
1  475 0 0 4.28165224660958
0

0101000
+930 0 -755 0 *
Ed
 1e-07 1 1 0
1  476 0 0 5.81847174936534
0

0101000
+755 0 -922 0 *
Wi

0101100
+754 0 +753 0 -827 0 *
Fa
0  1e-07 302 0

0101000
+752 0 *
Ve
1e-07
37.99609375 20.1472930908203 40.8645286560059
0 0

0101101
*
Ed
 1e-07 1 1 0
1  477 0 0 4.16192547881051
0

0101000
+1965 0 -750 0 *
Ed
 1e-07 1 1 0
1  478 0 0 4.68828814368616
0

0101000
+750 0 -1046 0 *
Wi

0101100
+749 0 +748 0 -917 0 *
Fa
0  1e-07 303 0

0101000
+747 0 *
Ve
1e-07
37.7190322875977 23.0757427215576 20.0475006103516
0 0

0101101
*
Ed
 1e-07 1 1 0
1  479 0 0 5.3745289239312
0

0101000
+922 0 -745 0 *
Ed
 1e-07 1 1 0
1  480 0 0 3.67775748163104
0

0101000
+745 0 -995 0 *
Wi

0101100
+744 0 +743 0 -913 0 *
Fa
0  1e-07 304 0

0101000
+742 0 *
Ed
 1e-07 1 1 0
1  481 0 0 5.47204562975852
0

0101000
+794 0 -1958 0 *
Wi

0101100
-792 0 +740 0 -904 0 *
Fa
0  1e-07 305 0

0101000
+739 0 *
Ve
1e-07
36.590217590332 33.6689224243164 47.4943695068359
0 0

0101101
*
Ed
 1e-07 1 1 0
1  482 0 0 4.03445223196112
0

0101000
+970 0 -737 0 *
Ed
 1e-07 1 1 0
1  483 0 0 3.87681483638907
0

0101000
+737 0 -794 0 *
Wi

0101100
-780 0 +736 0 +735 0 *
Fa
0  1e-07 306 0

0101000
+734 0 *
Ve
1e-07
38.8750152587891 34.82177734375 17.7173748016357
0 0

0101101
*
Ed
 1e-07 1 1 0
1  484 0 0 5.63018620746645
0

0101000
+1036 0 -732 0 *
Ed
 1e-07 1 1 0
1  485 0 0 5.73552945299318
0

0101000
+732 0 -879 0 *
Wi

0101100
+731 0 +730 0 -878 0 *
Fa
0  1e-07 307 0

0101000
+729 0 *
Ed
 1e-07 1 1 0
1  486 0 0 5.63027808037808
0

0101000
+1031 0 -737 0 *
Wi

0101100
-969 0 +727 0 -736 0 *
Fa
0  1e-07 308 0

0101000
+726 0 *
Ve
1e-07
38.7867546081543 38.467170715332 18.8958072662354
0 0

0101101
*
Ed
 1e-07 1 1 0
1  487 0 0 4.28165965363977
0

0101000
+879 0 -724 0 *
Ed
 1e-07 1 1 0
1  488 0 0 6.11859989871659
0

0101000
+724 0 -1026 0 *
Wi

0101100
+723 0 +722 0 -811 0 *
Fa
0  1e-07 309 0

0101000
+721 0 *
Ve
1e-07
37.680534362793 43.9680061340332 23.0715465545654
0 0

0101101
*
Ed
 1e-07 1 1 0
1  489 0 0 4.29099311707145
0

0101000
+777 0 -719 0 *
Ed
 1e-07 1 1 0
1  490 0 0 4.04014849621365
0

0101000
+719 0 -871 0 *
Wi

0101100
+718 0 +717 0 -775 0 *
Fa
0  1e-07 310 0

0101000
+716 0 *
Ed
 1e-07 1 1 0
1  491 0 0 6.04169419304722
0

0101000
+770 0 -1971 0 *
Wi

0101100
-762 0 +714 0 -842 0 *
Fa
0  1e-07 311 0

0101000
+713 0 *
Ve
1e-07
36.590202331543 47.4943733215332 30.331127166748
0 0

0101101
*
Ed
 1e-07 1 1 0
1  492 0 0 5.6774245283193
0

0101000
+1021 0 -711 0 *
Ed
 1e-07 1 1 0
1  493 0 0 4.03448279184641
0

0101000
+711 0 -956 0 *
Wi

0101100
+710 0 +709 0 -954 0 *
Fa
0  1e-07 312 0

0101000
+708 0 *
Ed
 1e-07 1 1 0
1  494 0 0 3.16820321742907
0

0101000
+711 0 -770 0 *
Wi

0101100
-769 0 -709 0 +706 0 *
Fa
0  1e-07 313 0

0101000
+705 0 *
Ed
 1e-07 1 1 0
1  495 0 0 3.13495062876987
0

0101000
+941 0 -2003 0 *
Wi

0101100
+703 0 -759 0 -939 0 *
Fa
0  1e-07 314 0

0101000
+702 0 *
Ed
 1e-07 1 1 0
1  496 0 0 5.67372868610529
0

0101000
+835 0 -1996 0 *
Wi

0101100
-834 0 +700 0 -839 0 *
Fa
0  1e-07 315 0

0101000
+699 0 *
Ve
1e-07
38.6781959533691 18.8923358917236 38.7319259643555
0 0

0101101
*
Ed
 1e-07 1 1 0
1  497 0 0 5.87511040542245
0

0101000
+1046 0 -697 0 *
Ed
 1e-07 1 1 0
1  498 0 0 3.75307763084432
0

0101000
+697 0 -835 0 *
Wi

0101100
-833 0 +696 0 +695 0 *
Fa
0  1e-07 316 0

0101000
+694 0 *
Ed
 1e-07 1 1 0
1  499 0 0 2.56674409083572
0

0101000
+750 0 -697 0 *
Wi

0101100
-748 0 +692 0 -696 0 *
Fa
0  1e-07 317 0

0101000
+691 0 *
Ed
 1e-07 1 1 0
1  500 0 0 4.31154087307382
0

0101000
+1966 0 -750 0 *
Wi

0101100
-749 0 -1964 0 +689 0 *
Fa
0  1e-07 318 0

0101000
+688 0 *
Ed
 1e-07 1 1 0
1  501 0 0 2.77976578274976
0

0101000
+745 0 -799 0 *
Wi

0101100
-743 0 +686 0 -798 0 *
Fa
0  1e-07 319 0

0101000
+685 0 *
Ed
 1e-07 1 1 0
1  502 0 0 5.69247638428364
0

0101000
+1041 0 -816 0 *
Wi

0101100
+683 0 -815 0 -819 0 *
Fa
0  1e-07 320 0

0101000
+682 0 *
Ed
 1e-07 1 1 0
1  503 0 0 5.72974503469626
0

0101000
+794 0 -1963 0 *
Wi

0101100
-740 0 +680 0 -1956 0 *
Fa
0  1e-07 321 0

0101000
+679 0 *
Ed
 1e-07 1 1 0
1  504 0 0 3.13494421778941
0

0101000
+893 0 -732 0 *
Wi

0101100
+677 0 -731 0 -882 0 *
Fa
0  1e-07 322 0

0101000
+676 0 *
Ve
1e-07
38.7559432983398 34.7020797729492 46.355052947998
0 0

0101101
*
Ed
 1e-07 1 1 0
1  505 0 0 5.73563899582096
0

0101000
+1031 0 -674 0 *
Ed
 1e-07 1 1 0
1  506 0 0 2.65628013782472
0

0101000
+674 0 -737 0 *
Wi

0101100
-727 0 +673 0 +672 0 *
Fa
0  1e-07 323 0

0101000
+671 0 *
Ve
1e-07
38.4671745300293 38.7867469787598 45.104190826416
0 0

0101101
*
Ed
 1e-07 1 1 0
1  507 0 0 5.67973897417042
0

0101000
+961 0 -669 0 *
Ed
 1e-07 1 1 0
1  508 0 0 3.83225458601667
0

0101000
+669 0 -1031 0 *
Wi

0101100
-874 0 +668 0 +667 0 *
Fa
0  1e-07 324 0

0101000
+666 0 *
Ed
 1e-07 1 1 0
1  509 0 0 5.79473594900997
0

0101000
+1978 0 -669 0 *
Wi

0101100
-960 0 +664 0 -668 0 *
Fa
0  1e-07 325 0

0101000
+663 0 *
Ve
1e-07
38.6155242919922 45.1462135314941 25.3293266296387
0 0

0101101
*
Ed
 1e-07 1 1 0
1  510 0 0 5.72943716295099
0

0101000
+871 0 -661 0 *
Ed
 1e-07 1 1 0
1  511 0 0 3.91003686849042
0

0101000
+661 0 -1021 0 *
Wi

0101100
-860 0 +660 0 +659 0 *
Fa
0  1e-07 326 0

0101000
+658 0 *
Ed
 1e-07 1 1 0
1  512 0 0 2.7129227240254
0

0101000
+719 0 -661 0 *
Wi

0101100
-717 0 +656 0 -660 0 *
Fa
0  1e-07 327 0

0101000
+655 0 *
Ve
1e-07
39.0252418518066 46.2338447570801 29.2106685638428
0 0

0101101
*
Ed
 1e-07 1 1 0
1  513 0 0 5.8672168340843
0

0101000
+1021 0 -653 0 *
Ed
 1e-07 1 1 0
1  514 0 0 2.96205624657477
0

0101000
+653 0 -711 0 *
Wi

0101100
-710 0 +652 0 +651 0 *
Fa
0  1e-07 328 0

0101000
+650 0 *
Ed
 1e-07 1 1 0
1  515 0 0 6.04526001278752
0

0101000
+770 0 -1976 0 *
Wi

0101100
-714 0 +648 0 -1969 0 *
Fa
0  1e-07 329 0

0101000
+647 0 *
Wi

0101100
+1995 0 -703 0 -802 0 *
Fa
0  1e-07 330 0

0101000
+645 0 *
Ve
1e-07
39.1572418212891 17.9625415802002 35.1859817504883
0 0

0101101
*
Ed
 1e-07 1 1 0
1  516 0 0 5.54829202412696
0

0101000
+835 0 -643 0 *
Ed
 1e-07 1 1 0
1  517 0 0 3.38885560575602
0

0101000
+643 0 -1996 0 *
Wi

0101100
-700 0 +642 0 +641 0 *
Fa
0  1e-07 331 0

0101000
+640 0 *
Ed
 1e-07 1 1 0
1  518 0 0 3.83224978417787
0

0101000
+2003 0 -755 0 *
Wi

0101100
+638 0 -754 0 -758 0 *
Fa
0  1e-07 332 0

0101000
+637 0 *
Ve
1e-07
38.2149200439453 20.6089839935303 22.6201438903809
0 0

0101101
*
Ed
 1e-07 1 1 0
1  519 0 0 3.42719792795927
0

0101000
+755 0 -635 0 *
Ed
 1e-07 1 1 0
1  520 0 0 4.19990837314948
0

0101000
+635 0 -922 0 *
Wi

0101100
+634 0 +633 0 -753 0 *
Fa
0  1e-07 333 0

0101000
+632 0 *
Ed
 1e-07 1 1 0
1  521 0 0 3.59851312842881
0

0101000
+635 0 -745 0 *
Wi

0101100
-633 0 +630 0 -744 0 *
Fa
0  1e-07 334 0

0101000
+629 0 *
Ve
1e-07
39.0204238891602 28.7732715606689 17.8759689331055
0 0

0101101
*
Ed
 1e-07 1 1 0
1  522 0 0 5.58813013425735
0

0101000
+1041 0 -627 0 *
Ed
 1e-07 1 1 0
1  523 0 0 3.26587013520523
0

0101000
+627 0 -816 0 *
Wi

0101100
+626 0 +625 0 -683 0 *
Fa
0  1e-07 335 0

0101000
+624 0 *
Ve
1e-07
39.0203018188477 29.2459487915039 46.2377128601074
0 0

0101101
*
Ed
 1e-07 1 1 0
1  524 0 0 4.13277869100369
0

0101000
+622 0 -1963 0 *
Ed
 1e-07 1 1 0
1  525 0 0 3.37944478195829
0

0101000
+794 0 -622 0 *
Wi

0101100
+621 0 -680 0 +620 0 *
Fa
0  1e-07 336 0

0101000
+619 0 *
Ed
 1e-07 1 1 0
1  526 0 0 5.20069140038149
0

0101000
+737 0 -622 0 *
Wi

0101100
-735 0 +617 0 -620 0 *
Fa
0  1e-07 337 0

0101000
+616 0 *
Ed
 1e-07 1 1 0
1  527 0 0 5.17708673343736
0

0101000
+816 0 -732 0 *
Wi

0101100
-783 0 +614 0 -677 0 *
Fa
0  1e-07 338 0

0101000
+613 0 *
Ed
 1e-07 1 1 0
1  528 0 0 5.4637916697362
0

0101000
+674 0 -622 0 *
Wi

0101100
-672 0 +611 0 -617 0 *
Fa
0  1e-07 339 0

0101000
+610 0 *
Ed
 1e-07 1 1 0
1  529 0 0 3.8321515953374
0

0101000
+732 0 -724 0 *
Wi

0101100
+608 0 -723 0 -730 0 *
Fa
0  1e-07 340 0

0101000
+607 0 *
Ed
 1e-07 1 1 0
1  530 0 0 4.28165267519266
0

0101000
+669 0 -674 0 *
Wi

0101100
-667 0 +605 0 -673 0 *
Fa
0  1e-07 341 0

0101000
+604 0 *
Ed
 1e-07 1 1 0
1  531 0 0 3.59974550779974
0

0101000
+724 0 -777 0 *
Wi

0101100
+602 0 -776 0 -722 0 *
Fa
0  1e-07 342 0

0101000
+601 0 *
Ed
 1e-07 1 1 0
1  532 0 0 2.55493468630662
0

0101000
+1991 0 -669 0 *
Ed
 1e-07 1 1 0
1  533 0 0 4.1487505704687
0

0101000
+1978 0 -1991 0 *
Wi

0101100
+599 0 -664 0 +598 0 *
Fa
0  1e-07 343 0

0101000
+597 0 *
Ve
1e-07
39.5886878967285 40.7949600219727 20.8170108795166
0 0

0101101
*
Ed
 1e-07 1 1 0
1  534 0 0 3.03163593221129
0

0101000
+777 0 -595 0 *
Ed
 1e-07 1 1 0
1  535 0 0 4.33499742196015
0

0101000
+595 0 -719 0 *
Wi

0101100
+594 0 +593 0 -718 0 *
Fa
0  1e-07 344 0

0101000
+592 0 *
Wi

0101100
-598 0 -1977 0 +1982 0 *
Fa
0  1e-07 345 0

0101000
+590 0 *
Ed
 1e-07 1 1 0
1  536 0 0 5.11067853184531
0

0101000
+653 0 -770 0 *
Wi

0101100
-651 0 +588 0 -706 0 *
Fa
0  1e-07 346 0

0101000
+587 0 *
Ve
1e-07
39.1240043640137 46.1436538696289 34.9688873291016
0 0

0101101
*
Ed
 1e-07 1 1 0
1  537 0 0 3.87588373488446
0

0101000
+585 0 -1976 0 *
Ed
 1e-07 1 1 0
1  538 0 0 3.25949064520511
0

0101000
+770 0 -585 0 *
Wi

0101100
+584 0 -648 0 +583 0 *
Fa
0  1e-07 347 0

0101000
+582 0 *
Ed
 1e-07 1 1 0
1  539 0 0 3.69698833825192
0

0101000
+697 0 -643 0 *
Wi

0101100
-695 0 +580 0 -642 0 *
Fa
0  1e-07 348 0

0101000
+579 0 *
Ve
1e-07
40.8664169311523 20.3723449707031 25.6828460693359
0 0

0101101
*
Ed
 1e-07 1 1 0
1  540 0 0 2.55493567659812
0

0101000
+755 0 -577 0 *
Ed
 1e-07 1 1 0
1  541 0 0 4.0579032032528
0

0101000
+577 0 -635 0 *
Wi

0101100
+576 0 +575 0 -634 0 *
Fa
0  1e-07 349 0

0101000
+574 0 *
Ve
1e-07
40.6146545410156 20.9164371490479 39.9895515441895
0 0

0101101
*
Ed
 1e-07 1 1 0
1  542 0 0 4.08484931597408
0

0101000
+1966 0 -572 0 *
Ed
 1e-07 1 1 0
1  543 0 0 2.86601258628668
0

0101000
+572 0 -750 0 *
Wi

0101100
-689 0 +571 0 +570 0 *
Fa
0  1e-07 350 0

0101000
+569 0 *
Ve
1e-07
40.7565841674805 24.5030841827393 20.7513008117676
0 0

0101101
*
Ed
 1e-07 1 1 0
1  544 0 0 5.01165115036391
0

0101000
+635 0 -567 0 *
Ed
 1e-07 1 1 0
1  545 0 0 3.42919229459372
0

0101000
+567 0 -745 0 *
Wi

0101100
-630 0 +566 0 +565 0 *
Fa
0  1e-07 351 0

0101000
+564 0 *
Ve
1e-07
40.7024192810059 26.0753059387207 44.038272857666
0 0

0101101
*
Ed
 1e-07 1 1 0
1  546 0 0 3.03025948219426
0

0101000
+562 0 -1966 0 *
Ed
 1e-07 1 1 0
1  547 0 0 2.58371509853529
0

0101000
+1963 0 -562 0 *
Wi

0101100
+561 0 -1961 0 +560 0 *
Fa
0  1e-07 352 0

0101000
+559 0 *
Ed
 1e-07 1 1 0
1  548 0 0 3.54246363717014
0

0101000
+799 0 -627 0 *
Wi

0101100
-797 0 +557 0 -626 0 *
Fa
0  1e-07 353 0

0101000
+556 0 *
Ve
1e-07
40.8661460876465 38.3172492980957 20.3722114562988
0 0

0101101
*
Ed
 1e-07 1 1 0
1  549 0 0 2.55462613483223
0

0101000
+724 0 -554 0 *
Ed
 1e-07 1 1 0
1  550 0 0 5.09251754009314
0

0101000
+554 0 -777 0 *
Wi

0101100
+553 0 +552 0 -602 0 *
Fa
0  1e-07 354 0

0101000
+551 0 *
Ve
1e-07
40.7477378845215 43.0989570617676 24.1806392669678
0 0

0101101
*
Ed
 1e-07 1 1 0
1  551 0 0 4.2386076915013
0

0101000
+595 0 -549 0 *
Ed
 1e-07 1 1 0
1  552 0 0 3.37536225884179
0

0101000
+549 0 -719 0 *
Wi

0101100
-593 0 +548 0 +547 0 *
Fa
0  1e-07 355 0

0101000
+546 0 *
Ve
1e-07
40.9978103637695 43.9405212402344 37.6153221130371
0 0

0101101
*
Ed
 1e-07 1 1 0
1  553 0 0 3.21453683050373
0

0101000
+544 0 -1990 0 *
Ed
 1e-07 1 1 0
1  554 0 0 4.84364577018602
0

0101000
+1983 0 -544 0 *
Wi

0101100
+543 0 -1981 0 +542 0 *
Fa
0  1e-07 356 0

0101000
+541 0 *
Ed
 1e-07 1 1 0
1  555 0 0 4.05162009224719
0

0101000
+661 0 -653 0 *
Wi

0101100
-652 0 -659 0 +539 0 *
Fa
0  1e-07 357 0

0101000
+538 0 *
Ve
1e-07
41.550422668457 45.0449523925781 32.5401268005371
0 0

0101101
*
Ed
 1e-07 1 1 0
1  556 0 0 4.34457079134889
0

0101000
+653 0 -536 0 *
Ed
 1e-07 1 1 0
1  557 0 0 5.65216966570715
0

0101000
+536 0 -770 0 *
Wi

0101100
+535 0 +534 0 -588 0 *
Fa
0  1e-07 358 0

0101000
+533 0 *
Ed
 1e-07 1 1 0
1  558 0 0 3.16804469122541
0

0101000
+643 0 -2001 0 *
Wi

0101100
+531 0 -1994 0 -641 0 *
Fa
0  1e-07 359 0

0101000
+530 0 *
Ve
1e-07
41.1064643859863 19.969596862793 37.2298698425293
0 0

0101101
*
Ed
 1e-07 1 1 0
1  559 0 0 3.05174562730085
0

0101000
+697 0 -528 0 *
Ed
 1e-07 1 1 0
1  560 0 0 3.46485469347498
0

0101000
+528 0 -643 0 *
Wi

0101100
+527 0 +526 0 -580 0 *
Fa
0  1e-07 360 0

0101000
+525 0 *
Ed
 1e-07 1 1 0
1  561 0 0 4.7871417498382
0

0101000
+750 0 -528 0 *
Wi

0101100
+523 0 -527 0 -692 0 *
Fa
0  1e-07 361 0

0101000
+522 0 *
Ve
1e-07
40.3052520751953 20.8954887390137 23.8385105133057
0 0

0101101
*
Ed
 1e-07 1 1 0
1  562 0 0 1.99753824522109
0

0101000
+577 0 -520 0 *
Ed
 1e-07 1 1 0
1  563 0 0 2.43638876165349
0

0101000
+520 0 -635 0 *
Wi

0101100
+519 0 +518 0 -575 0 *
Fa
0  1e-07 362 0

0101000
+517 0 *
Ed
 1e-07 1 1 0
1  564 0 0 4.76962359986477
0

0101000
+520 0 -567 0 *
Wi

0101100
-518 0 +515 0 -566 0 *
Fa
0  1e-07 363 0

0101000
+514 0 *
Ed
 1e-07 1 1 0
1  565 0 0 4.20951678708403
0

0101000
+622 0 -562 0 *
Wi

0101100
-560 0 -621 0 +512 0 *
Fa
0  1e-07 364 0

0101000
+511 0 *
Ve
1e-07
41.5675430297852 31.2447166442871 18.9637413024902
0 0

0101101
*
Ed
 1e-07 1 1 0
1  566 0 0 3.71202174636351
0

0101000
+627 0 -509 0 *
Ed
 1e-07 1 1 0
1  567 0 0 5.67818145315103
0

0101000
+509 0 -816 0 *
Wi

0101100
-625 0 +508 0 +507 0 *
Fa
0  1e-07 365 0

0101000
+506 0 *
Ed
 1e-07 1 1 0
1  568 0 0 4.64741847692667
0

0101000
+509 0 -732 0 *
Wi

0101100
-507 0 +504 0 -614 0 *
Fa
0  1e-07 366 0

0101000
+503 0 *
Ve
1e-07
41.483512878418 30.5984554290771 45.0579071044922
0 0

0101101
*
Ed
 1e-07 1 1 0
1  569 0 0 5.09528761789868
0

0101000
+674 0 -501 0 *
Ed
 1e-07 1 1 0
1  570 0 0 3.04772448716284
0

0101000
+501 0 -622 0 *
Wi

0101100
+500 0 +499 0 -611 0 *
Fa
0  1e-07 367 0

0101000
+498 0 *
Ve
1e-07
42.0336799621582 34.2255401611328 44.5296974182129
0 0

0101101
*
Ed
 1e-07 1 1 0
1  571 0 0 3.70640431499611
0

0101000
+496 0 -501 0 *
Ed
 1e-07 1 1 0
1  572 0 0 3.78187393352641
0

0101000
+674 0 -496 0 *
Wi

0101100
+495 0 -500 0 +494 0 *
Fa
0  1e-07 368 0

0101000
+493 0 *
Ve
1e-07
42.1587181091309 34.7402610778809 19.7492370605469
0 0

0101101
*
Ed
 1e-07 1 1 0
1  573 0 0 3.86235854758871
0

0101000
+491 0 -732 0 *
Ed
 1e-07 1 1 0
1  574 0 0 3.63115993142586
0

0101000
+509 0 -491 0 *
Wi

0101100
+490 0 -504 0 +489 0 *
Fa
0  1e-07 369 0

0101000
+488 0 *
Ed
 1e-07 1 1 0
1  575 0 0 5.81847156104079
0

0101000
+669 0 -496 0 *
Wi

0101100
-605 0 +486 0 -494 0 *
Fa
0  1e-07 370 0

0101000
+485 0 *
Ve
1e-07
41.3798561096191 38.2149200439453 43.3910179138184
0 0

0101101
*
Ed
 1e-07 1 1 0
1  576 0 0 3.42719440007707
0

0101000
+669 0 -483 0 *
Ed
 1e-07 1 1 0
1  577 0 0 4.199908152956
0

0101000
+483 0 -496 0 *
Wi

0101100
+482 0 +481 0 -486 0 *
Fa
0  1e-07 371 0

0101000
+480 0 *
Ed
 1e-07 1 1 0
1  578 0 0 4.05790309202509
0

0101000
+1991 0 -483 0 *
Wi

0101100
-599 0 +478 0 -482 0 *
Fa
0  1e-07 372 0

0101000
+477 0 *
Ed
 1e-07 1 1 0
1  579 0 0 2.82290566396632
0

0101000
+554 0 -595 0 *
Wi

0101100
+475 0 -594 0 -552 0 *
Fa
0  1e-07 373 0

0101000
+474 0 *
Ed
 1e-07 1 1 0
1  580 0 0 2.43638803213851
0

0101000
+1988 0 -483 0 *
Wi

0101100
-1986 0 +472 0 -478 0 *
Fa
0  1e-07 374 0

0101000
+471 0 *
Ve
1e-07
41.6054649353027 44.0987129211426 27.7291107177734
0 0

0101101
*
Ed
 1e-07 1 1 0
1  581 0 0 6.09221373538534
0

0101000
+719 0 -469 0 *
Ed
 1e-07 1 1 0
1  582 0 0 3.97441395036702
0

0101000
+469 0 -661 0 *
Wi

0101100
+468 0 +467 0 -656 0 *
Fa
0  1e-07 375 0

0101000
+466 0 *
Ed
 1e-07 1 1 0
1  583 0 0 2.88567081840605
0

0101000
+1976 0 -544 0 *
Wi

0101100
-1974 0 +464 0 -542 0 *
Fa
0  1e-07 376 0

0101000
+463 0 *
Ed
 1e-07 1 1 0
1  584 0 0 3.60465371830971
0

0101000
+536 0 -585 0 *
Wi

0101100
-583 0 -534 0 +461 0 *
Fa
0  1e-07 377 0

0101000
+460 0 *
Ve
1e-07
42.940071105957 20.4184131622314 29.2758903503418
0 0

0101101
*
Ed
 1e-07 1 1 0
1  585 0 0 5.79473471697305
0

0101000
+755 0 -458 0 *
Ed
 1e-07 1 1 0
1  586 0 0 4.14875054928885
0

0101000
+458 0 -577 0 *
Wi

0101100
-576 0 +457 0 +456 0 *
Fa
0  1e-07 378 0

0101000
+455 0 *
Ed
 1e-07 1 1 0
1  587 0 0 5.6797372950127
0

0101000
+2004 0 -755 0 *
Wi

0101100
-2002 0 +453 0 -638 0 *
Fa
0  1e-07 379 0

0101000
+452 0 *
Ed
 1e-07 1 1 0
1  588 0 0 2.47628288518489
0

0101000
+2004 0 -458 0 *
Wi

0101100
+450 0 -457 0 -453 0 *
Fa
0  1e-07 380 0

0101000
+449 0 *
Ed
 1e-07 1 1 0
1  589 0 0 2.95875422192571
0

0101000
+572 0 -528 0 *
Wi

0101100
-570 0 +447 0 -523 0 *
Fa
0  1e-07 381 0

0101000
+446 0 *
Ve
1e-07
43.1919975280762 23.4684047698975 24.1283874511719
0 0

0101101
*
Ed
 1e-07 1 1 0
1  590 0 0 3.87778607594769
0

0101000
+520 0 -444 0 *
Ed
 1e-07 1 1 0
1  591 0 0 4.29028133044556
0

0101000
+444 0 -567 0 *
Wi

0101100
+443 0 +442 0 -515 0 *
Fa
0  1e-07 382 0

0101000
+441 0 *
Ve
1e-07
42.9910697937012 22.8030204772949 39.2712364196777
0 0

0101101
*
Ed
 1e-07 1 1 0
1  592 0 0 5.09223717607523
0

0101000
+1966 0 -439 0 *
Ed
 1e-07 1 1 0
1  593 0 0 3.11809600970185
0

0101000
+439 0 -572 0 *
Wi

0101100
-571 0 +438 0 +437 0 *
Fa
0  1e-07 383 0

0101000
+436 0 *
Ed
 1e-07 1 1 0
1  594 0 0 2.9029662643791
0

0101000
+567 0 -799 0 *
Wi

0101100
-565 0 +434 0 -686 0 *
Fa
0  1e-07 384 0

0101000
+433 0 *
Ed
 1e-07 1 1 0
1  595 0 0 4.70198282826838
0

0101000
+501 0 -562 0 *
Wi

0101100
-512 0 -499 0 +431 0 *
Fa
0  1e-07 385 0

0101000
+430 0 *
Ed
 1e-07 1 1 0
1  596 0 0 5.09787560768828
0

0101000
+491 0 -724 0 *
Wi

0101100
-490 0 +428 0 -608 0 *
Fa
0  1e-07 386 0

0101000
+427 0 *
Ed
 1e-07 1 1 0
1  597 0 0 3.85404777552672
0

0101000
+491 0 -554 0 *
Wi

0101100
-553 0 -428 0 +425 0 *
Fa
0  1e-07 387 0

0101000
+424 0 *
Ve
1e-07
43.1917343139648 39.8716888427734 23.4679088592529
0 0

0101101
*
Ed
 1e-07 1 1 0
1  598 0 0 4.56745369479206
0

0101000
+595 0 -422 0 *
Ed
 1e-07 1 1 0
1  599 0 0 4.11051862160274
0

0101000
+422 0 -549 0 *
Wi

0101100
+421 0 +420 0 -548 0 *
Fa
0  1e-07 388 0

0101000
+419 0 *
Ed
 1e-07 1 1 0
1  600 0 0 3.78508350095205
0

0101000
+549 0 -469 0 *
Wi

0101100
+417 0 -468 0 -547 0 *
Fa
0  1e-07 389 0

0101000
+416 0 *
Ed
 1e-07 1 1 0
1  601 0 0 3.66215138527745
0

0101000
+469 0 -653 0 *
Wi

0101100
+414 0 -539 0 -467 0 *
Fa
0  1e-07 390 0

0101000
+413 0 *
Ed
 1e-07 1 1 0
1  602 0 0 3.92027542056013
0

0101000
+585 0 -544 0 *
Wi

0101100
+411 0 -464 0 -584 0 *
Fa
0  1e-07 391 0

0101000
+410 0 *
Ed
 1e-07 1 1 0
1  603 0 0 3.67637667820506
0

0101000
+528 0 -2001 0 *
Wi

0101100
+408 0 -531 0 -526 0 *
Fa
0  1e-07 392 0

0101000
+407 0 *
Ed
 1e-07 1 1 0
1  604 0 0 4.17255952486725
0

0101000
+577 0 -444 0 *
Wi

0101100
+405 0 -443 0 -519 0 *
Fa
0  1e-07 393 0

0101000
+404 0 *
Ve
1e-07
43.6494216918945 25.7979621887207 41.0094718933105
0 0

0101101
*
Ed
 1e-07 1 1 0
1  605 0 0 4.23501806928003
0

0101000
+562 0 -402 0 *
Ed
 1e-07 1 1 0
1  606 0 0 5.08862819285255
0

0101000
+402 0 -1966 0 *
Wi

0101100
+401 0 +400 0 -561 0 *
Fa
0  1e-07 394 0

0101000
+399 0 *
Ve
1e-07
43.8594360351562 29.3660526275635 21.2393283843994
0 0

0101101
*
Ed
 1e-07 1 1 0
1  607 0 0 5.78915561370949
0

0101000
+567 0 -397 0 *
Ed
 1e-07 1 1 0
1  608 0 0 6.91201582242059
0

0101000
+397 0 -799 0 *
Wi

0101100
+396 0 +395 0 -434 0 *
Fa
0  1e-07 395 0

0101000
+394 0 *
Ed
 1e-07 1 1 0
1  609 0 0 5.92280463471273
0

0101000
+397 0 -627 0 *
Wi

0101100
-395 0 +392 0 -557 0 *
Fa
0  1e-07 396 0

0101000
+391 0 *
Ve
1e-07
43.6528511047363 29.1456241607666 42.8739585876465
0 0

0101101
*
Ed
 1e-07 1 1 0
1  610 0 0 4.4144682183112
0

0101000
+389 0 -562 0 *
Ed
 1e-07 1 1 0
1  611 0 0 3.40387693058657
0

0101000
+501 0 -389 0 *
Wi

0101100
+388 0 -431 0 +387 0 *
Fa
0  1e-07 397 0

0101000
+386 0 *
Ed
 1e-07 1 1 0
1  612 0 0 3.7363683709122
0

0101000
+397 0 -509 0 *
Wi

0101100
-508 0 -392 0 +384 0 *
Fa
0  1e-07 398 0

0101000
+383 0 *
Ed
 1e-07 1 1 0
1  613 0 0 4.1722877785581
0

0101000
+554 0 -422 0 *
Wi

0101100
-475 0 +381 0 -421 0 *
Fa
0  1e-07 399 0

0101000
+380 0 *
Ve
1e-07
43.2487030029297 40.7565803527832 39.4969100952148
0 0

0101101
*
Ed
 1e-07 1 1 0
1  614 0 0 4.32947694098079
0

0101000
+544 0 -378 0 *
Ed
 1e-07 1 1 0
1  615 0 0 4.29028741860572
0

0101000
+378 0 -1990 0 *
Wi

0101100
+377 0 +376 0 -543 0 *
Fa
0  1e-07 400 0

0101000
+375 0 *
Ed
 1e-07 1 1 0
1  616 0 0 4.90349615448537
0

0101000
+469 0 -536 0 *
Wi

0101100
-414 0 +373 0 -535 0 *
Fa
0  1e-07 401 0

0101000
+372 0 *
Ve
1e-07
43.4496154785156 43.0560722351074 34.8528709411621
0 0

0101101
*
Ed
 1e-07 1 1 0
1  617 0 0 3.59323852124434
0

0101000
+536 0 -370 0 *
Ed
 1e-07 1 1 0
1  618 0 0 5.31578137868815
0

0101000
+370 0 -585 0 *
Wi

0101100
+369 0 +368 0 -461 0 *
Fa
0  1e-07 402 0

0101000
+367 0 *
Ed
 1e-07 1 1 0
1  619 0 0 3.79799089524432
0

0101000
+370 0 -544 0 *
Wi

0101100
+365 0 -411 0 -368 0 *
Fa
0  1e-07 403 0

0101000
+364 0 *
Ed
 1e-07 1 1 0
1  620 0 0 4.77585017618587
0

0101000
+2001 0 -458 0 *
Wi

0101100
-450 0 -1999 0 +362 0 *
Fa
0  1e-07 404 0

0101000
+361 0 *
Ve
1e-07
44.8338165283203 22.2276973724365 33.8455543518066
0 0

0101101
*
Ed
 1e-07 1 1 0
1  621 0 0 5.51776795863686
0

0101000
+528 0 -359 0 *
Ed
 1e-07 1 1 0
1  622 0 0 4.41075493786554
0

0101000
+359 0 -2001 0 *
Wi

0101100
+358 0 +357 0 -408 0 *
Fa
0  1e-07 405 0

0101000
+356 0 *
Ve
1e-07
43.7275085449219 22.8240337371826 26.278980255127
0 0

0101101
*
Ed
 1e-07 1 1 0
1  623 0 0 3.81470824540132
0

0101000
+577 0 -354 0 *
Ed
 1e-07 1 1 0
1  624 0 0 2.30803714991516
0

0101000
+354 0 -444 0 *
Wi

0101100
-405 0 +353 0 +352 0 *
Fa
0  1e-07 406 0

0101000
+351 0 *
Ed
 1e-07 1 1 0
1  625 0 0 3.9228227323845
0

0101000
+458 0 -354 0 *
Wi

0101100
-456 0 +349 0 -353 0 *
Fa
0  1e-07 407 0

0101000
+348 0 *
Ed
 1e-07 1 1 0
1  626 0 0 3.96827474153492
0

0101000
+528 0 -439 0 *
Ed
 1e-07 1 1 0
1  627 0 0 5.75888340779281
0

0101000
+439 0 -359 0 *
Wi

0101100
+346 0 +345 0 -358 0 *
Fa
0  1e-07 408 0

0101000
+344 0 *
Wi

0101100
-437 0 -346 0 -447 0 *
Fa
0  1e-07 409 0

0101000
+342 0 *
Ed
 1e-07 1 1 0
1  628 0 0 3.52484973275291
0

0101000
+402 0 -439 0 *
Wi

0101100
-400 0 +340 0 -438 0 *
Fa
0  1e-07 410 0

0101000
+339 0 *
Ve
1e-07
43.9405212402344 26.3846759796143 23.0021896362305
0 0

0101101
*
Ed
 1e-07 1 1 0
1  629 0 0 4.32947381022405
0

0101000
+337 0 -567 0 *
Ed
 1e-07 1 1 0
1  630 0 0 3.21453683050373
0

0101000
+444 0 -337 0 *
Wi

0101100
+336 0 -442 0 +335 0 *
Fa
0  1e-07 411 0

0101000
+334 0 *
Ed
 1e-07 1 1 0
1  631 0 0 3.83186156760789
0

0101000
+389 0 -402 0 *
Wi

0101100
-388 0 +332 0 -401 0 *
Fa
0  1e-07 412 0

0101000
+331 0 *
Ed
 1e-07 1 1 0
1  632 0 0 5.58289645567422
0

0101000
+496 0 -389 0 *
Wi

0101100
-387 0 -495 0 +329 0 *
Fa
0  1e-07 413 0

0101000
+328 0 *
Ve
1e-07
44.982048034668 33.796085357666 22.4055194854736
0 0

0101101
*
Ed
 1e-07 1 1 0
1  633 0 0 5.47851839467926
0

0101000
+509 0 -326 0 *
Ed
 1e-07 1 1 0
1  634 0 0 3.98979898993062
0

0101000
+326 0 -491 0 *
Wi

0101100
+325 0 +324 0 -489 0 *
Fa
0  1e-07 414 0

0101000
+323 0 *
Ve
1e-07
43.736629486084 37.7074394226074 22.8270492553711
0 0

0101101
*
Ed
 1e-07 1 1 0
1  635 0 0 4.55706918419515
0

0101000
+491 0 -321 0 *
Ed
 1e-07 1 1 0
1  636 0 0 3.82593408786695
0

0101000
+321 0 -554 0 *
Wi

0101100
-425 0 +320 0 +319 0 *
Fa
0  1e-07 415 0

0101000
+318 0 *
Ve
1e-07
43.9524993896484 37.7190322875977 40.924259185791
0 0

0101101
*
Ed
 1e-07 1 1 0
1  637 0 0 3.59851312842881
0

0101000
+483 0 -316 0 *
Ed
 1e-07 1 1 0
1  638 0 0 5.3745269634448
0

0101000
+496 0 -316 0 *
Wi

0101100
-481 0 +315 0 -314 0 *
Fa
0  1e-07 416 0

0101000
+313 0 *
Ve
1e-07
44.2481918334961 34.324146270752 42.3074493408203
0 0

0101101
*
Ed
 1e-07 1 1 0
1  639 0 0 3.67775748163104
0

0101000
+316 0 -311 0 *
Ed
 1e-07 1 1 0
1  640 0 0 3.13881705593456
0

0101000
+311 0 -496 0 *
Wi

0101100
+314 0 +310 0 +309 0 *
Fa
0  1e-07 417 0

0101000
+308 0 *
Ed
 1e-07 1 1 0
1  641 0 0 2.32197918448363
0

0101000
+321 0 -422 0 *
Wi

0101100
-319 0 +306 0 -381 0 *
Fa
0  1e-07 418 0

0101000
+305 0 *
Ed
 1e-07 1 1 0
1  642 0 0 4.76962880143425
0

0101000
+1988 0 -378 0 *
Ed
 1e-07 1 1 0
1  643 0 0 5.01165656635283
0

0101000
+378 0 -483 0 *
Wi

0101100
-472 0 +303 0 +302 0 *
Fa
0  1e-07 419 0

0101000
+301 0 *
Wi

0101100
-1987 0 -376 0 -303 0 *
Fa
0  1e-07 420 0

0101000
+299 0 *
Ve
1e-07
44.1290130615234 40.9345512390137 26.6600532531738
0 0

0101101
*
Ed
 1e-07 1 1 0
1  644 0 0 4.71859810782554
0

0101000
+549 0 -297 0 *
Ed
 1e-07 1 1 0
1  645 0 0 4.18605998029424
0

0101000
+297 0 -469 0 *
Wi

0101100
+296 0 +295 0 -417 0 *
Fa
0  1e-07 421 0

0101000
+294 0 *
Ed
 1e-07 1 1 0
1  646 0 0 3.49255690799837
0

0101000
+422 0 -297 0 *
Wi

0101100
+292 0 -296 0 -420 0 *
Fa
0  1e-07 422 0

0101000
+291 0 *
Ve
1e-07
44.929759979248 41.6483116149902 30.2520446777344
0 0

0101101
*
Ed
 1e-07 1 1 0
1  647 0 0 4.83948342973882
0

0101000
+469 0 -289 0 *
Ed
 1e-07 1 1 0
1  648 0 0 5.30965243992171
0

0101000
+289 0 -536 0 *
Wi

0101100
+288 0 +287 0 -373 0 *
Fa
0  1e-07 423 0

0101000
+286 0 *
Ed
 1e-07 1 1 0
1  649 0 0 5.18605133064607
0

0101000
+370 0 -378 0 *
Wi

0101100
-377 0 -365 0 +284 0 *
Fa
0  1e-07 424 0

0101000
+283 0 *
Ed
 1e-07 1 1 0
1  650 0 0 5.26703048826405
0

0101000
+458 0 -359 0 *
Wi

0101100
-357 0 -281 0 -362 0 *
Fa
0  1e-07 425 0

0101000
+280 0 *
Ve
1e-07
44.970157623291 22.3985137939453 30.7880992889404
0 0

0101101
*
Ed
 1e-07 1 1 0
1  651 0 0 3.06525669487583
0

0101000
+359 0 -278 0 *
Ed
 1e-07 1 1 0
1  652 0 0 3.2138490402557
0

0101000
+278 0 -458 0 *
Wi

0101100
+277 0 +276 0 +281 0 *
Fa
0  1e-07 426 0

0101000
+275 0 *
Ed
 1e-07 1 1 0
1  653 0 0 4.84364577018602
0

0101000
+354 0 -337 0 *
Wi

0101100
-335 0 -352 0 +273 0 *
Fa
0  1e-07 427 0

0101000
+272 0 *
Ed
 1e-07 1 1 0
1  654 0 0 3.46451458658018
0

0101000
+337 0 -397 0 *
Wi

0101100
-336 0 +270 0 -396 0 *
Fa
0  1e-07 428 0

0101000
+269 0 *
Ed
 1e-07 1 1 0
1  655 0 0 4.71650817612481
0

0101000
+397 0 -326 0 *
Wi

0101100
-384 0 +267 0 -325 0 *
Fa
0  1e-07 429 0

0101000
+266 0 *
Ed
 1e-07 1 1 0
1  656 0 0 5.24332476141493
0

0101000
+311 0 -389 0 *
Wi

0101100
-309 0 +264 0 -329 0 *
Fa
0  1e-07 430 0

0101000
+263 0 *
Ed
 1e-07 1 1 0
1  657 0 0 4.12643251845956
0

0101000
+326 0 -321 0 *
Wi

0101100
-324 0 +261 0 -320 0 *
Fa
0  1e-07 431 0

0101000
+260 0 *
Ed
 1e-07 1 1 0
1  658 0 0 5.02594619878041
0

0101000
+321 0 -297 0 *
Wi

0101100
-292 0 -306 0 +258 0 *
Fa
0  1e-07 432 0

0101000
+257 0 *
Ed
 1e-07 1 1 0
1  659 0 0 3.42919130825906
0

0101000
+378 0 -316 0 *
Wi

0101100
-315 0 -302 0 +255 0 *
Fa
0  1e-07 433 0

0101000
+254 0 *
Ve
1e-07
45.122859954834 38.7240104675293 38.6118240356445
0 0

0101101
*
Ed
 1e-07 1 1 0
1  660 0 0 2.90296089392503
0

0101000
+378 0 -252 0 *
Ed
 1e-07 1 1 0
1  661 0 0 2.77976281691679
0

0101000
+252 0 -316 0 *
Wi

0101100
-255 0 +251 0 +250 0 *
Fa
0  1e-07 434 0

0101000
+249 0 *
Ed
 1e-07 1 1 0
1  662 0 0 3.74874004095725
0

0101000
+297 0 -289 0 *
Wi

0101100
-295 0 +247 0 -288 0 *
Fa
0  1e-07 435 0

0101000
+246 0 *
Ve
1e-07
44.972843170166 41.5982360839844 33.1966705322266
0 0

0101101
*
Ed
 1e-07 1 1 0
1  663 0 0 4.90141459928303
0

0101000
+536 0 -244 0 *
Ed
 1e-07 1 1 0
1  664 0 0 2.68113942917747
0

0101000
+244 0 -370 0 *
Wi

0101100
-369 0 +243 0 +242 0 *
Fa
0  1e-07 436 0

0101000
+241 0 *
Ve
1e-07
45.1296920776367 25.3285160064697 25.4099903106689
0 0

0101101
*
Ed
 1e-07 1 1 0
1  665 0 0 6.62183758917107
0

0101000
+458 0 -239 0 *
Ed
 1e-07 1 1 0
1  666 0 0 2.99894875250634
0

0101000
+239 0 -354 0 *
Wi

0101100
-349 0 +238 0 +237 0 *
Fa
0  1e-07 437 0

0101000
+236 0 *
Ve
1e-07
46.1845092773438 24.8767795562744 29.215856552124
0 0

0101101
*
Ed
 1e-07 1 1 0
1  667 0 0 5.51425552621669
0

0101000
+458 0 -234 0 *
Ed
 1e-07 1 1 0
1  668 0 0 3.97508779690213
0

0101000
+234 0 -239 0 *
Wi

0101100
-238 0 +233 0 +232 0 *
Fa
0  1e-07 438 0

0101000
+231 0 *
Ed
 1e-07 1 1 0
1  669 0 0 3.17622391400625
0

0101000
+278 0 -234 0 *
Wi

0101100
-233 0 -276 0 +229 0 *
Fa
0  1e-07 439 0

0101000
+228 0 *
Ve
1e-07
45.1046714782715 25.2387504577637 38.4698791503906
0 0

0101101
*
Ed
 1e-07 1 1 0
1  670 0 0 3.32299053441506
0

0101000
+439 0 -226 0 *
Ed
 1e-07 1 1 0
1  671 0 0 5.52486949432926
0

0101000
+226 0 -359 0 *
Wi

0101100
-345 0 +225 0 +224 0 *
Fa
0  1e-07 440 0

0101000
+223 0 *
Ed
 1e-07 1 1 0
1  672 0 0 2.88567240989466
0

0101000
+239 0 -337 0 *
Wi

0101100
-237 0 +221 0 -273 0 *
Fa
0  1e-07 441 0

0101000
+220 0 *
Ed
 1e-07 1 1 0
1  673 0 0 2.97993305305365
0

0101000
+402 0 -226 0 *
Wi

0101100
+218 0 -225 0 -340 0 *
Fa
0  1e-07 442 0

0101000
+217 0 *
Ve
1e-07
46.1945724487305 29.1706867218018 39.0455055236816
0 0

0101101
*
Ed
 1e-07 1 1 0
1  674 0 0 4.12060100367572
0

0101000
+215 0 -226 0 *
Ed
 1e-07 1 1 0
1  675 0 0 4.6594234677804
0

0101000
+402 0 -215 0 *
Wi

0101100
+214 0 -218 0 +213 0 *
Fa
0  1e-07 443 0

0101000
+212 0 *
Ve
1e-07
46.1616668701172 29.1337890625 24.850959777832
0 0

0101101
*
Ed
 1e-07 1 1 0
1  676 0 0 3.9886165130429
0

0101000
+210 0 -337 0 *
Ed
 1e-07 1 1 0
1  677 0 0 3.98215897973813
0

0101000
+239 0 -210 0 *
Wi

0101100
+209 0 -221 0 +208 0 *
Fa
0  1e-07 444 0

0101000
+207 0 *
Ed
 1e-07 1 1 0
1  678 0 0 4.59543560345076
0

0101000
+389 0 -215 0 *
Wi

0101100
-213 0 -332 0 +205 0 *
Fa
0  1e-07 445 0

0101000
+204 0 *
Ed
 1e-07 1 1 0
1  679 0 0 4.28930000153043
0

0101000
+210 0 -397 0 *
Wi

0101100
-270 0 -209 0 +202 0 *
Fa
0  1e-07 446 0

0101000
+201 0 *
Ve
1e-07
45.149055480957 30.9158973693848 41.3830871582031
0 0

0101101
*
Ed
 1e-07 1 1 0
1  680 0 0 2.75593766034425
0

0101000
+199 0 -389 0 *
Ed
 1e-07 1 1 0
1  681 0 0 3.64446996552861
0

0101000
+311 0 -199 0 *
Wi

0101100
+198 0 -264 0 +197 0 *
Fa
0  1e-07 447 0

0101000
+196 0 *
Ve
1e-07
45.2217636108398 38.5423965454102 25.3740253448486
0 0

0101101
*
Ed
 1e-07 1 1 0
1  682 0 0 5.60329907157456
0

0101000
+326 0 -194 0 *
Ed
 1e-07 1 1 0
1  683 0 0 3.06428849258742
0

0101000
+194 0 -321 0 *
Wi

0101100
-261 0 +193 0 +192 0 *
Fa
0  1e-07 448 0

0101000
+191 0 *
Ed
 1e-07 1 1 0
1  684 0 0 5.81218510276673
0

0101000
+252 0 -311 0 *
Wi

0101100
-310 0 -250 0 +189 0 *
Fa
0  1e-07 449 0

0101000
+188 0 *
Ed
 1e-07 1 1 0
1  685 0 0 2.92752038799936
0

0101000
+194 0 -297 0 *
Wi

0101100
-192 0 +186 0 -258 0 *
Fa
0  1e-07 450 0

0101000
+185 0 *
Ve
1e-07
46.1240272521973 39.0204200744629 35.2267417907715
0 0

0101101
*
Ed
 1e-07 1 1 0
1  686 0 0 3.4772905378236
0

0101000
+244 0 -183 0 *
Ed
 1e-07 1 1 0
1  687 0 0 4.85579510575863
0

0101000
+183 0 -370 0 *
Wi

0101100
+182 0 +181 0 -242 0 *
Fa
0  1e-07 451 0

0101000
+180 0 *
Ed
 1e-07 1 1 0
1  688 0 0 5.97463259139514
0

0101000
+252 0 -370 0 *
Ed
 1e-07 1 1 0
1  689 0 0 3.54245344598161
0

0101000
+183 0 -252 0 *
Wi

0101100
+178 0 -181 0 +177 0 *
Fa
0  1e-07 452 0

0101000
+176 0 *
Wi

0101100
-284 0 -178 0 -251 0 *
Fa
0  1e-07 453 0

0101000
+174 0 *
Ed
 1e-07 1 1 0
1  690 0 0 2.94536672472021
0

0101000
+289 0 -244 0 *
Wi

0101100
-243 0 -287 0 +172 0 *
Fa
0  1e-07 454 0

0101000
+171 0 *
Ve
1e-07
46.3886528015137 25.3058528900146 34.6737823486328
0 0

0101101
*
Ed
 1e-07 1 1 0
1  691 0 0 3.5466207637075
0

0101000
+169 0 -359 0 *
Ed
 1e-07 1 1 0
1  692 0 0 4.00792486246494
0

0101000
+226 0 -169 0 *
Wi

0101100
+168 0 -224 0 +167 0 *
Fa
0  1e-07 455 0

0101000
+166 0 *
Ed
 1e-07 1 1 0
1  693 0 0 3.0988955826861
0

0101000
+199 0 -215 0 *
Wi

0101100
-198 0 +164 0 -205 0 *
Fa
0  1e-07 456 0

0101000
+163 0 *
Ed
 1e-07 1 1 0
1  694 0 0 5.39524657122872
0

0101000
+210 0 -326 0 *
Wi

0101100
+161 0 -267 0 -202 0 *
Fa
0  1e-07 457 0

0101000
+160 0 *
Ve
1e-07
46.2762908935547 34.831916809082 38.9227294921875
0 0

0101101
*
Ed
 1e-07 1 1 0
1  695 0 0 5.66315088614645
0

0101000
+158 0 -215 0 *
Ed
 1e-07 1 1 0
1  696 0 0 4.76017098140633
0

0101000
+199 0 -158 0 *
Wi

0101100
+157 0 -164 0 +156 0 *
Fa
0  1e-07 458 0

0101000
+155 0 *
Ve
1e-07
46.2230606079102 34.7346992492676 24.9687843322754
0 0

0101101
*
Ed
 1e-07 1 1 0
1  697 0 0 2.99857214675623
0

0101000
+153 0 -326 0 *
Ed
 1e-07 1 1 0
1  698 0 0 5.60248576409675
0

0101000
+210 0 -153 0 *
Wi

0101100
+152 0 -161 0 +151 0 *
Fa
0  1e-07 459 0

0101000
+150 0 *
Ed
 1e-07 1 1 0
1  699 0 0 3.97835960802131
0

0101000
+311 0 -158 0 *
Wi

0101100
-197 0 +148 0 -156 0 *
Fa
0  1e-07 460 0

0101000
+147 0 *
Ed
 1e-07 1 1 0
1  700 0 0 4.07129686702305
0

0101000
+252 0 -158 0 *
Wi

0101100
-189 0 +145 0 -148 0 *
Fa
0  1e-07 461 0

0101000
+144 0 *
Ed
 1e-07 1 1 0
1  701 0 0 3.95795081496283
0

0101000
+153 0 -194 0 *
Wi

0101100
-152 0 +142 0 -193 0 *
Fa
0  1e-07 462 0

0101000
+141 0 *
Ve
1e-07
46.2546806335449 38.9217185974121 29.1347312927246
0 0

0101101
*
Ed
 1e-07 1 1 0
1  702 0 0 3.91838130116489
0

0101000
+139 0 -194 0 *
Ed
 1e-07 1 1 0
1  703 0 0 5.90654255254577
0

0101000
+153 0 -139 0 *
Wi

0101100
+138 0 -142 0 +137 0 *
Fa
0  1e-07 463 0

0101000
+136 0 *
Ed
 1e-07 1 1 0
1  704 0 0 5.58811854827758
0

0101000
+183 0 -158 0 *
Wi

0101100
-145 0 -177 0 +134 0 *
Fa
0  1e-07 464 0

0101000
+133 0 *
Ed
 1e-07 1 1 0
1  705 0 0 3.83327396219933
0

0101000
+139 0 -297 0 *
Wi

0101100
-186 0 -138 0 +131 0 *
Fa
0  1e-07 465 0

0101000
+130 0 *
Ve
1e-07
47.5015678405762 36.5275535583496 33.6286277770996
0 0

0101101
*
Ed
 1e-07 1 1 0
1  706 0 0 3.26587965799178
0

0101000
+128 0 -183 0 *
Ed
 1e-07 1 1 0
1  707 0 0 5.68268042352524
0

0101000
+244 0 -128 0 *
Wi

0101100
+127 0 -182 0 +126 0 *
Fa
0  1e-07 466 0

0101000
+125 0 *
Ed
 1e-07 1 1 0
1  708 0 0 3.23080693078528
0

0101000
+139 0 -289 0 *
Wi

0101100
+123 0 -247 0 -131 0 *
Fa
0  1e-07 467 0

0101000
+122 0 *
Ed
 1e-07 1 1 0
1  709 0 0 5.05601444129213
0

0101000
+278 0 -169 0 *
Ed
 1e-07 1 1 0
1  710 0 0 5.47857029747575
0

0101000
+169 0 -234 0 *
Wi

0101100
-229 0 +120 0 +119 0 *
Fa
0  1e-07 468 0

0101000
+118 0 *
Wi

0101100
-277 0 -168 0 -120 0 *
Fa
0  1e-07 469 0

0101000
+116 0 *
Ve
1e-07
47.5895767211914 27.6767063140869 33.5534591674805
0 0

0101101
*
Ed
 1e-07 1 1 0
1  711 0 0 5.35057013967877
0

0101000
+114 0 -234 0 *
Ed
 1e-07 1 1 0
1  712 0 0 2.884144283755
0

0101000
+169 0 -114 0 *
Wi

0101100
+113 0 -119 0 +112 0 *
Fa
0  1e-07 470 0

0101000
+111 0 *
Ve
1e-07
47.5048179626465 30.5008850097656 27.4472408294678
0 0

0101101
*
Ed
 1e-07 1 1 0
1  713 0 0 6.04524720356792
0

0101000
+239 0 -109 0 *
Ed
 1e-07 1 1 0
1  714 0 0 3.22702362642041
0

0101000
+109 0 -210 0 *
Wi

0101100
-208 0 +108 0 +107 0 *
Fa
0  1e-07 471 0

0101000
+106 0 *
Ed
 1e-07 1 1 0
1  715 0 0 6.04167019547594
0

0101000
+234 0 -109 0 *
Wi

0101100
+104 0 -108 0 -232 0 *
Fa
0  1e-07 472 0

0101000
+103 0 *
Ve
1e-07
47.5099792480469 27.7800121307373 30.0101566314697
0 0

0101101
*
Ed
 1e-07 1 1 0
1  716 0 0 3.73787550232082
0

0101000
+101 0 -109 0 *
Ed
 1e-07 1 1 0
1  717 0 0 3.28885126460695
0

0101000
+234 0 -101 0 *
Wi

0101100
+100 0 -104 0 +99 0 *
Fa
0  1e-07 473 0

0101000
+98 0 *
Ed
 1e-07 1 1 0
1  718 0 0 5.83837059888473
0

0101000
+215 0 -169 0 *
Wi

0101100
-214 0 +96 0 -167 0 *
Fa
0  1e-07 474 0

0101000
+95 0 *
Ve
1e-07
47.4943733215332 30.3311824798584 36.5902214050293
0 0

0101101
*
Ed
 1e-07 1 1 0
1  719 0 0 5.49083727785055
0

0101000
+93 0 -169 0 *
Ed
 1e-07 1 1 0
1  720 0 0 3.01075618685948
0

0101000
+215 0 -93 0 *
Wi

0101100
+92 0 -96 0 +91 0 *
Fa
0  1e-07 475 0

0101000
+90 0 *
Ed
 1e-07 1 1 0
1  721 0 0 5.07058493070625
0

0101000
+109 0 -153 0 *
Wi

0101100
-151 0 -107 0 +88 0 *
Fa
0  1e-07 476 0

0101000
+87 0 *
Ed
 1e-07 1 1 0
1  722 0 0 5.2135331858789
0

0101000
+158 0 -93 0 *
Wi

0101100
+85 0 -91 0 -157 0 *
Fa
0  1e-07 477 0

0101000
+84 0 *
Ve
1e-07
47.4943733215332 33.668872833252 27.4098072052002
0 0

0101101
*
Ed
 1e-07 1 1 0
1  723 0 0 2.95140892304648
0

0101000
+82 0 -153 0 *
Ed
 1e-07 1 1 0
1  724 0 0 3.16822619402584
0

0101000
+109 0 -82 0 *
Wi

0101100
+81 0 -88 0 +80 0 *
Fa
0  1e-07 478 0

0101000
+79 0 *
Ed
 1e-07 1 1 0
1  725 0 0 5.66609121797636
0

0101000
+82 0 -139 0 *
Wi

0101100
+77 0 -137 0 -81 0 *
Fa
0  1e-07 479 0

0101000
+76 0 *
Ed
 1e-07 1 1 0
1  726 0 0 5.69245119013466
0

0101000
+158 0 -128 0 *
Wi

0101100
-134 0 -127 0 -74 0 *
Fa
0  1e-07 480 0

0101000
+73 0 *
Ve
1e-07
47.5081481933594 34.1528167724609 35.9468078613281
0 0

0101101
*
Ed
 1e-07 1 1 0
1  727 0 0 3.31864083718159
0

0101000
+128 0 -71 0 *
Ed
 1e-07 1 1 0
1  728 0 0 3.29161948284391
0

0101000
+71 0 -158 0 *
Wi

0101100
+74 0 +70 0 +69 0 *
Fa
0  1e-07 481 0

0101000
+68 0 *
Ed
 1e-07 1 1 0
1  729 0 0 5.03052716162576
0

0101000
+139 0 -244 0 *
Wi

0101100
-172 0 -123 0 +66 0 *
Fa
0  1e-07 482 0

0101000
+65 0 *
Ed
 1e-07 1 1 0
1  730 0 0 5.24231433181999
0

0101000
+128 0 -139 0 *
Wi

0101100
-126 0 -66 0 -63 0 *
Fa
0  1e-07 483 0

0101000
+62 0 *
Ve
1e-07
47.5895767211914 36.323314666748 30.4466247558594
0 0

0101101
*
Ed
 1e-07 1 1 0
1  731 0 0 3.18976524451123
0

0101000
+60 0 -128 0 *
Ed
 1e-07 1 1 0
1  732 0 0 3.20229839495324
0

0101000
+139 0 -60 0 *
Wi

0101100
+59 0 +63 0 +58 0 *
Fa
0  1e-07 484 0

0101000
+57 0 *
Ed
 1e-07 1 1 0
1  733 0 0 3.54570172338071
0

0101000
+114 0 -101 0 *
Wi

0101100
-99 0 -113 0 +55 0 *
Fa
0  1e-07 485 0

0101000
+54 0 *
Ed
 1e-07 1 1 0
1  734 0 0 4.03450520998027
0

0101000
+93 0 -114 0 *
Wi

0101100
-92 0 +52 0 -112 0 *
Fa
0  1e-07 486 0

0101000
+51 0 *
Ve
1e-07
47.5420875549316 31.1737728118896 32.482852935791
0 0

0101101
*
Ed
 1e-07 1 1 0
1  735 0 0 3.6575848608472
0

0101000
+114 0 -49 0 *
Ed
 1e-07 1 1 0
1  736 0 0 4.19915104726072
0

0101000
+49 0 -101 0 *
Wi

0101100
+48 0 +47 0 -55 0 *
Fa
0  1e-07 487 0

0101000
+46 0 *
Ed
 1e-07 1 1 0
1  737 0 0 5.08050748470127
0

0101000
+49 0 -109 0 *
Wi

0101100
-47 0 +44 0 -100 0 *
Fa
0  1e-07 488 0

0101000
+43 0 *
Ve
1e-07
47.4904708862305 32.0881080627441 30.4725952148438
0 0

0101101
*
Ed
 1e-07 1 1 0
1  738 0 0 2.2090290482633
0

0101000
+49 0 -41 0 *
Ed
 1e-07 1 1 0
1  739 0 0 3.41646776885452
0

0101000
+41 0 -109 0 *
Wi

0101100
+40 0 +39 0 -44 0 *
Fa
0  1e-07 489 0

0101000
+38 0 *
Ve
1e-07
47.6384620666504 32.3376121520996 32.0881271362305
0 0

0101101
*
Ed
 1e-07 1 1 0
1  740 0 0 1.64137048502361
0

0101000
+36 0 -41 0 *
Ed
 1e-07 1 1 0
1  741 0 0 1.23272807754512
0

0101000
+49 0 -36 0 *
Wi

0101100
+35 0 -40 0 +34 0 *
Fa
0  1e-07 490 0

0101000
+33 0 *
Ed
 1e-07 1 1 0
1  742 0 0 6.90469081455126
0

0101000
+114 0 -71 0 *
Ed
 1e-07 1 1 0
1  743 0 0 4.5688990495997
0

0101000
+71 0 -49 0 *
Wi

0101100
+31 0 +30 0 -48 0 *
Fa
0  1e-07 491 0

0101000
+29 0 *
Ed
 1e-07 1 1 0
1  744 0 0 3.87544312327089
0

0101000
+93 0 -71 0 *
Wi

0101100
+27 0 -31 0 -52 0 *
Fa
0  1e-07 492 0

0101000
+26 0 *
Ed
 1e-07 1 1 0
1  745 0 0 6.55012786864156
0

0101000
+109 0 -60 0 *
Ed
 1e-07 1 1 0
1  746 0 0 4.03452425580913
0

0101000
+60 0 -82 0 *
Wi

0101100
+24 0 +23 0 -80 0 *
Fa
0  1e-07 493 0

0101000
+22 0 *
Ed
 1e-07 1 1 0
1  747 0 0 4.23644561039812
0

0101000
+41 0 -60 0 *
Wi

0101100
+20 0 -24 0 -39 0 *
Fa
0  1e-07 494 0

0101000
+19 0 *
Ed
 1e-07 1 1 0
1  748 0 0 4.26630594983452
0

0101000
+71 0 -36 0 *
Wi

0101100
+17 0 -34 0 -30 0 *
Fa
0  1e-07 495 0

0101000
+16 0 *
Ed
 1e-07 1 1 0
1  749 0 0 4.46626143899559
0

0101000
+128 0 -36 0 *
Wi

0101100
-70 0 +14 0 -17 0 *
Fa
0  1e-07 496 0

0101000
+13 0 *
Wi

0101100
-85 0 -69 0 -27 0 *
Fa
0  1e-07 497 0

0101000
+11 0 *
Ed
 1e-07 1 1 0
1  750 0 0 5.44695703901423
0

0101000
+128 0 -41 0 *
Wi

0101100
-14 0 +9 0 -35 0 *
Fa
0  1e-07 498 0

0101000
+8 0 *
Wi

0101100
-59 0 -20 0 -9 0 *
Fa
0  1e-07 499 0

0101000
+6 0 *
Wi

0101100
-23 0 -58 0 -77 0 *
Fa
0  1e-07 500 0

0101000
+4 0 *
Sh

0101100
+1997 0 +1992 0 +1984 0 +1979 0 +1972 0 +1967 0 +1959 0 +1954 0 +1946 0 +1941 0 
+1933 0 +1928 0 +1921 0 +1916 0 +1909 0 +1904 0 +1896 0 +1891 0 +1883 0 +1878 0 
+1870 0 +1865 0 +1860 0 +1855 0 +1850 0 +1845 0 +1839 0 +1836 0 +1831 0 +1826 0 
+1823 0 +1820 0 +1816 0 +1811 0 +1808 0 +1805 0 +1800 0 +1797 0 +1792 0 +1789 0 
+1786 0 +1781 0 +1776 0 +1773 0 +1768 0 +1765 0 +1760 0 +1757 0 +1754 0 +1751 0 
+1746 0 +1741 0 +1736 0 +1733 0 +1730 0 +1725 0 +1720 0 +1717 0 +1712 0 +1707 0 
+1702 0 +1699 0 +1694 0 +1691 0 +1686 0 +1681 0 +1678 0 +1675 0 +1670 0 +1667 0 
+1664 0 +1659 0 +1655 0 +1653 0 +1650 0 +1647 0 +1642 0 +1637 0 +1634 0 +1629 0 
+1626 0 +1621 0 +1616 0 +1613 0 +1608 0 +1603 0 +1598 0 +1593 0 +1590 0 +1585 0 
+1580 0 +1575 0 +1572 0 +1569 0 +1564 0 +1561 0 +1558 0 +1553 0 +1548 0 +1543 0 
+1538 0 +1533 0 +1530 0 +1525 0 +1520 0 +1515 0 +1512 0 +1509 0 +1504 0 +1500 0 
+1497 0 +1494 0 +1491 0 +1486 0 +1481 0 +1477 0 +1472 0 +1469 0 +1466 0 +1461 0 
+1456 0 +1451 0 +1448 0 +1443 0 +1438 0 +1434 0 +1429 0 +1426 0 +1421 0 +1418 0 
+1413 0 +1408 0 +1405 0 +1400 0 +1395 0 +1390 0 +1387 0 +1384 0 +1379 0 +1374 0 
+1371 0 +1368 0 +1366 0 +1363 0 +1358 0 +1354 0 +1351 0 +1348 0 +1346 0 +1341 0 
+1338 0 +1333 0 +1330 0 +1327 0 +1324 0 +1321 0 +1316 0 +1311 0 +1308 0 +1305 0 
+1302 0 +1299 0 +1296 0 +1291 0 +1286 0 +1281 0 +1276 0 +1273 0 +1268 0 +1263 0 
+1258 0 +1253 0 +1250 0 +1247 0 +1242 0 +1237 0 +1234 0 +1229 0 +1224 0 +1221 0 
+1216 0 +1213 0 +1210 0 +1205 0 +1202 0 +1197 0 +1194 0 +1189 0 +1185 0 +1182 0 
+1177 0 +1172 0 +1169 0 +1166 0 +1163 0 +1158 0 +1155 0 +1151 0 +1149 0 +1146 0 
+1143 0 +1140 0 +1135 0 +1132 0 +1129 0 +1124 0 +1122 0 +1119 0 +1116 0 +1113 0 
+1108 0 +1105 0 +1100 0 +1095 0 +1092 0 +1087 0 +1082 0 +1079 0 +1076 0 +1071 0 
+1068 0 +1063 0 +1058 0 +1055 0 +1050 0 +1047 0 +1042 0 +1037 0 +1032 0 +1027 0 
+1022 0 +1017 0 +1012 0 +1007 0 +1002 0 +999 0 +996 0 +991 0 +987 0 +984 0 
+979 0 +976 0 +971 0 +966 0 +962 0 +957 0 +952 0 +947 0 +942 0 +937 0 
+934 0 +931 0 +926 0 +923 0 +918 0 +914 0 +911 0 +908 0 +905 0 +902 0 
+899 0 +894 0 +889 0 +886 0 +883 0 +880 0 +875 0 +872 0 +867 0 +864 0 
+861 0 +858 0 +854 0 +849 0 +846 0 +843 0 +840 0 +836 0 +831 0 +828 0 
+825 0 +822 0 +820 0 +817 0 +812 0 +809 0 +806 0 +803 0 +800 0 +795 0 
+790 0 +787 0 +784 0 +781 0 +778 0 +773 0 +771 0 +766 0 +763 0 +760 0 
+756 0 +751 0 +746 0 +741 0 +738 0 +733 0 +728 0 +725 0 +720 0 +715 0 
+712 0 +707 0 +704 0 +701 0 +698 0 +693 0 +690 0 +687 0 +684 0 +681 0 
+678 0 +675 0 +670 0 +665 0 +662 0 +657 0 +654 0 +649 0 +646 0 +644 0 
+639 0 +636 0 +631 0 +628 0 +623 0 +618 0 +615 0 +612 0 +609 0 +606 0 
+603 0 +600 0 +596 0 +591 0 +589 0 +586 0 +581 0 +578 0 +573 0 +568 0 
+563 0 +558 0 +555 0 +550 0 +545 0 +540 0 +537 0 +532 0 +529 0 +524 0 
+521 0 +516 0 +513 0 +510 0 +505 0 +502 0 +497 0 +492 0 +487 0 +484 0 
+479 0 +476 0 +473 0 +470 0 +465 0 +462 0 +459 0 +454 0 +451 0 +448 0 
+445 0 +440 0 +435 0 +432 0 +429 0 +426 0 +423 0 +418 0 +415 0 +412 0 
+409 0 +406 0 +403 0 +398 0 +393 0 +390 0 +385 0 +382 0 +379 0 +374 0 
+371 0 +366 0 +363 0 +360 0 +355 0 +350 0 +347 0 +343 0 +341 0 +338 0 
+333 0 +330 0 +327 0 +322 0 +317 0 +312 0 +307 0 +304 0 +300 0 +298 0 
+293 0 +290 0 +285 0 +282 0 +279 0 +274 0 +271 0 +268 0 +265 0 +262 0 
+259 0 +256 0 +253 0 +248 0 +245 0 +240 0 +235 0 +230 0 +227 0 +222 0 
+219 0 +216 0 +211 0 +206 0 +203 0 +200 0 +195 0 +190 0 +187 0 +184 0 
+179 0 +175 0 +173 0 +170 0 +165 0 +162 0 +159 0 +154 0 +149 0 +146 0 
+143 0 +140 0 +135 0 +132 0 +129 0 +124 0 +121 0 +117 0 +115 0 +110 0 
+105 0 +102 0 +97 0 +94 0 +89 0 +86 0 +83 0 +78 0 +75 0 +72 0 
+67 0 +64 0 +61 0 +56 0 +53 0 +50 0 +45 0 +42 0 +37 0 +32 0 
+28 0 +25 0 +21 0 +18 0 +15 0 +12 0 +10 0 +7 0 +5 0 +3 0 
*
So

1100000
+2 0 *

-1 0 