DBRep_DrawableShape

CASCADE Topology V1, (c) Matra-Datavision
Locations 0
Curve2ds 0
Curves 375
1 42.027351379394531 19.405004501342773 29.746189117431641 -0.87069370996475304 -0.46614378159310826 -0.15685164426900677 
1 38.875072479248047 17.717367172241211 29.178319931030273 0.4230465101561165 0.19394005688140906 0.88510954383147789 
1 41.222541809082031 18.793533325195312 34.089759826660156 0.18046590057975168 0.13711280351594696 -0.97397748323045763 
1 36.934101104736328 16.435007095336914 32.456233978271484 0.48288640730268556 0.31903316995619752 -0.81549896021393242 
1 41.222541809082031 18.793533325195312 34.089759826660156 -0.83115284202744344 -0.45711155034896672 -0.31659751061445168 
1 39.768703460693359 23.323287963867188 43.179759979248047 -0.80763880971184088 -0.56712698230133363 -0.16151327807032959 
1 34.153099060058594 19.379989624023438 42.056739807128906 0.59350961497887855 0.72946344929105333 0.3400432517725091 
1 39.240119934082031 25.632282257080078 44.971279144287109 0.17797933495825455 -0.77746136237539731 -0.60322233574463124 
1 34.079730987548828 27.107614517211914 47.411399841308594 0.0078036149220123505 -0.82192985130109608 -0.56953526943843191 
1 34.079730987548828 27.107614517211914 47.411399841308594 0.87526588478194911 -0.25023462560494719 -0.41387469490804085 
1 29.865398406982422 26.591773986816406 16.835298538208008 -0.79984307297562074 -0.40165603074360257 0.44600839855344648 
1 25.615398406982422 24.457557678222656 19.205183029174805 0.87455666478697813 -0.48473630871449574 0.01346666590223221 
1 29.833835601806641 22.119424819946289 19.270139694213867 0.0061981629755688186 0.8782599919598012 -0.47814325185920836 
1 29.865398406982422 26.591773986816406 16.835298538208008 -0.52692520235180285 0.84629549119127867 -0.078318405983675288 
1 25.615398406982422 24.457557678222656 19.205183029174805 0.26971542041119295 0.87654068420093367 -0.39866028261286907 
1 16.437746047973633 32.879230499267578 37.061092376708984 0.044768287287159696 -0.88795249708702784 -0.45775120247825252 
1 16.744653701782227 26.791898727416992 33.922992706298828 -0.026380871549839032 0.056831212853062189 -0.99803520121382527 
1 16.644277572631836 27.008134841918945 30.125585556030273 -0.022722723399741001 0.64594149922697919 0.76304865992785897 
1 16.437746047973633 32.879230499267578 37.061092376708984 0.3517899521710337 -0.70312056375342979 0.61795250819020131 
1 18.266616821289062 29.223876953125 40.273677825927734 -0.21840141008792613 -0.34898839990936847 -0.91132207303472257 
1 16.408420562744141 32 32 0.044189543700203129 -0.93526261379120568 -0.35118531784801282 
1 16.408420562744141 32 32 0.0057087015926326886 0.17115708443290345 0.98522721398393887 
1 16.644277572631836 27.008134841918945 30.125585556030273 -0.03822176207451905 0.82840072834611089 -0.55883032324628901 
1 16.435007095336914 31.543766021728516 27.065896987915039 -0.0053653560954321196 0.092071342801863271 0.99573795789285391 
1 16.435007095336914 31.543766021728516 27.065896987915039 0.00027161324411138007 0.1324337756984518 0.99119181861055417 
1 16.650945663452148 36.909839630126953 30.148759841918945 -0.034871728478388798 -0.8665624834895661 -0.49784879708735352 
1 16.650945663452148 36.909839630126953 30.148759841918945 -0.026635056051647604 -0.50354452976741138 0.86355861429925074 
1 16.435007095336914 31.543766021728516 27.065896987915039 0.31903343961973013 0.81549917499439195 -0.48288586641966469 
1 17.717367172241211 34.821678161621094 25.124929428100586 -0.19235406580474357 0.37664876900317229 0.90616533710839953 
1 16.650945663452148 36.909839630126953 30.148759841918945 0.30754254880841314 0.61867632565755171 0.72295033352457616 
1 18.49211311340332 40.613674163818359 34.476852416992188 -0.2442901055297943 -0.91972271694891394 0.30729866297846109 
1 19.380237579345703 21.942663192749023 29.847639083862305 -0.47467744234404191 0.87883781955651186 0.048222532563882939 
1 16.744653701782227 26.791898727416992 33.922992706298828 0.38415388391777616 -0.706808339712925 -0.5940099025968727 
1 16.644277572631836 27.008134841918945 30.125585556030273 0.26250188355223286 0.3544522868155367 -0.89747219316409277 
1 18.793533325195312 29.910242080688477 22.777458190917969 -0.45711174429519297 0.31659727527456877 0.83115282500640342 
1 18.793533325195312 29.910242080688477 22.777458190917969 -0.19394014668817339 0.88510926623268771 0.42304704978477597 
1 19.405004501342773 34.253810882568359 21.972648620605469 -0.46614360628864976 0.1568510584509798 0.87069390934990454 
1 18.793533325195312 29.910242080688477 22.777458190917969 0.13711286063213399 0.97397746126077078 -0.18046597575525583 
1 16.437746047973633 32.879230499267578 37.061092376708984 0.46855567820793526 0.34016567926389069 0.81531766022209873 
1 18.952751159667969 34.705093383789062 41.437366485595703 -0.12154219677708618 -0.97094555501705859 -0.20613641986610726 
1 16.437746047973633 32.879230499267578 37.061092376708984 0.37058890067784006 0.90980006427723314 0.18688956561438261 
1 19.028722763061523 39.240108489990234 38.367733001708984 -0.013871659731522471 -0.8280486868844199 0.56048456642915767 
1 18.49211311340332 40.613674163818359 34.476852416992188 0.12896295779482514 -0.33010791389075261 0.93509214556828857 
1 16.744653701782227 26.791898727416992 33.922992706298828 0.5281124656557511 -0.84243309047131432 0.10678816272393395 
1 20.268764495849609 21.170316696166992 34.635593414306641 -0.18020780243492371 0.15664451158666531 -0.97107550938706655 
1 19.380237579345703 21.942663192749023 29.847639083862305 -0.048637566730294596 0.56556846913989167 -0.82326587067442292 
1 19.0809326171875 25.42304801940918 24.781440734863281 -0.40053127512150066 0.26055261602033503 0.8784571884471688 
1 16.744653701782227 26.791898727416992 33.922992706298828 0.44539218095039385 -0.34599095107306999 0.8257820940925058 
1 19.699436187744141 24.496555328369141 39.401325225830078 0.097495445668212985 -0.56960652268374468 -0.81611460432349159 
1 18.266616821289062 29.223876953125 40.273677825927734 0.28564250467256275 -0.9424244401643268 -0.1739095572570413 
1 19.0809326171875 25.42304801940918 24.781440734863281 -0.058381873319245027 0.91152206196665853 -0.40708609337066137 
1 18.266616821289062 29.223876953125 40.273677825927734 0.63450322860107955 -0.025810281501906597 0.77248914701994265 
1 20.81437873840332 29.1202392578125 43.375503540039062 -0.17988644345339772 -0.74599185153392344 -0.64119967631516817 
1 17.717367172241211 34.821678161621094 25.124929428100586 0.35517779591493698 0.92956963110982704 -0.098737197688346032 
1 19.042743682861328 38.290447235107422 24.75648307800293 -0.39479460803677785 -0.22788564662976779 0.8900591831587491 
1 19.042743682861328 38.290447235107422 24.75648307800293 0.1804220759500248 0.69090129169658587 0.70007376728589998 
1 20.25639533996582 42.937957763671875 29.465694427490234 -0.51088963379575902 -0.85418001692989698 0.096789879417613675 
1 20.25639533996582 42.937957763671875 29.465694427490234 -0.3042467839574306 -0.40081785080284066 0.86416372576575573 
1 19.380237579345703 21.942663192749023 29.847639083862305 0.21420111411094825 0.28493433553862352 -0.93430739435412358 
1 20.730762481689453 23.739156723022461 23.956888198852539 -0.66060264658045931 0.67424106623422697 0.33015621747019297 
1 18.952751159667969 34.705093383789062 41.437366485595703 0.30036947354305982 -0.90110380443221894 0.31271410745479067 
1 20.820234298706055 39.768692016601562 40.676715850830078 -0.34263661376764581 -0.92904415186260614 0.13956043420587413 
1 19.028722763061523 39.240108489990234 38.367733001708984 0.6032225087608355 0.17798014395560194 0.77746104293516027 
1 19.405004501342773 34.253810882568359 21.972648620605469 -0.073677440042820619 0.82098040325081401 0.56618266690783414 
1 19.042743682861328 38.290447235107422 24.75648307800293 0.55983556438051751 0.82590080462791515 -0.066873027221069747 
1 20.781167984008789 40.855068206787109 24.548826217651367 -0.097803594997123405 0.38819494300586138 0.9163728187971939 
1 22.119424819946289 44.7298583984375 34.166164398193359 -0.40814740743435884 -0.72495735640535097 0.55484459553858545 
1 18.49211311340332 40.613674163818359 34.476852416992188 0.66009093651310469 0.74905498234110457 -0.056538384865681829 
1 20.25639533996582 42.937957763671875 29.465694427490234 0.34729855007640031 0.33403899349011218 0.87624292747099697 
1 24.718990325927734 19.087202072143555 38.387424468994141 -0.71984015321529171 0.33695133851122377 -0.60687226769269986 
1 19.699436187744141 24.496555328369141 39.401325225830078 0.67387177240445562 -0.72620204225023599 -0.13611549576761675 
1 20.81437873840332 29.1202392578125 43.375503540039062 0.6938543951811017 -0.66746032677094325 0.27030129573254602 
1 24.458017349243164 25.615203857421875 44.794937133789062 -0.65372453978996392 -0.15367773923001712 -0.74096381729579119 
1 19.0809326171875 25.42304801940918 24.781440734863281 0.3651561354713832 0.63966748674445773 -0.67637748567618194 
1 22.169824600219727 30.83405876159668 19.059896469116211 -0.66121702581807928 -0.1809213922595688 0.72805184883437568 
1 23.739151000976562 40.043102264404297 43.269245147705078 -0.64681231495724822 -0.72135425284259769 -0.24755175443842711 
1 20.820234298706055 39.768692016601562 40.676715850830078 0.74583154025074572 0.070116361189787438 0.66243415481140733 
1 19.380237579345703 21.942663192749023 29.847639083862305 0.56706216985153557 -0.16141974572708484 -0.80770301547825829 
1 23.323286056518555 20.820236206054688 24.231302261352539 -0.6624328074730671 0.74583264415374129 -0.070117348053024997 
1 23.751186370849609 18.22465705871582 34.431243896484375 -0.59515146889740278 0.50624633634247351 -0.62410686265181148 
1 20.268764495849609 21.170316696166992 34.635593414306641 0.76272982444611714 -0.64516665091048042 -0.044757205602559386 
1 20.730762481689453 23.739156723022461 23.956888198852539 0.55454685033436824 0.26482386215841658 -0.78888916383464913 
1 22.803020477294922 24.728763580322266 21.008928298950195 -0.69638286695579044 0.12989693052548854 0.70581703723450184 
1 22.803020477294922 24.728763580322266 21.008928298950195 -0.098321521680316715 0.94801930060438289 -0.30264217164176543 
1 22.169824600219727 30.83405876159668 19.059896469116211 -0.52416067254570176 0.64832412510173953 0.55220595629484259 
1 18.952751159667969 34.705093383789062 41.437366485595703 0.5686878435343371 -0.63042918564421646 0.528349485193499 
1 23.451745986938477 29.7176513671875 45.617237091064453 -0.75084213952250711 -0.17007953163478426 -0.63820767343879248 
1 24.547998428344727 34.904575347900391 46.0311279296875 -0.20615408561852877 -0.97541910059055581 -0.077833612185863654 
1 18.952751159667969 34.705093383789062 41.437366485595703 0.77259114926775785 0.027544448441759142 0.63430609285514861 
1 19.405004501342773 34.253810882568359 21.972648620605469 0.65207153643749749 0.70614481790902583 -0.27597501247082162 
1 24.279146194458008 39.532142639160156 19.909774780273438 -0.72302073781919596 -0.17144815074790057 0.66921337724862506 
1 24.279146194458008 39.532142639160156 19.909774780273438 -0.58703155113312822 0.22201368941574728 0.77852673665471606 
1 19.028722763061523 39.240108489990234 38.367733001708984 0.69895552970475494 0.71516183534826328 0.0021718094872518741 
1 24.457557678222656 44.794818878173828 38.384601593017578 -0.54993762393811241 -0.7599149087018805 0.34655149878469116 
1 20.781167984008789 40.855068206787109 24.548826217651367 0.77786969384465132 0.60211744990114624 -0.17992586229491631 
1 24.114217758178711 43.435047149658203 23.777872085571289 -0.55986242668289299 -0.07213957506253911 0.82543924361429433 
1 22.119424819946289 44.7298583984375 34.166164398193359 0.48473630355182024 0.013467456613031633 0.87455665547252781 
1 19.380237579345703 21.942663192749023 29.847639083862305 0.72942971714294913 -0.33997176022047199 -0.59359202319552051 
1 25.632270812988281 19.028722763061523 24.7598876953125 -0.7774609069115036 0.60322254715234946 -0.1779806080205753 
1 19.380237579345703 21.942663192749023 29.847639083862305 0.792594412342851 -0.60288458339682116 -0.091237473799596819 
1 24.692880630493164 17.901617050170898 29.236087799072266 0.19942302817947608 0.23927313541431855 -0.95025197842505382 
1 23.751186370849609 18.22465705871582 34.431243896484375 0.17802456718242315 -0.061069776219708535 -0.98212918494054824 
1 24.718990325927734 19.087202072143555 38.387424468994141 -0.23246797825734783 -0.20718462078543173 -0.95028057540651545 
1 24.415878295898438 21.52369499206543 41.682518005371094 0.073763170286273855 -0.59292744710966094 -0.801870336883301 
1 19.699436187744141 24.496555328369141 39.401325225830078 0.78296360948083965 -0.49351638502474082 0.37869455229887694 
1 27.139244079589844 34.054573059082031 16.571958541870117 -0.81970982312054996 0.021116129051424664 0.57238965309792267 
1 22.169824600219727 30.83405876159668 19.059896469116211 0.77367494594676711 0.50139281567423422 -0.38734006041788455 
1 27.139244079589844 34.054573059082031 16.571958541870117 -0.40723733725263234 0.77992814931374721 0.47525764912878482 
1 23.739151000976562 40.043102264404297 43.269245147705078 0.1373362491244885 -0.87248347322325492 0.4689470584497808 
1 20.820234298706055 39.768692016601562 40.676715850830078 0.76754489553164962 0.63280058458835176 0.10216777127817363 
1 24.728763580322266 42.991069793701172 41.196979522705078 -0.26482455964469104 -0.78888872179561442 0.55454714608649569 
1 20.25639533996582 42.937957763671875 29.465694427490234 0.82107128718128886 0.56857070554568589 -0.050688205351367976 
1 25.077272415161133 46.276290893554688 29.168081283569336 -0.49214718410873076 -0.25730615705738608 0.83161571095921871 
1 23.323286056518555 20.820236206054688 24.231302261352539 -0.10216821973215731 0.76754507611135558 -0.63280029315256725 
1 23.323286056518555 20.820236206054688 24.231302261352539 0.34655160377680544 0.54993795979351634 -0.7599146177682522 
1 25.615398406982422 24.457557678222656 19.205183029174805 -0.83899192492160424 0.08090646689079041 0.53809543162118612 
1 24.458017349243164 25.615203857421875 44.794937133789062 -0.0081967434470020979 -0.79586620530141516 -0.60541704357904369 
1 25.615398406982422 24.457557678222656 19.205183029174805 -0.47529517744962602 0.87959811163572665 -0.020041364723797649 
1 23.451745986938477 29.7176513671875 45.617237091064453 0.23383433655282906 -0.95331451100005338 -0.19108361040556957 
1 23.739151000976562 40.043102264404297 43.269245147705078 0.67424410997674178 -0.3301531413799525 0.66060107735199802 
1 25.423046112060547 39.218559265136719 44.9190673828125 -0.19273596279201949 -0.95018804029867654 0.24493986347671973 
1 24.279146194458008 39.532142639160156 19.909774780273438 -0.030000855599615552 0.70994715817382814 0.70361564881986283 
1 24.457557678222656 44.794818878173828 38.384601593017578 0.080906417347279547 -0.53809624011987278 0.83899141116037901 
1 24.114217758178711 43.435047149658203 23.777872085571289 0.57707845732672713 0.64402696007154059 0.50220486735038239 
1 25.775581359863281 45.289150238037109 25.22368049621582 -0.7511759702377363 -0.32000358056055911 0.57734943506148628 
1 26.591773986816406 47.164703369140625 34.134601593017578 -0.40165603074360257 -0.44600839855344648 0.79984307297562074 
1 22.119424819946289 44.7298583984375 34.166164398193359 0.87825967738153665 0.47814382970914537 -0.0061981607554889217 
1 25.775581359863281 45.289150238037109 25.22368049621582 -0.16926337016017812 0.23927339817521695 0.95608480400417539 
1 27.460578918457031 30.454158782958984 16.477863311767578 -0.89682432549526381 0.064396024007957867 0.43767485796185701 
1 27.460578918457031 30.454158782958984 16.477863311767578 -0.088865956859712159 0.99570361205460323 0.026022272245596778 
1 25.077272415161133 46.276290893554688 29.168081283569336 0.2875038000179716 0.16865084031254401 0.94281411690592487 
1 25.632270812988281 19.028722763061523 24.7598876953125 -0.0021723017668203509 0.69895589721377571 -0.71516147467206292 
1 24.547998428344727 34.904575347900391 46.0311279296875 0.59854707518063699 -0.70690939350468407 0.37685608415885341 
1 27.003057479858398 32.005046844482422 47.576877593994141 -0.76263589447122482 -0.49121286581424145 -0.42082824634598232 
1 27.139244079589844 34.054573059082031 16.571958541870117 0.37265432804195248 0.90287516749608998 0.21434827666792272 
1 29.151815414428711 38.930675506591797 17.729576110839844 -0.9070564385221328 0.1119642254638528 0.40584803751136189 
1 26.938840866088867 16.437747955322266 31.120849609375 -0.68534377275926761 0.44669248920302457 -0.57512584121190313 
1 23.751186370849609 18.22465705871582 34.431243896484375 0.64647673389600757 -0.36239660309992361 -0.67136914927094093 
1 23.451745986938477 29.7176513671875 45.617237091064453 0.9213947345944834 -0.29699697154481308 0.25064824347034848 
1 30.454246520996094 27.460506439208984 47.522136688232422 -0.87653000707339479 -0.26974670892933228 -0.39866258881629263 
1 25.423046112060547 39.218559265136719 44.9190673828125 0.91152212749610395 0.40708594959819333 0.058381852700250293 
1 29.910242080688477 41.222541809082031 45.206466674804688 -0.64390527868405278 -0.75866973204873511 0.099026409386146597 
1 24.728763580322266 42.991069793701172 41.196979522705078 0.12989661240955727 -0.70581689087438593 0.69638307463703952 
1 26.591773986816406 47.164703369140625 34.134601593017578 0.50892531443160038 -0.14443588078427369 0.84860668196330369 
1 29.326217651367188 46.388652801513672 38.694145202636719 -0.94864074825401756 -0.31055276276630239 -0.060313450326393105 
1 25.077272415161133 46.276290893554688 29.168081283569336 0.93092421881534937 0.23642553473891428 -0.27835780094412638 
1 29.937902450561523 47.510738372802734 27.714693069458008 -0.46167093963415695 -0.047743028104842017 0.88576551454924846 
1 23.751186370849609 18.22465705871582 34.431243896484375 0.89365233810198719 -0.21007519484935849 0.39655253260300266 
1 30.020584106445312 16.750879287719727 37.213249206542969 -0.45089952538093037 -0.045815227988812872 -0.89139810572806633 
1 25.632270812988281 19.028722763061523 24.7598876953125 0.18687780221856712 -0.37058531727782629 0.90980394022891053 
1 29.52314567565918 18.49211311340332 23.386325836181641 -0.93509225583655764 0.12896316265954297 0.33010752150071659 
1 26.938840866088867 16.437747955322266 31.120849609375 0.30730297089604486 0.24428717310966042 -0.91972205645649008 
1 24.718990325927734 19.087202072143555 38.387424468994141 0.89685082582007303 -0.39522700254643084 -0.19863084524820526 
1 29.571554183959961 21.368358612060547 44.120010375976562 -0.61820568410997623 -0.29061419500684188 -0.73031850708758683 
1 24.415878295898438 21.52369499206543 41.682518005371094 0.9037192076161813 -0.027228335003960113 0.42725895140826881 
1 24.458017349243164 25.615203857421875 44.794937133789062 0.76535306727031194 -0.63563364063254013 -0.10101760894095767 
1 27.003057479858398 32.005046844482422 47.576877593994141 0.60475974195295235 -0.79635019989572231 -0.009592374004472012 
1 24.547998428344727 34.904575347900391 46.0311279296875 0.93979168767513832 0.27264076611133525 0.20605483840701075 
1 31.543766021728516 36.934101104736328 47.564990997314453 -0.67753847405630807 -0.73548519382786293 0.0017736497513142111 
1 29.151815414428711 38.930675506591797 17.729576110839844 0.033835613927781942 0.84471464277317798 0.53414635027744262 
1 29.302822113037109 42.700595855712891 20.113445281982422 -0.84532593963321401 -0.53315057258388443 -0.034271310694223955 
1 24.728763580322266 42.991069793701172 41.196979522705078 0.9480191030496008 0.3026427009143437 0.09832179736101955 
1 30.83405876159668 44.940105438232422 41.830177307128906 -0.63966757507517247 -0.67637756613607458 0.36515583170105403 
1 24.114217758178711 43.435047149658203 23.777872085571289 0.81142242309365553 -0.1148575238771776 -0.57306317322754596 
1 29.302822113037109 42.700595855712891 20.113445281982422 -0.52431756295915299 0.3847836369281662 0.75962664903550348 
1 24.457557678222656 44.794818878173828 38.384601593017578 0.87959800163902369 0.020041362217557569 0.47529538111904757 
1 25.775581359863281 45.289150238037109 25.22368049621582 0.78014631574544546 0.41639358441480906 0.46689196704055108 
1 29.571554183959961 21.368358612060547 44.120010375976562 0.053968503008560959 -0.55497069199388382 -0.83011742043571457 
1 29.833835601806641 22.119424819946289 19.270139694213867 -0.554844348180215 -0.40814759604213113 0.72495743953524716 
1 29.52314567565918 18.49211311340332 23.386325836181641 0.05653871615193734 0.66009075193990918 -0.74905511998737173 
1 30.454246520996094 27.460506439208984 47.522136688232422 -0.12550115763876887 -0.86618130999175269 -0.48371416937309158 
1 29.910242080688477 41.222541809082031 45.206466674804688 0.3165972314983177 -0.83115307974985264 0.45711131142199457 
1 30.83405876159668 44.940105438232422 41.830177307128906 -0.18092138774278463 -0.72805220419572003 0.66121663577301093 
1 29.326217651367188 46.388652801513672 38.694145202636719 0.40004692549908777 -0.38431563855708695 0.832024006480093 
1 29.937902450561523 47.510738372802734 27.714693069458008 0.29276620952880317 -0.0012398706283838264 0.95618325088811384 
1 32.877052307128906 47.498291015625 37.314044952392578 -0.89132832929131134 -0.047306754682958127 -0.45088344432250566 
1 32.877052307128906 47.498291015625 37.314044952392578 -0.89488532588742231 -0.27965226520499215 0.34781441039306971 
1 27.460578918457031 30.454158782958984 16.477863311767578 0.9465184486604461 0.32232463222638541 -0.014479565102173613 
1 32 32 16.408420562744141 -0.92065446155865127 0.38914767258720268 0.030975011414255772 
1 27.003057479858398 32.005046844482422 47.576877593994141 0.99999516182313664 -0.0010099816126667497 0.0029421535413587706 
1 32 32 47.591579437255859 -0.32230362797002676 -0.94652560299094246 -0.014479443359162823 
1 31.543766021728516 36.934101104736328 47.564990997314453 0.092071377900488582 -0.99573795256229114 0.0053657430577714318 
1 33.193904876708984 44.987709045410156 22.265378952026367 -0.92820503714047731 0.037717313455337471 0.37015241900162821 
1 29.302822113037109 42.700595855712891 20.113445281982422 0.77818184136124402 0.45740223517648398 0.43036753714840065 
1 33.193904876708984 44.987709045410156 22.265378952026367 -0.4766524911718848 0.36935114192293061 0.79773563078244381 
1 29.937902450561523 47.510738372802734 27.714693069458008 0.4335484041839594 0.016996535637088993 0.90096997675054591 
1 32 47.591579437255859 32 0.1628168173516974 -0.017318150562104787 0.98650431608207989 
1 26.938840866088867 16.437747955322266 31.120849609375 0.86355643153137296 0.026634500564495907 -0.50354830248992088 
1 33.851238250732422 16.650945663452148 27.09016227722168 -0.72295019102487723 0.30754248818914431 -0.61867652230832526 
1 34.153099060058594 19.379989624023438 42.056739807128906 -0.59992853437937499 -0.38167516112706412 -0.7031428197856 
1 29.571554183959961 21.368358612060547 44.120010375976562 0.84783476906223787 -0.3679563132902216 -0.38181717598747472 
1 34.831916809082031 25.0772705078125 17.723709106445312 -0.94281403610489534 0.28750424787129186 -0.16865052854811866 
1 29.833835601806641 22.119424819946289 19.270139694213867 0.83161581087679615 0.49214711369289704 -0.25730596880655432 
1 27.139244079589844 34.054573059082031 16.571958541870117 0.92014592127719863 0.39142590204035543 0.010828054711226606 
1 33.851245880126953 36.909828186035156 16.650943756103516 -0.89889749607168379 0.3865435630233619 0.20631860178195641 
1 29.910242080688477 41.222541809082031 45.206466674804688 0.885109335935923 -0.42304673936930548 0.19394050569199942 
1 34.821678161621094 38.875072479248047 46.282634735107422 -0.81549904818100161 -0.48288674037271467 0.31903244096501376 
1 29.151815414428711 38.930675506591797 17.729576110839844 0.84037319487636963 0.49231472483572386 0.2267137072239099 
1 33.440704345703125 41.443229675292969 18.886621475219727 -0.92048136558664861 0.27970398230732219 0.27290976143986456 
1 33.193904876708984 44.987709045410156 22.265378952026367 0.47952018825364656 0.35851090001315927 0.80095588120004579 
1 34.871280670166016 46.241790771484375 25.067146301269531 -0.85933856037769174 0.22103628717910578 0.4611726340515796 
1 30.020584106445312 16.750879287719727 37.213249206542969 0.99797365078179012 -0.027605226859202289 -0.057328385598387745 
1 26.938840866088867 16.437747955322266 31.120849609375 0.76305570947208146 0.022722523510539463 0.64593317856212595 
1 33.874408721923828 16.644277572631836 36.991867065429688 -0.35118426062599362 -0.044189545568191158 -0.93526301068258377 
1 32 16.408420562744141 32 -0.98523022251299108 0.0057090150202693231 -0.17113975515496219 
1 34.079730987548828 27.107614517211914 47.411399841308594 -0.5631001048456572 -0.7168697552753569 -0.41111558702420875 
1 30.454246520996094 27.460506439208984 47.522136688232422 0.99483660385267492 -0.096833900254004041 -0.030386302777295957 
1 29.865398406982422 26.591773986816406 16.835298538208008 0.88576516384121762 0.46167162766124059 -0.047742881542296799 
1 36.285324096679688 29.937917709350586 16.489263534545898 -0.99829246726275833 0.058399371842111261 -0.0012896413771583395 
1 36.285324096679688 29.937917709350586 16.489263534545898 -0.90097190315526576 0.43354438636477355 -0.016996904905603818 
1 32 32 47.591579437255859 0.39099055900966373 -0.91977113687217515 -0.033873862227050522 
1 30.83405876159668 44.940105438232422 41.830177307128906 0.64832424140766576 -0.55220641695708839 0.52416004337853628 
1 34.253810882568359 42.027351379394531 44.594993591308594 -0.97397740414447653 -0.18046596517231303 0.13711328028463304 
1 35.310646057128906 47.666175842285156 28.675859451293945 -0.9839731723063212 -0.028467075881851399 -0.17602960481740509 
1 34.871280670166016 46.241790771484375 25.067146301269531 0.11252940895728947 0.36481073589517127 0.9242565980805042 
1 26.938840866088867 16.437747955322266 31.120849609375 0.99119297410979212 -0.00027180094321053495 0.13242512676841961 
1 36.934101104736328 16.435007095336914 32.456233978271484 -0.49784892997076874 0.034871737786183458 -0.8665624067721448 
1 32 16.408420562744141 32 0.99573795461878045 0.005365358151846882 0.092071378090642836 
1 34.153099060058594 19.379989624023438 42.056739807128906 -0.048356692064851992 -0.47468450514878302 -0.87882663301939146 
1 29.52314567565918 18.49211311340332 23.386325836181641 0.86416380905475587 0.30424669747857269 -0.40081773687470146 
1 34.534305572509766 20.25639533996582 21.062042236328125 -0.87624282339869253 0.34729850882738211 -0.33403930937625381 
1 32 32 16.408420562744141 0.92985511465912285 0.36708250502239154 0.024897796062207666 
1 36.716941833496094 33.862125396728516 16.534721374511719 -0.99979063729037221 0.020089104493926081 0.0038870898039100759 
1 36.716941833496094 33.862125396728516 16.534721374511719 -0.68475434078629194 0.72824463877636891 0.027771187727692711 
1 34.253810882568359 42.027351379394531 44.594993591308594 0.15685105336117758 -0.87069335426575079 0.46614464482276835 
1 33.440704345703125 41.443229675292969 18.886621475219727 -0.050335544000717929 0.72290794636355737 0.68910843420653012 
1 35.310646057128906 47.666175842285156 28.675859451293945 -0.70557795102301968 -0.01589828018640568 0.70845395031524216 
1 33.874408721923828 16.644277572631836 36.991867065429688 0.55883064112154779 -0.03822173616258602 -0.82840051510630863 
1 33.851238250732422 16.650945663452148 27.09016227722168 0.096790124810683817 0.51088950248764886 -0.85418006765965615 
1 34.534305572509766 20.25639533996582 21.062042236328125 0.050687894854280699 0.82107119485083713 -0.56857086656058986 
1 34.831916809082031 25.0772705078125 17.723709106445312 0.2783603429988562 0.93092379112325141 -0.23642422584471304 
1 33.851245880126953 36.909828186035156 16.650943756103516 -0.080953204495458328 0.89392508929689063 0.44084522613663707 
1 32.877052307128906 47.498291015625 37.314044952392578 -0.36626207340901912 -0.45862423588654189 0.80963936653278645 
1 34.534305572509766 20.25639533996582 21.062042236328125 0.57735059863079363 0.75117558601612733 -0.32000238316923824 
1 38.776340484619141 25.775594711303711 18.710851669311523 -0.95608457626848109 -0.16926604622461217 -0.23927241507747221 
1 36.285324096679688 29.937917709350586 16.489263534545898 0.1093219427146046 0.99393970962370848 0.011513751527748094 
1 31.543766021728516 36.934101104736328 47.564990997314453 0.24985840916786067 -0.96816412669722074 -0.015132717690941435 
1 33.440704345703125 41.443229675292969 18.886621475219727 0.95155183550844069 -0.083790500721568004 0.29585174721361113 
1 39.221145629882812 40.934223175048828 20.683847427368164 -0.81080158555885162 0.54528645947960863 0.21275212328774828 
1 32.877052307128906 47.498291015625 37.314044952392578 0.14947218526790393 -0.59397000860164428 0.7904794081524199 
1 35.310646057128906 47.666175842285156 28.675859451293945 0.24926250267735608 -0.032380233835301857 0.96789448041395099 
1 36.552776336669922 47.504817962646484 33.499092102050781 -0.94967925851229573 0.018097874084175184 -0.31270077215313913 
1 36.552776336669922 47.504817962646484 33.499092102050781 -0.69384345528680991 -0.0012320510020514689 0.72012480974202586 
1 33.851238250732422 16.650945663452148 27.09016227722168 0.89005911930110315 0.39479457971208354 -0.22788594511049554 
1 39.243515014648438 19.042743682861328 25.709552764892578 -0.70007362270595597 0.18042211176455231 -0.69090142884334682 
1 31.543766021728516 36.934101104736328 47.564990997314453 0.8665624834895661 -0.49784879708735352 -0.034871728478388798 
1 36.909839630126953 33.851238250732422 47.349052429199219 -0.38696114910890733 -0.92205661288819585 0.0085247703465660719 
1 34.821678161621094 38.875072479248047 46.282634735107422 0.37664858401131823 -0.90616558011289339 0.19235328326007917 
1 33.851245880126953 36.909828186035156 16.650943756103516 0.89005169638247583 0.22790911449454596 0.39479793983377004 
1 39.243324279785156 38.290538787841797 19.042694091796875 -0.87843682607041962 0.47727402590806844 -0.023627246916047569 
1 39.221145629882812 40.934223175048828 20.683847427368164 -0.14604131308630966 0.6947722349949792 0.70424674394143127 
1 38.384712219238281 44.913444519042969 24.71733283996582 -0.90412326677817434 0.012935229869679269 -0.42707586948758963 
1 39.25299072265625 44.431819915771484 39.548774719238281 -0.66663083554683678 -0.32063116765626654 0.67290339828648915 
1 32.877052307128906 47.498291015625 37.314044952392578 0.85934198861632649 -0.41329561254312475 0.30119442766017573 
1 38.875072479248047 17.717367172241211 29.178319931030273 -0.90616569502151745 -0.19235399572156298 -0.37664794370355892 
1 34.153099060058594 19.379989624023438 42.056739807128906 0.9082901075122336 0.086823222301767991 -0.40923197414736889 
1 39.642402648925781 19.90471076965332 39.583522796630859 -0.81073179030215525 -0.45827663420508186 -0.36427529525775382 
1 39.768703460693359 23.323287963867188 43.179759979248047 -0.025446324740446735 -0.68875428603208722 -0.72454814748892538 
1 34.534305572509766 20.25639533996582 21.062042236328125 0.82544055411001649 0.55986077619487884 -0.072137389119768233 
1 40.222156524658203 24.114219665527344 20.564966201782227 -0.50220441133302929 0.57707886325909274 -0.64402695193387605 
1 34.253810882568359 42.027351379394531 44.594993591308594 0.82098019947099488 -0.56618291429355128 0.073677809675823602 
1 38.290447235107422 39.243515014648438 44.957256317138672 -0.92956955617856063 -0.098736167457010346 0.35517827842070376 
1 38.384712219238281 44.913444519042969 24.71733283996582 -0.93134942558291722 0.35212142371556937 0.09272944746352367 
1 34.871280670166016 46.241790771484375 25.067146301269531 0.7623104267398263 -0.095458969207628627 0.64013310997132533 
1 41.016952514648438 45.472209930419922 30.227836608886719 -0.90469164568140825 0.34783666915727979 -0.24605421724456247 
1 36.552776336669922 47.504817962646484 33.499092102050781 0.36974277156748053 -0.42078837175663059 0.82838845300257624 
1 33.874408721923828 16.644277572631836 36.991867065429688 0.89747232912446417 0.2625017189071181 -0.35445206449775113 
1 38.875072479248047 17.717367172241211 29.178319931030273 0.098736232295217982 0.35517800052321158 -0.92956965547315407 
1 39.243515014648438 19.042743682861328 25.709552764892578 0.066874250197826321 0.55983551838874135 -0.82590073677826903 
1 39.451175689697266 20.781167984008789 23.144931793212891 -0.91637287576650428 -0.097803563137502575 -0.38819481655096277 
1 39.451175689697266 20.781167984008789 23.144931793212891 0.17993216775540338 0.77787045682764799 -0.60211457996098028 
1 38.776340484619141 25.775594711303711 18.710851669311523 -0.46689239595606813 0.78014619522783546 -0.41639332928126294 
1 40.613674163818359 29.52314567565918 45.507884979248047 -0.33010677574580688 -0.93509258693121466 -0.12896267085089569 
1 34.079730987548828 27.107614517211914 47.411399841308594 0.90478587244653208 0.33448997147007575 -0.26358866441316398 
1 36.909839630126953 33.851238250732422 47.349052429199219 0.61867632565755171 -0.72295033352457616 -0.30754254880841314 
1 36.716941833496094 33.862125396728516 16.534721374511719 0.44464108806087171 0.77939686111270967 0.44140099195142224 
1 38.290447235107422 39.243515014648438 44.957256317138672 -0.22788567495443951 -0.89005929378719173 0.39479434227658972 
1 39.243324279785156 38.290538787841797 19.042694091796875 -0.0071274045676340131 0.84958319193139475 0.52740648468879492 
1 39.25299072265625 44.431819915771484 39.548774719238281 -0.12738402476343844 -0.6866257665801313 0.71576418386457052 
1 41.016952514648438 45.472209930419922 30.227836608886719 -0.75716793847556163 0.34475020073843976 0.55483692382129146 
1 40.168205261230469 45.360565185546875 35.966888427734375 -0.24009807940444292 -0.24364774173760489 0.93967477895943508 
1 36.552776336669922 47.504817962646484 33.499092102050781 0.74172726172435732 -0.43990651565533412 0.50628344501758116 
1 39.642402648925781 19.90471076965332 39.583522796630859 0.27133906038595246 -0.19080967759288092 -0.94338050713684418 
1 39.25299072265625 44.431819915771484 39.548774719238281 0.25068358217017384 -0.77934166635194668 0.57426849880356534 
1 40.855068206787109 39.451175689697266 43.218830108642578 -0.82590045277518065 -0.066874227201729156 0.55983594011274695 
1 39.221145629882812 40.934223175048828 20.683847427368164 0.2725062936212867 0.47285398185654581 0.83794357314749934 
1 40.933506011962891 43.905517578125 25.949272155761719 -0.84818823577218228 0.33541817947170255 -0.40996507360696205 
1 38.384712219238281 44.913444519042969 24.71733283996582 0.42923362037550178 0.091116643447844536 0.89858569787535458 
1 38.776340484619141 25.775594711303711 18.710851669311523 0.37341586414144101 0.92643863495928791 0.047666005310620124 
1 41.8846435546875 33.48724365234375 19.107622146606445 -0.78555788723666076 -0.49795354771274214 -0.36734325925565525 
1 41.8846435546875 33.48724365234375 19.107622146606445 -0.89330302907076231 0.064803081886281075 -0.44475865233971634 
1 42.937957763671875 34.534305572509766 43.743602752685547 -0.40081773687470146 -0.86416380905475587 0.30424669747857269 
1 36.909839630126953 33.851238250732422 47.349052429199219 0.8541799945850348 0.096790147155572118 -0.51088962043117758 
1 38.290447235107422 39.243515014648438 44.957256317138672 0.69090139349802404 -0.70007358689139954 -0.18042238608193381 
1 40.855068206787109 39.451175689697266 43.218830108642578 0.38819481655096277 -0.91637287576650428 0.097803563137502575 
1 41.016952514648438 45.472209930419922 30.227836608886719 -0.14627149880793164 -0.019240644492039046 0.98905735234920134 
1 42.027351379394531 19.405004501342773 29.746189117431641 -0.56618293047567347 -0.073677423860740429 -0.8209802229355001 
1 39.451175689697266 20.781167984008789 23.144931793212891 0.77550753799731231 0.58535138620298988 0.23654135617178121 
1 44.382537841796875 24.503349304199219 24.649070739746094 -0.71203397168801141 -0.06659810748203604 -0.69897948127395515 
1 39.768703460693359 23.323287963867188 43.179759979248047 0.6327997344953612 -0.10216874599176752 -0.7675454666435535 
1 42.991069793701172 22.803020477294922 39.271236419677734 -0.75424843517352325 -0.6528106458856594 0.070338884385806072 
1 41.8846435546875 33.48724365234375 19.107622146606445 -0.48181589462802088 0.87619242583158674 -0.011843842246479998 
1 39.221145629882812 40.934223175048828 20.683847427368164 0.78143339238485054 -0.22517657243357431 0.58194275018507757 
1 44.166168212890625 39.509273529052734 24.366464614868164 -0.56895481707569207 0.77374747910319197 0.2785771970348998 
1 40.933506011962891 43.905517578125 25.949272155761719 0.018311122304072159 0.34378786830446317 0.93886878977130672 
1 39.243515014648438 19.042743682861328 25.709552764892578 0.67858582095004316 0.72104944326470533 -0.1400320819427264 
1 39.240119934082031 25.632282257080078 44.971279144287109 0.71516098971677877 -0.0021737759449434583 -0.69895638882941669 
1 44.794818878173828 25.615398406982422 39.542442321777344 -0.75991469104569254 -0.34655161184015676 0.54993785345611446 
1 40.222156524658203 24.114219665527344 20.564966201782227 0.56621168290999613 0.81754761249830132 0.10497729008960661 
1 43.85943603515625 29.366052627563477 21.239328384399414 -0.75671435274356158 -0.53450717405231862 -0.3764113032820573 
1 44.7298583984375 29.833835601806641 41.880577087402344 -0.72495744992435496 -0.55484380873355998 0.40814831092289616 
1 40.613674163818359 29.52314567565918 45.507884979248047 0.7490553108803254 0.056538756759342432 -0.66009053184096422 
1 43.85943603515625 29.366052627563477 21.239328384399414 -0.39161897051448102 0.81726895477892192 -0.42273636877816262 
1 39.243324279785156 38.290538787841797 19.042694091796875 0.66952847505356805 0.1657532970505978 0.72405625859410949 
1 40.168205261230469 45.360565185546875 35.966888427734375 0.45115264182688114 -0.70962004384896449 0.54120299993664089 
1 43.435035705566406 40.222152709960938 39.885780334472656 -0.70364155733067801 0.70828907882267322 -0.05670220117232852 
1 41.016952514648438 45.472209930419922 30.227836608886719 0.56149489604796621 -0.53264401395440397 0.63325653262372616 
1 44.593982696533203 42.078975677490234 34.262027740478516 -0.76737846845394109 0.56898955440012411 0.29560306685965232 
1 39.642402648925781 19.90471076965332 39.583522796630859 0.61426316006555148 0.26263760629992022 -0.74411172410017212 
1 44.940105438232422 22.169824600219727 33.165943145751953 -0.72805202437470395 -0.66121684599705188 0.18092134305715962 
1 42.027351379394531 19.405004501342773 29.746189117431641 0.31053706660505365 0.67222916949226841 -0.67206746234888026 
1 42.991069793701172 22.803020477294922 39.271236419677734 0.30264279470163424 -0.098321531660688438 -0.94801910066574113 
1 44.794818878173828 25.615398406982422 39.542442321777344 -0.53809624011987278 -0.83899141116037901 -0.080906417347279547 
1 44.7298583984375 29.833835601806641 41.880577087402344 0.01346745403161783 -0.87455648783934459 -0.48473660606562063 
1 42.937957763671875 34.534305572509766 43.743602752685547 0.33403907598806548 -0.87624314387761271 -0.34729792472820348 
1 41.8846435546875 33.48724365234375 19.107622146606445 0.27441360460371605 0.72430815926419811 0.6325147144784099 
1 40.855068206787109 39.451175689697266 43.218830108642578 0.60211516865876458 0.17993132037815796 -0.77787019715245564 
1 43.435035705566406 40.222152709960938 39.885780334472656 -0.072137708623985927 -0.82544048914221035 0.55986083081347049 
1 40.933506011962891 43.905517578125 25.949272155761719 0.69767091081873822 -0.50224599606368492 0.51088575986745721 
1 45.631904602050781 40.523189544677734 29.38978385925293 -0.67682095212200866 0.72581483536802549 0.12290737784341323 
1 44.593982696533203 42.078975677490234 34.262027740478516 -0.19204732043553721 -0.30769127338575597 0.93190337857300531 
1 44.940105438232422 22.169824600219727 33.165943145751953 -0.55220607817549539 -0.52416044500192349 -0.64832420525646284 
1 44.382537841796875 24.503349304199219 24.649070739746094 -0.087738800844257503 0.81561132658537361 -0.5719091420602217 
1 43.85943603515625 29.366052627563477 21.239328384399414 0.23801760912753953 0.93926111535809031 0.24725730509225757 
1 44.982048034667969 33.796085357666016 22.405519485473633 -0.68301317678589812 -0.068103134621108632 -0.72722414934572599 
1 44.982048034667969 33.796085357666016 22.405519485473633 -0.13385608072234417 0.93732551858573099 0.32171947696967906 
1 44.166168212890625 39.509273529052734 24.366464614868164 0.27499142039661301 0.1902239770818214 0.94244074468978045 
1 42.027351379394531 19.405004501342773 29.746189117431641 0.59396989298971459 0.7904794613687155 0.14947236325157992 
1 47.498291015625 26.685955047607422 31.122949600219727 -0.4149442517913558 -0.29067119782190803 -0.8621667603556108 
1 44.940105438232422 22.169824600219727 33.165943145751953 0.45862436285730906 0.80963924873845428 -0.36626217480919121 
1 44.794818878173828 25.615398406982422 39.542442321777344 0.020041369361934926 -0.47529528744634086 -0.87959805209277186 
1 47.164703369140625 29.865398406982422 37.408226013183594 -0.44600839855344648 -0.79984307297562074 0.40165603074360257 
1 44.7298583984375 29.833835601806641 41.880577087402344 0.4781436724200186 0.0061981587165557961 -0.87825976302755815 
1 44.382537841796875 24.503349304199219 24.649070739746094 0.45478817196838733 0.82396298841554316 0.33801288785929462 
1 47.267013549804688 29.729301452636719 26.792903900146484 -0.52217210664691149 -0.05566370930965589 -0.85102164632036048 
1 43.435035705566406 40.222152709960938 39.885780334472656 0.64402702515449362 -0.50221109360857685 -0.57707296620716042 
1 45.289150238037109 38.776317596435547 38.224422454833984 -0.32000381572567932 -0.57734959975020483 0.75117574347770566 
1 44.593982696533203 42.078975677490234 34.262027740478516 0.13355923429072405 -0.63452399327429987 0.76127605564270284 
1 45.631904602050781 40.523189544677734 29.38978385925293 -0.19887899956923219 0.29810835284677822 0.93358371531069573 
1 46.388652801513672 25.305852890014648 34.673782348632812 -0.38431603998131403 -0.83202386346089419 -0.40004683731369289 
1 44.794818878173828 25.615398406982422 39.542442321777344 0.31055275580527558 -0.06031382061442888 -0.94864072699027591 
1 47.267013549804688 29.729301452636719 26.792903900146484 -0.35681275790205214 0.63505570273709655 -0.68511963204934068 
1 46.276290893554688 34.831916809082031 38.9227294921875 0.16865088032906905 -0.94281397853197679 -0.28750423031485123 
1 44.7298583984375 29.833835601806641 41.880577087402344 0.25730622496559047 0.83161561308114951 -0.49214731399614559 
1 47.203834533691406 34.017971038818359 26.673290252685547 -0.46127892356642358 -0.046067067291003516 -0.88605845178780818 
1 47.267013549804688 29.729301452636719 26.792903900146484 -0.014724289119000426 0.99950291738601071 -0.027876754595784165 
1 42.937957763671875 34.534305572509766 43.743602752685547 0.56857101821342004 0.050687908374077724 -0.82107108900046888 
1 45.289150238037109 38.776317596435547 38.224422454833984 0.23927341689937595 -0.95608487882186954 0.16926292108276006 
1 47.203834533691406 34.017971038818359 26.673290252685547 -0.45432898843839498 0.82130742554361114 -0.34502069939565999 
1 47.203834533691406 34.017971038818359 26.673290252685547 -0.21763582516067176 0.90065630081586279 0.37610221404203359 
1 47.567955017089844 36.899070739746094 32.923831939697266 -0.3755821489193531 0.30939921443407231 0.8736190105078413 
1 44.593982696533203 42.078975677490234 34.262027740478516 0.48586345304626105 -0.8462508148134642 -0.21862356556764787 
1 46.388652801513672 25.305852890014648 34.673782348632812 0.27965233874586443 0.34781498255098042 -0.89488508052544347 
1 47.498291015625 26.685955047607422 31.122949600219727 -0.043656889554243627 0.57447463551375266 -0.8173573081252713 
1 47.164703369140625 29.865398406982422 37.408226013183594 -0.14443583727352147 -0.84860678131291789 -0.50892516111981156 
1 47.567955017089844 36.899070739746094 32.923831939697266 -0.19947845875490083 -0.31924141313876092 0.92644118249888718 
1 45.631904602050781 40.523189544677734 29.38978385925293 0.35723148081816092 -0.66870641244151297 0.65208695974698416 
1 47.164703369140625 29.865398406982422 37.408226013183594 0.047306766088193064 -0.4508835530264666 -0.89132827369746692 
1 47.498291015625 26.685955047607422 31.122949600219727 0.017318151560503901 0.98650437295449411 0.16281647265614038 
1 47.591579437255859 32 32 -0.057042192338867481 -0.39907343405510937 -0.91514293010689751 
1 47.498291015625 26.685955047607422 31.122949600219727 0.0067172509732129548 0.98478496612308919 0.1736474849725983 
1 47.567955017089844 36.899070739746094 32.923831939697266 0.0047386539381982186 -0.98266965670568707 -0.18530485948506861 
1 47.164703369140625 29.865398406982422 37.408226013183594 0.048285837852697217 0.84222039388069225 -0.53696674570620739 
1 47.267013549804688 29.729301452636719 26.792903900146484 0.031884610544723579 0.75963377023874379 0.64956901613553186 
1 47.567955017089844 36.899070739746094 32.923831939697266 -0.052830711933994724 -0.41802248237234058 -0.90689917857930247 
Polygon3D 0
PolygonOnTriangulations 0
Surfaces 250
1 40.671439497828842 18.612776637291233 31.150032522352006 -0.47663211266337974 0.87839212482686579 0.03534266854931984 0.87894124096295956 0.47693007342218718 1.7347234759768075e-18 -0.016855981506163138 0.031064128953681741 -0.99937525273533423 
1 39.123632048189627 17.708990341630102 31.985301225681525 -0.49489698430028817 0.8677112541902019 0.046412867635464504 0.86864735880425004 0.49543088926953321 -3.4694469519536142e-18 -0.022994368286187325 0.040316414886077505 -0.99892234218574416 
1 37.246870275844884 22.388708354210642 43.267407714790757 -0.23565663530288769 0.56149670365315096 -0.79321333954010587 0 -0.81620049995118438 -0.57776876332961857 -0.97183638038392139 -0.13615504274936835 0.19234306355103087 
1 35.671217096113942 23.751099454254103 44.655914053777671 -0.22111373920877442 0.55403587609099236 -0.8025914043504333 0 -0.82296132066977412 -0.56809740774048723 -0.97524802708496361 -0.12561414206031085 0.18196805483748499 
1 28.44066625512729 24.425508647426522 18.416688355194825 0.24320292581327863 0.46247160575139951 0.85262673588715421 0 0.8790188994253415 -0.47678692772879339 -0.96997543106815909 0.11595597581316677 0.21377996818541115 
1 27.50022580672297 27.133383980574006 17.574856432271108 0.34637424230034991 0.2979793149493683 0.88951290723247167 0.931844431148104 0 -0.36285803854712462 -0.10812418975014366 0.95457232720329022 -0.27767036523289584 
1 16.587996991292499 29.319770394842877 33.950129431378812 0.99780973310377241 0.062081232313636825 -0.022839814311829385 -0.062097431209973651 0.99807009224659293 -2.1684043449710089e-19 0.022795735577102606 0.0014182937980773971 0.99973913741645681 
1 17.13415343219415 29.498349196122586 36.9482643101042 0.93206339917635339 0.20202645974163441 -0.30073764227326699 0.30706939354654184 6.9388939039072284e-18 0.95168712692090096 0.19226598103351711 -0.97938006389974164 -0.062036142473218522 
1 16.50604596165649 30.479124310524817 33.149038513606989 0.99849343968861981 0.052793357539650469 -0.014957015025707935 -0.052799263792324781 0.99860514606274109 -1.0842021724855042e-19 0.014936152174409686 0.00078971938188811882 0.99988813759416151 
1 16.498082058473759 30.137546004683387 29.72536725572629 0.99890370716057653 0.04680032898236855 0.0010550014214695091 -0.046800355027428554 0.99890426306493785 -6.7762635780344012e-21 -0.001053845417445462 -4.9374441079214804e-05 0.99999944348584557 
1 16.429390902618277 32.161609878827853 32.07012500521158 0.99050351526025082 -0.13631176329910427 0.017941277640546812 0.13633370725569929 0.99066297006899251 0 -0.01777375939421651 0.0024460008936395324 0.99983904232462595 
1 16.499156168698427 33.609958070346565 31.690216918977221 0.99904359506949081 -0.043375186960100454 0.0055216217548676172 0.043375848193224258 0.99905882499156107 0 -0.0055164249424658821 0.00023950502701954222 0.99998475573040424 
1 16.904616942372385 34.537146950886346 27.625025848036742 0.93827265090431 -0.19992316771199722 0.28226788619501086 -0.28808384462317427 0 0.95760518924404892 -0.19144746285111683 -0.97981157730045254 -0.05759463478371582 
1 17.16446573741969 36.623305235906251 34.072013119739985 0.94311360191536531 -0.29904621186861824 -0.14528625898293113 0.30225322075152383 0.95322766983828711 -6.9388939039072268e-18 0.13849088210982136 -0.043913239708530935 0.98938966183741006 
1 17.728029399896268 24.9917650004653 31.251392111798648 0.879942103940766 0.47506579711488361 0.0037923770775678085 -0.47506921337931057 0.87994843172720261 0 -0.0033370962619239841 -0.0018016415950778671 0.99999280891219489 
1 17.347191483808775 29.318431259317148 26.655881311337293 0.88060802804259308 0.29224591358848306 0.37299038451114086 -0.39001728930772872 1.3877787807814454e-17 0.9208075336578494 0.26910223891299606 -0.95634320512608495 0.1139809590290409 
1 17.708990406347631 32.014698708819353 24.876367850483945 0.86771108788907181 -0.046413254344464562 0.49489723961194154 -0.49543115376798952 0 0.86864720794815131 -0.040316743798106555 -0.99892232421803262 -0.022994572150005232 
1 18.612776633193548 32.849967900906712 23.328561178370979 0.87839224700998253 -0.035342744028285578 0.47663188189346412 -0.47692984378187248 -1.7347234759768067e-18 0.87894136557008096 -0.031064199699215148 -0.99937525006603567 -0.016856009388232947 
1 17.903660347412927 32.276859270696562 39.621990107407647 0.86756140529386883 -0.0030170212524599613 -0.49732092820158857 0.49732319162833538 0 0.86756535377376964 -0.0026174631102334079 -0.99999544878102431 0.0015004346384839056 
1 18.107937160318475 35.657607624082985 38.848204209119608 0.87838480535839458 -0.27791602015268024 -0.38884806731934568 0.40479480710224269 -2.7755575615628907e-17 0.91440754816605596 -0.25412850658388059 -0.96060537461670237 0.11249896176832717 
1 17.83638072554881 37.177493292107009 36.603242921647286 0.91521328549240355 -0.32341272787358716 -0.2403931145177943 0.33318311773270248 0.94286213735514701 0 0.22665756575970816 -0.080094927376513289 0.97067561548255388 
1 18.693527634903749 23.477147055957243 32.845644698964428 0.84915449856787051 0.52304588681668063 -0.073209547506460068 -0.52445321469104889 0.85143926712374784 0 0.062333483475361565 0.038394982535840047 0.99731658070739981 
1 18.378172812755722 24.792568507581983 28.217082540806267 0.85605710718328243 0.44825128334623104 0.25736553036381371 -0.46387740053048288 0.88589940584531501 -1.3877787807814457e-17 -0.22799997043436696 -0.11938605321131496 0.96631412272643158 
1 18.858664960975968 24.207332344899889 35.940346785339926 0.83527514776889467 0.49268469111640234 -0.24408445804513351 -0.50805121961453936 0.8613268591238632 1.3877787807814457e-17 0.2102364996089652 0.12400740659878393 0.96975397773910355 
1 18.158924764036055 26.856494798998153 37.680881475832486 0.88175524710947717 0.32953635447894603 -0.33751070393638111 0.35747841622580362 -1.3877787807814454e-17 0.93392140029699022 0.30776105362374262 -0.94414288700213522 -0.11780213408795864 
1 18.07692176909508 27.544806590536698 26.083786615784053 0.91107229472649875 0.21534640567201901 0.3515297986599914 -0.35997564679144661 0 0.93296170002689816 0.20090994873044887 -0.97653772357453872 0.077519461665998282 
1 19.648445006031814 27.448659434656527 40.99259316163031 0.73436624234878523 0.33184463555772031 -0.59210249108586699 0.62767000559023511 -2.7755575615628907e-17 0.7784795206570011 0.25833425282157135 -0.94333405422022376 -0.20828892425560386 
1 17.737006346007909 36.718989046445493 26.907943137785349 0.89626587967942994 -0.30861907709084907 0.31853059221690166 -0.33487739254980481 0 0.94226171096943334 -0.29079993961743089 -0.95118571543920516 -0.10334955182731073 
1 18.673813795643252 39.448418987554653 28.174288893518728 0.84281013833727791 -0.47552454682047812 0.25208624731840751 0.49139423618271183 0.87093725643493358 0 -0.21955130462447198 0.12387372895319504 0.96770477104999475 
1 18.456706572292124 40.124590717325702 31.269282386024813 0.85960088121123668 -0.5064566359166961 0.067734783950410465 0.50762246082341966 0.8615796174861472 3.4694469519536134e-18 -0.058358909246501472 0.034383697712250035 0.99770336224911627 
1 19.691095690623513 23.477918360473904 26.648906183194583 0.74936191670690755 0.56561305858900712 0.34429433010570792 -0.60244551383514855 0.79816001081230825 -2.7755575615628914e-17 -0.2748019662397882 -0.20741857461106139 0.9388617652546416 
1 19.343226580021586 31.237187262206657 41.707020764761886 0.77281395803336017 0.037756667120607865 -0.6335085006191753 0.63396053804523123 3.4694469519536134e-18 0.77336539630461931 0.029199699830870493 -0.99928696283297103 -0.023936237002575248 
1 19.541596583156601 37.617321667899404 40.27405716975408 0.77451375317639737 -0.36341952776240177 -0.51773998588245396 0.5557382594278103 2.7755575615628914e-17 0.83135731608505614 -0.3021314832134489 -0.93162559370218734 0.20196613580075398 
1 18.77167275034807 35.846687356701487 23.898313108494797 0.82950711969153368 -0.2647091512569833 0.49177942578137945 -0.50997095811418658 -1.3877787807814457e-17 0.86019161928031984 -0.22770059345806357 -0.96432829743858894 -0.13499397948811692 
1 20.010061544203989 40.854135711350054 26.572111885707081 0.7997060492679694 -0.51742076303189566 0.30454226102087534 0.54322456842775591 0.83958743931557145 0 -0.25568985709389108 0.165434838311078 0.95249882480362835 
1 20.050473127272848 41.706978399310486 35.683957682499759 0.69809895310061876 -0.63949382878452943 -0.3220333750193034 0.67547766090824346 0.73738045106574956 2.7755575615628907e-17 0.23746111532995956 -0.2175263508924262 0.94672831655849221 
1 20.26557254926368 42.73411612330078 32.696531813014111 0.74788475473770144 -0.66237440007194337 -0.043915233806292434 0.66301403572956685 0.74860696525319126 3.4694469519536142e-18 0.032875249908112927 -0.029116416395917458 0.99903526075896776 
1 21.632252908643821 21.576189847372959 37.575158999353874 0.63826183204820663 0.66496797160783372 -0.38786522206332213 0.7214455420779301 -0.69247117616250398 0 -0.26858548651471947 -0.27982363538465016 -0.92171610027913142 
1 21.632121777612277 26.284078345524229 42.420417943646115 0.64257270500386021 0.40442930299700358 -0.65079740139415132 -0.71158897081311123 2.7755575615628907e-17 -0.70259599815052831 -0.28415040982050216 0.91456926412238349 0.2877874314863017 
1 20.136193172658874 28.625217862354827 22.138862061193446 0.65100034456885947 0.3439106258177092 0.67670084440681599 0.72065934473689541 0 -0.69328933991760511 -0.23842957076381011 0.93900238628539789 -0.24784240624984594 
1 21.089436262368093 37.920552383388987 41.843072471711146 0.64216620722138729 -0.3400381736653284 -0.68702008904634393 -0.73055252036648344 0 -0.68285651127171576 0.23219728096831196 0.94041163351499857 -0.24841574479202166 
1 21.029720005442595 22.122026662857028 26.317819862670596 0.68321826520022355 0.639891905504264 0.35178281846463033 -0.68358556969837092 0.72987037814954092 -2.775557561562892e-17 -0.25675585873929102 -0.2404736583702429 0.9360816463498689 
1 21.176368119479847 20.410176696938276 32.818399900279886 0.6459224214070346 0.76339602524744166 0.003276302806656957 0.76340012248799693 -0.64592588815227969 0 0.0021162488002457011 0.0025011299639096886 -0.99999463290555668 
1 20.984716137704751 24.697470562200412 23.080050021232932 0.69283406683571103 0.37817377028235472 0.61397520740036282 -0.66323024930597974 -2.7755575615628907e-17 0.74841541700149927 0.28303107998489763 -0.92573462691552633 0.25081628394534838 
1 21.301004768725537 27.21215175175843 21.577905317738519 0.70861190218393011 0.28021962361871178 0.64756940525495799 -0.67459649603950633 2.7755575615628907e-17 0.73818667525986981 0.20685439230166885 -0.95993591585010896 0.18903517621469224 
1 20.174928824515746 31.657886241079389 21.213295428587795 0.73746562777205127 0.021260784575992037 0.6750499439996922 -0.67520256410438928 0 0.7376323592595827 0.015682642686498757 -0.99977396397346407 0.014355336260580876 
1 20.923986517581689 31.5496903253675 43.326240734829952 0.65286423524415749 -0.044787506029810825 -0.75614970055055308 -0.75690923157795342 0 -0.65352001893750145 0.029269531788765429 0.99899653618199791 -0.033900076773317064 
1 22.122886101431714 33.154790386296142 44.197162048551206 0.63441535970217933 -0.072675462975195379 -0.76956833904163147 -0.77160874863406392 0 -0.63609742888285126 0.046228675141392631 0.99735564222665385 -0.05607702304269175 
1 21.11960189848455 37.4819950616616 22.061511540727253 0.67581390812464359 -0.37639216135902276 0.63372273310398086 -0.68402568308843226 0 0.72945792536335075 -0.27456224514798022 -0.92646043675241918 -0.25746190528273688 
1 21.645514870003804 39.505845623441047 22.736896797377302 0.6710286004944982 -0.4045459166403248 0.62133985760454369 -0.67941808658496672 -2.7755575615628914e-17 0.73375136362477911 -0.29683611798367454 -0.91451768781671994 -0.2748558126195309 
1 21.77330215627638 41.688059220207755 39.012415157301014 0.66560121853409937 -0.64940116734226871 -0.36776778235786345 0.6983426531393041 0.71576360539381845 -2.775557561562892e-17 0.26323479384815346 -0.25682792887094852 0.92991766208604698 
1 21.712690397629455 42.498278719803295 26.109984878529399 0.62162657112660347 -0.69523936227304839 0.36086373496868185 -0.7454702249730889 -0.66653892885455113 -2.7755575615628907e-17 0.2405297273684778 -0.26901316969173233 -0.93261855267008964 
1 21.673768524609454 42.661907768809236 37.081462789000383 0.66773989133583955 -0.65151474568486301 -0.36007217842259009 0.69835745738931876 0.71574916116522691 0 0.25772135966490473 -0.2514590909998331 0.93292444834831634 
1 22.388787555520011 20.732353635840013 26.753451417134126 0.56148979489629214 0.79321120601952777 0.23568027679966347 0.81620311952799818 -0.57776506269656391 0 0.13616782990150111 0.19236297713510742 -0.97183064734944136 
1 22.97483757412731 19.820419636689625 27.982352965957528 0.59774968366635262 0.73871005497721753 0.31145267754882411 0.7773754147248928 -0.62903693419488571 0 0.19591523743210063 0.24211565437669544 -0.95026166377880805 
1 22.455576206585413 19.474946255072201 31.155378106875872 0.6087264289920461 0.79101982078435018 0.061153722477753747 0.79250310161068716 -0.60986788236259903 -3.4694469519536142e-18 0.037295691226097751 0.048464514738659044 -0.99812835959465351 
1 22.831852142603953 19.585493459123864 35.877298448287107 0.60381670340346882 0.73521240627636553 -0.30800666607767424 0.77278181331369811 -0.63467178053825002 0 -0.19548313917716773 -0.2380219499242118 -0.95138419876079305 
1 22.708453098804206 21.861858864089211 39.725430492806176 0.62095229971019439 0.65648554346106147 -0.42830476615519442 0.72649468003046314 -0.6871720889904035 -2.7755575615628914e-17 -0.29431908088341124 -0.31116113404344031 -0.90363434379661789 
1 23.072115510497103 33.232587448967223 19.140148309142887 0.55247082886816945 -0.23459295963389423 0.79983881284914404 0.82280012779574663 1.3877787807814454e-17 -0.56833084528230815 0.13332641504600951 0.9720936905927382 0.19302311716675061 
1 23.540642959449499 35.784022837996076 19.490864176632606 0.55749489943536568 -0.19990039247799379 0.80575385211036732 0.82235202098019478 -1.3877787807814454e-17 -0.56897904494786922 0.11373913439683314 0.97981622413958036 0.16438849174901232 
1 22.291105272710833 36.496447955551147 43.499270146402623 0.61213870355540689 -0.29744604767435029 -0.73267459102415577 -0.76740855472264813 0 -0.64115841267076601 0.19071003578207943 0.95473862848577995 -0.22826264155373704 
1 23.050522477732937 40.967416849227881 41.635206542592677 0.56518822723451678 -0.59292866480258988 -0.57358335597445864 0 0.69528459511355667 -0.718734534997295 0.82496197960603279 0.4062202976873458 0.39296666773569977 
1 22.531440764173464 44.678848150472419 30.913259818799311 0.57078285653306571 -0.81667893227022537 0.085102598514490382 -0.81965247294375376 -0.57286108577663852 0 0.048751966987424289 -0.06975455532634145 -0.99637219337257776 
1 22.364796789830855 23.050523897601192 23.032578175377608 0.57358424913529582 0.56518788206574577 0.59292812980152643 0.71873368045408093 0 -0.69528547847695721 -0.39296692701146002 0.82496221608388631 -0.4062195666251604 
1 23.935909041278709 23.119784510652146 21.66456557794751 0.47307565579315797 0.5970799717884564 0.64783866138489266 0 0.7353264771109751 -0.67771304551377998 -0.88102180670847963 0.32060954344600978 0.3478650553813471 
1 22.729160499224488 23.973414705285553 41.907792689214503 0.60771840395910792 0.47683548408773369 -0.635063983079037 -0.72249073739701652 -2.7755575615628907e-17 -0.69138060023081038 -0.32967480319992631 0.87899256032961781 0.34450922051561 
1 23.423481650335653 27.096591571499722 19.665050710468449 0.53461414142926367 0.30682275317152902 0.7874309607324913 0.82733613584951449 0 -0.56170714640067909 -0.17234453313477949 0.95176667210837085 -0.25384555099964218 
1 22.93522711236044 28.017474757162297 44.564869190818385 0.57933447111867675 0.2944473465775454 -0.76004758447552867 -0.79530529435118846 0 -0.60620911307647751 -0.17849666481649598 0.95566770380370336 0.23417553364078114 
1 24.523802376827959 37.745764802473239 44.832481260996751 0.58272632938353663 -0.31167129978043101 -0.7505271653553699 -0.78987063638711497 0 -0.61327349345411475 0.1911397468257296 0.95018998147379818 -0.24618000790116834 
1 23.089732182906719 41.17532659976699 22.621138942235582 0.57394441149951902 -0.5640832628796475 0.59363110181957413 0.71892724158353583 0 -0.69508533383253635 0.39208600308804603 0.8257179134178031 0.40553482420550535 
1 23.11978364590821 42.335432246126651 40.064091610357856 0.59707986530227719 -0.64783829632317846 -0.47307629011365199 -0.73532634702939725 -0.67771318665376612 -2.7755575615628907e-17 -0.32061004010326466 0.34786546027549109 -0.8810214661018787 
1 23.006012114286879 43.782160346685671 26.575352720606077 0.56840965679177025 -0.75827682245063321 0.31925964762248449 -0.80015089350669544 -0.59979875593438592 0 0.19149153946401662 -0.25545589230576371 -0.94766728201408701 
1 24.425508635218229 45.583312351104325 35.559333578542315 0.46247222071161143 -0.85262652409930129 -0.24320249890248763 -0.87901858407950018 -0.47678750910953027 0 -0.11595591366093035 0.21377951622986088 -0.96997553810783577 
1 23.471143764092727 44.677668992431947 27.976923053189026 0.55646559281972507 -0.77746164151615216 0.29308606240966506 -0.81317118985010117 -0.58202458367131782 0 0.17058329345385118 -0.23832914209814834 -0.95608606308281574 
1 25.070218821075652 28.465658120478633 18.288269860478636 0.43871406244717431 0.25668318934280615 0.86118738478910728 0.89104118722145764 0 -0.45392246328527891 -0.11651426559040821 0.96649559766654147 -0.22871529377180419 
1 25.314156362340153 31.734899292928933 17.505622286602133 0.43944381648949121 0.015747817847454382 0.89813202725556662 0.89824341354565584 0 -0.43949831629011737 -0.0069211394291996608 0.99987599542795491 -0.014145373659192627 
1 24.553488734109035 46.033010219110778 32.434516476784836 0.47818399828715485 -0.87818734209173077 0.011271910750702212 -0.87824313688174449 -0.47821437924858934 0 0.005390389802592559 -0.0098994782563477692 -0.99993646999598351 
1 24.987586536886749 21.773301998834537 22.311939518204312 0.36776734883079509 0.66560113253089515 0.6494015010050086 2.7755575615628907e-17 -0.69834288319166349 0.7157633809406253 0.92991783353905433 -0.26323440099870021 -0.25682771072625171 
1 24.923386441534458 32.164770934839126 46.365382958661719 0.50090279841774044 -0.036865207324136784 -0.86471807141184764 -0.86530626575799607 0 -0.501243520097719 0.018478446288282529 0.9993202472125482 -0.03189969488604312 
1 26.752335637801007 37.438059181404725 18.084767984992602 0.34634597127740113 -0.34961920897906329 0.87052333506504453 1.3877787807814457e-17 0.92795754771099626 0.37268591286255265 -0.93810685328480237 -0.12907826447178569 0.3213943581661603 
1 25.019238846377768 17.578829937746001 31.776056222990505 0.52094379196359974 0.85258575741354892 0.041413667673256348 0.85331783067850542 -0.52139110065873739 -3.4694469519536134e-18 0.021592717770474296 0.035339021059383656 -0.99914208605675769 
1 26.448301607174251 27.628636070436432 46.106572287565101 0.33124721792140593 0.26288650244978884 -0.90618208294417624 -0.9392173969846308 0 -0.34332299835783575 -0.090254982248866036 0.96482676519140853 0.24690757653328443 
1 26.777621614252141 38.404702951487039 45.428268673369438 0.18555001776382962 -0.28040837584868955 -0.94177615900050404 -6.9388939039072284e-18 -0.95841928164364909 0.28536376885244513 -0.98263482072835306 -0.05294925237972456 -0.17783471473417592 
1 24.697467909308617 40.919947870027954 43.015284592235759 0.37817289816503902 -0.61397581123787759 -0.69283400775961135 0 -0.74841506515778022 0.66323064634022733 -0.92573498318549852 -0.25081585567835579 -0.28303029422109427 
1 26.795088452415165 46.124549514262078 37.051821393752888 0.312133114103401 -0.88776721056274333 -0.33829321443055721 0 0.35608373553688472 -0.93445405092283584 0.9500383776880349 0.29167405290108278 0.1111455252546997 
1 27.320133658946194 47.023646101974158 30.409463092418296 0.27012519848081296 -0.95869195755240766 0.089118503522187545 -0.96252180286866296 -0.27120431228588288 0 0.024169322459681904 -0.085778502679133242 -0.99602103006410758 
1 27.061356435089927 17.121521927313363 34.420137164239911 0.30889750263085114 0.92896053596027273 -0.20399670462246725 0.94891471801446292 -0.31553265747863934 6.9388939039072284e-18 -0.064367622326412119 -0.1935754754427082 -0.97897157492093401 
1 25.829652019253423 17.840114681170313 28.133664149940216 0.33505495932080137 0.89463302353895291 0.29558404461013749 0.93647791004243119 -0.35072656586372264 -1.3877787807814454e-17 0.10366917689022287 0.27680792833839024 -0.95531673939689354 
1 27.396731637364912 17.836379066253173 26.822543705377448 0.24039270166151 0.91521393309013577 0.32341120213369945 -1.387778780781446e-17 -0.33318151080414066 0.94286270520064075 0.97067571772857297 -0.22665731299906189 -0.080094403525870939 
1 26.407522839371598 17.921510661522287 36.649474445424552 0.33507105828021161 0.90017548093944955 -0.27822920302946291 0.93718031631360388 -0.34884531631417037 1.3877787807814454e-17 -0.097058954338652484 -0.26075093250283393 -0.96051471127806787 
1 26.496616479518178 20.639314748067335 41.502308951316813 0.28495174999160311 0.78307046310027684 -0.55281384750803864 0 0.57672374022805961 0.81693924343084279 0.9585418614628799 -0.23278826705243486 0.16433843903968828 
1 26.251814395706923 22.848686123904891 43.593466256530732 0.36767609502160514 0.56062720882241268 -0.74196456915249975 2.7755575615628914e-17 -0.79785089883045712 -0.60285482766204312 -0.92995391775596259 0.22165530889970272 -0.2933507028914602 
1 27.069773838757701 29.541461531483716 46.888059738788527 0.33113670388103983 0.26238752694071121 -0.9063670719133271 -0.93927690908571504 0 -0.34316014928657673 -0.090040942915910124 0.96496258254190226 0.24645454528751595 
1 27.98638434279561 34.832898126209948 47.08325085954894 0.27776272408779235 -0.2581100706757401 -0.92532538089209104 -0.9577792354979483 0 -0.28750467135155522 0.074207851042155354 0.96611551660024819 -0.24721246616613177 
1 27.454425495684266 40.389519527103168 19.297436570666445 0.29487305366606298 -0.51909839905537236 0.80223857693319667 0 0.83956879713083421 0.54325338000263212 -0.9555364368885424 -0.16019078307578624 0.24756621497271242 
1 27.212151389512528 42.422095004303308 42.698995886833387 0.28022023812478131 -0.64756946637693991 -0.7086116033212948 2.7755575615628914e-17 -0.73818650186912527 0.67459668577471077 -0.95993573646640062 -0.18903564392597777 -0.20685479733426559 
1 26.740451071593508 43.690462408795952 22.709324922258844 0.31316679422679017 -0.74242413064834267 0.59222712638376163 2.7755575615628914e-17 -0.62359512020147834 -0.78174748228625834 0.94969814098676397 0.24481735292245199 -0.19528928468896681 
1 27.09659135310406 44.334950046905526 40.576519069944418 0.30682327004201482 -0.78743029167853329 -0.53461483023554912 0 0.56170796845160043 -0.82733557773008637 0.95176650548373731 0.25384580738124463 0.17234507568897695 
1 27.049675868846979 46.402033416293996 27.374738445371072 0.31461686934373656 -0.90620931949911776 0.28249052157071058 -0.94468630797134368 -0.3279752727439551 1.3877787807814457e-17 0.092649905859735926 -0.26686492785953381 -0.95927008981970663 
1 28.20421003436109 19.169534883521084 40.107989342488558 0.24163394465001947 0.81387983305651679 -0.5284057665627504 2.7755575615628907e-17 0.54454191850484501 0.83873362815083463 0.97036747513139132 -0.20266651508070882 0.13157981179561509 
1 28.316043605174226 20.050473538632829 22.293018865827694 0.32203321953503217 0.69809907329990062 0.6394937758678515 -2.7755575615628914e-17 -0.67547756727871744 0.73738053683510385 0.94672836944706673 -0.23746102829947885 -0.2175262157144566 
1 26.918538780883765 21.673768697296929 21.338090546672817 0.36007258651945007 0.66773956761615372 0.65151485192356529 2.7755575615628914e-17 -0.69835768917297636 0.71574893501351466 0.93292429083886186 -0.25772157032885806 -0.2514594594562598 
1 28.187511508019597 24.821212968103929 45.490162132648919 0.25457127430812015 0.44312772642939596 -0.8595529561153602 0 -0.88883655259387129 -0.45822438037826202 -0.96705401415698589 0.11665076443194293 -0.22627225384545827 
1 28.381831709483791 37.551134812373562 46.227238849117803 0.30000832206244588 -0.36942387456740716 -0.87950043069510797 1.3877787807814457e-17 -0.9219694948841185 0.38726250851731486 -0.95393658420949334 -0.1161819753779733 -0.27659852115294514 
1 25.961741269216912 41.929234105157775 21.26980772522775 0.37879255649212151 -0.64335224736088226 0.66529248076456216 2.7755575615628907e-17 0.71886083739032369 0.69515400917097703 -0.92548160389397416 -0.26331916428962204 0.27229913435714792 
1 28.625217045253812 41.861138514088388 43.863807589460883 0.34391036693715438 -0.67670052480588294 -0.65100081354833528 0 0.69328976935745168 -0.72065893160654826 0.93900248110063689 0.24784207760534568 0.23842953897349636 
1 27.974342491276417 45.283595323498602 39.645238119242002 0.29619026536591114 -0.80490336413078167 -0.51420025390252544 -2.7755575615628907e-17 0.53835688836914797 -0.84271695173734851 0.95512895815301879 0.24960455756343702 0.1594560696276241 
1 29.986892275524951 47.404716927427629 32.9709745722541 0.06343579374123548 -0.99777087466073244 -0.020716702227342277 -0.99798505613091237 -0.06344941086708128 0 -0.0013144625514336179 0.02067495923520158 -0.99978538609484768 
1 29.483429431213921 47.05571935133618 36.502337062887854 0.18843684111444939 -0.94321939549123734 -0.27354840317565871 6.9388939039072284e-18 0.27853833091465552 -0.96042511327603153 0.98208531040373881 0.18097947447272261 0.052486883206848876 
1 29.026468154359463 32.192575304611438 16.48287952138746 0.023470510973166995 -0.024025082296949822 0.99943580611026905 0 0.99971119693821575 0.024031702319231189 -0.99972452961536284 -0.00056403633298739836 0.023463732617736304 
1 29.750908103373799 30.463745407639124 47.562975605194254 0.0029562864200381356 0.014289185533966395 -0.99989353410619608 0 -0.99989790348429852 -0.014289247975468657 -0.99999563017575377 4.224310974243541e-05 -0.0029559845934952339 
1 30.085252864750512 33.728592611495941 47.577110377224741 0.0029369484161059717 -0.0051170498884335483 -0.9999825949157517 0 -0.99998690770158649 0.0051170719575579383 -0.99999568715770037 -1.502857638085007e-05 -0.0029369099647008831 
1 29.268220775517509 44.420124336138592 22.729576652757967 0.18268110494210651 -0.82048030778104508 0.54170072774609856 0 -0.55097236964779439 -0.83452348552014644 0.983172219856283 0.15245167243495841 -0.10065224127982984 
1 29.759093841728379 45.84872295465869 24.887721012560874 0.16166334243547872 -0.85514940455956334 0.49252863834909483 0 -0.49909373350435621 -0.86654800511955643 0.98684596757173271 0.14008904688842383 -0.080685161146916304 
1 31.57932200842745 47.52629565670933 32.46007679836535 0.11436277006454704 -0.99277552237395317 -0.03630315410936142 -0.99343036858176781 -0.11443820506934337 0 -0.0041544677946310773 0.036064655767543634 -0.99934082324385809 
1 29.927956238292598 17.164465067989237 27.37673144166294 0.14528760715586606 0.94311389620511443 0.29904462876255017 -6.9388939039072284e-18 -0.30225168114725043 0.95322815802076521 0.98938946386492455 -0.13849223815243075 -0.043913423512721803 
1 31.103308009845495 19.072006203405827 40.956766562084638 0.11356184870605911 0.82934649964229301 -0.54707228960123566 6.9388939039072299e-18 0.55063438261750519 0.83474653439199076 0.99353092881825389 -0.094795359646530422 0.062531058451163385 
1 31.56548284083139 24.553488152114419 17.966989696469444 -0.011271627298147985 0.47818342049816581 0.87818766034300777 0 0.87824345234688661 -0.47821379989479817 -0.99993647319119805 -0.0053902477212452839 -0.0098992328718928938 
1 30.080746631499665 36.497818433131172 16.942791747629705 0.10360088635600066 -0.27002108364600891 0.95726457718484825 0 0.96244353364848056 0.27148194145877586 -0.99461895032532499 -0.028125769764777063 0.099710003153583929 
1 32.014698685591725 39.12363209334567 46.29100966651994 -0.04641227809056038 -0.49489651706670384 -0.86771155220942542 0 -0.86864763332547856 0.49543040794650955 -0.99892236957755864 0.022994053868133177 0.040315915520609237 
1 30.663756348314205 40.989075366808855 18.883825727973026 0.086636959504821948 -0.53491954305179112 0.84044935582640723 0 0.84362141483559983 0.53693845869967349 -0.99623994963450446 -0.046518715502945125 0.07308879435451246 
1 32.402459516202697 46.335121636773067 25.202341949884005 -0.011712725364666898 -0.91004201768082138 0.4143505015321588 0 -0.41437892640178675 -0.91010444749715536 0.99993140367953848 -0.010659803446696085 0.0048535065618496463 
1 30.041737693047775 16.589982685376501 34.689139240299276 0.023955878089145229 0.99770085210802018 -0.063396574102301803 2.1684043449710089e-19 0.063414773078531869 0.99798725771194008 0.99971301677280267 -0.023907661080267598 0.0015191565729201181 
1 30.850931493761212 16.506046426975871 33.520900180932088 0.014956306061910455 0.9984934662902526 -0.052793055269219562 0 0.052798960928086149 0.99860516207604033 0.99988814819907856 -0.01493544443901295 0.00078967741939130795 
1 31.229332864650683 24.898554742249654 46.118345864868971 0.020526971203625462 0.48519764377319019 -0.87416353729159291 -1.7347234759768071e-18 -0.87434776277680171 -0.48529989668987356 -0.99978929952925855 0.0099617370044754461 -0.017947711348473751 
1 31.585567868176746 29.1485285171374 16.5845219436215 0.0042583383005703216 0.094776557961571584 0.99548946283517981 0 0.99549848878468583 -0.094777417286012938 -0.99999093323635579 0.00040359430605816445 0.0042391693429517019 
1 31.901196288755479 30.664775332566716 16.464043918481874 0.0011392192332503881 0.041538142912425149 0.99913626941620215 6.7762635780344027e-21 0.99913691776658031 -0.041538169866977288 -0.99999935108955884 4.7321082026482249e-05 0.0011382359933701997 
1 32.203314936659361 29.014145611252747 47.51159250592216 -0.02810309892694755 0.024856147278793313 -0.99929594604058969 -0.99960478569193878 -1.0842021724855044e-19 0.028111784393258923 0.00069875065314852695 0.99969103824254368 0.024846323773745457 
1 31.657886181013144 42.78670517611971 43.82507127240676 0.021260316678969653 -0.67504949146980275 -0.73746605549073962 0 -0.7376327797338692 0.6752021047524106 -0.99977397392346146 -0.01435501056934309 -0.015682306489930728 
1 33.178365663588828 47.153790764353147 27.167363794557851 -0.039532117609557445 -0.92778451458795175 0.37101631523169309 1.7347234759768067e-18 -0.37130656545826823 -0.92851033082437207 0.99921830031145065 -0.036705979599838165 0.014678534814897101 
1 32.309748465837771 16.499156914825285 30.390070416357844 -0.0055210022521999672 0.99904361324450897 0.04337484719843257 -2.7105054312137611e-20 -0.043375508278007839 0.99905883974950382 0.99998475915092389 0.0055158061043372956 0.00023947627889319957 
1 31.929842531866274 16.429391625100408 31.838419451445031 -0.017944357800959411 0.99049884749528028 0.13634527176852371 0 -0.13636722865843373 0.99065835632069366 0.99983898704897045 0.017776728004328869 0.0024470223433721815 
1 32.726760551540529 17.726956162978851 39.004147144462095 -0.0029530301313799947 0.8799200472307972 -0.47511260780408121 0 0.4751146794005241 0.8799238838775415 0.99999563979701589 0.0025984417424112921 -0.001403027964130694 
1 31.303467495969773 20.265572500056358 21.265883313509747 0.043915087716116331 0.74788490759471749 0.66237423716727306 0 -0.66301386840575072 0.74860711344579256 0.99903526718073665 -0.032875147051880632 -0.029116312188040155 
1 31.921911555359497 33.450280717571943 16.515802162288033 0.0023962122322574607 -0.073711285134937535 0.99727674424439172 0 0.99727960735501242 0.073711496754795866 -0.9999971290793479 -0.00017662839018184798 0.0023896935941249984 
1 32.098705027016059 34.769887638999151 16.581316730586359 0.0031797923043684799 -0.035120804927271446 0.99937801555875838 0 0.99938306799215493 0.035120982483236224 -0.99999494444767134 -0.00011167742982205473 0.0031778305887176154 
1 32.849967916238334 40.671439499608042 45.387223422684443 -0.035342851658653966 -0.47663294228871544 -0.87839166728848039 -1.7347234759768075e-18 -0.87894078883380733 0.47693090665651422 -0.9993752462596992 0.016856098285388525 0.031064273916493555 
1 31.991413443158521 43.076767030723758 20.453096583698976 0.005048882360505021 -0.6897900803892969 0.72399181886499042 0 0.72400104675627852 0.68979887235034887 -0.99998725431222857 -0.0034827133589059311 0.0036553961139549457 
1 32.420670352534422 47.589279110510148 29.399869637166042 0.027951792331197541 -0.99959465079574628 0.0054066076243626058 -0.99960926089459079 -0.027952200875249387 -2.7105054312137611e-20 0.00015112658236983843 -0.0054044950513361632 -0.99998538419018723 
1 34.274630413387371 16.498082077051286 33.862455039901391 -0.0010550034419212699 0.99890370797333106 -0.046800311589430321 6.7762635780344027e-21 0.046800337634580413 0.99890426387982223 0.99999944348371383 0.0010538474365430447 -4.9374517287559872e-05 
1 32.730716371282504 18.456706596827516 23.875409903082172 -0.06773485186937897 0.85960095975630413 0.50645649351970434 0 -0.50762232044471034 0.86157970019396801 0.99770335763804741 0.058358973366302365 0.03438372268091288 
1 33.08673946872856 22.531439857889698 19.321151388962608 -0.085102835762663268 0.57078298435373576 0.81667881821276367 1.3877787807814454e-17 0.81965237514089995 -0.57286122571341946 -0.9963721731085996 -0.048752114806687098 -0.069754741464092898 
1 32.7784741809444 22.91293949624416 44.70628715226001 -0.12263767969848662 0.56446643755785142 -0.81629506943807995 0 -0.82250373070010896 -0.56875971462859676 -0.99245150990774944 -0.069751371708024507 0.10086994907641025 
1 33.590544153580979 27.320139995417698 16.976354973445783 -0.089118401938801411 0.27012425736923873 0.95869223216660704 0 0.96252206979648225 -0.27120336493984748 -0.99602103915322704 -0.024169210483864764 -0.085778428691089953 
1 32.139567069828757 39.084918964653617 17.751118113501462 0.016299469197028533 -0.44105043270703254 0.89733429841549828 8.6736173798840355e-19 0.89745352078280383 0.44110903191223549 -0.99986715482802779 -0.0071898430781845574 0.014628016017764117 
1 31.128307822910209 46.277978289485446 39.300173875714734 0.099081753777833889 -0.88437645451165181 -0.45613714250618637 0 0.45839275741059943 -0.88874972852513856 0.99507929637205739 0.088058881771844497 0.045418358323299352 
1 36.023085371952035 23.471149951861875 19.322330744115416 -0.29308681901526451 0.55646556166384564 0.77746137859166653 0 0.81317111211572624 -0.58202469227728904 -0.95608583114671952 -0.1705837656478888 -0.23832973456510317 
1 34.897988169335854 31.95821821397649 16.475307791711067 -0.023203583108107471 -0.009028235142362501 0.99968999429881233 0.99973073867036588 -2.7105054312137611e-20 0.023204528816694055 -0.00020949594252484059 0.99995924465460817 0.0090258041877638185 
1 32.618868296938601 31.97183956084292 47.51351511672712 -0.12589142874696665 -0.016985664050813712 -0.99189860136245811 -0.99204172004496882 0 0.12590959332084237 -0.0021386580529224059 0.999855733201922 -0.016850487381075224 
1 35.47855900381402 42.444003587782582 20.677909073155362 -0.27285893503228903 -0.67368720230078949 0.68679950133148793 -2.7755575615628907e-17 0.7138886832166853 0.70025920056443924 -0.96205405335305616 0.19107197971257486 -0.19479090583410785 
1 32.821506089860947 44.831438495312895 41.163841383276306 -0.23019631649627012 -0.79839721444156075 -0.55639153825656396 1.387778780781446e-17 0.57174623435011818 -0.82043052326596178 0.97314421124083617 -0.18886008439693183 -0.13161387711801042 
1 34.645080712921335 47.587206645546807 31.395094496120524 -0.0087817850088790315 -0.99947535685346389 -0.031175171125414677 0 0.031176373305618624 -0.9995138987265304 0.99996143938256843 -0.0087775161720028798 -0.00027378420772649806 
1 33.786870569996672 47.531098521787435 34.322772196847609 -0.014036420160416429 -0.99978541882465866 -0.015234671466173057 -2.7105054312137611e-20 0.01523617246376887 -0.99988392278736749 0.99990148460189832 -0.014034790851888869 -0.00021386131833802706 
1 35.825709656616255 18.673813691740687 24.551581718288439 -0.25208616801641576 0.8428102494014692 0.47552439201226343 1.3877787807814457e-17 -0.49139406571803557 0.87093735261332039 0.96770479170809076 0.21955125980265378 0.12387364701286632 
1 34.011690037564769 32.426932785177939 47.446653911860494 -0.03667818342399682 0.0061538078826997404 -0.9993081814481749 -0.99932710356197141 -2.7105054312137611e-20 0.036678877933231789 0.00022571476815410333 0.99998106514500706 0.0061496670072951594 
1 34.537147126768787 36.374973460979476 47.095382252888477 -0.19992256489924726 -0.28226680515416325 -0.93827310456613222 -6.9388939039072268e-18 -0.95760553204169563 0.28808270514409756 -0.97981170029965781 0.057594233315521562 0.19144695412748408 
1 35.641202983896378 38.895192741607566 18.24085443514161 -0.26514226662915619 -0.44567427990102004 0.85502866307595848 0 0.88676666064734055 0.46221736181623935 -0.9642093021988295 0.12255335898730649 -0.23511932237520364 
1 36.866902591655737 43.554025828173273 22.458634099357827 -0.30980828036272468 -0.70819042038349977 0.63441717969781775 -2.775557561562892e-17 -0.66724633467313155 -0.74483711566037814 0.95079904786379099 -0.23075670595307368 0.20671843952341395 
1 35.324810312525663 44.65598321872158 40.52595538019137 -0.18689105244613499 -0.80202151319721382 -0.56730346983288182 1.3877787807814457e-17 0.5774782635265554 -0.81640606021412798 0.98238064644799272 -0.15257898781682103 -0.10792552043524442 
1 36.374973833707379 16.904617053143191 29.462853269803663 -0.28226748955863451 0.93827280234128452 0.19992301699629075 0.95760531374586499 0.28808343077255205 0 -0.05759450862669066 0.19144734341575284 -0.97981160805284451 
1 35.966923543470116 18.631481437150072 39.473223213860337 -0.28136745311101657 0.85069848110588386 -0.44400951631013741 0 0.46270265629085511 0.88651353732550919 0.95960010229773329 0.24943605614571665 -0.13018946794826 
1 37.698158520728853 20.84896996891964 41.671437283039289 -0.35291234548799005 0.6843056804803096 -0.63810548662783506 2.7755575615628914e-17 0.68198699310215505 0.7313643013160277 0.93565638799837492 0.25810749098362434 -0.2406816293279832 
1 37.42466283741787 23.006017539065994 20.217843838578244 -0.3192598472199385 0.56840942498499558 0.75827691217742377 0 0.80015104496373135 -0.59979855388575976 -0.94766721477167382 -0.19149159467630772 -0.25545610036799499 
1 35.846687403879926 40.101686821616887 45.22832712415434 -0.2647097456311201 -0.49178041781695031 -0.82950634188033401 0 -0.8601909582342574 0.50997207312952919 -0.96432813428205433 0.13499457775709267 0.22770092974837974 
1 35.560194025110782 45.310925720122711 23.944527737810919 -0.25668293607167858 -0.81551483690503135 0.5186997408109848 0 -0.53668087673030174 -0.84378530240339855 0.96649566493058958 -0.21658528883503347 0.13775682317265642 
1 37.410327965927131 46.337208901514536 28.104489656404937 -0.41993872938596039 -0.82555297371118952 0.37697977552955969 -0.89131269623746734 0.4533891016840792 0 -0.17091852178041289 -0.33600686015424708 -0.92622149016403355 
1 36.378179001542371 46.372826450286588 36.935181824692485 -0.32119476072632785 -0.89448929103836383 -0.31100294837773235 -0.94116253227452218 0.33795426886282842 1.3877787807814454e-17 0.1051047740331805 0.29270432244002909 -0.95040894676994581 
1 37.34411594798523 17.347191457037155 34.681570188179677 -0.37299013285398025 0.88060812614920336 -0.29224593915666125 0.92080764376597357 0.39001702934891969 0 0.11398089302916614 -0.26910229463501933 -0.95634319731278539 
1 37.092055721391979 17.737006186145571 27.281011162841782 -0.31853031469504506 0.89626579963617325 0.30861959597991601 0.94226179359635553 0.33487716005810103 -1.3877787807814454e-17 -0.10334965384003282 0.29080045404701826 -0.9511855470817423 
1 37.427888058407291 20.010061632737653 23.145864169196031 -0.30454205662646272 0.79970629966586593 0.51742049632813425 -2.7755575615628914e-17 -0.54322425115283601 0.83958764459670354 0.95249889015458922 0.25568974800364769 0.1654346306554548 
1 37.890024307907211 21.712691515752223 21.501724829711069 -0.36086365123177916 0.62162643203964207 0.695239530096882 0 0.74547037902318836 -0.66653875656185513 -0.93261858507091144 -0.24052960938040099 -0.26901316285944599 
1 36.6252728699085 27.049683123254876 17.597968238076565 -0.28249050874226017 0.31461653756650715 0.90620943868412773 1.3877787807814454e-17 0.94468642849651108 -0.32797492558807945 -0.95927009359749105 -0.092649803584081467 -0.26686494978788822 
1 37.733716702399896 27.473903968771072 46.074276513284318 -0.35474066748431271 0.24949977256065922 -0.90105988831207195 -0.9304866621473975 0 0.36632577245642295 0.09139819691098533 0.9683748569083046 0.23215621057650263 
1 37.099512904819093 30.07024454558492 46.778629311963194 -0.32000999067302605 0.1256172897018995 -0.93904946749220775 -0.9465472811345671 6.9388939039072299e-18 0.3225651013001235 0.040519753777740183 0.99207877536410849 0.11890270403082623 
1 36.726548338419619 36.474611596185468 17.496545322826201 -0.31186108777986354 -0.32725251695687901 0.89199128475235001 -1.3877787807814454e-17 0.93881199025629725 0.34443003201087147 -0.95012770822072146 0.1074143244469636 -0.29277892850210757 
1 36.718988848463489 37.092056044537237 46.262993600236896 -0.30861994640045826 -0.31853001140329401 -0.89626578676149171 0 -0.94226189269105087 0.3348768812299211 -0.95118543338498329 0.10334968513593087 0.29080081481750647 
1 36.907249466017461 40.325208831197216 19.457375334693765 -0.29644700176651878 -0.50550593193451121 0.81029804882071821 5.5511151231257827e-17 0.84843582892138514 0.52929825637581884 -0.95504930508515729 0.15690888114285775 -0.25151625767503566 
1 37.398522865803287 42.064333371891614 42.806153556134994 -0.37668693459930397 -0.63408462177460145 -0.67531003674693035 2.7755575615628907e-17 -0.72900833517342634 0.68450481900982219 -0.92634062487952018 0.25784402199126127 0.27460791507381993 
1 37.72966607619562 46.836191754223002 30.753405811180336 -0.37351333337319303 -0.92532815478062014 0.065234927475539231 -0.92730337260486762 0.37431063991775371 -3.4694469519536134e-18 -0.024418127448357332 -0.060492568259701458 -0.9978699335270409 
1 38.473348906125715 45.854287623600094 36.272122075047378 -0.3171672476698385 -0.89517709738817508 -0.31314996617790197 -0.94258567895651324 0.33396442598889081 0 0.10458094870304357 0.29517067348500681 -0.94970368993848753 
1 38.077402736502769 18.355398234816054 36.823098204696173 -0.37118775675117005 0.88358476283205212 -0.28547787327402563 0.92195149752016692 0.38730535268741362 -1.3877787807814457e-17 0.11056710839284922 -0.26319675277386029 -0.95838530032077363 
1 39.398170969405889 41.423090775465631 42.261413659742452 -0.40353757619771979 -0.62333902387628959 -0.66978047590940137 -2.7755575615628907e-17 -0.73203006308896845 0.68127232934705406 -0.91496307280483713 0.2749189845152849 0.29540163736278624 
1 39.507558678254043 43.010245757734452 23.485204976812938 -0.52226527442707193 -0.65873909685375698 0.54157343491341237 0 -0.63506587668242409 -0.77245798091131401 0.85278308093419364 -0.4034279793840293 0.33167285436481525 
1 38.267379218647008 45.571643267676315 27.009281834926576 -0.32122264362324454 -0.9144497614091901 0.24616589341817693 -0.94348289098560245 0.33142123410766833 1.387778780781446e-17 -0.081584604191868956 -0.23225330878423525 -0.96922770952838055 
1 39.184838612066365 29.889549163157206 18.19232981363584 -0.49823631928060935 0.15694908611300634 0.85271774610242679 0.8634183529358247 1.387778780781446e-17 0.50448860028110432 0.079179024768549044 0.98760669518198996 -0.13551272142647483 
1 38.553994866252154 32.429665241882134 17.50500685970276 -0.4431357050813608 0.03836485987546636 0.8956332309649867 0.8962930839352472 0 0.44346218293090572 0.017013364508212628 0.99926379776650376 -0.034386158572525367 
1 40.124590859799561 32.730716310218355 45.54329144012695 -0.5064566219642066 -0.067734767977952401 -0.85960089069031198 -0.86157962605061134 0 0.50762244628708919 -0.034383688619656592 0.99770336333349752 -0.058358896065069152 
1 39.448419003887302 35.825709765937908 45.326184930899522 -0.47552454445614228 -0.25208598517612241 -0.84281021807851986 -0.87093727737815241 1.3877787807814457e-17 0.49139419906337034 -0.1238735907807213 0.96770483933779305 -0.21955108159448133 
1 40.854135735339547 37.427888181066677 43.989937091944128 -0.51742087902375944 -0.30454218701763347 -0.79970600240138057 -0.83958736925553945 2.7755575615628914e-17 0.54322467670988805 -0.16543483108717619 0.95249884846466704 -0.25568977362546341 
1 39.292975473819979 46.096717008235231 33.139460369322592 -0.46425458349516563 -0.88153545430795899 -0.085807485115173984 -0.88479882587280745 0.46597321568315631 6.9388939039072268e-18 0.039983989768802186 0.075922362081004349 -0.99631173610382073 
1 40.101686981564974 18.771672882126399 28.153312013400736 -0.49177977681387747 0.82950674957231774 0.26470965893004572 0.86019135977784755 0.50997139582876372 2.7755575615628914e-17 -0.13499435425391135 0.22770096146136629 -0.9643281580816454 
1 41.51284058597097 23.182316082810583 22.909101867784539 -0.60153693115380313 0.57132666199615556 0.55833606882449882 -0.68866492385847089 -0.72507973537191517 0 0.40483816903186304 -0.38450646632446145 0.82961487103933029 
1 40.787230040989783 22.043412478551428 40.728224845235417 -0.57394726544435526 0.60349026561008423 -0.55351967968882265 0.72462068815337655 0.68914792192977481 0 0.38145693700478678 -0.40109181120255127 -0.83283609683849757 
1 39.266633373247693 35.195978402330368 18.215884789425679 -0.44686862091407165 -0.23406044375799617 0.86343740034247163 0.88810720041692581 0 0.45963637863816909 -0.10758269475136821 0.97222204699739756 0.20787076543425731 
1 41.404375711370882 41.438210403646735 23.614682376798765 -0.57666141863075693 -0.61688434688183802 0.53564476179174103 -0.73052182354843342 0.68288935071464651 0 -0.36578610359366354 -0.39130018815826889 -0.84444341975354931 
1 40.11575923389168 44.853233768251648 27.208140316568965 -0.47559608427047145 -0.822991918595115 0.31063268751650464 -0.86582421876562532 0.50034830088538818 0 -0.1554245373983448 -0.2689533039920442 -0.95053002764051264 
1 41.402380057618124 21.75826028648758 24.563636484223732 -0.62658835335752927 0.66773685092342439 0.40188870767361518 0.72921832691684252 0.68428110575157708 0 -0.2750048492759738 0.2930646110165257 -0.91568852053765071 
1 41.688063642818925 24.987590363941894 42.226698936920052 -0.64940142900228881 0.36776786532475297 -0.66560091740040428 -0.71576330682115108 0 0.69834295916007538 0.25682809935487205 0.92991762927394517 0.26323474342740094 
1 41.280942626883743 26.765831413374542 20.286234846603872 -0.59136379092859637 0.31419940864901008 0.74267597132475738 0.78229366175676851 0 0.62290980629236115 0.19571789277872928 0.9493570095620576 -0.24579620591384538 
1 41.706983990484339 28.316048226462083 43.949526734563065 -0.63949375342171033 0.32203228284277102 -0.69809952595721347 -0.73738076679956255 -2.775557561562892e-17 0.67547731623947904 0.21752550215710781 0.94672868806594934 0.23746041165681617 
1 41.298866307959734 29.392969915721704 19.583147559604459 -0.53367751907237149 0.17251081149772635 0.82790598835444751 0.84050718789941914 1.3877787807814457e-17 0.54180039413921688 0.093466425662744268 0.98500762429353617 -0.14499657705420074 
1 41.242399789491074 39.530055883029121 21.672603823710315 -0.61691510199444655 -0.41882444527559115 0.66633463137583882 0.73379438599608682 0 0.67937162075010615 -0.28453744219664251 0.90806722440554677 0.30733102666115408 
1 41.172638563873633 43.101032282129665 38.514816378940985 -0.65280407401079765 -0.67590380780084447 -0.34205391907596111 -0.7192912191238483 0.69470867425945404 0 0.23762782464651153 0.24603638045823822 -0.93968032673073243 
1 41.953321443879815 44.288334488702183 33.443113627708499 -0.61838321691717346 -0.77861336831155237 -0.10659934203224274 -0.78307528676900895 0.62192692115041504 6.9388939039072284e-18 0.066297000586772736 0.083475310331286134 -0.99430205686113959 
1 41.943995087803223 20.389434441292302 35.795001730747387 -0.67847769101488731 0.65728590843507617 -0.32809031891810519 -0.69580102915653119 -0.71823459108059684 0 -0.23564581604564788 0.22828558155951212 0.94464635850259659 
1 42.050474601437124 21.217101576516207 26.566079525618012 -0.63625052933794812 0.67227865450349789 0.37845300185907838 0.72630051784275484 0.68737730380144668 2.7755575615628907e-17 -0.26014000403345716 0.27487061122939371 -0.92562050829908293 
1 42.622268152997854 21.587826239844009 37.018047644681289 -0.64315178532328621 0.71299856414158791 -0.27926480008676979 0.74254121390154115 0.66980037746900811 0 0.18705166851192551 -0.20736562365640127 -0.9602141279071541 
1 42.335437454841589 23.935910057713226 40.880213451696889 -0.64783853295006644 0.47307640810333862 -0.59707951507412238 0.67771283786444902 0 -0.73532666849075656 -0.34786569911220155 -0.88102140274572416 -0.32060995506243384 
1 42.6619129989936 26.918542812859332 42.326231822405447 -0.65151501166333281 0.36007229697012494 -0.66773956789453892 -0.71574884957254858 2.7755575615628907e-17 0.69835777674167365 0.25145928877832413 0.93292440259361764 0.25772133231931199 
1 42.734115950036546 31.303467777250205 43.734426954140105 -0.66237401795710915 0.04391491409929095 -0.74788511193565499 -0.74860731226535748 -3.4694469519536142e-18 0.66301364391906581 0.029116187219363644 0.99903527481248222 0.03287502581223424 
1 41.928234751646535 37.175270025129933 21.035768967933809 -0.64766958743816372 -0.34698257776421493 0.67832676214032683 0.72326188403735181 0 0.69057385347169098 -0.23961709581417454 0.93787157475216221 0.25095927292188297 
1 42.498275666711194 37.890023025242101 42.287307383165128 -0.69523936983363244 -0.36086360531601425 -0.62162663793603756 0.66653896463658346 0 -0.74547019297970019 0.2690130614942795 -0.93261860283736997 0.24052965386236083 
1 41.054481986955167 41.536677485475892 40.831253592117832 -0.55880658800357041 -0.60089482828407359 -0.57154230162365205 -2.7755575615628914e-17 0.68918807411198679 -0.72458249944489461 0.82929801471112174 -0.40490147424190054 -0.38512283618727117 
1 42.717771723664235 43.131962472882144 28.580422557470527 -0.6830409051924855 -0.68144420961437824 0.26284769547566073 0.70627885417402481 -0.7079337399408413 0 0.18607875209291583 0.18564376918283262 0.96483733809546068 
1 42.678373861601763 42.552576382962485 36.804600490621851 -0.64119138625802052 -0.67954228124130722 -0.35650511103471988 -0.72733287132125712 0.68628484923942179 0 0.24466405637954605 0.25929788604958642 -0.93429337245113864 
1 42.786705228193647 20.174928813073258 32.342114971226373 -0.67504974616510227 0.7374658109320763 -0.021260712799106768 0.73763254133485923 0.67520236519422627 -1.7347234759768071e-18 0.014355283567672046 -0.015682593612595695 -0.99977396549983943 
1 42.804990422852242 26.024443471468668 22.116499263604105 -0.66612068174250583 0.37884153382440044 0.6424658197946993 -0.69421124561958369 2.7755575615628914e-17 -0.71977131538795447 -0.2726792691243789 -0.9254615563326094 0.26299605308867063 
1 43.561133150512113 32.180334142567922 20.902559141600683 -0.72912413381982588 0.0046099043546772136 0.68436594469868928 -0.68437321661958816 0 -0.72913188133132578 -0.0033612282348832682 -0.99998937433446811 0.0031548950715190914 
1 43.621343806945546 35.864127023743329 22.032874825077823 -0.6742497443270874 -0.32405777850718709 0.66360668958641778 -0.70145933549938155 0 -0.71270947842775756 0.23095905030031505 -0.94603729111964019 -0.22731335397505717 
1 43.533532873136757 41.391834101818525 26.62768075038732 -0.6990098881891712 -0.63346633221203685 0.33182161196581489 0.67151280171703731 -0.74099295349560179 2.7755575615628914e-17 0.2458774762842206 0.22282246032142791 0.94334215310904457 
1 44.640497724957271 23.492513146666113 28.637060332074235 -0.80145792473426847 0.56532118450896252 0.19513368039890816 -0.57640155043588304 -0.81716660030566002 -1.387778780781446e-17 0.15945672621670698 -0.11247535592419075 0.98077665488834764 
1 44.831438164991859 22.836158009788324 31.178495032896077 -0.79839737458791737 0.55639157381285342 0.2301956751139706 -0.57174618174951208 -0.82043055992256531 -1.387778780781446e-17 0.18885956662550782 -0.13161349830166388 0.973144362958972 
1 44.334950009408985 23.423481734738601 36.903409576466132 -0.78743031196375224 0.53461483707601998 -0.30682320606311464 -0.56170796346637253 -0.82733558111473737 -2.7755575615628907e-17 -0.25384575548771382 0.17234503822193528 0.95176652610876766 
1 45.583312341298274 28.440666532964006 39.574492062434707 -0.85262658153712612 0.24320261468253948 -0.46247205393179242 0.47678735143661466 0 -0.87901866960267583 -0.21377963880213804 -0.9699755090782326 -0.11595593051694753 
1 45.194680065650871 27.9014231146725 24.25096528762619 -0.83122547692610249 0.25645100325025116 0.49325154783428005 -0.51031799406304268 -1.3877787807814457e-17 -0.85998578182169516 -0.22054421652912537 -0.96655723210368649 0.13087156155412305 
1 43.782156884939845 37.424656093533201 40.993986652694282 -0.75827606652483925 -0.31926028770832132 -0.56841030570180329 0.59979957716150945 0 -0.80015027790839055 0.25545620793492602 -0.94766706637531728 0.19149218557191297 
1 44.427153491406628 40.547329198825928 37.171655704507224 -0.74893716282882239 -0.56769630160162432 -0.34178068301434444 0.60407378008963408 -0.7969283959103356 2.7755575615628914e-17 -0.27237473146776037 -0.20646074915009197 0.93977974266220921 
1 43.651892310420813 42.78590006652886 31.223760299599785 -0.7243150660408153 -0.68640945058272573 0.06488259594845229 0.68785883487570765 -0.72584448973828697 0 0.047094674749099785 0.044630066852813698 0.99789290444565737 
1 45.283595299457346 24.3547622379762 36.02565862780358 -0.80490307614954137 0.5142006292174921 -0.29619039639620487 -0.5383573042188835 -0.84271668607793471 0 -0.24960458929911966 0.1594562633393834 0.95512891751985973 
1 45.461557861628783 30.895004441387638 23.641386034381071 -0.85194889035443333 0.079653572258484004 0.51753105863350113 -0.51918070012033501 6.9388939039072268e-18 -0.85466449594127791 -0.068077080184219402 -0.99682260629786212 0.041354597412245418 
1 46.033010209194643 31.565482556464286 39.446512595206947 -0.87818742923397808 -0.011271794995277718 -0.4781838409785521 0.47821422130594943 0 -0.87824322288347023 0.0098993775643344706 -0.9999364713008444 0.0053903326663870309 
1 46.422023501527825 32.45924747379366 25.170928518631246 -0.88699612481393542 -0.00018764133583377824 0.46177682851761914 -0.46177683664703206 1.3552527156068805e-20 -0.88699614042917929 0.00016643714066953675 -0.99999998239536447 -8.6648422485545519e-05 
1 44.678848153001653 33.08673936397043 41.468559920792522 -0.81667870888404959 -0.085102865685032419 -0.57078313632033428 0.57286137970275564 0 -0.81965226751657039 0.069754756830894951 -0.99637217055284899 0.048752145052985967 
1 44.677669160609391 36.023075804381598 40.528857065400324 -0.77746155566272879 -0.29308581604739137 -0.55646584252613784 0.58202479887251724 0 -0.81317103582051309 0.23832889661955753 -0.95608613860458969 0.17058321313737052 
1 45.411885692610831 35.943337623480545 24.512424538133331 -0.84631074604993473 -0.27702514117933297 0.45498922215254023 -0.47352159285756784 0 -0.88078220979855848 0.24399881601769047 -0.96086267028882466 -0.13117738611283034 
1 45.742387197317541 37.855077501232451 26.83911531963486 -0.87845131918022756 -0.34869652138739243 0.32670172298726835 0.36894125159324248 -0.92945271685697484 1.387778780781446e-17 0.30365380403237135 0.12053374257659159 0.9451274962655305 
1 45.861253028391161 39.193864957869536 35.077137748214398 -0.86972969873932093 -0.44330631609343391 -0.21690956927364605 0.45411809509758982 -0.89094149959744073 -1.3877787807814457e-17 -0.19325373692569717 -0.098502560406986864 0.97619170184832116 
1 46.277978425577352 24.699826454009358 32.87169330261446 -0.88437634610543248 0.45613742560976001 -0.099081418072739333 -0.45839302651580505 -0.88874958972799556 0 -0.088058569661815092 0.045418231101840768 0.9950793297987327 
1 46.301112984134157 26.821545998817715 27.465466058318949 -0.88160573866996161 0.3627086667558016 0.30201613302010916 -0.38047581669348224 -0.92479086982486358 0 0.27930176235680843 -0.11490983486543339 0.95330281411290285 
1 46.124549577113598 26.94817802731929 37.204911427788957 -0.88776719434370055 0.33829314375686964 -0.31213323683037719 -0.35608367625950177 -0.9344540735111162 -1.3877787807814457e-17 -0.29167417463435591 0.11114555045333842 0.95003833736633592 
1 46.460442161043609 36.815716450764775 36.452165379103491 -0.91383967912472353 -0.28065734490009991 -0.29347656739652772 0.30576590127982134 0 -0.95210672385743533 0.26721574517936042 -0.95980803015687799 0.085815446014180716 
1 45.947347002213675 39.801743285012577 32.254900560650533 -0.87000980709100939 -0.49222961931412507 -0.028159144790567785 0.49242488909530896 -0.87035494403115388 0 -0.024508450888159776 -0.013866263750514085 0.99960345265743444 
1 47.055719302327695 27.497662417272462 34.516571489431506 -0.94321942535117809 0.27354829680055309 -0.18843684607239139 -0.27853822286891772 -0.96042514461098172 0 -0.1809794851391138 0.052486864228027695 0.98208530945243755 
1 47.452247901995236 29.504423564443183 29.966814663557287 -0.99823842941731555 0.0078174818731061371 0.058812626294146797 -0.058814423485207934 0 -0.99826893349943668 -0.0078039492921168421 -0.99996944302171753 0.00045978068947280092 
1 47.547401130820987 31.794995234899702 32.008833278337008 -0.71889397276673583 0.12546133793465863 -0.68370381643172451 0.68914912162363617 0 -0.72461954718691557 -0.09091173788367693 -0.99209850956628576 -0.086461570835396184 
1 47.423914053336127 31.345433424974903 33.655134351857484 -0.99792294796062952 0.017727300510442485 -0.061931678083024813 0.061941411614567475 0 -0.9980797871549123 -0.0176932603202936 -0.99984285906166903 -0.0010980540177324498 
1 47.36904418032816 33.73113483121854 29.188089748203176 -0.9978611152734812 -0.012912826816003387 0.064081616153030874 -0.064086959340704464 0 -0.99794431790679727 0.012886282149145101 -0.99991662597619613 -0.00082754380713076731 
1 47.461049655405176 32.902657474537627 30.373020420360152 -0.99738264469600169 -0.018014214731071065 0.070023911107794864 -0.070035275671175096 0 -0.997544515378468 0.017969981103829941 -0.99983773086817584 -0.0012616304946903051 
1 47.053881769258659 33.91148780302958 36.196357387319004 -0.96524542434930138 -0.098894268451013179 -0.2419115425941393 0.24310324765432278 3.4694469519536142e-18 -0.97000041803079706 0.095927481738332654 -0.99509794677083874 0.024041517834839734 
1 46.809919729883944 37.030907683215126 29.522044542173958 -0.93144848030805139 -0.30678538997396892 0.1956692439560743 0.31283245763793399 -0.94980832458355002 0 0.18584827677444885 0.061211690470935186 0.98066994803025276 
Triangulations 0

TShapes 1004
Ve
1e-07
42.0273513793945 19.4050045013428 29.7461891174316
0 0

0101101
*
Ve
1e-07
38.875072479248 17.7173671722412 29.1783199310303
0 0

0101101
*
Ed
 1e-07 1 1 0
1  1 0 0 3.62042227257401
0

0101000
+1004 0 -1003 0 *
Ve
1e-07
41.222541809082 18.7935333251953 34.0897598266602
0 0

0101101
*
Ed
 1e-07 1 1 0
1  2 0 0 5.54896275817924
0

0101000
+1003 0 -1001 0 *
Ed
 1e-07 1 1 0
1  3 0 0 4.45962127874034
0

0101000
+1001 0 -1004 0 *
Wi

0101100
+1002 0 +1000 0 +999 0 *
Fa
0  1e-07 1 0

0101000
+998 0 *
Ve
1e-07
36.9341011047363 16.4350070953369 32.4562339782715
0 0

0101101
*
Ed
 1e-07 1 1 0
1  4 0 0 4.01951959127122
0

0101000
+996 0 -1003 0 *
Ed
 1e-07 1 1 0
1  5 0 0 5.15962947787659
0

0101000
+1001 0 -996 0 *
Wi

0101100
-1000 0 -995 0 -994 0 *
Fa
0  1e-07 2 0

0101000
+993 0 *
Ve
1e-07
39.7687034606934 23.3232879638672 43.179759979248
0 0

0101101
*
Ve
1e-07
34.1530990600586 19.3799896240234 42.0567398071289
0 0

0101101
*
Ed
 1e-07 1 1 0
1  6 0 0 6.95311361106875
0

0101000
+991 0 -990 0 *
Ve
1e-07
39.240119934082 25.6322822570801 44.9712791442871
0 0

0101101
*
Ed
 1e-07 1 1 0
1  7 0 0 8.57108418404388
0

0101000
+990 0 -988 0 *
Ed
 1e-07 1 1 0
1  8 0 0 2.96991516872062
0

0101000
+988 0 -991 0 *
Wi

0101100
+989 0 +987 0 +986 0 *
Fa
0  1e-07 3 0

0101000
+985 0 *
Ve
1e-07
34.0797309875488 27.1076145172119 47.4113998413086
0 0

0101101
*
Ed
 1e-07 1 1 0
1  9 0 0 9.40180586087222
0

0101000
+983 0 -990 0 *
Ed
 1e-07 1 1 0
1  10 0 0 5.89579582188193
0

0101000
+983 0 -988 0 *
Wi

0101100
-987 0 -982 0 +981 0 *
Fa
0  1e-07 4 0

0101000
+980 0 *
Ve
1e-07
29.8653984069824 26.5917739868164 16.835298538208
0 0

0101101
*
Ve
1e-07
25.6153984069824 24.4575576782227 19.2051830291748
0 0

0101101
*
Ed
 1e-07 1 1 0
1  11 0 0 5.31354229797717
0

0101000
+978 0 -977 0 *
Ve
1e-07
29.8338356018066 22.1194248199463 19.2701396942139
0 0

0101101
*
Ed
 1e-07 1 1 0
1  12 0 0 4.82351500442997
0

0101000
+977 0 -975 0 *
Ed
 1e-07 1 1 0
1  13 0 0 5.09228384284049
0

0101000
+975 0 -978 0 *
Wi

0101100
+976 0 +974 0 +973 0 *
Fa
0  1e-07 5 0

0101000
+972 0 *
Ve
1e-07
27.460578918457 30.454158782959 16.4778633117676
0 0

0101101
*
Ed
 1e-07 1 1 0
1  14 0 0 4.56387259100924
0

0101000
+978 0 -970 0 *
Ed
 1e-07 1 1 0
1  15 0 0 6.84121252192978
0

0101000
+977 0 -970 0 *
Wi

0101100
-976 0 +969 0 -968 0 *
Fa
0  1e-07 6 0

0101000
+967 0 *
Ve
1e-07
16.4377460479736 32.8792304992676 37.061092376709
0 0

0101101
*
Ve
1e-07
16.7446537017822 26.791898727417 33.9229927062988
0 0

0101101
*
Ed
 1e-07 1 1 0
1  16 0 0 6.85547007505512
0

0101000
+965 0 -964 0 *
Ve
1e-07
16.6442775726318 27.0081348419189 30.1255855560303
0 0

0101101
*
Ed
 1e-07 1 1 0
1  17 0 0 3.80488297972866
0

0101000
+964 0 -962 0 *
Ed
 1e-07 1 1 0
1  18 0 0 9.08920647516033
0

0101000
+962 0 -965 0 *
Wi

0101100
+963 0 +961 0 +960 0 *
Fa
0  1e-07 7 0

0101000
+959 0 *
Ve
1e-07
18.2666168212891 29.223876953125 40.2736778259277
0 0

0101101
*
Ed
 1e-07 1 1 0
1  19 0 0 5.19875784407358
0

0101000
+965 0 -957 0 *
Ed
 1e-07 1 1 0
1  20 0 0 6.96865060941735
0

0101000
+957 0 -964 0 *
Wi

0101100
-963 0 +956 0 +955 0 *
Fa
0  1e-07 8 0

0101000
+954 0 *
Ve
1e-07
16.4084205627441 32 32
0 0

0101101
*
Ed
 1e-07 1 1 0
1  21 0 0 5.33739410136998
0

0101000
+952 0 -962 0 *
Ed
 1e-07 1 1 0
1  22 0 0 5.1369798812637
0

0101000
+952 0 -965 0 *
Wi

0101100
-960 0 -951 0 +950 0 *
Fa
0  1e-07 9 0

0101000
+949 0 *
Ve
1e-07
16.4350070953369 31.5437660217285 27.065896987915
0 0

0101101
*
Ed
 1e-07 1 1 0
1  23 0 0 5.47516561080878
0

0101000
+962 0 -947 0 *
Ed
 1e-07 1 1 0
1  24 0 0 4.95522237851245
0

0101000
+947 0 -952 0 *
Wi

0101100
+951 0 +946 0 +945 0 *
Fa
0  1e-07 10 0

0101000
+944 0 *
Ed
 1e-07 1 1 0
1  25 0 0 10.084017241794
0

0101000
+947 0 -965 0 *
Wi

0101100
-950 0 -945 0 +942 0 *
Fa
0  1e-07 11 0

0101000
+941 0 *
Ve
1e-07
16.6509456634521 36.909839630127 30.1487598419189
0 0

0101101
*
Ed
 1e-07 1 1 0
1  26 0 0 6.19236778724802
0

0101000
+939 0 -947 0 *
Ed
 1e-07 1 1 0
1  27 0 0 8.00447406850219
0

0101000
+939 0 -965 0 *
Wi

0101100
-942 0 -938 0 +937 0 *
Fa
0  1e-07 12 0

0101000
+936 0 *
Ve
1e-07
17.7173671722412 34.8216781616211 25.1249294281006
0 0

0101101
*
Ed
 1e-07 1 1 0
1  28 0 0 4.01951619376576
0

0101000
+947 0 -934 0 *
Ed
 1e-07 1 1 0
1  29 0 0 5.54405494018294
0

0101000
+934 0 -939 0 *
Wi

0101100
+933 0 +932 0 +938 0 *
Fa
0  1e-07 13 0

0101000
+931 0 *
Ve
1e-07
18.4921131134033 40.6136741638184 34.4768524169922
0 0

0101101
*
Ed
 1e-07 1 1 0
1  30 0 0 5.98670804116326
0

0101000
+939 0 -929 0 *
Ed
 1e-07 1 1 0
1  31 0 0 8.4095385728962
0

0101000
+929 0 -965 0 *
Wi

0101100
-937 0 +928 0 +927 0 *
Fa
0  1e-07 14 0

0101000
+926 0 *
Ve
1e-07
19.3802375793457 21.942663192749 29.8476390838623
0 0

0101101
*
Ed
 1e-07 1 1 0
1  32 0 0 5.76382984032948
0

0101000
+924 0 -962 0 *
Ed
 1e-07 1 1 0
1  33 0 0 6.860750308404
0

0101000
+964 0 -924 0 *
Wi

0101100
+923 0 -961 0 +922 0 *
Fa
0  1e-07 15 0

0101000
+921 0 *
Ve
1e-07
18.7935333251953 29.9102420806885 22.777458190918
0 0

0101101
*
Ed
 1e-07 1 1 0
1  34 0 0 8.18758221266559
0

0101000
+962 0 -919 0 *
Ed
 1e-07 1 1 0
1  35 0 0 5.15962728871677
0

0101000
+919 0 -947 0 *
Wi

0101100
-946 0 +918 0 +917 0 *
Fa
0  1e-07 16 0

0101000
+916 0 *
Ed
 1e-07 1 1 0
1  36 0 0 5.54896018865251
0

0101000
+919 0 -934 0 *
Wi

0101100
+914 0 -933 0 -917 0 *
Fa
0  1e-07 17 0

0101000
+913 0 *
Ve
1e-07
19.4050045013428 34.2538108825684 21.9726486206055
0 0

0101101
*
Ed
 1e-07 1 1 0
1  37 0 0 3.62042363412044
0

0101000
+911 0 -934 0 *
Ed
 1e-07 1 1 0
1  38 0 0 4.45961942102574
0

0101000
+919 0 -911 0 *
Wi

0101100
+910 0 -914 0 +909 0 *
Fa
0  1e-07 18 0

0101000
+908 0 *
Ve
1e-07
18.952751159668 34.7050933837891 41.4373664855957
0 0

0101101
*
Ed
 1e-07 1 1 0
1  39 0 0 5.36756938111041
0

0101000
+965 0 -906 0 *
Ed
 1e-07 1 1 0
1  40 0 0 5.64523561835325
0

0101000
+906 0 -957 0 *
Wi

0101100
+905 0 +904 0 -956 0 *
Fa
0  1e-07 19 0

0101000
+903 0 *
Ve
1e-07
19.0287227630615 39.2401084899902 38.367733001709
0 0

0101101
*
Ed
 1e-07 1 1 0
1  41 0 0 6.99151191616577
0

0101000
+965 0 -901 0 *
Ed
 1e-07 1 1 0
1  42 0 0 5.47674934823509
0

0101000
+901 0 -906 0 *
Wi

0101100
-905 0 +900 0 +899 0 *
Fa
0  1e-07 20 0

0101000
+898 0 *
Ed
 1e-07 1 1 0
1  43 0 0 4.16095954089334
0

0101000
+929 0 -901 0 *
Wi

0101100
+896 0 -900 0 -927 0 *
Fa
0  1e-07 21 0

0101000
+895 0 *
Ve
1e-07
20.2687644958496 21.170316696167 34.6355934143066
0 0

0101101
*
Ed
 1e-07 1 1 0
1  44 0 0 6.67303088498685
0

0101000
+964 0 -893 0 *
Ed
 1e-07 1 1 0
1  45 0 0 4.93056851311846
0

0101000
+893 0 -924 0 *
Wi

0101100
-922 0 +892 0 +891 0 *
Fa
0  1e-07 22 0

0101000
+890 0 *
Ve
1e-07
19.0809326171875 25.4230480194092 24.7814407348633
0 0

0101101
*
Ed
 1e-07 1 1 0
1  46 0 0 6.15378157829957
0

0101000
+924 0 -888 0 *
Ed
 1e-07 1 1 0
1  47 0 0 6.08355750450825
0

0101000
+888 0 -962 0 *
Wi

0101100
-923 0 +887 0 +886 0 *
Fa
0  1e-07 23 0

0101000
+885 0 *
Ve
1e-07
19.6994361877441 24.4965553283691 39.4013252258301
0 0

0101101
*
Ed
 1e-07 1 1 0
1  48 0 0 6.63411396144605
0

0101000
+964 0 -883 0 *
Ed
 1e-07 1 1 0
1  49 0 0 5.8395374697086
0

0101000
+883 0 -893 0 *
Wi

0101100
+882 0 +881 0 -892 0 *
Fa
0  1e-07 24 0

0101000
+880 0 *
Ed
 1e-07 1 1 0
1  50 0 0 5.01612800271985
0

0101000
+957 0 -883 0 *
Wi

0101100
+878 0 -882 0 -955 0 *
Fa
0  1e-07 25 0

0101000
+877 0 *
Ed
 1e-07 1 1 0
1  51 0 0 4.92274871723667
0

0101000
+888 0 -919 0 *
Wi

0101100
-886 0 +875 0 -918 0 *
Fa
0  1e-07 26 0

0101000
+874 0 *
Ve
1e-07
20.8143787384033 29.1202392578125 43.3755035400391
0 0

0101101
*
Ed
 1e-07 1 1 0
1  52 0 0 4.01536478030448
0

0101000
+957 0 -872 0 *
Ed
 1e-07 1 1 0
1  53 0 0 6.1980354342156
0

0101000
+872 0 -883 0 *
Wi

0101100
+871 0 +870 0 -878 0 *
Fa
0  1e-07 27 0

0101000
+869 0 *
Ve
1e-07
19.0427436828613 38.2904472351074 24.7564830780029
0 0

0101101
*
Ed
 1e-07 1 1 0
1  54 0 0 3.73158605595249
0

0101000
+934 0 -867 0 *
Ed
 1e-07 1 1 0
1  55 0 0 6.05833507023573
0

0101000
+867 0 -939 0 *
Wi

0101100
+866 0 +865 0 -932 0 *
Fa
0  1e-07 28 0

0101000
+864 0 *
Ve
1e-07
20.2563953399658 42.9379577636719 29.4656944274902
0 0

0101101
*
Ed
 1e-07 1 1 0
1  56 0 0 6.72673590919474
0

0101000
+867 0 -862 0 *
Ed
 1e-07 1 1 0
1  57 0 0 7.05719873336682
0

0101000
+862 0 -939 0 *
Wi

0101100
-865 0 +861 0 +860 0 *
Fa
0  1e-07 29 0

0101000
+859 0 *
Ed
 1e-07 1 1 0
1  58 0 0 5.79885250918331
0

0101000
+862 0 -929 0 *
Wi

0101100
+857 0 -928 0 -860 0 *
Fa
0  1e-07 30 0

0101000
+856 0 *
Ve
1e-07
20.7307624816895 23.7391567230225 23.9568881988525
0 0

0101101
*
Ed
 1e-07 1 1 0
1  59 0 0 6.30493873922723
0

0101000
+924 0 -854 0 *
Ed
 1e-07 1 1 0
1  60 0 0 2.49746178439055
0

0101000
+854 0 -888 0 *
Wi

0101100
+853 0 +852 0 -887 0 *
Fa
0  1e-07 31 0

0101000
+851 0 *
Ed
 1e-07 1 1 0
1  61 0 0 6.19779219497975
0

0101000
+906 0 -872 0 *
Wi

0101100
+849 0 -871 0 -904 0 *
Fa
0  1e-07 32 0

0101000
+848 0 *
Ve
1e-07
20.8202342987061 39.7686920166016 40.6767158508301
0 0

0101101
*
Ed
 1e-07 1 1 0
1  62 0 0 5.45033152908899
0

0101000
+846 0 -906 0 *
Ed
 1e-07 1 1 0
1  63 0 0 2.9699016691614
0

0101000
+901 0 -846 0 *
Wi

0101100
+845 0 -899 0 +844 0 *
Fa
0  1e-07 33 0

0101000
+843 0 *
Ed
 1e-07 1 1 0
1  64 0 0 4.91684860753716
0

0101000
+911 0 -867 0 *
Wi

0101100
-910 0 +841 0 -866 0 *
Fa
0  1e-07 34 0

0101000
+840 0 *
Ve
1e-07
20.7811679840088 40.8550682067871 24.5488262176514
0 0

0101101
*
Ed
 1e-07 1 1 0
1  65 0 0 3.10524091671651
0

0101000
+867 0 -838 0 *
Ed
 1e-07 1 1 0
1  66 0 0 5.36557622507029
0

0101000
+838 0 -862 0 *
Wi

0101100
+837 0 +836 0 -861 0 *
Fa
0  1e-07 35 0

0101000
+835 0 *
Ve
1e-07
22.1194248199463 44.7298583984375 34.1661643981934
0 0

0101101
*
Ed
 1e-07 1 1 0
1  67 0 0 7.57251424506925
0

0101000
+833 0 -901 0 *
Ed
 1e-07 1 1 0
1  68 0 0 5.49516968935227
0

0101000
+929 0 -833 0 *
Wi

0101100
+832 0 -896 0 +831 0 *
Fa
0  1e-07 36 0

0101000
+830 0 *
Ed
 1e-07 1 1 0
1  69 0 0 5.36434568923663
0

0101000
+862 0 -833 0 *
Wi

0101100
-831 0 -857 0 +828 0 *
Fa
0  1e-07 37 0

0101000
+827 0 *
Ve
1e-07
24.7189903259277 19.0872020721436 38.3874244689941
0 0

0101101
*
Ed
 1e-07 1 1 0
1  70 0 0 6.18224172436119
0

0101000
+825 0 -893 0 *
Ed
 1e-07 1 1 0
1  71 0 0 7.44882682987777
0

0101000
+883 0 -825 0 *
Wi

0101100
+824 0 -881 0 +823 0 *
Fa
0  1e-07 38 0

0101000
+822 0 *
Ve
1e-07
24.4580173492432 25.6152038574219 44.7949371337891
0 0

0101101
*
Ed
 1e-07 1 1 0
1  72 0 0 5.25130147786817
0

0101000
+872 0 -820 0 *
Ed
 1e-07 1 1 0
1  73 0 0 7.27918392512527
0

0101000
+820 0 -883 0 *
Wi

0101100
+819 0 +818 0 -870 0 *
Fa
0  1e-07 39 0

0101000
+817 0 *
Ve
1e-07
22.1698246002197 30.8340587615967 19.0598964691162
0 0

0101101
*
Ed
 1e-07 1 1 0
1  74 0 0 8.45909922626591
0

0101000
+888 0 -815 0 *
Ed
 1e-07 1 1 0
1  75 0 0 5.10617715998337
0

0101000
+815 0 -919 0 *
Wi

0101100
+814 0 +813 0 -875 0 *
Fa
0  1e-07 40 0

0101000
+812 0 *
Ve
1e-07
23.7391510009766 40.0431022644043 43.2692451477051
0 0

0101101
*
Ed
 1e-07 1 1 0
1  76 0 0 7.39998254613466
0

0101000
+810 0 -906 0 *
Ed
 1e-07 1 1 0
1  77 0 0 3.91364074156636
0

0101000
+846 0 -810 0 *
Wi

0101100
+809 0 -845 0 +808 0 *
Fa
0  1e-07 41 0

0101000
+807 0 *
Ve
1e-07
23.3232860565186 20.8202362060547 24.2313022613525
0 0

0101101
*
Ed
 1e-07 1 1 0
1  78 0 0 6.95346769156756
0

0101000
+924 0 -805 0 *
Ed
 1e-07 1 1 0
1  79 0 0 3.91364006368979
0

0101000
+805 0 -854 0 *
Wi

0101100
-853 0 +804 0 +803 0 *
Fa
0  1e-07 42 0

0101000
+802 0 *
Ve
1e-07
23.7511863708496 18.2246570587158 34.4312438964844
0 0

0101101
*
Ed
 1e-07 1 1 0
1  80 0 0 7.34426279683333
0

0101000
+800 0 -924 0 *
Ed
 1e-07 1 1 0
1  81 0 0 4.56573450176657
0

0101000
+893 0 -800 0 *
Wi

0101100
+799 0 -891 0 +798 0 *
Fa
0  1e-07 43 0

0101000
+797 0 *
Ve
1e-07
22.8030204772949 24.7287635803223 21.0089282989502
0 0

0101101
*
Ed
 1e-07 1 1 0
1  82 0 0 3.73684927496385
0

0101000
+854 0 -795 0 *
Ed
 1e-07 1 1 0
1  83 0 0 5.34488718307844
0

0101000
+795 0 -888 0 *
Wi

0101100
+794 0 +793 0 -852 0 *
Fa
0  1e-07 44 0

0101000
+792 0 *
Ed
 1e-07 1 1 0
1  84 0 0 6.4400536754707
0

0101000
+795 0 -815 0 *
Wi

0101100
-793 0 +790 0 -814 0 *
Fa
0  1e-07 45 0

0101000
+789 0 *
Ed
 1e-07 1 1 0
1  85 0 0 5.27475685165199
0

0101000
+815 0 -911 0 *
Wi

0101100
-813 0 +787 0 -909 0 *
Fa
0  1e-07 46 0

0101000
+786 0 *
Ve
1e-07
23.4517459869385 29.7176513671875 45.6172370910645
0 0

0101101
*
Ed
 1e-07 1 1 0
1  86 0 0 7.91118515794133
0

0101000
+906 0 -784 0 *
Ed
 1e-07 1 1 0
1  87 0 0 3.51254559342177
0

0101000
+784 0 -872 0 *
Wi

0101100
-849 0 +783 0 +782 0 *
Fa
0  1e-07 47 0

0101000
+781 0 *
Ve
1e-07
24.5479984283447 34.9045753479004 46.0311279296875
0 0

0101101
*
Ed
 1e-07 1 1 0
1  88 0 0 5.31763626278441
0

0101000
+779 0 -784 0 *
Ed
 1e-07 1 1 0
1  89 0 0 7.24218401153028
0

0101000
+906 0 -779 0 *
Wi

0101100
+778 0 -783 0 +777 0 *
Fa
0  1e-07 48 0

0101000
+776 0 *
Ve
1e-07
24.279146194458 39.5321426391602 19.9097747802734
0 0

0101101
*
Ed
 1e-07 1 1 0
1  90 0 0 7.47485731357702
0

0101000
+911 0 -774 0 *
Ed
 1e-07 1 1 0
1  91 0 0 7.24239601673242
0

0101000
+774 0 -867 0 *
Wi

0101100
-841 0 +773 0 +772 0 *
Fa
0  1e-07 49 0

0101000
+771 0 *
Ed
 1e-07 1 1 0
1  92 0 0 5.95875673751638
0

0101000
+774 0 -838 0 *
Wi

0101100
-772 0 +769 0 -837 0 *
Fa
0  1e-07 50 0

0101000
+768 0 *
Ve
1e-07
24.4575576782227 44.7948188781738 38.3846015930176
0 0

0101101
*
Ed
 1e-07 1 1 0
1  93 0 0 7.7670676952142
0

0101000
+901 0 -766 0 *
Ed
 1e-07 1 1 0
1  94 0 0 6.61406534339234
0

0101000
+766 0 -846 0 *
Wi

0101100
+765 0 +764 0 -844 0 *
Fa
0  1e-07 51 0

0101000
+763 0 *
Ve
1e-07
24.1142177581787 43.4350471496582 23.7778720855713
0 0

0101101
*
Ed
 1e-07 1 1 0
1  95 0 0 4.28484333628708
0

0101000
+838 0 -761 0 *
Ed
 1e-07 1 1 0
1  96 0 0 6.89066140957155
0

0101000
+761 0 -862 0 *
Wi

0101100
-836 0 +760 0 +759 0 *
Fa
0  1e-07 52 0

0101000
+758 0 *
Ed
 1e-07 1 1 0
1  97 0 0 4.82351505580273
0

0101000
+833 0 -766 0 *
Wi

0101100
-832 0 +756 0 -765 0 *
Fa
0  1e-07 53 0

0101000
+755 0 *
Ve
1e-07
25.6322708129883 19.0287227630615 24.7598876953125
0 0

0101101
*
Ed
 1e-07 1 1 0
1  98 0 0 8.57112493048778
0

0101000
+924 0 -753 0 *
Ed
 1e-07 1 1 0
1  99 0 0 2.96990464207682
0

0101000
+753 0 -805 0 *
Wi

0101100
-804 0 +752 0 +751 0 *
Fa
0  1e-07 54 0

0101000
+750 0 *
Ve
1e-07
24.6928806304932 17.9016170501709 29.2360877990723
0 0

0101101
*
Ed
 1e-07 1 1 0
1  100 0 0 6.70285201159024
0

0101000
+924 0 -748 0 *
Ed
 1e-07 1 1 0
1  101 0 0 4.71054015712613
0

0101000
+748 0 -753 0 *
Wi

0101100
-752 0 +747 0 +746 0 *
Fa
0  1e-07 55 0

0101000
+745 0 *
Ed
 1e-07 1 1 0
1  102 0 0 5.28968711761334
0

0101000
+800 0 -748 0 *
Wi

0101100
+743 0 -747 0 -799 0 *
Fa
0  1e-07 56 0

0101000
+742 0 *
Ed
 1e-07 1 1 0
1  103 0 0 4.16317104116052
0

0101000
+825 0 -800 0 *
Wi

0101100
-798 0 -824 0 +740 0 *
Fa
0  1e-07 57 0

0101000
+739 0 *
Ve
1e-07
24.4158782958984 21.5236949920654 41.6825180053711
0 0

0101101
*
Ed
 1e-07 1 1 0
1  104 0 0 4.10925979527348
0

0101000
+737 0 -825 0 *
Ed
 1e-07 1 1 0
1  105 0 0 6.02383310161967
0

0101000
+883 0 -737 0 *
Wi

0101100
+736 0 -823 0 +735 0 *
Fa
0  1e-07 58 0

0101000
+734 0 *
Ve
1e-07
27.1392440795898 34.054573059082 16.5719585418701
0 0

0101101
*
Ed
 1e-07 1 1 0
1  106 0 0 9.43533840890625
0

0101000
+732 0 -911 0 *
Ed
 1e-07 1 1 0
1  107 0 0 6.42313610567924
0

0101000
+815 0 -732 0 *
Wi

0101100
+731 0 -787 0 +730 0 *
Fa
0  1e-07 59 0

0101000
+729 0 *
Ed
 1e-07 1 1 0
1  108 0 0 7.02317205103803
0

0101000
+732 0 -774 0 *
Wi

0101100
-773 0 -731 0 +727 0 *
Fa
0  1e-07 60 0

0101000
+726 0 *
Ed
 1e-07 1 1 0
1  109 0 0 5.889540689545
0

0101000
+810 0 -779 0 *
Wi

0101100
-809 0 +724 0 -777 0 *
Fa
0  1e-07 61 0

0101000
+723 0 *
Ve
1e-07
24.7287635803223 42.9910697937012 41.1969795227051
0 0

0101101
*
Ed
 1e-07 1 1 0
1  110 0 0 5.09224842008612
0

0101000
+846 0 -721 0 *
Ed
 1e-07 1 1 0
1  111 0 0 3.73686103990296
0

0101000
+721 0 -810 0 *
Wi

0101100
-808 0 +720 0 +719 0 *
Fa
0  1e-07 62 0

0101000
+718 0 *
Ve
1e-07
25.0772724151611 46.2762908935547 29.1680812835693
0 0

0101101
*
Ed
 1e-07 1 1 0
1  112 0 0 5.87144764463172
0

0101000
+862 0 -716 0 *
Ed
 1e-07 1 1 0
1  113 0 0 6.01008741027636
0

0101000
+716 0 -833 0 *
Wi

0101100
-828 0 +715 0 +714 0 *
Fa
0  1e-07 63 0

0101000
+713 0 *
Ed
 1e-07 1 1 0
1  114 0 0 5.09224473703813
0

0101000
+805 0 -795 0 *
Wi

0101100
-803 0 +711 0 -794 0 *
Fa
0  1e-07 64 0

0101000
+710 0 *
Ed
 1e-07 1 1 0
1  115 0 0 6.61405783578508
0

0101000
+805 0 -977 0 *
Ed
 1e-07 1 1 0
1  116 0 0 3.35209177364882
0

0101000
+977 0 -795 0 *
Wi

0101100
+708 0 +707 0 -711 0 *
Fa
0  1e-07 65 0

0101000
+706 0 *
Ed
 1e-07 1 1 0
1  117 0 0 5.14095062474337
0

0101000
+820 0 -737 0 *
Wi

0101100
-818 0 +704 0 -735 0 *
Fa
0  1e-07 66 0

0101000
+703 0 *
Ed
 1e-07 1 1 0
1  118 0 0 7.24933466661961
0

0101000
+977 0 -815 0 *
Wi

0101100
-790 0 -707 0 +701 0 *
Fa
0  1e-07 67 0

0101000
+700 0 *
Ed
 1e-07 1 1 0
1  119 0 0 4.30335158274476
0

0101000
+784 0 -820 0 *
Wi

0101100
+698 0 -819 0 -782 0 *
Fa
0  1e-07 68 0

0101000
+697 0 *
Ve
1e-07
25.4230461120605 39.2185592651367 44.9190673828125
0 0

0101101
*
Ed
 1e-07 1 1 0
1  120 0 0 2.49745616782929
0

0101000
+810 0 -695 0 *
Ed
 1e-07 1 1 0
1  121 0 0 4.5401370405381
0

0101000
+695 0 -779 0 *
Wi

0101100
-724 0 +694 0 +693 0 *
Fa
0  1e-07 69 0

0101000
+692 0 *
Ed
 1e-07 1 1 0
1  122 0 0 5.4974577552185
0

0101000
+774 0 -761 0 *
Wi

0101100
-769 0 +690 0 -760 0 *
Fa
0  1e-07 70 0

0101000
+689 0 *
Ed
 1e-07 1 1 0
1  123 0 0 3.35209382632154
0

0101000
+766 0 -721 0 *
Wi

0101100
-764 0 +687 0 -720 0 *
Fa
0  1e-07 71 0

0101000
+686 0 *
Ve
1e-07
25.7755813598633 45.2891502380371 25.2236804962158
0 0

0101101
*
Ed
 1e-07 1 1 0
1  124 0 0 2.87892154106863
0

0101000
+761 0 -684 0 *
Ed
 1e-07 1 1 0
1  125 0 0 7.34739427054718
0

0101000
+684 0 -862 0 *
Wi

0101100
-759 0 +683 0 +682 0 *
Fa
0  1e-07 72 0

0101000
+681 0 *
Ve
1e-07
26.5917739868164 47.1647033691406 34.1346015930176
0 0

0101101
*
Ed
 1e-07 1 1 0
1  126 0 0 5.31354229797717
0

0101000
+679 0 -766 0 *
Ed
 1e-07 1 1 0
1  127 0 0 5.09228566681335
0

0101000
+833 0 -679 0 *
Wi

0101100
+678 0 -756 0 +677 0 *
Fa
0  1e-07 73 0

0101000
+676 0 *
Ed
 1e-07 1 1 0
1  128 0 0 4.12557627820669
0

0101000
+684 0 -716 0 *
Wi

0101100
-682 0 +674 0 -715 0 *
Fa
0  1e-07 74 0

0101000
+673 0 *
Ed
 1e-07 1 1 0
1  129 0 0 5.89943221635467
0

0101000
+970 0 -815 0 *
Wi

0101100
+671 0 -701 0 +968 0 *
Fa
0  1e-07 75 0

0101000
+670 0 *
Ed
 1e-07 1 1 0
1  130 0 0 3.61594979925171
0

0101000
+970 0 -732 0 *
Wi

0101100
-730 0 -671 0 +668 0 *
Fa
0  1e-07 76 0

0101000
+667 0 *
Ed
 1e-07 1 1 0
1  131 0 0 5.26776192718358
0

0101000
+716 0 -679 0 *
Wi

0101100
+665 0 -677 0 -714 0 *
Fa
0  1e-07 77 0

0101000
+664 0 *
Ed
 1e-07 1 1 0
1  132 0 0 7.76706361131212
0

0101000
+753 0 -977 0 *
Wi

0101100
+662 0 -708 0 -751 0 *
Fa
0  1e-07 78 0

0101000
+661 0 *
Ve
1e-07
27.0030574798584 32.0050468444824 47.5768775939941
0 0

0101101
*
Ed
 1e-07 1 1 0
1  133 0 0 4.10169751606046
0

0101000
+779 0 -659 0 *
Ed
 1e-07 1 1 0
1  134 0 0 4.65662778091796
0

0101000
+659 0 -784 0 *
Wi

0101100
+658 0 +657 0 -778 0 *
Fa
0  1e-07 79 0

0101000
+656 0 *
Ve
1e-07
29.1518154144287 38.9306755065918 17.7295761108398
0 0

0101101
*
Ed
 1e-07 1 1 0
1  135 0 0 5.40063856339352
0

0101000
+732 0 -654 0 *
Ed
 1e-07 1 1 0
1  136 0 0 5.37195814177753
0

0101000
+654 0 -774 0 *
Wi

0101100
+653 0 +652 0 -727 0 *
Fa
0  1e-07 80 0

0101000
+651 0 *
Ve
1e-07
26.9388408660889 16.4377479553223 31.120849609375
0 0

0101101
*
Ed
 1e-07 1 1 0
1  137 0 0 3.2771294128102
0

0101000
+649 0 -748 0 *
Ed
 1e-07 1 1 0
1  138 0 0 4.93081085227736
0

0101000
+800 0 -649 0 *
Wi

0101100
+648 0 -743 0 +647 0 *
Fa
0  1e-07 81 0

0101000
+646 0 *
Ve
1e-07
30.4542465209961 27.460506439209 47.5221366882324
0 0

0101101
*
Ed
 1e-07 1 1 0
1  139 0 0 7.59989206704063
0

0101000
+784 0 -644 0 *
Ed
 1e-07 1 1 0
1  140 0 0 6.84087153133919
0

0101000
+644 0 -820 0 *
Wi

0101100
-698 0 +643 0 +642 0 *
Fa
0  1e-07 82 0

0101000
+641 0 *
Ve
1e-07
29.9102420806885 41.222541809082 45.2064666748047
0 0

0101101
*
Ed
 1e-07 1 1 0
1  141 0 0 4.9227504558271
0

0101000
+695 0 -639 0 *
Ed
 1e-07 1 1 0
1  142 0 0 8.32769015856269
0

0101000
+639 0 -779 0 *
Wi

0101100
-693 0 +638 0 +637 0 *
Fa
0  1e-07 83 0

0101000
+636 0 *
Ed
 1e-07 1 1 0
1  143 0 0 5.34488558908099
0

0101000
+721 0 -695 0 *
Wi

0101100
-719 0 +634 0 -694 0 *
Fa
0  1e-07 84 0

0101000
+633 0 *
Ve
1e-07
29.3262176513672 46.3886528015137 38.6941452026367
0 0

0101101
*
Ed
 1e-07 1 1 0
1  144 0 0 5.37297632287122
0

0101000
+679 0 -631 0 *
Ed
 1e-07 1 1 0
1  145 0 0 5.13224841132467
0

0101000
+631 0 -766 0 *
Wi

0101100
-678 0 +630 0 +629 0 *
Fa
0  1e-07 85 0

0101000
+628 0 *
Ve
1e-07
29.9379024505615 47.5107383728027 27.714693069458
0 0

0101101
*
Ed
 1e-07 1 1 0
1  146 0 0 5.221295071242
0

0101000
+716 0 -626 0 *
Ed
 1e-07 1 1 0
1  147 0 0 7.24786460762875
0

0101000
+626 0 -679 0 *
Wi

0101100
-665 0 +625 0 +624 0 *
Fa
0  1e-07 86 0

0101000
+623 0 *
Ve
1e-07
30.0205841064453 16.7508792877197 37.213249206543
0 0

0101101
*
Ed
 1e-07 1 1 0
1  148 0 0 7.0154773487318
0

0101000
+800 0 -621 0 *
Ed
 1e-07 1 1 0
1  149 0 0 6.8346562080608
0

0101000
+621 0 -649 0 *
Wi

0101100
-647 0 +620 0 +619 0 *
Fa
0  1e-07 87 0

0101000
+618 0 *
Ed
 1e-07 1 1 0
1  150 0 0 6.99157437421304
0

0101000
+753 0 -649 0 *
Wi

0101100
-648 0 -616 0 -746 0 *
Fa
0  1e-07 88 0

0101000
+615 0 *
Ve
1e-07
29.5231456756592 18.4921131134033 23.3863258361816
0 0

0101101
*
Ed
 1e-07 1 1 0
1  151 0 0 4.16095293099184
0

0101000
+613 0 -753 0 *
Ed
 1e-07 1 1 0
1  152 0 0 8.40963171307751
0

0101000
+649 0 -613 0 *
Wi

0101100
+612 0 +616 0 +611 0 *
Fa
0  1e-07 89 0

0101000
+610 0 *
Ed
 1e-07 1 1 0
1  153 0 0 5.91134403613872
0

0101000
+825 0 -621 0 *
Wi

0101100
-740 0 +608 0 -620 0 *
Fa
0  1e-07 90 0

0101000
+607 0 *
Ve
1e-07
29.57155418396 21.3683586120605 44.1200103759766
0 0

0101101
*
Ed
 1e-07 1 1 0
1  154 0 0 7.84943261241347
0

0101000
+605 0 -825 0 *
Ed
 1e-07 1 1 0
1  155 0 0 5.70495331360844
0

0101000
+737 0 -605 0 *
Wi

0101100
+604 0 -736 0 +603 0 *
Fa
0  1e-07 91 0

0101000
+602 0 *
Ed
 1e-07 1 1 0
1  156 0 0 6.68127829284673
0

0101000
+820 0 -605 0 *
Wi

0101100
-603 0 -704 0 +600 0 *
Fa
0  1e-07 92 0

0101000
+599 0 *
Ed
 1e-07 1 1 0
1  157 0 0 5.70671094936439
0

0101000
+659 0 -644 0 *
Wi

0101100
+597 0 -643 0 -657 0 *
Fa
0  1e-07 93 0

0101000
+596 0 *
Ve
1e-07
31.5437660217285 36.9341011047363 47.5649909973145
0 0

0101101
*
Ed
 1e-07 1 1 0
1  158 0 0 7.44395559689398
0

0101000
+779 0 -594 0 *
Ed
 1e-07 1 1 0
1  159 0 0 6.70177224724327
0

0101000
+594 0 -659 0 *
Wi

0101100
-658 0 +593 0 +592 0 *
Fa
0  1e-07 94 0

0101000
+591 0 *
Ve
1e-07
29.3028221130371 42.7005958557129 20.1134452819824
0 0

0101101
*
Ed
 1e-07 1 1 0
1  160 0 0 4.4629513426505
0

0101000
+654 0 -589 0 *
Ed
 1e-07 1 1 0
1  161 0 0 5.94288626793929
0

0101000
+589 0 -774 0 *
Wi

0101100
-652 0 +588 0 +587 0 *
Fa
0  1e-07 95 0

0101000
+586 0 *
Ve
1e-07
30.8340587615967 44.9401054382324 41.8301773071289
0 0

0101101
*
Ed
 1e-07 1 1 0
1  162 0 0 6.44005501749365
0

0101000
+721 0 -584 0 *
Ed
 1e-07 1 1 0
1  163 0 0 8.45910103994288
0

0101000
+584 0 -695 0 *
Wi

0101100
-634 0 +583 0 +582 0 *
Fa
0  1e-07 96 0

0101000
+581 0 *
Ed
 1e-07 1 1 0
1  164 0 0 6.39445522724915
0

0101000
+761 0 -589 0 *
Ed
 1e-07 1 1 0
1  165 0 0 6.72729849686271
0

0101000
+589 0 -684 0 *
Wi

0101100
+579 0 +578 0 -683 0 *
Fa
0  1e-07 97 0

0101000
+577 0 *
Ed
 1e-07 1 1 0
1  166 0 0 7.24933557317342
0

0101000
+766 0 -584 0 *
Wi

0101100
-583 0 -687 0 +575 0 *
Fa
0  1e-07 98 0

0101000
+574 0 *
Ed
 1e-07 1 1 0
1  167 0 0 5.33530827063006
0

0101000
+684 0 -626 0 *
Wi

0101100
-674 0 +572 0 -625 0 *
Fa
0  1e-07 99 0

0101000
+571 0 *
Ed
 1e-07 1 1 0
1  168 0 0 8.32022193415523
0

0101000
+605 0 -621 0 *
Wi

0101100
-608 0 -604 0 +569 0 *
Fa
0  1e-07 100 0

0101000
+568 0 *
Ed
 1e-07 1 1 0
1  169 0 0 7.57251074575906
0

0101000
+975 0 -753 0 *
Ed
 1e-07 1 1 0
1  170 0 0 5.49517122590013
0

0101000
+613 0 -975 0 *
Wi

0101100
+566 0 -612 0 +565 0 *
Fa
0  1e-07 101 0

0101000
+564 0 *
Wi

0101100
-566 0 -974 0 -662 0 *
Fa
0  1e-07 102 0

0101000
+562 0 *
Ed
 1e-07 1 1 0
1  171 0 0 7.03334019895493
0

0101000
+644 0 -605 0 *
Wi

0101100
+560 0 -600 0 -642 0 *
Fa
0  1e-07 103 0

0101000
+559 0 *
Ed
 1e-07 1 1 0
1  172 0 0 5.15962800214417
0

0101000
+639 0 -594 0 *
Wi

0101100
-593 0 -637 0 +557 0 *
Fa
0  1e-07 104 0

0101000
+556 0 *
Wi

0101100
-690 0 -587 0 -579 0 *
Fa
0  1e-07 105 0

0101000
+554 0 *
Ed
 1e-07 1 1 0
1  173 0 0 5.10617728746139
0

0101000
+584 0 -639 0 *
Wi

0101100
-582 0 +552 0 -638 0 *
Fa
0  1e-07 106 0

0101000
+551 0 *
Ed
 1e-07 1 1 0
1  174 0 0 3.76916060121785
0

0101000
+631 0 -584 0 *
Wi

0101100
+549 0 -575 0 -629 0 *
Fa
0  1e-07 107 0

0101000
+548 0 *
Ve
1e-07
32.8770523071289 47.498291015625 37.3140449523926
0 0

0101101
*
Ed
 1e-07 1 1 0
1  175 0 0 10.0392386857002
0

0101000
+626 0 -546 0 *
Ed
 1e-07 1 1 0
1  176 0 0 7.05158594623586
0

0101000
+546 0 -679 0 *
Wi

0101100
-624 0 +545 0 +544 0 *
Fa
0  1e-07 108 0

0101000
+543 0 *
Ed
 1e-07 1 1 0
1  177 0 0 3.96792142304993
0

0101000
+546 0 -631 0 *
Wi

0101100
-630 0 -544 0 +541 0 *
Fa
0  1e-07 109 0

0101000
+540 0 *
Ve
1e-07
32 32 16.4084205627441
0 0

0101101
*
Ed
 1e-07 1 1 0
1  178 0 0 4.79591400248707
0

0101000
+970 0 -538 0 *
Ed
 1e-07 1 1 0
1  179 0 0 5.27967453954547
0

0101000
+538 0 -732 0 *
Wi

0101100
+537 0 +536 0 -668 0 *
Fa
0  1e-07 110 0

0101000
+535 0 *
Ve
1e-07
32 32 47.5915794372559
0 0

0101101
*
Ed
 1e-07 1 1 0
1  180 0 0 4.99696669635026
0

0101000
+659 0 -533 0 *
Ed
 1e-07 1 1 0
1  181 0 0 4.79595432648266
0

0101000
+533 0 -644 0 *
Wi

0101100
-597 0 +532 0 +531 0 *
Fa
0  1e-07 111 0

0101000
+530 0 *
Ed
 1e-07 1 1 0
1  182 0 0 4.955220489527
0

0101000
+594 0 -533 0 *
Wi

0101100
-532 0 -592 0 +528 0 *
Fa
0  1e-07 112 0

0101000
+527 0 *
Ve
1e-07
33.193904876709 44.9877090454102 22.2653789520264
0 0

0101101
*
Ed
 1e-07 1 1 0
1  183 0 0 7.99211728014248
0

0101000
+525 0 -684 0 *
Ed
 1e-07 1 1 0
1  184 0 0 5.00022302867586
0

0101000
+589 0 -525 0 *
Wi

0101100
+524 0 -578 0 +523 0 *
Fa
0  1e-07 113 0

0101000
+522 0 *
Ed
 1e-07 1 1 0
1  185 0 0 6.83097746566339
0

0101000
+525 0 -626 0 *
Wi

0101100
-572 0 -524 0 +520 0 *
Fa
0  1e-07 114 0

0101000
+519 0 *
Ve
1e-07
32 47.5915794372559 32
0 0

0101101
*
Ed
 1e-07 1 1 0
1  186 0 0 4.75632600544299
0

0101000
+626 0 -517 0 *
Ed
 1e-07 1 1 0
1  187 0 0 5.38674272961867
0

0101000
+517 0 -546 0 *
Wi

0101100
-545 0 +516 0 +515 0 *
Fa
0  1e-07 115 0

0101000
+514 0 *
Ve
1e-07
33.8512382507324 16.6509456634521 27.0901622772217
0 0

0101101
*
Ed
 1e-07 1 1 0
1  188 0 0 8.00456939726055
0

0101000
+649 0 -512 0 *
Ed
 1e-07 1 1 0
1  189 0 0 5.98670922119489
0

0101000
+512 0 -613 0 *
Wi

0101100
+511 0 +510 0 -611 0 *
Fa
0  1e-07 116 0

0101000
+509 0 *
Ed
 1e-07 1 1 0
1  190 0 0 6.88834538915266
0

0101000
+990 0 -621 0 *
Ed
 1e-07 1 1 0
1  191 0 0 5.40381810616959
0

0101000
+605 0 -990 0 *
Wi

0101100
+507 0 -569 0 +506 0 *
Fa
0  1e-07 117 0

0101000
+505 0 *
Ve
1e-07
34.831916809082 25.0772705078125 17.7237091064453
0 0

0101101
*
Ed
 1e-07 1 1 0
1  192 0 0 5.2677603556032
0

0101000
+503 0 -978 0 *
Ed
 1e-07 1 1 0
1  193 0 0 6.01008439462661
0

0101000
+975 0 -503 0 *
Wi

0101100
+502 0 -973 0 +501 0 *
Fa
0  1e-07 118 0

0101000
+500 0 *
Ve
1e-07
33.851245880127 36.9098281860352 16.6509437561035
0 0

0101101
*
Ed
 1e-07 1 1 0
1  194 0 0 7.29449715021351
0

0101000
+732 0 -498 0 *
Ed
 1e-07 1 1 0
1  195 0 0 5.22799372145929
0

0101000
+498 0 -654 0 *
Wi

0101100
+497 0 +496 0 -653 0 *
Fa
0  1e-07 119 0

0101000
+495 0 *
Ve
1e-07
34.8216781616211 38.875072479248 46.2826347351074
0 0

0101101
*
Ed
 1e-07 1 1 0
1  196 0 0 5.54895975166641
0

0101000
+639 0 -493 0 *
Ed
 1e-07 1 1 0
1  197 0 0 4.01951681881674
0

0101000
+493 0 -594 0 *
Wi

0101100
+492 0 +491 0 -557 0 *
Fa
0  1e-07 120 0

0101000
+490 0 *
Ve
1e-07
33.4407043457031 41.443229675293 18.8866214752197
0 0

0101101
*
Ed
 1e-07 1 1 0
1  198 0 0 5.10355275182875
0

0101000
+654 0 -488 0 *
Ed
 1e-07 1 1 0
1  199 0 0 4.4953460084755
0

0101000
+488 0 -589 0 *
Wi

0101100
+487 0 +486 0 -588 0 *
Fa
0  1e-07 121 0

0101000
+485 0 *
Ve
1e-07
34.871280670166 46.2417907714844 25.0671463012695
0 0

0101101
*
Ed
 1e-07 1 1 0
1  200 0 0 3.49802956068612
0

0101000
+525 0 -483 0 *
Ed
 1e-07 1 1 0
1  201 0 0 5.74090172031405
0

0101000
+483 0 -626 0 *
Wi

0101100
-520 0 +482 0 +481 0 *
Fa
0  1e-07 122 0

0101000
+480 0 *
Ve
1e-07
33.8744087219238 16.6442775726318 36.9918670654297
0 0

0101101
*
Ed
 1e-07 1 1 0
1  202 0 0 3.86164966626074
0

0101000
+621 0 -478 0 *
Ed
 1e-07 1 1 0
1  203 0 0 9.08920249169398
0

0101000
+649 0 -478 0 *
Wi

0101100
-619 0 +477 0 -476 0 *
Fa
0  1e-07 123 0

0101000
+475 0 *
Ve
1e-07
32 16.4084205627441 32
0 0

0101101
*
Ed
 1e-07 1 1 0
1  204 0 0 5.33739387574675
0

0101000
+478 0 -473 0 *
Ed
 1e-07 1 1 0
1  205 0 0 5.13703195279761
0

0101000
+473 0 -649 0 *
Wi

0101100
+476 0 +472 0 +471 0 *
Fa
0  1e-07 124 0

0101000
+470 0 *
Ed
 1e-07 1 1 0
1  206 0 0 8.00599531911743
0

0101000
+983 0 -605 0 *
Ed
 1e-07 1 1 0
1  207 0 0 3.64430143856029
0

0101000
+644 0 -983 0 *
Wi

0101100
+468 0 -560 0 +467 0 *
Fa
0  1e-07 125 0

0101000
+466 0 *
Ve
1e-07
36.2853240966797 29.9379177093506 16.4892635345459
0 0

0101101
*
Ed
 1e-07 1 1 0
1  208 0 0 7.24788685734327
0

0101000
+978 0 -464 0 *
Ed
 1e-07 1 1 0
1  209 0 0 8.83983949354985
0

0101000
+464 0 -970 0 *
Wi

0101100
+463 0 +462 0 -969 0 *
Fa
0  1e-07 126 0

0101000
+461 0 *
Ed
 1e-07 1 1 0
1  210 0 0 4.75633488865989
0

0101000
+464 0 -538 0 *
Wi

0101100
-462 0 +459 0 -537 0 *
Fa
0  1e-07 127 0

0101000
+458 0 *
Ed
 1e-07 1 1 0
1  211 0 0 5.3191335177416
0

0101000
+533 0 -983 0 *
Wi

0101100
-531 0 +456 0 -467 0 *
Fa
0  1e-07 128 0

0101000
+455 0 *
Ve
1e-07
34.2538108825684 42.0273513793945 44.5949935913086
0 0

0101101
*
Ed
 1e-07 1 1 0
1  212 0 0 5.27475590538862
0

0101000
+584 0 -453 0 *
Ed
 1e-07 1 1 0
1  213 0 0 4.45961968254817
0

0101000
+453 0 -639 0 *
Wi

0101100
-552 0 +452 0 +451 0 *
Fa
0  1e-07 129 0

0101000
+450 0 *
Ve
1e-07
35.3106460571289 47.6661758422852 28.6758594512939
0 0

0101101
*
Ed
 1e-07 1 1 0
1  214 0 0 5.46025415913961
0

0101000
+448 0 -626 0 *
Ed
 1e-07 1 1 0
1  215 0 0 3.9044494326781
0

0101000
+483 0 -448 0 *
Wi

0101100
+447 0 -481 0 +446 0 *
Fa
0  1e-07 130 0

0101000
+445 0 *
Ed
 1e-07 1 1 0
1  216 0 0 10.0840709122503
0

0101000
+649 0 -996 0 *
Ed
 1e-07 1 1 0
1  217 0 0 6.19236613441133
0

0101000
+996 0 -512 0 *
Wi

0101100
+443 0 +442 0 -511 0 *
Fa
0  1e-07 131 0

0101000
+441 0 *
Ed
 1e-07 1 1 0
1  218 0 0 4.95522047929302
0

0101000
+473 0 -996 0 *
Wi

0101100
-471 0 +439 0 -443 0 *
Fa
0  1e-07 132 0

0101000
+438 0 *
Ed
 1e-07 1 1 0
1  219 0 0 5.76322172246623
0

0101000
+990 0 -478 0 *
Wi

0101100
+436 0 -477 0 -507 0 *
Fa
0  1e-07 133 0

0101000
+435 0 *
Ve
1e-07
34.5343055725098 20.2563953399658 21.0620422363281
0 0

0101101
*
Ed
 1e-07 1 1 0
1  220 0 0 5.79885415744489
0

0101000
+613 0 -433 0 *
Ed
 1e-07 1 1 0
1  221 0 0 5.36434632636575
0

0101000
+433 0 -975 0 *
Wi

0101100
-565 0 +432 0 +431 0 *
Fa
0  1e-07 134 0

0101000
+430 0 *
Ve
1e-07
36.7169418334961 33.8621253967285 16.5347213745117
0 0

0101101
*
Ed
 1e-07 1 1 0
1  222 0 0 5.07277075657672
0

0101000
+538 0 -428 0 *
Ed
 1e-07 1 1 0
1  223 0 0 9.57970338656469
0

0101000
+428 0 -732 0 *
Wi

0101100
+427 0 +426 0 -536 0 *
Fa
0  1e-07 135 0

0101000
+425 0 *
Ed
 1e-07 1 1 0
1  224 0 0 4.18499859391692
0

0101000
+428 0 -498 0 *
Wi

0101100
-426 0 +423 0 -497 0 *
Fa
0  1e-07 136 0

0101000
+422 0 *
Ed
 1e-07 1 1 0
1  225 0 0 3.62042375160286
0

0101000
+453 0 -493 0 *
Wi

0101100
+420 0 -492 0 -451 0 *
Fa
0  1e-07 137 0

0101000
+419 0 *
Ed
 1e-07 1 1 0
1  226 0 0 4.90308536231615
0

0101000
+488 0 -525 0 *
Wi

0101100
-486 0 +417 0 -523 0 *
Fa
0  1e-07 138 0

0101000
+416 0 *
Ed
 1e-07 1 1 0
1  227 0 0 4.69210531923339
0

0101000
+448 0 -517 0 *
Wi

0101100
-447 0 +414 0 -516 0 *
Fa
0  1e-07 139 0

0101000
+413 0 *
Ed
 1e-07 1 1 0
1  228 0 0 5.47516932262668
0

0101000
+478 0 -996 0 *
Wi

0101100
-472 0 +411 0 -439 0 *
Fa
0  1e-07 140 0

0101000
+410 0 *
Ed
 1e-07 1 1 0
1  229 0 0 7.05720054719824
0

0101000
+512 0 -433 0 *
Wi

0101100
-432 0 -510 0 +408 0 *
Fa
0  1e-07 141 0

0101000
+407 0 *
Ed
 1e-07 1 1 0
1  230 0 0 5.87144598188283
0

0101000
+433 0 -503 0 *
Wi

0101100
-431 0 +405 0 -501 0 *
Fa
0  1e-07 142 0

0101000
+404 0 *
Wi

0101100
-468 0 +982 0 -506 0 *
Fa
0  1e-07 143 0

0101000
+402 0 *
Ed
 1e-07 1 1 0
1  231 0 0 5.22131590994493
0

0101000
+503 0 -464 0 *
Wi

0101100
-502 0 +400 0 -463 0 *
Fa
0  1e-07 144 0

0101000
+399 0 *
Ed
 1e-07 1 1 0
1  232 0 0 5.07134383354597
0

0101000
+498 0 -488 0 *
Wi

0101100
+397 0 -487 0 -496 0 *
Fa
0  1e-07 145 0

0101000
+396 0 *
Ed
 1e-07 1 1 0
1  233 0 0 5.57795549650246
0

0101000
+546 0 -584 0 *
Wi

0101100
+394 0 -549 0 -541 0 *
Fa
0  1e-07 146 0

0101000
+393 0 *
Ve
1e-07
38.7763404846191 25.7755947113037 18.7108516693115
0 0

0101101
*
Ed
 1e-07 1 1 0
1  234 0 0 7.347415802754
0

0101000
+433 0 -391 0 *
Ed
 1e-07 1 1 0
1  235 0 0 4.12560120039994
0

0101000
+391 0 -503 0 *
Wi

0101100
+390 0 +389 0 -405 0 *
Fa
0  1e-07 147 0

0101000
+388 0 *
Ed
 1e-07 1 1 0
1  236 0 0 3.94813452906875
0

0101000
+464 0 -428 0 *
Wi

0101100
+386 0 -427 0 -459 0 *
Fa
0  1e-07 148 0

0101000
+385 0 *
Ed
 1e-07 1 1 0
1  237 0 0 10.1496082291815
0

0101000
+594 0 -983 0 *
Wi

0101100
-456 0 -528 0 +383 0 *
Fa
0  1e-07 149 0

0101000
+382 0 *
Ve
1e-07
39.2211456298828 40.9342231750488 20.6838474273682
0 0

0101101
*
Ed
 1e-07 1 1 0
1  238 0 0 6.0747518616167
0

0101000
+488 0 -380 0 *
Ed
 1e-07 1 1 0
1  239 0 0 7.43368150793576
0

0101000
+380 0 -525 0 *
Wi

0101100
-417 0 +379 0 +378 0 *
Fa
0  1e-07 150 0

0101000
+377 0 *
Ed
 1e-07 1 1 0
1  240 0 0 9.21080114652665
0

0101000
+546 0 -453 0 *
Wi

0101100
+375 0 -452 0 -394 0 *
Fa
0  1e-07 151 0

0101000
+374 0 *
Ve
1e-07
36.5527763366699 47.5048179626465 33.4990921020508
0 0

0101101
*
Ed
 1e-07 1 1 0
1  241 0 0 4.98322156842348
0

0101000
+448 0 -372 0 *
Ed
 1e-07 1 1 0
1  242 0 0 4.79401471166381
0

0101000
+372 0 -517 0 *
Wi

0101100
-414 0 +371 0 +370 0 *
Fa
0  1e-07 152 0

0101000
+369 0 *
Ed
 1e-07 1 1 0
1  243 0 0 5.2976272983963
0

0101000
+372 0 -546 0 *
Wi

0101100
-515 0 -370 0 +367 0 *
Fa
0  1e-07 153 0

0101000
+366 0 *
Ve
1e-07
39.2435150146484 19.0427436828613 25.7095527648926
0 0

0101101
*
Ed
 1e-07 1 1 0
1  244 0 0 6.05833550489339
0

0101000
+512 0 -364 0 *
Ed
 1e-07 1 1 0
1  245 0 0 6.72673457391013
0

0101000
+364 0 -433 0 *
Wi

0101100
+363 0 +362 0 -408 0 *
Fa
0  1e-07 154 0

0101000
+361 0 *
Ve
1e-07
36.909839630127 33.8512382507324 47.3490524291992
0 0

0101101
*
Ed
 1e-07 1 1 0
1  246 0 0 6.19236778724802
0

0101000
+594 0 -359 0 *
Ed
 1e-07 1 1 0
1  247 0 0 7.31367644812739
0

0101000
+359 0 -983 0 *
Wi

0101100
-383 0 +358 0 +357 0 *
Fa
0  1e-07 155 0

0101000
+356 0 *
Ed
 1e-07 1 1 0
1  248 0 0 5.5440576631588
0

0101000
+493 0 -359 0 *
Wi

0101100
-491 0 +354 0 -358 0 *
Fa
0  1e-07 156 0

0101000
+353 0 *
Ve
1e-07
39.2433242797852 38.2905387878418 19.0426940917969
0 0

0101101
*
Ed
 1e-07 1 1 0
1  249 0 0 6.05816316240254
0

0101000
+498 0 -351 0 *
Ed
 1e-07 1 1 0
1  250 0 0 6.60562007633417
0

0101000
+351 0 -488 0 *
Wi

0101100
+350 0 +349 0 -397 0 *
Fa
0  1e-07 157 0

0101000
+348 0 *
Ve
1e-07
38.3847122192383 44.913444519043 24.7173328399658
0 0

0101101
*
Ed
 1e-07 1 1 0
1  251 0 0 5.72737530886348
0

0101000
+380 0 -346 0 *
Ed
 1e-07 1 1 0
1  252 0 0 5.74126065909866
0

0101000
+346 0 -525 0 *
Wi

0101100
+345 0 +344 0 -378 0 *
Fa
0  1e-07 158 0

0101000
+343 0 *
Ve
1e-07
39.2529907226562 44.4318199157715 39.5487747192383
0 0

0101101
*
Ed
 1e-07 1 1 0
1  253 0 0 7.49917281577152
0

0101000
+341 0 -453 0 *
Ed
 1e-07 1 1 0
1  254 0 0 7.41955880195449
0

0101000
+546 0 -341 0 *
Wi

0101100
+340 0 -375 0 +339 0 *
Fa
0  1e-07 159 0

0101000
+338 0 *
Ed
 1e-07 1 1 0
1  255 0 0 5.5440569601306
0

0101000
+1003 0 -512 0 *
Wi

0101100
+995 0 +336 0 -442 0 *
Fa
0  1e-07 160 0

0101000
+335 0 *
Ve
1e-07
39.6424026489258 19.9047107696533 39.5835227966309
0 0

0101101
*
Ed
 1e-07 1 1 0
1  256 0 0 6.0435576072739
0

0101000
+990 0 -333 0 *
Ed
 1e-07 1 1 0
1  257 0 0 7.11455255116153
0

0101000
+333 0 -478 0 *
Wi

0101100
-436 0 +332 0 +331 0 *
Fa
0  1e-07 161 0

0101000
+330 0 *
Ed
 1e-07 1 1 0
1  258 0 0 4.96342057471364
0

0101000
+991 0 -333 0 *
Wi

0101100
-332 0 -989 0 +328 0 *
Fa
0  1e-07 162 0

0101000
+327 0 *
Ve
1e-07
40.2221565246582 24.1142196655273 20.5649662017822
0 0

0101101
*
Ed
 1e-07 1 1 0
1  259 0 0 6.8906851302951
0

0101000
+433 0 -325 0 *
Ed
 1e-07 1 1 0
1  260 0 0 2.87893934703073
0

0101000
+325 0 -391 0 *
Wi

0101100
+324 0 +323 0 -390 0 *
Fa
0  1e-07 163 0

0101000
+322 0 *
Ve
1e-07
38.2904472351074 39.2435150146484 44.9572563171387
0 0

0101101
*
Ed
 1e-07 1 1 0
1  261 0 0 4.91684982797405
0

0101000
+453 0 -320 0 *
Ed
 1e-07 1 1 0
1  262 0 0 3.73158635675028
0

0101000
+320 0 -493 0 *
Wi

0101100
-420 0 +319 0 +318 0 *
Fa
0  1e-07 164 0

0101000
+317 0 *
Ed
 1e-07 1 1 0
1  263 0 0 3.77240963763226
0

0101000
+346 0 -483 0 *
Wi

0101100
-482 0 -344 0 +315 0 *
Fa
0  1e-07 165 0

0101000
+314 0 *
Ve
1e-07
41.0169525146484 45.4722099304199 30.2278366088867
0 0

0101101
*
Ed
 1e-07 1 1 0
1  264 0 0 8.06190185639415
0

0101000
+483 0 -312 0 *
Ed
 1e-07 1 1 0
1  265 0 0 6.30746009953654
0

0101000
+312 0 -448 0 *
Wi

0101100
-446 0 +311 0 +310 0 *
Fa
0  1e-07 166 0

0101000
+309 0 *
Ed
 1e-07 1 1 0
1  266 0 0 7.30295381986534
0

0101000
+372 0 -341 0 *
Wi

0101100
-367 0 +307 0 -339 0 *
Fa
0  1e-07 167 0

0101000
+306 0 *
Ed
 1e-07 1 1 0
1  267 0 0 8.18758734804306
0

0101000
+478 0 -1001 0 *
Wi

0101100
-411 0 +304 0 +994 0 *
Fa
0  1e-07 168 0

0101000
+303 0 *
Ed
 1e-07 1 1 0
1  268 0 0 3.73158390628842
0

0101000
+1003 0 -364 0 *
Wi

0101100
+301 0 -363 0 -336 0 *
Fa
0  1e-07 169 0

0101000
+300 0 *
Ve
1e-07
39.4511756896973 20.7811679840088 23.1449317932129
0 0

0101101
*
Ed
 1e-07 1 1 0
1  269 0 0 3.10524117181919
0

0101000
+364 0 -298 0 *
Ed
 1e-07 1 1 0
1  270 0 0 5.36557797291279
0

0101000
+298 0 -433 0 *
Wi

0101100
+297 0 +296 0 -362 0 *
Fa
0  1e-07 170 0

0101000
+295 0 *
Ed
 1e-07 1 1 0
1  271 0 0 4.28484158546345
0

0101000
+298 0 -325 0 *
Wi

0101100
-296 0 +293 0 -324 0 *
Fa
0  1e-07 171 0

0101000
+292 0 *
Ed
 1e-07 1 1 0
1  272 0 0 5.33531153969328
0

0101000
+391 0 -464 0 *
Wi

0101100
-389 0 +290 0 -400 0 *
Fa
0  1e-07 172 0

0101000
+289 0 *
Ve
1e-07
40.6136741638184 29.5231456756592 45.507884979248
0 0

0101101
*
Ed
 1e-07 1 1 0
1  273 0 0 4.16093921923617
0

0101000
+287 0 -988 0 *
Ed
 1e-07 1 1 0
1  274 0 0 7.22153536571235
0

0101000
+983 0 -287 0 *
Wi

0101100
+286 0 -981 0 +285 0 *
Fa
0  1e-07 173 0

0101000
+284 0 *
Ed
 1e-07 1 1 0
1  275 0 0 5.98670804116326
0

0101000
+359 0 -287 0 *
Wi

0101100
-357 0 +282 0 -285 0 *
Fa
0  1e-07 174 0

0101000
+281 0 *
Ed
 1e-07 1 1 0
1  276 0 0 5.68184658171581
0

0101000
+428 0 -351 0 *
Wi

0101100
+279 0 -350 0 -423 0 *
Fa
0  1e-07 175 0

0101000
+278 0 *
Ed
 1e-07 1 1 0
1  277 0 0 6.05833431722503
0

0101000
+320 0 -359 0 *
Wi

0101100
-318 0 +276 0 -354 0 *
Fa
0  1e-07 176 0

0101000
+275 0 *
Ed
 1e-07 1 1 0
1  278 0 0 3.1117428079021
0

0101000
+351 0 -380 0 *
Wi

0101100
+273 0 -379 0 -349 0 *
Fa
0  1e-07 177 0

0101000
+272 0 *
Ed
 1e-07 1 1 0
1  279 0 0 7.55623391030659
0

0101000
+341 0 -320 0 *
Wi

0101100
-319 0 -340 0 +270 0 *
Fa
0  1e-07 178 0

0101000
+269 0 *
Ed
 1e-07 1 1 0
1  280 0 0 5.89588643566503
0

0101000
+312 0 -372 0 *
Wi

0101100
-310 0 +267 0 -371 0 *
Fa
0  1e-07 179 0

0101000
+266 0 *
Ve
1e-07
40.1682052612305 45.3605651855469 35.9668884277344
0 0

0101101
*
Ed
 1e-07 1 1 0
1  281 0 0 3.81183614981171
0

0101000
+264 0 -341 0 *
Ed
 1e-07 1 1 0
1  282 0 0 4.87433738940031
0

0101000
+372 0 -264 0 *
Wi

0101100
+263 0 -307 0 +262 0 *
Fa
0  1e-07 180 0

0101000
+261 0 *
Ed
 1e-07 1 1 0
1  283 0 0 5.82348578162194
0

0101000
+333 0 -1001 0 *
Wi

0101100
-331 0 +259 0 -304 0 *
Fa
0  1e-07 181 0

0101000
+258 0 *
Ve
1e-07
40.8550682067871 39.4511756896973 43.2188301086426
0 0

0101101
*
Ed
 1e-07 1 1 0
1  284 0 0 6.39083529229013
0

0101000
+341 0 -256 0 *
Ed
 1e-07 1 1 0
1  285 0 0 3.10524223962111
0

0101000
+256 0 -320 0 *
Wi

0101100
-270 0 +255 0 +254 0 *
Fa
0  1e-07 182 0

0101000
+253 0 *
Ve
1e-07
40.9335060119629 43.905517578125 25.9492721557617
0 0

0101101
*
Ed
 1e-07 1 1 0
1  286 0 0 6.2837461818765
0

0101000
+380 0 -251 0 *
Ed
 1e-07 1 1 0
1  287 0 0 3.00498602224094
0

0101000
+251 0 -346 0 *
Wi

0101100
-345 0 +250 0 +249 0 *
Fa
0  1e-07 183 0

0101000
+248 0 *
Ed
 1e-07 1 1 0
1  288 0 0 6.13241873529716
0

0101000
+346 0 -312 0 *
Wi

0101100
-311 0 -315 0 +246 0 *
Fa
0  1e-07 184 0

0101000
+245 0 *
Ve
1e-07
41.8846435546875 33.4872436523438 19.1076221466064
0 0

0101101
*
Ed
 1e-07 1 1 0
1  289 0 0 8.32397165882328
0

0101000
+391 0 -243 0 *
Ed
 1e-07 1 1 0
1  290 0 0 7.1278253951525
0

0101000
+243 0 -464 0 *
Wi

0101100
-290 0 +242 0 +241 0 *
Fa
0  1e-07 185 0

0101000
+240 0 *
Ed
 1e-07 1 1 0
1  291 0 0 5.78493697325418
0

0101000
+243 0 -428 0 *
Wi

0101100
-241 0 +238 0 -386 0 *
Fa
0  1e-07 186 0

0101000
+237 0 *
Ve
1e-07
42.9379577636719 34.5343055725098 43.7436027526855
0 0

0101101
*
Ed
 1e-07 1 1 0
1  292 0 0 5.79885415744489
0

0101000
+235 0 -287 0 *
Ed
 1e-07 1 1 0
1  293 0 0 7.05719891797912
0

0101000
+359 0 -235 0 *
Wi

0101100
+234 0 -282 0 +233 0 *
Fa
0  1e-07 187 0

0101000
+232 0 *
Ed
 1e-07 1 1 0
1  294 0 0 6.72673491803826
0

0101000
+320 0 -235 0 *
Wi

0101100
-276 0 +230 0 -233 0 *
Fa
0  1e-07 188 0

0101000
+229 0 *
Ed
 1e-07 1 1 0
1  295 0 0 5.36557797291279
0

0101000
+256 0 -235 0 *
Wi

0101100
-254 0 +227 0 -230 0 *
Fa
0  1e-07 189 0

0101000
+226 0 *
Ed
 1e-07 1 1 0
1  296 0 0 5.8025470466564
0

0101000
+312 0 -264 0 *
Wi

0101100
-262 0 -267 0 +224 0 *
Fa
0  1e-07 190 0

0101000
+223 0 *
Ed
 1e-07 1 1 0
1  297 0 0 4.91684968744515
0

0101000
+1004 0 -364 0 *
Wi

0101100
-1002 0 +221 0 -301 0 *
Fa
0  1e-07 191 0

0101000
+220 0 *
Ve
1e-07
44.3825378417969 24.5033493041992 24.6490707397461
0 0

0101101
*
Ed
 1e-07 1 1 0
1  298 0 0 6.358883583304
0

0101000
+298 0 -218 0 *
Ed
 1e-07 1 1 0
1  299 0 0 5.84295340189415
0

0101000
+218 0 -325 0 *
Wi

0101100
+217 0 +216 0 -293 0 *
Fa
0  1e-07 192 0

0101000
+215 0 *
Ve
1e-07
42.9910697937012 22.8030204772949 39.2712364196777
0 0

0101101
*
Ed
 1e-07 1 1 0
1  300 0 0 5.09223717607523
0

0101000
+991 0 -213 0 *
Ed
 1e-07 1 1 0
1  301 0 0 4.43974026144979
0

0101000
+213 0 -333 0 *
Wi

0101100
-328 0 +212 0 +211 0 *
Fa
0  1e-07 193 0

0101000
+210 0 *
Ed
 1e-07 1 1 0
1  302 0 0 5.48200942383094
0

0101000
+243 0 -351 0 *
Wi

0101100
-238 0 +208 0 -279 0 *
Fa
0  1e-07 194 0

0101000
+207 0 *
Ve
1e-07
44.1661682128906 39.5092735290527 24.3664646148682
0 0

0101101
*
Ed
 1e-07 1 1 0
1  303 0 0 6.32814342360791
0

0101000
+380 0 -205 0 *
Ed
 1e-07 1 1 0
1  304 0 0 5.68175556987625
0

0101000
+205 0 -251 0 *
Wi

0101100
+204 0 +203 0 -250 0 *
Fa
0  1e-07 195 0

0101000
+202 0 *
Ed
 1e-07 1 1 0
1  305 0 0 4.5571484532649
0

0101000
+251 0 -312 0 *
Wi

0101100
+200 0 -246 0 -249 0 *
Fa
0  1e-07 196 0

0101000
+199 0 *
Ed
 1e-07 1 1 0
1  306 0 0 7.57313617303944
0

0101000
+364 0 -218 0 *
Wi

0101100
+197 0 -217 0 -297 0 *
Fa
0  1e-07 197 0

0101000
+196 0 *
Ve
1e-07
44.7948188781738 25.6153984069824 39.5424423217773
0 0

0101101
*
Ed
 1e-07 1 1 0
1  307 0 0 7.76706087714823
0

0101000
+988 0 -194 0 *
Ed
 1e-07 1 1 0
1  308 0 0 6.61405217809936
0

0101000
+194 0 -991 0 *
Wi

0101100
+193 0 +192 0 -986 0 *
Fa
0  1e-07 198 0

0101000
+191 0 *
Ve
1e-07
43.8594360351562 29.3660526275635 21.2393283843994
0 0

0101101
*
Ed
 1e-07 1 1 0
1  309 0 0 6.42388636667573
0

0101000
+325 0 -189 0 *
Ed
 1e-07 1 1 0
1  310 0 0 6.71732408947672
0

0101000
+189 0 -391 0 *
Wi

0101100
+188 0 +187 0 -323 0 *
Fa
0  1e-07 199 0

0101000
+186 0 *
Ve
1e-07
44.7298583984375 29.8338356018066 41.8805770874023
0 0

0101101
*
Ed
 1e-07 1 1 0
1  311 0 0 7.57249748233954
0

0101000
+184 0 -988 0 *
Ed
 1e-07 1 1 0
1  312 0 0 5.49516727914472
0

0101000
+287 0 -184 0 *
Wi

0101100
+183 0 -286 0 +182 0 *
Fa
0  1e-07 200 0

0101000
+181 0 *
Ed
 1e-07 1 1 0
1  313 0 0 5.04263743371372
0

0101000
+189 0 -243 0 *
Wi

0101100
-242 0 -187 0 +179 0 *
Fa
0  1e-07 201 0

0101000
+178 0 *
Ed
 1e-07 1 1 0
1  314 0 0 7.35270285959324
0

0101000
+351 0 -205 0 *
Wi

0101100
-273 0 +176 0 -204 0 *
Fa
0  1e-07 202 0

0101000
+175 0 *
Ve
1e-07
43.4350357055664 40.2221527099609 39.8857803344727
0 0

0101101
*
Ed
 1e-07 1 1 0
1  315 0 0 7.24107572795618
0

0101000
+264 0 -173 0 *
Ed
 1e-07 1 1 0
1  316 0 0 5.94343091214664
0

0101000
+173 0 -341 0 *
Wi

0101100
+172 0 +171 0 -263 0 *
Fa
0  1e-07 203 0

0101000
+170 0 *
Ve
1e-07
44.5939826965332 42.0789756774902 34.2620277404785
0 0

0101101
*
Ed
 1e-07 1 1 0
1  317 0 0 6.37054799083907
0

0101000
+312 0 -168 0 *
Ed
 1e-07 1 1 0
1  318 0 0 5.76739850965518
0

0101000
+168 0 -264 0 *
Wi

0101100
+167 0 +166 0 -224 0 *
Fa
0  1e-07 204 0

0101000
+165 0 *
Ve
1e-07
44.9401054382324 22.1698246002197 33.165943145752
0 0

0101101
*
Ed
 1e-07 1 1 0
1  319 0 0 8.62448398947007
0

0101000
+333 0 -163 0 *
Ed
 1e-07 1 1 0
1  320 0 0 5.10617854863224
0

0101000
+163 0 -1001 0 *
Wi

0101100
+162 0 +161 0 -259 0 *
Fa
0  1e-07 205 0

0101000
+160 0 *
Ed
 1e-07 1 1 0
1  321 0 0 7.58423620133474
0

0101000
+1004 0 -218 0 *
Wi

0101100
-221 0 +158 0 -197 0 *
Fa
0  1e-07 206 0

0101000
+157 0 *
Ed
 1e-07 1 1 0
1  322 0 0 6.44005302175702
0

0101000
+213 0 -163 0 *
Wi

0101100
-211 0 +155 0 -162 0 *
Fa
0  1e-07 207 0

0101000
+154 0 *
Ed
 1e-07 1 1 0
1  323 0 0 3.35209382632154
0

0101000
+194 0 -213 0 *
Wi

0101100
-192 0 +152 0 -212 0 *
Fa
0  1e-07 208 0

0101000
+151 0 *
Ed
 1e-07 1 1 0
1  324 0 0 4.82351598036414
0

0101000
+184 0 -194 0 *
Wi

0101100
-183 0 +149 0 -193 0 *
Fa
0  1e-07 209 0

0101000
+148 0 *
Ed
 1e-07 1 1 0
1  325 0 0 5.36434436439899
0

0101000
+235 0 -184 0 *
Wi

0101100
-182 0 -234 0 +146 0 *
Fa
0  1e-07 210 0

0101000
+145 0 *
Ed
 1e-07 1 1 0
1  326 0 0 8.31418202278237
0

0101000
+243 0 -205 0 *
Wi

0101100
-208 0 +143 0 -176 0 *
Fa
0  1e-07 211 0

0101000
+142 0 *
Ed
 1e-07 1 1 0
1  327 0 0 4.28484056385139
0

0101000
+256 0 -173 0 *
Ed
 1e-07 1 1 0
1  328 0 0 6.89068105123112
0

0101000
+173 0 -235 0 *
Wi

0101100
-227 0 +140 0 +139 0 *
Fa
0  1e-07 212 0

0101000
+138 0 *
Wi

0101100
-255 0 -171 0 -140 0 *
Fa
0  1e-07 213 0

0101000
+136 0 *
Ve
1e-07
45.6319046020508 40.5231895446777 29.3897838592529
0 0

0101101
*
Ed
 1e-07 1 1 0
1  329 0 0 6.73440517187993
0

0101000
+251 0 -134 0 *
Ed
 1e-07 1 1 0
1  330 0 0 6.81857154825553
0

0101000
+134 0 -312 0 *
Wi

0101100
+133 0 +132 0 -200 0 *
Fa
0  1e-07 214 0

0101000
+131 0 *
Ed
 1e-07 1 1 0
1  331 0 0 6.03469493007485
0

0101000
+168 0 -173 0 *
Wi

0101100
-172 0 -166 0 +129 0 *
Fa
0  1e-07 215 0

0101000
+128 0 *
Ed
 1e-07 1 1 0
1  332 0 0 5.27475914148159
0

0101000
+163 0 -1004 0 *
Wi

0101100
-161 0 +126 0 -999 0 *
Fa
0  1e-07 216 0

0101000
+125 0 *
Ed
 1e-07 1 1 0
1  333 0 0 5.96203505868706
0

0101000
+218 0 -189 0 *
Wi

0101100
-216 0 +123 0 -188 0 *
Fa
0  1e-07 217 0

0101000
+122 0 *
Ve
1e-07
44.982048034668 33.796085357666 22.4055194854736
0 0

0101101
*
Ed
 1e-07 1 1 0
1  334 0 0 4.71650817612481
0

0101000
+189 0 -120 0 *
Ed
 1e-07 1 1 0
1  335 0 0 4.53491174878373
0

0101000
+120 0 -243 0 *
Wi

0101100
-179 0 +119 0 +118 0 *
Fa
0  1e-07 218 0

0101000
+117 0 *
Ed
 1e-07 1 1 0
1  336 0 0 6.09520178220153
0

0101000
+120 0 -205 0 *
Wi

0101100
-118 0 +115 0 -143 0 *
Fa
0  1e-07 219 0

0101000
+114 0 *
Ed
 1e-07 1 1 0
1  337 0 0 5.33011679799378
0

0101000
+205 0 -134 0 *
Wi

0101100
-203 0 +112 0 -133 0 *
Fa
0  1e-07 220 0

0101000
+111 0 *
Ve
1e-07
47.498291015625 26.6859550476074 31.1229496002197
0 0

0101101
*
Ed
 1e-07 1 1 0
1  338 0 0 9.21080293934226
0

0101000
+1004 0 -109 0 *
Ed
 1e-07 1 1 0
1  339 0 0 7.50884765935932
0

0101000
+109 0 -218 0 *
Wi

0101100
-158 0 +108 0 +107 0 *
Fa
0  1e-07 221 0

0101000
+106 0 *
Ed
 1e-07 1 1 0
1  340 0 0 5.57795395223804
0

0101000
+163 0 -109 0 *
Wi

0101100
-108 0 -126 0 +104 0 *
Fa
0  1e-07 222 0

0101000
+103 0 *
Ed
 1e-07 1 1 0
1  341 0 0 7.24933298891942
0

0101000
+194 0 -163 0 *
Wi

0101100
-155 0 -152 0 +101 0 *
Fa
0  1e-07 223 0

0101000
+100 0 *
Ve
1e-07
47.1647033691406 29.8653984069824 37.4082260131836
0 0

0101101
*
Ed
 1e-07 1 1 0
1  342 0 0 5.31354229797717
0

0101000
+98 0 -194 0 *
Ed
 1e-07 1 1 0
1  343 0 0 5.09228734196083
0

0101000
+184 0 -98 0 *
Wi

0101100
+97 0 -149 0 +96 0 *
Fa
0  1e-07 224 0

0101000
+95 0 *
Ve
1e-07
47.2670135498047 29.7293014526367 26.7929039001465
0 0

0101101
*
Ed
 1e-07 1 1 0
1  344 0 0 6.34245982151074
0

0101000
+218 0 -93 0 *
Ed
 1e-07 1 1 0
1  345 0 0 6.52577468476809
0

0101000
+93 0 -189 0 *
Wi

0101100
-123 0 +92 0 +91 0 *
Fa
0  1e-07 225 0

0101000
+90 0 *
Ve
1e-07
45.2891502380371 38.7763175964355 38.224422454834
0 0

0101101
*
Ed
 1e-07 1 1 0
1  346 0 0 2.87893901971882
0

0101000
+173 0 -88 0 *
Ed
 1e-07 1 1 0
1  347 0 0 7.34738887107763
0

0101000
+88 0 -235 0 *
Wi

0101100
-139 0 +87 0 +86 0 *
Fa
0  1e-07 226 0

0101000
+85 0 *
Ed
 1e-07 1 1 0
1  348 0 0 5.20493805760151
0

0101000
+168 0 -88 0 *
Wi

0101100
-129 0 +83 0 -87 0 *
Fa
0  1e-07 227 0

0101000
+82 0 *
Ed
 1e-07 1 1 0
1  349 0 0 5.21886125616931
0

0101000
+134 0 -168 0 *
Wi

0101100
-167 0 -132 0 +80 0 *
Fa
0  1e-07 228 0

0101000
+79 0 *
Ve
1e-07
46.3886528015137 25.3058528900146 34.6737823486328
0 0

0101101
*
Ed
 1e-07 1 1 0
1  350 0 0 3.76915666426954
0

0101000
+77 0 -163 0 *
Ed
 1e-07 1 1 0
1  351 0 0 5.1322485263638
0

0101000
+194 0 -77 0 *
Wi

0101100
+76 0 -101 0 +75 0 *
Fa
0  1e-07 229 0

0101000
+74 0 *
Ed
 1e-07 1 1 0
1  352 0 0 6.40382235369499
0

0101000
+93 0 -120 0 *
Wi

0101100
+72 0 -119 0 -91 0 *
Fa
0  1e-07 230 0

0101000
+71 0 *
Ve
1e-07
46.2762908935547 34.831916809082 38.9227294921875
0 0

0101101
*
Ed
 1e-07 1 1 0
1  353 0 0 5.26776067727889
0

0101000
+69 0 -98 0 *
Ed
 1e-07 1 1 0
1  354 0 0 6.01008582409536
0

0101000
+184 0 -69 0 *
Wi

0101100
+68 0 -96 0 +67 0 *
Fa
0  1e-07 231 0

0101000
+66 0 *
Ve
1e-07
47.2038345336914 34.0179710388184 26.6732902526855
0 0

0101101
*
Ed
 1e-07 1 1 0
1  355 0 0 4.81657926584955
0

0101000
+64 0 -120 0 *
Ed
 1e-07 1 1 0
1  356 0 0 4.29080246948929
0

0101000
+93 0 -64 0 *
Wi

0101100
+63 0 -72 0 +62 0 *
Fa
0  1e-07 232 0

0101000
+61 0 *
Ed
 1e-07 1 1 0
1  357 0 0 5.87144441581391
0

0101000
+235 0 -69 0 *
Wi

0101100
-146 0 +59 0 -67 0 *
Fa
0  1e-07 233 0

0101000
+58 0 *
Ed
 1e-07 1 1 0
1  358 0 0 4.12557595536286
0

0101000
+88 0 -69 0 *
Wi

0101100
-86 0 +56 0 -59 0 *
Fa
0  1e-07 234 0

0101000
+55 0 *
Ed
 1e-07 1 1 0
1  359 0 0 6.68604997282201
0

0101000
+64 0 -205 0 *
Wi

0101100
-63 0 +53 0 -115 0 *
Fa
0  1e-07 235 0

0101000
+52 0 *
Ed
 1e-07 1 1 0
1  360 0 0 7.22275356311459
0

0101000
+64 0 -134 0 *
Wi

0101100
-112 0 -53 0 +50 0 *
Fa
0  1e-07 236 0

0101000
+49 0 *
Ve
1e-07
47.5679550170898 36.8990707397461 32.9238319396973
0 0

0101101
*
Ed
 1e-07 1 1 0
1  361 0 0 6.06739373958386
0

0101000
+47 0 -88 0 *
Ed
 1e-07 1 1 0
1  362 0 0 6.12100437254637
0

0101000
+168 0 -47 0 *
Wi

0101100
+46 0 -83 0 +45 0 *
Fa
0  1e-07 237 0

0101000
+44 0 *
Ed
 1e-07 1 1 0
1  363 0 0 3.96792037959574
0

0101000
+77 0 -109 0 *
Wi

0101100
-104 0 -76 0 +42 0 *
Fa
0  1e-07 238 0

0101000
+41 0 *
Ed
 1e-07 1 1 0
1  364 0 0 5.29761666902427
0

0101000
+109 0 -93 0 *
Wi

0101100
+39 0 -92 0 -107 0 *
Fa
0  1e-07 239 0

0101000
+38 0 *
Ed
 1e-07 1 1 0
1  365 0 0 5.37297794146011
0

0101000
+98 0 -77 0 *
Wi

0101100
-97 0 +36 0 -75 0 *
Fa
0  1e-07 240 0

0101000
+35 0 *
Ed
 1e-07 1 1 0
1  366 0 0 6.47520605281106
0

0101000
+47 0 -69 0 *
Wi

0101100
-56 0 -46 0 +33 0 *
Fa
0  1e-07 241 0

0101000
+32 0 *
Ed
 1e-07 1 1 0
1  367 0 0 5.41959630938729
0

0101000
+134 0 -47 0 *
Wi

0101100
-45 0 -80 0 +30 0 *
Fa
0  1e-07 242 0

0101000
+29 0 *
Ed
 1e-07 1 1 0
1  368 0 0 7.05158424616204
0

0101000
+98 0 -109 0 *
Wi

0101100
-36 0 +27 0 -42 0 *
Fa
0  1e-07 243 0

0101000
+26 0 *
Ve
1e-07
47.5915794372559 32 32
0 0

0101101
*
Ed
 1e-07 1 1 0
1  369 0 0 5.38674241907056
0

0101000
+109 0 -24 0 *
Ed
 1e-07 1 1 0
1  370 0 0 5.68992659894698
0

0101000
+24 0 -93 0 *
Wi

0101100
+23 0 +22 0 -39 0 *
Fa
0  1e-07 244 0

0101000
+21 0 *
Ed
 1e-07 1 1 0
1  371 0 0 10.3709094304575
0

0101000
+109 0 -47 0 *
Ed
 1e-07 1 1 0
1  372 0 0 4.98547065772825
0

0101000
+47 0 -24 0 *
Wi

0101100
+19 0 +18 0 -23 0 *
Fa
0  1e-07 245 0

0101000
+17 0 *
Ed
 1e-07 1 1 0
1  373 0 0 8.35134411831881
0

0101000
+98 0 -47 0 *
Wi

0101100
+15 0 -19 0 -27 0 *
Fa
0  1e-07 246 0

0101000
+14 0 *
Ed
 1e-07 1 1 0
1  374 0 0 9.43845517143873
0

0101000
+93 0 -47 0 *
Ed
 1e-07 1 1 0
1  375 0 0 6.89221231493832
0

0101000
+47 0 -64 0 *
Wi

0101100
+12 0 +11 0 -62 0 *
Fa
0  1e-07 247 0

0101000
+10 0 *
Wi

0101100
-18 0 -12 0 -22 0 *
Fa
0  1e-07 248 0

0101000
+8 0 *
Wi

0101100
-68 0 -33 0 -15 0 *
Fa
0  1e-07 249 0

0101000
+6 0 *
Wi

0101100
-11 0 -30 0 -50 0 *
Fa
0  1e-07 250 0

0101000
+4 0 *
Sh

0101100
+997 0 +992 0 +984 0 +979 0 +971 0 +966 0 +958 0 +953 0 +948 0 +943 0 
+940 0 +935 0 +930 0 +925 0 +920 0 +915 0 +912 0 +907 0 +902 0 +897 0 
+894 0 +889 0 +884 0 +879 0 +876 0 +873 0 +868 0 +863 0 +858 0 +855 0 
+850 0 +847 0 +842 0 +839 0 +834 0 +829 0 +826 0 +821 0 +816 0 +811 0 
+806 0 +801 0 +796 0 +791 0 +788 0 +785 0 +780 0 +775 0 +770 0 +767 0 
+762 0 +757 0 +754 0 +749 0 +744 0 +741 0 +738 0 +733 0 +728 0 +725 0 
+722 0 +717 0 +712 0 +709 0 +705 0 +702 0 +699 0 +696 0 +691 0 +688 0 
+685 0 +680 0 +675 0 +672 0 +669 0 +666 0 +663 0 +660 0 +655 0 +650 0 
+645 0 +640 0 +635 0 +632 0 +627 0 +622 0 +617 0 +614 0 +609 0 +606 0 
+601 0 +598 0 +595 0 +590 0 +585 0 +580 0 +576 0 +573 0 +570 0 +567 0 
+563 0 +561 0 +558 0 +555 0 +553 0 +550 0 +547 0 +542 0 +539 0 +534 0 
+529 0 +526 0 +521 0 +518 0 +513 0 +508 0 +504 0 +499 0 +494 0 +489 0 
+484 0 +479 0 +474 0 +469 0 +465 0 +460 0 +457 0 +454 0 +449 0 +444 0 
+440 0 +437 0 +434 0 +429 0 +424 0 +421 0 +418 0 +415 0 +412 0 +409 0 
+406 0 +403 0 +401 0 +398 0 +395 0 +392 0 +387 0 +384 0 +381 0 +376 0 
+373 0 +368 0 +365 0 +360 0 +355 0 +352 0 +347 0 +342 0 +337 0 +334 0 
+329 0 +326 0 +321 0 +316 0 +313 0 +308 0 +305 0 +302 0 +299 0 +294 0 
+291 0 +288 0 +283 0 +280 0 +277 0 +274 0 +271 0 +268 0 +265 0 +260 0 
+257 0 +252 0 +247 0 +244 0 +239 0 +236 0 +231 0 +228 0 +225 0 +222 0 
+219 0 +214 0 +209 0 +206 0 +201 0 +198 0 +195 0 +190 0 +185 0 +180 0 
+177 0 +174 0 +169 0 +164 0 +159 0 +156 0 +153 0 +150 0 +147 0 +144 0 
+141 0 +137 0 +135 0 +130 0 +127 0 +124 0 +121 0 +116 0 +113 0 +110 0 
+105 0 +102 0 +99 0 +94 0 +89 0 +84 0 +81 0 +78 0 +73 0 +70 0 
+65 0 +60 0 +57 0 +54 0 +51 0 +48 0 +43 0 +40 0 +37 0 +34 0 
+31 0 +28 0 +25 0 +20 0 +16 0 +13 0 +9 0 +7 0 +5 0 +3 0 
*
So

1100000
+2 0 *

-1 0 