DBRep_DrawableShape

CASCADE Topology V1, (c) Matra-Datavision
Locations 0
Curve2ds 0
Curves 375
1 25.878646850585938 28.462942123413086 12.085421562194824 -0.61047922092533335 0.44515481804960111 0.65509717507071008 
1 24.727571487426758 29.30229377746582 13.320625305175781 0.31571375682789715 -0.72447875199027878 0.6127441241368401 
1 26.110713958740234 26.128351211547852 16.005058288574219 -0.050801445507774129 0.51106162323189375 -0.85804150854950045 
1 24.526376724243164 29.409128189086914 18.329044342041016 0.040129824157469837 -0.021308935105875778 -0.99896722994187559 
1 26.110713958740234 26.128351211547852 16.005058288574219 -0.36662557007824786 0.75919236353216812 0.53778494448918879 
1 24.727571487426758 29.30229377746582 13.320625305175781 -0.15666204746557785 0.68162321588570041 0.71473547166034013 
1 24.136247634887695 31.875093460083008 16.018407821655273 0.11468321789292094 -0.72490065520938718 0.67923986897908606 
1 24.727571487426758 29.30229377746582 13.320625305175781 -0.047639723879391152 0.99857379170631444 0.024100606340291895 
1 24.490005493164062 34.281902313232422 13.440808296203613 -0.099811033976868788 -0.67906924071733932 0.7272569860840421 
1 24.136247634887695 31.875093460083008 16.018407821655273 0.12898508955319951 0.66464260964766253 0.73594364465881346 
1 24.615568161010742 34.344966888427734 18.753242492675781 -0.018000884631645293 -0.99616584514469708 -0.085612949485633139 
1 24.490005493164062 34.281902313232422 13.440808296203613 0.023627355472524546 0.011866975761321438 0.99965040036987696 
1 24.490005493164062 34.281902313232422 13.440808296203613 0.34295786550519419 0.76998692931941437 0.53805207105389019 
1 26.07166862487793 37.832950592041016 15.922212600708008 -0.30833958052886573 -0.73860523964624925 0.5994906196483728 
1 25.735286712646484 28.371623992919922 19.662082672119141 0.087174289483710948 -0.52088843542651397 -0.84916186978215669 
1 24.526376724243164 29.409128189086914 18.329044342041016 0.5819827775357449 -0.49946611375735578 0.64173954830593372 
1 26.187492370605469 31.948274612426758 10.05751895904541 -0.32825494300377867 -0.59493380646632754 0.73369098285114043 
1 25.878646850585938 28.462942123413086 12.085421562194824 0.076368071196154824 0.86181635286934144 -0.50143842256927806 
1 26.109989166259766 31.948261260986328 21.880161285400391 -0.088682043612686737 -0.84649432939337255 -0.52495985127011568 
1 24.526376724243164 29.409128189086914 18.329044342041016 0.34101193233751803 0.54677183150183917 0.76469041204892607 
1 26.187492370605469 31.948274612426758 10.05751895904541 -0.3817332289069536 0.52478946914628255 0.76083884957422776 
1 24.615568161010742 34.344966888427734 18.753242492675781 0.35465920907457521 -0.56879133739913557 0.74208709725900723 
1 26.187492370605469 31.948274612426758 10.05751895904541 -0.094897884429288162 0.8520594980878371 0.51477082594990631 
1 25.774261474609375 35.658550262451172 12.299077987670898 -0.58326960657215476 -0.62523119948838357 0.51853882519583894 
1 25.683748245239258 35.623100280761719 19.618877410888672 0.098306372259569758 -0.84754906170693689 0.52153278437012329 
1 24.615568161010742 34.344966888427734 18.753242492675781 0.56902211708514105 0.68086475263988233 0.46112581675783004 
1 25.774261474609375 35.658550262451172 12.299077987670898 0.070209673271983894 0.51331629574185933 0.85532273575820328 
1 26.07166862487793 37.832950592041016 15.922212600708008 -0.089707857934466395 -0.51103512005564355 0.85486584110872255 
1 26.110713958740234 26.128351211547852 16.005058288574219 0.52760063718525252 -0.10321179819847921 -0.84319920087388134 
1 28.381320953369141 25.684164047241211 12.376226425170898 -0.66721246903269882 0.74082173904892856 -0.077528524555875861 
1 25.735286712646484 28.371623992919922 19.662082672119141 0.70501700465529793 -0.70892315169313613 0.01946761773670394 
1 28.185354232788086 25.907981872558594 19.729736328125 -0.48595724105858329 0.051618623878432128 -0.87245692015802534 
1 26.109989166259766 31.948261260986328 21.880161285400391 0.50375024638267685 -0.86060521930453759 0.074795359315810647 
1 28.18317985534668 28.406429290771484 22.187982559204102 -0.69589718194077244 -0.0098945939546994394 -0.71807326170618768 
1 26.187492370605469 31.948274612426758 10.05751895904541 0.64200023931752381 0.71941712467791585 -0.26509374461952523 
1 28.852563858032227 34.934719085693359 8.957061767578125 -0.66905469803731044 0.15732133789182912 0.72637167323494123 
1 26.07166862487793 37.832950592041016 15.922212600708008 0.49713820246441187 0.085783189542028501 0.86342043758672393 
1 28.155742645263672 38.19256591796875 19.541793823242188 -0.69314409565805934 -0.72047490698552441 0.021614140245938048 
1 26.110713958740234 26.128351211547852 16.005058288574219 0.75235179371881478 -0.39909348826488822 -0.52410987980827584 
1 28.92155647277832 24.637308120727539 14.046944618225098 -0.26426751331619475 0.51209149076803251 -0.81726677804046877 
1 26.110713958740234 26.128351211547852 16.005058288574219 0.76269680860972922 -0.32688170960593177 0.55806982185174414 
1 29.785829544067383 24.553245544433594 18.694162368774414 -0.18281243563458899 0.017781051878769886 -0.98298700274796791 
1 28.185354232788086 25.907981872558594 19.729736328125 0.68436104903459538 -0.57928339671783213 -0.44281000536496312 
1 28.381320953369141 25.684164047241211 12.376226425170898 0.021563763330009311 0.69317835505856973 -0.72044345523388775 
1 28.458208084106445 28.155740737915039 9.80743408203125 -0.74659462662213494 0.088912370337764834 0.6593110448793309 
1 28.18317985534668 28.406429290771484 22.187982559204102 0.00062035957039381726 -0.71281817843533657 -0.70134860065885363 
1 28.458208084106445 28.155740737915039 9.80743408203125 -0.51287615983601076 0.85660225894531417 0.056485525948261041 
1 26.109989166259766 31.948261260986328 21.880161285400391 0.76411286686403634 -0.53730369802170297 0.35698216031760771 
1 29.589031219482422 29.50189208984375 23.505517959594727 -0.63429965550996037 -0.49425685659357049 -0.59445277922656603 
1 29.031002044677734 31.550703048706055 8.5885906219482422 -0.052348005751827846 0.9927611028709632 0.10809754354394688 
1 26.187492370605469 31.948274612426758 10.05751895904541 0.881677236011291 -0.12327364334792411 -0.45546554244554982 
1 25.683748245239258 35.623100280761719 19.618877410888672 0.74075019672177933 0.077379905087023387 0.66730914600758218 
1 28.462600708007812 35.913383483886719 22.122222900390625 -0.5095675419193777 -0.85883179125780063 -0.052429710538595305 
1 28.462600708007812 35.913383483886719 22.122222900390625 0.45693439348920056 -0.64591596508633931 0.6115582769395238 
1 29.316638946533203 34.706127166748047 23.265262603759766 -0.72051481640553605 -0.61967579340440149 -0.31122389112778964 
1 28.852563858032227 34.934719085693359 8.957061767578125 -0.11667088209178321 0.69599922930270752 0.70850051381912382 
1 28.318185806274414 38.122547149658203 12.2021484375 -0.71803199550104468 -0.69547218044478498 0.027358721902972442 
1 28.155742645263672 38.19256591796875 19.541793823242188 0.088776895217030929 -0.65938870343357658 0.74654216268058904 
1 28.318185806274414 38.122547149658203 12.2021484375 -0.51579942361095132 -0.066491250872965493 0.85412520637196898 
1 28.318185806274414 38.122547149658203 12.2021484375 0.53486959070433193 0.60230470242019185 0.59257368012957246 
1 29.422813415527344 39.366443634033203 13.425948143005371 -0.75286461043748609 -0.34451290940619494 0.56080810764760813 
1 26.07166862487793 37.832950592041016 15.922212600708008 0.75838817590156593 0.3599219058285405 0.54341843579091664 
1 29.636009216308594 39.524543762207031 18.476219177246094 -0.65542143128731745 -0.58976325088351711 0.47180722262020325 
1 28.458208084106445 28.155740737915039 9.80743408203125 0.63846615120622108 0.51769365325991767 -0.56952107523630324 
1 29.869871139526367 29.300373077392578 8.5482101440429688 -0.77035680300853993 0.55394327667387055 0.3157487011632466 
1 29.869871139526367 29.300373077392578 8.5482101440429688 -0.34924644691324808 0.9368800825895679 0.016811608056225259 
1 29.316638946533203 34.706127166748047 23.265262603759766 0.052213495880021332 -0.99757347667957907 0.046053332923949857 
1 29.422813415527344 39.366443634033203 13.425948143005371 0.042156544365931241 0.031262131070104858 0.99862180275020984 
1 31.9793701171875 26.117532730102539 21.894935607910156 -0.52430310382405232 -0.3738980882180874 -0.76505324974626721 
1 28.185354232788086 25.907981872558594 19.729736328125 0.86752251805113223 0.047914951633122801 0.4950846776908151 
1 28.18317985534668 28.406429290771484 22.187982559204102 0.85451280138452923 -0.5152248115162168 -0.065964125614177402 
1 29.589031219482422 29.50189208984375 23.505517959594727 0.5377106078249273 -0.7613171212548947 -0.36230310944940425 
1 29.031002044677734 31.550703048706055 8.5885906219482422 0.96685882651013078 0.20755113551980406 -0.14868266793373389 
1 31.901220321655273 32.166839599609375 8.1472110748291016 -0.7264613602464437 0.65955528950257625 0.19297852771243701 
1 29.316638946533203 34.706127166748047 23.265262603759766 0.69058691535644201 -0.70485172524541284 0.16209181890841787 
1 31.814485549926758 32.156684875488281 23.851547241210938 -0.63923693234859735 -0.76255961450252041 -0.099393051323129894 
1 31.948270797729492 37.942478179931641 21.812509536743164 -0.59579534457089256 -0.73270235963117425 0.32889992334836565 
1 28.462600708007812 35.913383483886719 22.122222900390625 0.86169631484883813 0.50161471885046993 -0.076564579333371352 
1 28.852563858032227 34.934719085693359 8.957061767578125 0.70933312710705998 0.65833378374198881 0.25187922497196119 
1 32.005683898925781 37.861137390136719 10.076712608337402 -0.8647560413556179 0.06130326393009343 0.49843645409468001 
1 28.155742645263672 38.19256591796875 19.541793823242188 0.85660188359516876 -0.05648623262753056 0.51287670891234449 
1 32.005683898925781 37.861137390136719 10.076712608337402 -0.57532881363475408 0.33530370997094811 0.74603497121873896 
1 29.636009216308594 39.524543762207031 18.476219177246094 0.53074414951298843 -0.36313886745570523 0.76579423522296264 
1 29.785829544067383 24.553245544433594 18.694162368774414 0.59103514443907479 -0.11334225278827002 -0.79864321932309779 
1 28.92155647277832 24.637308120727539 14.046944618225098 0.8492746222683446 -0.13959390899632074 0.5091622104419059 
1 28.92155647277832 24.637308120727539 14.046944618225098 0.99796371853736143 -0.026077347191555775 -0.058209865542991936 
1 34.559173583984375 24.489994049072266 13.718110084533691 -0.53804824003088614 0.34295931863794049 -0.76998895911504184 
1 32.077785491943359 26.071664810180664 10.167050361633301 -0.60659999291151456 -0.27567098343358609 0.7456822094515263 
1 31.902442932128906 24.147344589233398 15.834063529968262 0.77827089397775506 0.10037679252262327 -0.61985394659543469 
1 32.077785491943359 26.071664810180664 10.167050361633301 -0.85492893180067309 -0.089622289047997822 0.51094458297936485 
1 32.077785491943359 26.071664810180664 10.167050361633301 -0.86341999385004198 0.49713892588991176 -0.08578346335406449 
1 32.077785491943359 26.071664810180664 10.167050361633301 -0.52156948142292781 0.76270879563429461 -0.38241413298974986 
1 29.869871139526367 29.300373077392578 8.5482101440429688 0.57446476914427014 0.81063563243188153 -0.11340238288406349 
1 31.901220321655273 32.166839599609375 8.1472110748291016 0.77796618010521001 0.62022729772658403 0.10043267280764398 
1 34.555721282958984 34.283119201660156 8.4898977279663086 -0.99026239753638978 0.11313993553412037 0.081115590442380855 
1 29.316638946533203 34.706127166748047 23.265262603759766 0.99835151534710487 -0.029543707787515951 0.049207937716443731 
1 34.281902313232422 34.559192657470703 23.50999641418457 -0.71297003341642984 -0.694214321259778 0.098692490129699065 
1 34.555721282958984 34.283119201660156 8.4898977279663086 -0.54587154045939112 0.76592535959072439 0.3396801508070656 
1 31.948270797729492 37.942478179931641 21.812509536743164 0.5247904332683484 -0.76083814578590736 0.38173330620615414 
1 29.422813415527344 39.366443634033203 13.425948143005371 0.69407665114331352 0.13332020009432999 0.70744846214016943 
1 31.954660415649414 39.852767944335938 16.006572723388672 -0.68127800257210769 -0.096440514752808251 0.72564420367393034 
1 29.785829544067383 24.553245544433594 18.694162368774414 0.99984380586071375 0.016466771224851236 -0.0064194491501919993 
1 34.4879150390625 24.630685806274414 18.663972854614258 -0.66920375430299317 -0.12510433053437431 -0.73247200745716234 
1 31.9793701171875 26.117532730102539 21.894935607910156 0.57637047377015993 -0.341622212318199 -0.74235526603963742 
1 34.481136322021484 29.383953094482422 8.6297149658203125 -0.67442771529497481 0.72748716908285938 -0.12613356278884524 
1 29.869871139526367 29.300373077392578 8.5482101440429688 0.99967968733620927 0.018119375495711583 0.017669492325028464 
1 34.250057220458984 29.325471878051758 23.417413711547852 -0.99910623630777373 0.037816251995845485 0.018885435020185897 
1 31.814485549926758 32.156684875488281 23.851547241210938 0.64778939094411436 -0.75301817861992526 -0.11546656506618616 
1 32.005683898925781 37.861137390136719 10.076712608337402 0.50725988642391617 0.38183373847604912 0.77258682605037976 
1 34.164596557617188 39.486232757568359 13.364864349365234 -0.99959817294530318 -0.025252312355155074 0.012876853852143474 
1 34.164596557617188 39.486232757568359 13.364864349365234 -0.63803898515071233 0.10582375397461719 0.76269757212316391 
1 34.250057220458984 29.325471878051758 23.417413711547852 -0.53873690604482716 -0.76110671913197214 -0.36121891998815936 
1 32.077785491943359 26.071664810180664 10.167050361633301 0.54976655667188323 0.75768601985836703 -0.35166550652051054 
1 29.636009216308594 39.524543762207031 18.476219177246094 0.98814961463854034 -0.089649473934082277 0.12459257968693968 
1 34.938556671142578 39.043472290039062 19.144800186157227 -0.71954524231825634 -0.26492954429269683 0.64192443544238575 
1 34.164596557617188 39.486232757568359 13.364864349365234 0.17881572904216342 -0.0035486790548055194 0.98387618221201267 
1 34.754520416259766 39.474525451660156 16.61073112487793 -0.96908873428124387 0.13091745244356856 -0.20911156289134916 
1 34.754520416259766 39.474525451660156 16.61073112487793 -0.93950531215618405 0.0091808861264804954 0.34241127282880679 
1 34.4879150390625 24.630685806274414 18.663972854614258 0.014400388528714801 -0.0284319020086614 -0.99949199884661011 
1 32.077785491943359 26.071664810180664 10.167050361633301 0.84138032215190928 0.53400895322020969 -0.083148008852920313 
1 35.850124359130859 28.465900421142578 9.794255256652832 -0.67832364245763443 0.4548884405613679 -0.57702126713549651 
1 34.481136322021484 29.383953094482422 8.6297149658203125 0.015216053681537084 0.99947728797566571 -0.028524069330458143 
1 34.281902313232422 34.559192657470703 23.50999641418457 -0.0060835347439115294 -0.99982507283146427 -0.017686558245655584 
1 31.948270797729492 37.942478179931641 21.812509536743164 0.8520607089190686 -0.51476905712333343 0.094896607656377849 
1 35.658550262451172 35.700927734375 22.225734710693359 -0.62522954965601507 -0.51853962254072172 0.58327066623675039 
1 34.938556671142578 39.043472290039062 19.144800186157227 0.1564347870018436 -0.72624291649474637 0.66940225847907986 
1 32.005683898925781 37.861137390136719 10.076712608337402 0.85093007445398861 0.069034501832025086 0.52072281104877038 
1 35.855915069580078 38.173500061035156 12.432844161987305 -0.72431600225874493 0.56218464592087092 0.39914252186748389 
1 34.754520416259766 39.474525451660156 16.61073112487793 0.071413561073593479 -0.16726617971548621 0.98332198613586119 
1 34.559173583984375 24.489994049072266 13.718110084533691 0.51853908266366422 0.58326919387545018 -0.62523137095495129 
1 35.700923919677734 25.774271011352539 12.341438293457031 -0.85532445176004634 0.070206588297142519 -0.51331385835670928 
1 35.914093017578125 25.878402709960938 19.537382125854492 -0.68351527488754116 -0.59798536736120433 -0.41859332223208578 
1 31.9793701171875 26.117532730102539 21.894935607910156 0.8566449497835561 -0.052061995032891974 -0.51327281116724255 
1 31.9793701171875 26.117532730102539 21.894935607910156 0.84544619046964131 0.52509019925631539 0.097473184339765997 
1 35.624660491943359 28.381551742553711 22.315208435058594 0.077172828218188494 -0.6674270276747476 -0.74066559074528204 
1 35.700923919677734 25.774271011352539 12.341438293457031 0.040228656198196253 0.72573937808954248 -0.68679255260281591 
1 34.250057220458984 29.325471878051758 23.417413711547852 0.68769925395215825 -0.47223310640855376 -0.55142146251789337 
1 34.555721282958984 34.283119201660156 8.4898977279663086 0.51160118731939996 0.63264749820041177 0.58139605103074132 
1 35.676528930664062 35.669113159179688 9.76361083984375 -0.85627974764105697 0.5113225807895645 0.073035690963166783 
1 35.676528930664062 35.669113159179688 9.76361083984375 0.048951727309270374 0.68340879310598812 0.72839285409650711 
1 34.4879150390625 24.630685806274414 18.663972854614258 0.75061110187466973 0.33826456284259793 -0.56759145454049975 
1 37.942478179931641 26.187492370605469 16.051727294921875 -0.76084048909925028 -0.38173490342771643 -0.52478587409747002 
1 37.918281555175781 31.972312927246094 10.158200263977051 -0.75274262038336159 -0.56685668799090327 -0.33474175529559219 
1 35.850124359130859 28.465900421142578 9.794255256652832 0.50601657235821895 0.85791488239173208 0.089046521940050805 
1 37.918281555175781 31.972312927246094 10.158200263977051 -0.76284292681539256 0.52423810399546156 -0.37847731679318541 
1 37.832950592041016 32.077789306640625 21.928329467773438 -0.51082265570576535 -0.8550153299708172 0.089493016110776341 
1 34.250057220458984 29.325471878051758 23.417413711547852 0.75317175404695347 0.57857366390698817 -0.31302527747624287 
1 34.281902313232422 34.559192657470703 23.50999641418457 0.76998679656096358 -0.53805177149614281 -0.34295863352837108 
1 35.658550262451172 35.700927734375 22.225734710693359 0.51331591658428577 -0.85532300452467047 -0.070209171139708482 
1 34.938556671142578 39.043472290039062 19.144800186157227 0.69554998429133974 -0.70886196166052251 0.11715348335885321 
1 38.122856140136719 35.798229217529297 19.681140899658203 -0.69542085544786902 -0.027458231246462933 0.71807790618077783 
1 37.942478179931641 26.187492370605469 16.051727294921875 -0.51476878320901431 -0.094895519626864183 -0.85206099557969328 
1 35.914093017578125 25.878402709960938 19.537382125854492 0.5014909774541787 0.076418265581155595 -0.86178132273658636 
1 35.624660491943359 28.381551742553711 22.315208435058594 0.72041264745749212 0.021506548285193574 -0.69321215061779162 
1 38.192573547363281 28.458211898803711 19.84425163269043 -0.65936200872167616 -0.74656252122303779 -0.088803960269896565 
1 37.918281555175781 31.972312927246094 10.158200263977051 -0.51636994177802853 0.85152862080147573 -0.09089054507533742 
1 35.855915069580078 38.173500061035156 12.432844161987305 0.49603066815642149 -0.074358529659383554 0.86511524395030093 
1 37.927993774414062 37.862880706787109 16.046707153320312 -0.7683489408844395 0.3314294923037559 -0.54753483603605957 
1 37.927993774414062 37.862880706787109 16.046707153320312 -0.88062203772536063 0.4472228751102269 0.15651366282397197 
1 37.927993774414062 37.862880706787109 16.046707153320312 -0.66965299343259499 0.26446005064994349 0.69399261523231925 
1 37.942478179931641 26.187492370605469 16.051727294921875 0.30047048857229031 0.6775734750535708 -0.67127615137211394 
1 39.252208709716797 29.140989303588867 13.125679969787598 -0.71656978857805453 -0.67932840014306994 -0.15824241800560065 
1 39.252208709716797 29.140989303588867 13.125679969787598 -0.70741309371452821 -0.14037474255491694 -0.69272046778905061 
1 38.192573547363281 28.458211898803711 19.84425163269043 -0.056487967076516717 -0.51287767248997873 -0.85660119229243692 
1 39.252208709716797 29.140989303588867 13.125679969787598 -0.30928289475191817 0.65646760643800361 -0.68803660710127346 
1 37.832950592041016 32.077789306640625 21.928329467773438 0.085785024669015289 -0.86341968060534291 -0.49713920051219462 
1 37.918281555175781 31.972312927246094 10.158200263977051 0.06299397301039876 0.86949683106126507 0.48990511340338472 
1 38.183143615722656 35.628166198730469 12.218036651611328 -0.71445716444437246 0.011671059548779769 -0.69958183691625098 
1 38.122856140136719 35.798229217529297 19.681140899658203 -0.066551685116307421 -0.85407660208651115 0.51587210718989163 
1 38.183143615722656 35.628166198730469 12.218036651611328 -0.67347463296092724 0.7365919395927033 0.062162957500456979 
1 38.183143615722656 35.628166198730469 12.218036651611328 -0.057460106199368761 0.5032608772148971 0.86222202805336023 
1 37.927993774414062 37.862880706787109 16.046707153320312 0.046567890211155406 -0.49340704409233987 0.86855104653747417 
1 39.524532318115234 29.523765563964844 18.364009857177734 -0.051778933250666286 -0.072780125647237376 -0.99600300972547029 
1 37.942478179931641 26.187492370605469 16.051727294921875 0.36313675458921352 0.76579137882759396 0.53074971651405112 
1 38.192573547363281 28.458211898803711 19.84425163269043 0.58976457179711683 0.47180574568823036 -0.6554213058701529 
1 37.832950592041016 32.077789306640625 21.928329467773438 0.35992029043281276 -0.5434233256760983 -0.75838543870903063 
1 39.508037567138672 34.545768737792969 13.655744552612305 -0.34379379687336109 -0.55652448396866039 -0.75636388330935955 
1 39.252208709716797 29.140989303588867 13.125679969787598 0.04705562927929359 0.99412278956811662 0.097496907717299922 
1 39.273044586181641 34.657299041748047 18.698078155517578 0.048827494278104899 -0.99669902219765671 -0.064860889238096631 
1 37.832950592041016 32.077789306640625 21.928329467773438 0.32897842825757045 0.58926921560918311 -0.73792613809006424 
1 39.508037567138672 34.545768737792969 13.655744552612305 -0.59287043556449592 0.48435684488865177 -0.64335300842000842 
1 38.122856140136719 35.798229217529297 19.681140899658203 0.60695601161877044 -0.60207040977409021 -0.51876355079582648 
1 39.508037567138672 34.545768737792969 13.655744552612305 -0.36043942757618835 0.7566992413853677 0.5454261426951944 
1 39.508037567138672 34.545768737792969 13.655744552612305 -0.04654212581523242 0.022089414831660503 0.99867206242940132 
1 39.273044586181641 34.657299041748047 18.698078155517578 -0.30764873457570358 0.73320140339706108 -0.60643875055156904 
1 39.852916717529297 32.100357055664062 16.169357299804688 -0.14010673617049288 -0.69023111308494878 -0.7098951422633939 
1 39.524532318115234 29.523765563964844 18.364009857177734 0.096570449229087002 0.75771747463403272 -0.64539784394582256 
1 39.852916717529297 32.100357055664062 16.169357299804688 -0.097871128349782302 0.69396830843097901 -0.71332266831286539 
1 39.273044586181641 34.657299041748047 18.698078155517578 0.15919123177219333 -0.70195258976967401 -0.69420509465322977 
1 25.878646850585938 28.462942123413086 44.085422515869141 -0.61047942320110915 0.44515496554690015 0.65509688634352348 
1 24.727571487426758 29.30229377746582 45.320625305175781 0.31571375682789715 -0.72447875199027878 0.6127441241368401 
1 26.110713958740234 26.128351211547852 48.005058288574219 -0.05080145460789158 0.51106171477891082 -0.85804145348401528 
1 24.526376724243164 29.409128189086914 50.329044342041016 0.040129824157469837 -0.021308935105875778 -0.99896722994187559 
1 26.110713958740234 26.128351211547852 48.005058288574219 -0.36662557007824786 0.75919236353216812 0.53778494448918879 
1 24.727571487426758 29.30229377746582 45.320625305175781 -0.15666210404750028 0.68162346206882229 0.71473522448017268 
1 24.136247634887695 31.875093460083008 48.018405914306641 0.11468317421674672 -0.7249003791368468 0.67924017098433387 
1 24.727571487426758 29.30229377746582 45.320625305175781 -0.047639724098964956 0.99857379630878951 0.024100415208592182 
1 24.490005493164062 34.281902313232422 45.440807342529297 -0.099811053508523984 -0.67906937360190855 0.72725685932373985 
1 24.136247634887695 31.875093460083008 48.018405914306641 0.12898504083092677 0.66464235858842291 0.73594387993369614 
1 24.615568161010742 34.344966888427734 50.753242492675781 -0.018000884631645293 -0.99616584514469708 -0.085612949485633139 
1 24.490005493164062 34.281902313232422 45.440807342529297 0.02362735123396929 0.011866973632482578 0.99965040049532938 
1 24.490005493164062 34.281902313232422 45.440807342529297 0.34295775102951587 0.76998667230598827 0.53805251182382485 
1 26.07166862487793 37.832950592041016 47.922214508056641 -0.30833965518744139 -0.73860541848548567 0.59949036090897279 
1 25.735286712646484 28.371623992919922 51.662082672119141 0.087174289483710948 -0.52088843542651397 -0.84916186978215669 
1 24.526376724243164 29.409128189086914 50.329044342041016 0.5819827775357449 -0.49946611375735578 0.64173954830593372 
1 26.187492370605469 31.948274612426758 42.057518005371094 -0.32825489136137381 -0.59493371286891761 0.73369108185212184 
1 25.878646850585938 28.462942123413086 44.085422515869141 0.076368053135641947 0.86181614905582238 -0.50143877561160388 
1 26.109989166259766 31.948261260986328 53.880161285400391 -0.088682043612686737 -0.84649432939337255 -0.52495985127011568 
1 24.526376724243164 29.409128189086914 50.329044342041016 0.34101193233751803 0.54677183150183917 0.76469041204892607 
1 26.187492370605469 31.948274612426758 42.057518005371094 -0.3817332289069536 0.52478946914628255 0.76083884957422776 
1 24.615568161010742 34.344966888427734 50.753242492675781 0.35465920907457521 -0.56879133739913557 0.74208709725900723 
1 26.187492370605469 31.948274612426758 42.057518005371094 -0.094897895128068468 0.85205959414896049 0.51477066497516244 
1 25.774261474609375 35.658550262451172 44.299076080322266 -0.58326947557299902 -0.62523105906488408 0.51853914186433625 
1 25.683748245239258 35.623100280761719 51.618877410888672 0.098306372259569758 -0.84754906170693689 0.52153278437012329 
1 24.615568161010742 34.344966888427734 50.753242492675781 0.56902211708514105 0.68086475263988233 0.46112581675783004 
1 25.774261474609375 35.658550262451172 44.299076080322266 0.070209619192527217 0.51331590035664987 0.8553229774850446 
1 26.07166862487793 37.832950592041016 47.922214508056641 -0.089707891760148026 -0.5110353127490338 0.85486572236781555 
1 26.110713958740234 26.128351211547852 48.005058288574219 0.52760044002072115 -0.10321175962819634 -0.84319932896343841 
1 28.381320953369141 25.684164047241211 44.376224517822266 -0.66721250848794622 0.74082178285702027 -0.077527766392230468 
1 25.735286712646484 28.371623992919922 51.662082672119141 0.70501700465529793 -0.70892315169313613 0.01946761773670394 
1 28.185354232788086 25.907981872558594 51.729736328125 -0.48595724105858329 0.051618623878432128 -0.87245692015802534 
1 26.109989166259766 31.948261260986328 53.880161285400391 0.50375022892054133 -0.86060518947228448 0.074795820176501687 
1 28.18317985534668 28.406429290771484 54.187984466552734 -0.69589691098622253 -0.0098945901021400082 -0.71807352434590155 
1 26.187492370605469 31.948274612426758 42.057518005371094 0.6420002784160993 0.71941716849127146 -0.26509353102943178 
1 28.852563858032227 34.934719085693359 40.957061767578125 -0.66905489950296748 0.15732138526440836 0.72637147740640362 
1 26.07166862487793 37.832950592041016 47.922214508056641 0.49713839776056279 0.085783223241162151 0.86342032179143058 
1 28.155742645263672 38.19256591796875 51.541793823242188 -0.69314409565805934 -0.72047490698552441 0.021614140245938048 
1 26.110713958740234 26.128351211547852 48.005058288574219 0.75235169306555161 -0.39909343487223037 -0.52411006495132584 
1 28.92155647277832 24.637308120727539 46.046943664550781 -0.26426741256081854 0.51209129552658883 -0.81726693295661357 
1 26.110713958740234 26.128351211547852 48.005058288574219 0.76269697709093665 -0.32688178181473676 0.55806954929826635 
1 29.785829544067383 24.553245544433594 50.694160461425781 -0.18281247188462441 0.017781055404589987 -0.98298699594253647 
1 28.185354232788086 25.907981872558594 51.729736328125 0.68436080187967563 -0.57928318751138819 -0.44281066102483713 
1 28.381320953369141 25.684164047241211 44.376224517822266 0.02156377164047827 0.69317862220290416 -0.72044319795076195 
1 28.458208084106445 28.155740737915039 41.80743408203125 -0.74659449075504025 0.088912354157276774 0.6593112009153439 
1 28.18317985534668 28.406429290771484 54.187984466552734 0.00062035933362964942 -0.71281790638375397 -0.70134887715956229 
1 28.458208084106445 28.155740737915039 41.80743408203125 -0.51287616607621345 0.85660226936765815 0.056485311233471405 
1 26.109989166259766 31.948261260986328 53.880161285400391 0.76411275259406974 -0.53730361767012369 0.35698252584925172 
1 29.589031219482422 29.50189208984375 55.505519866943359 -0.63429965550996037 -0.49425685659357049 -0.59445277922656603 
1 29.523792266845703 29.636016845703125 40.475448608398438 -0.12516571075872732 0.98806281626190107 0.0898076609809179 
1 26.187492370605469 31.948274612426758 42.057518005371094 0.76579525289125938 -0.53074246209502041 -0.36313918761065689 
1 25.683748245239258 35.623100280761719 51.618877410888672 0.74075019672177933 0.077379905087023387 0.66730914600758218 
1 28.462600708007812 35.913383483886719 54.122222900390625 -0.5095675419193777 -0.85883179125780063 -0.052429710538595305 
1 28.462600708007812 35.913383483886719 54.122222900390625 0.45693439348920056 -0.64591596508633931 0.6115582769395238 
1 29.316638946533203 34.706127166748047 55.265262603759766 -0.72051481640553605 -0.61967579340440149 -0.31122389112778964 
1 28.852563858032227 34.934719085693359 40.957061767578125 -0.11667088209178321 0.69599922930270752 0.70850051381912382 
1 28.318185806274414 38.122547149658203 44.2021484375 -0.71803200607664497 -0.69547219068811095 0.027358183949755869 
1 28.155742645263672 38.19256591796875 51.541793823242188 0.088776895217030929 -0.65938870343357658 0.74654216268058904 
1 28.318185806274414 38.122547149658203 44.2021484375 -0.51579923067931432 -0.066491226002317549 0.85412532481793102 
1 28.318185806274414 38.122547149658203 44.2021484375 0.5348694443443468 0.60230453760748071 0.59257397975629023 
1 29.422813415527344 39.366443634033203 45.425949096679688 -0.75286451997782666 -0.34451286801160685 0.5608082545157248 
1 26.07166862487793 37.832950592041016 47.922214508056641 0.75838834315241921 0.3599219852037836 0.5434181498050058 
1 29.636009216308594 39.524543762207031 50.476219177246094 -0.65542143128731745 -0.58976325088351711 0.47180722262020325 
1 28.458208084106445 28.155740737915039 41.80743408203125 0.47180825952384442 0.65542122841468975 -0.58976264682366897 
1 29.316638946533203 34.706127166748047 55.265262603759766 0.052213495000870039 -0.99757345988281032 0.046053697758518843 
1 29.422813415527344 39.366443634033203 45.425949096679688 0.042156552304689426 0.031262136957269059 0.99862180223077801 
1 31.9793701171875 26.117532730102539 53.894935607910156 -0.52430292095473885 -0.37389795780786056 -0.76505343880374799 
1 28.185354232788086 25.907981872558594 51.729736328125 0.86752251805113223 0.047914951633122801 0.4950846776908151 
1 28.18317985534668 28.406429290771484 54.187984466552734 0.85451277718379948 -0.51522479692449108 -0.065964553085330141 
1 29.589031219482422 29.50189208984375 55.505519866943359 0.53771052423767884 -0.7613170029079579 -0.36230348219039377 
1 29.523792266845703 29.636016845703125 40.475448608398438 0.6816350641220692 0.72561503034785091 -0.094108804543411362 
1 31.901220321655273 32.166839599609375 40.147212982177734 -0.72646142396342117 0.65955534735130961 0.19297809013805584 
1 29.316638946533203 34.706127166748047 55.265262603759766 0.69058691535644201 -0.70485172524541284 0.16209181890841787 
1 31.814485549926758 32.156684875488281 55.851547241210938 -0.63923696715747136 -0.762559656026782 -0.099392508870809415 
1 31.948270797729492 37.942478179931641 53.812511444091797 -0.59579542918888917 -0.73270246369342718 0.32889953824110124 
1 28.462600708007812 35.913383483886719 54.122222900390625 0.86169634595732314 0.50161473695948777 -0.076564110579705122 
1 28.852563858032227 34.934719085693359 40.957061767578125 0.70933308877584667 0.65833374816669743 0.25187942590156903 
1 32.005683898925781 37.861137390136719 42.076713562011719 -0.86475613775300553 0.061303270763783183 0.49843628601072676 
1 28.155742645263672 38.19256591796875 51.541793823242188 0.8566016943292859 -0.056486220146917468 0.51287702639688459 
1 32.005683898925781 37.861137390136719 42.076713562011719 -0.57532881363475408 0.33530370997094811 0.74603497121873896 
1 29.636009216308594 39.524543762207031 50.476219177246094 0.53074397157218445 -0.36313874570735982 0.7657944162801591 
1 29.785829544067383 24.553245544433594 50.694160461425781 0.59103552154158356 -0.11334232510486283 -0.79864292998554243 
1 28.92155647277832 24.637308120727539 46.046943664550781 0.84927438728495908 -0.13959387037247814 0.50916261297957566 
1 28.92155647277832 24.637308120727539 46.046943664550781 0.99796371853736143 -0.026077347191555775 -0.058209865542991936 
1 34.559173583984375 24.489994049072266 45.718109130859375 -0.53804824003088614 0.34295931863794049 -0.76998895911504184 
1 32.077785491943359 26.071664810180664 42.167049407958984 -0.60659999291151456 -0.27567098343358609 0.7456822094515263 
1 31.902442932128906 24.147344589233398 47.834064483642578 0.77827062443139328 0.10037675775812231 -0.61985429065961661 
1 32.077785491943359 26.071664810180664 42.167049407958984 -0.85492902814970384 -0.089622299148276754 0.51094441999338791 
1 32.077785491943359 26.071664810180664 42.167049407958984 -0.86342001069963581 0.49713893559155065 -0.085783237537067611 
1 32.077785491943359 26.071664810180664 42.167049407958984 -0.5434151128826975 0.75838993804028165 -0.35992320982390513 
1 31.901220321655273 32.166839599609375 40.147212982177734 0.77796620194322053 0.62022731513676277 0.10043239612935236 
1 34.555721282958984 34.283119201660156 40.489898681640625 -0.99026241083754019 0.1131399370538098 0.081115425941572145 
1 29.316638946533203 34.706127166748047 55.265262603759766 0.99835153418742328 -0.029543708345047891 0.049207555139844941 
1 34.281902313232422 34.559192657470703 55.509994506835938 -0.71296999463575073 -0.69421428349928105 0.098693035897561038 
1 34.555721282958984 34.283119201660156 40.489898681640625 -0.54587154045939112 0.76592535959072439 0.3396801508070656 
1 31.948270797729492 37.942478179931641 53.812511444091797 0.52479060512224929 -0.76083839493870253 0.38173257335800165 
1 29.422813415527344 39.366443634033203 45.425949096679688 0.69407677951591606 0.13332022475250144 0.70744833154708675 
1 31.954660415649414 39.852767944335938 48.006572723388672 -0.68127800257210769 -0.096440514752808251 0.72564420367393034 
1 29.785829544067383 24.553245544433594 50.694160461425781 0.99984380586071375 0.016466771224851236 -0.0064194491501919993 
1 34.4879150390625 24.630685806274414 50.663970947265625 -0.66920411728858609 -0.12510439839273479 -0.73247166423473076 
1 31.9793701171875 26.117532730102539 53.894935607910156 0.57637028626062392 -0.34162210117887903 -0.74235546276832531 
1 34.481136322021484 29.383953094482422 40.629714965820312 -0.67442775771053232 0.72748721483538881 -0.12613307211271862 
1 29.523792266845703 29.636016845703125 40.475448608398438 0.99822784870205361 -0.050756423866547648 0.031063604297458827 
1 34.250057220458984 29.325471878051758 55.417415618896484 -0.99910623630777373 0.037816251995845485 0.018885435020185897 
1 31.814485549926758 32.156684875488281 55.851547241210938 0.64778942888890501 -0.75301822272857777 -0.11546606453188023 
1 32.005683898925781 37.861137390136719 42.076713562011719 0.50725997423986591 0.38183380457844218 0.77258673572313086 
1 34.164596557617188 39.486232757568359 45.364864349365234 -0.99959817035755227 -0.02525231228978211 0.012877054859444651 
1 34.164596557617188 39.486232757568359 45.364864349365234 -0.63803898515071233 0.10582375397461719 0.76269757212316391 
1 34.250057220458984 29.325471878051758 55.417415618896484 -0.53873681798113293 -0.76110659471898201 -0.36121931347429215 
1 32.077785491943359 26.071664810180664 42.167049407958984 0.54976659884825696 0.75768607798567289 -0.35166531534615209 
1 29.636009216308594 39.524543762207031 50.476219177246094 0.98814965839906477 -0.089649477904238148 0.12459222976297196 
1 34.938556671142578 39.043472290039062 51.144798278808594 -0.71954481833626027 -0.26492938818665873 0.64192497511818392 
1 34.164596557617188 39.486232757568359 45.364864349365234 0.17881583075745466 -0.0035486810733914992 0.98387616371836173 
1 34.754520416259766 39.474525451660156 48.610729217529297 -0.96908886806343619 0.13091747051665431 -0.20911093158667973 
1 34.754520416259766 39.474525451660156 48.610729217529297 -0.93950519953162537 0.0091808850259084869 0.34241158187652149 
1 34.4879150390625 24.630685806274414 50.663970947265625 0.01440039130261583 -0.02843190748540823 -0.99949199865085103 
1 32.077785491943359 26.071664810180664 42.167049407958984 0.84138032215190928 0.53400895322020969 -0.083148008852920313 
1 35.850124359130859 28.465900421142578 41.794254302978516 -0.67832382741267117 0.45488856459347138 -0.57702095193009773 
1 34.481136322021484 29.383953094482422 40.629714965820312 0.015216053765979936 0.99947729352235437 -0.028523874929966071 
1 34.281902313232422 34.559192657470703 55.509994506835938 -0.006083534822320171 -0.99982508571787476 -0.017685829732018238 
1 31.948270797729492 37.942478179931641 53.812511444091797 0.85206074433627077 -0.51476907852049392 0.094896173580823279 
1 35.658550262451172 35.700927734375 54.225734710693359 -0.62522986556088667 -0.51853988453920363 0.58327009468408797 
1 34.938556671142578 39.043472290039062 51.144798278808594 0.15643474360528917 -0.72624271502779103 0.66940248719452056 
1 32.005683898925781 37.861137390136719 42.076713562011719 0.85093035462863742 0.069034524562115243 0.52072235019256108 
1 35.855915069580078 38.173500061035156 44.432842254638672 -0.72431576610813619 0.56218446263036514 0.39914320856578667 
1 34.754520416259766 39.474525451660156 48.610729217529297 0.071413561073593479 -0.16726617971548621 0.98332198613586119 
1 34.559173583984375 24.489994049072266 45.718109130859375 0.51853922308487566 0.58326935182567907 -0.62523110714629804 
1 35.700923919677734 25.774271011352539 44.341438293457031 -0.855324352913854 0.070206580183667086 -0.51331402417176486 
1 35.914093017578125 25.878402709960938 51.537380218505859 -0.68351527488754116 -0.59798536736120433 -0.41859332223208578 
1 31.9793701171875 26.117532730102539 53.894935607910156 0.85664476719819971 -0.052061983936395204 -0.5132731170249899 
1 31.9793701171875 26.117532730102539 53.894935607910156 0.84544619046964131 0.52509019925631539 0.097473184339765997 
1 35.624660491943359 28.381551742553711 54.315208435058594 0.077172799148950075 -0.66742677627025926 -0.74066582031912676 
1 35.700923919677734 25.774271011352539 44.341438293457031 0.040228649093809771 0.72573924992386363 -0.68679268845266161 
1 34.250057220458984 29.325471878051758 55.417415618896484 0.68769889209804447 -0.4722328579285805 -0.5514221265960656 
1 34.555721282958984 34.283119201660156 40.489898681640625 0.51160131679984044 0.63264765831629655 0.5813957628634524 
1 35.676528930664062 35.669113159179688 41.76361083984375 -0.85627973372868516 0.51132257248187074 0.073035912235379169 
1 35.676528930664062 35.669113159179688 41.76361083984375 0.048951745867776314 0.68340905219891179 0.72839260975732156 
1 34.4879150390625 24.630685806274414 50.663970947265625 0.75061127843891307 0.33826464241166693 -0.56759117362271194 
1 37.942478179931641 26.187492370605469 48.051727294921875 -0.76084040346877158 -0.38173486046451588 -0.52478602949736919 
1 37.918281555175781 31.972312927246094 42.158199310302734 -0.75274267300992548 -0.56685672762160699 -0.33474156984156522 
1 35.850124359130859 28.465900421142578 41.794254302978516 0.50601657235821895 0.85791488239173208 0.089046521940050805 
1 37.918281555175781 31.972312927246094 42.158199310302734 -0.76284305174632083 0.52423818985003356 -0.37847694606821208 
1 37.832950592041016 32.077789306640625 53.928329467773438 -0.51082265570576535 -0.8550153299708172 0.089493016110776341 
1 34.250057220458984 29.325471878051758 55.417415618896484 0.75317165951821696 0.578573591291629 -0.31302563913916398 
1 34.281902313232422 34.559192657470703 55.509994506835938 0.76998690577579831 -0.53805184781334148 -0.34295826859613809 
1 35.658550262451172 35.700927734375 54.225734710693359 0.51331591658428577 -0.85532300452467047 -0.070209171139708482 
1 34.938556671142578 39.043472290039062 51.144798278808594 0.6955499503421968 -0.70886192706163442 0.11715389426491028 
1 38.122856140136719 35.798229217529297 51.681140899658203 -0.69542085544786902 -0.027458231246462933 0.71807790618077783 
1 37.942478179931641 26.187492370605469 48.051727294921875 -0.51476878320901431 -0.094895519626864183 -0.85206099557969328 
1 35.914093017578125 25.878402709960938 51.537380218505859 0.5014911812536853 0.076418296636559427 -0.8617812013869588 
1 35.624660491943359 28.381551742553711 54.315208435058594 0.72041291468346369 0.021506556262716293 -0.69321187265870954 
1 38.192573547363281 28.458211898803711 51.844253540039062 -0.65936194408223903 -0.74656244803504623 -0.088805055486774795 
1 37.918281555175781 31.972312927246094 42.158199310302734 -0.51636995208788228 0.85152863780311505 -0.09089032721873877 
1 35.855915069580078 38.173500061035156 44.432842254638672 0.49603047222020663 -0.074358500287149562 0.86511535881872115 
1 37.927993774414062 37.862880706787109 48.046707153320312 -0.7683489408844395 0.3314294923037559 -0.54753483603605957 
1 37.927993774414062 37.862880706787109 48.046707153320312 -0.88062211067546192 0.44722291215785076 0.15651314651027148 
1 37.927993774414062 37.862880706787109 48.046707153320312 -0.66965319199416584 0.26446012906608379 0.69399239375253619 
1 37.942478179931641 26.187492370605469 48.051727294921875 0.30047044444340315 0.67757337554109109 -0.67127627157068137 
1 39.252208709716797 29.140989303588867 45.125679016113281 -0.71656981039802914 -0.67932842082902223 -0.15824223039403748 
1 39.252208709716797 29.140989303588867 45.125679016113281 -0.70741309371452821 -0.14037474255491694 -0.69272046778905061 
1 38.192573547363281 28.458211898803711 51.844253540039062 -0.056487946230894183 -0.51287748322392934 -0.85660130698738923 
1 39.252208709716797 29.140989303588867 45.125679016113281 -0.30928289475191817 0.65646760643800361 -0.68803660710127346 
1 37.832950592041016 32.077789306640625 53.928329467773438 0.085785044072672595 -0.86341987590166258 -0.49713885797773572 
1 37.918281555175781 31.972312927246094 42.158199310302734 0.062993966010522956 0.86949673444297704 0.4899052857841647 
1 38.183143615722656 35.628166198730469 44.218036651611328 -0.71445716444437246 0.011671059548779769 -0.69958183691625098 
1 38.122856140136719 35.798229217529297 51.681140899658203 -0.066551685116307421 -0.85407660208651115 0.51587210718989163 
1 38.183143615722656 35.628166198730469 44.218036651611328 -0.67347465606897694 0.73659196486641421 0.062162407667401713 
1 38.183143615722656 35.628166198730469 44.218036651611328 -0.057460106199368761 0.5032608772148971 0.86222202805336023 
1 37.927993774414062 37.862880706787109 48.046707153320312 0.046567890211155406 -0.49340704409233987 0.86855104653747417 
1 39.524532318115234 29.523765563964844 50.364009857177734 -0.051778923899160126 -0.07278011250282225 -0.99600301117211565 
1 37.942478179931641 26.187492370605469 48.051727294921875 0.36313675458921352 0.76579137882759396 0.53074971651405112 
1 38.192573547363281 28.458211898803711 51.844253540039062 0.58976424534676952 0.47180548453122478 -0.65542178761223036 
1 37.832950592041016 32.077789306640625 53.928329467773438 0.35992029043281276 -0.5434233256760983 -0.75838543870903063 
1 39.508037567138672 34.545768737792969 45.655742645263672 -0.34379385050196715 -0.55652457078125728 -0.75636379505748974 
1 39.252208709716797 29.140989303588867 45.125679016113281 0.047055630084049525 0.99412280656982777 0.097496733971563485 
1 39.273044586181641 34.657299041748047 50.698078155517578 0.048827494278104899 -0.99669902219765671 -0.064860889238096631 
1 37.832950592041016 32.077789306640625 53.928329467773438 0.32897842825757045 0.58926921560918311 -0.73792613809006424 
1 39.508037567138672 34.545768737792969 45.655742645263672 -0.59287076111469028 0.48435711085311139 -0.64335250817985834 
1 38.122856140136719 35.798229217529297 51.681140899658203 0.60695601161877044 -0.60207040977409021 -0.51876355079582648 
1 39.508037567138672 34.545768737792969 45.655742645263672 -0.36043934203771216 0.75669906180762148 0.54542644836025944 
1 39.508037567138672 34.545768737792969 45.655742645263672 -0.046542108256613195 0.022089406498142918 0.99867206343203052 
1 39.273044586181641 34.657299041748047 50.698078155517578 -0.30764873457570358 0.73320140339706108 -0.60643875055156904 
1 39.852916717529297 32.100357055664062 48.169357299804688 -0.14010671404724595 -0.69023100409551841 -0.7098952526001111 
1 39.524532318115234 29.523765563964844 50.364009857177734 0.096570449229087002 0.75771747463403272 -0.64539784394582256 
1 39.852916717529297 32.100357055664062 48.169357299804688 -0.097871090561402502 0.69396804048742444 -0.71332293417102899 
1 39.273044586181641 34.657299041748047 50.698078155517578 0.15919123177219333 -0.70195258976967401 -0.69420509465322977 
Polygon3D 0
PolygonOnTriangulations 0
Surfaces 250
1 25.641608700157501 27.741519750239867 14.061385225816956 0.75225991693703553 0.58469143013650471 0.30371195053012523 -0.61367924362441306 0.78955543563740238 0 -0.23979742140909824 -0.18638172008102241 0.95276390102962383 
1 25.097887601579522 28.331761865886556 15.876567572893237 0.90765220677279579 0.41881940510492033 0.02752775777346524 -0.41897818129837872 0.90799630153206179 -1.7347234759768071e-18 -0.024995102247776901 -0.011533529887148772 0.99962103947044123 
1 24.48406440908909 30.096486392121083 15.843529330064177 0.98144512119676597 0.18844594659062311 0.035406204154490577 -0.18856417561378008 0.98206086963848405 0 -0.034771047642556722 -0.006676341698004711 0.99937300379156258 
1 24.46937618099555 31.793486321943732 14.164547592586041 0.98366326585420083 0.042707668550442446 0.1748789136975453 -0.1750386169542571 -8.6736173798840355e-19 0.98456156870697575 0.042048329143841184 -0.99908761129692014 0.0074754912364102671 
1 24.44339947010393 31.908595744887645 17.800221590500442 0.98547045894899576 -0.0032131667622266671 -0.16981651892031555 0.16981739555738845 0 0.98547554620401701 -0.0031664972700499176 -0.99999483776635489 0.00054565161105289901 
1 24.43296485812057 33.609724253160493 16.092476136707038 0.98561058132994539 -0.16768387634427998 -0.021304919258314698 0.16772194512523186 0.98583434162307859 0 0.02100312105035352 -0.0035733024987405532 0.99977302444874794 
1 25.036949278663545 35.434894062098707 16.051353115990093 0.91770921336023958 -0.39688979579883066 -0.016979096103530329 0.39694701779248515 0.91784152502796057 0 0.015584119461260581 -0.0067398015631083691 0.99985584475738665 
1 25.525288519207411 27.777690474127606 17.789986661566225 0.78006725151981537 0.56585641568696043 -0.26702359433620604 -0.58717681056271465 0.80945870378753604 1.387778780781446e-17 0.21614457255207423 0.15679006246732563 0.96368999168185476 
1 25.65376987759231 30.145089498468963 11.632616320643361 0.78781984761520307 0.25609854631210488 0.56013696742884667 -0.57946161916364158 0 0.81499952878283977 0.20872019456633581 -0.9666506786718907 0.14839927831146718 
1 25.515947368786353 30.139098748716872 20.151419831974867 0.8059026511334435 0.24875315711654103 -0.53725485918755622 0.55469049318348573 1.387778780781446e-17 0.83205676295061837 0.20697674668413565 -0.96856691396338401 -0.13798101140192323 
1 25.114571130272903 31.842067593452612 12.31604097357709 0.90218038521264687 0.03266003315093538 0.43012076765966545 -0.43035035147461748 0 0.90266193837209807 0.029480968831320311 -0.9994665188162033 0.014055256745677699 
1 25.063745005506497 31.861450214521149 19.608456075238362 0.90784007082399731 0.019592917716395257 -0.41885859592664232 0.41893901530776656 -8.6736173798840355e-19 0.90801437293302745 0.017790650894181043 -0.99980804036342841 -0.0082082376551127229 
1 25.551525768835791 33.758723685008732 11.747521962219182 0.78117210840354812 -0.25679316674564112 0.56905835075596667 -0.58880304659564386 0 0.80827654445721009 -0.20755989345739095 -0.96646638302257859 -0.15120059892477666 
1 25.546503891943022 33.74316980940776 20.29312442421362 0.77715029228535204 -0.26195906437874011 -0.57220177541720985 0.59290667801403985 -1.387778780781446e-17 0.80527117865123909 -0.21094808453064387 -0.96507898567413397 0.1553172786364648 
1 25.497371409504357 36.104659571848124 14.10167912379614 0.80363054776283538 -0.53708240339356661 0.25635997087571105 0.55565150971281974 0.83141529920603718 -1.3877787807814457e-17 -0.21314160189008027 0.14244680484702335 0.96658138060517418 
1 25.52170900527322 36.152059436032808 17.826688089164474 0.81770889074196362 -0.52781023723196563 -0.22971400365385536 0.54231266730837391 0.84017674978356616 0 0.19300036496966644 -0.12457681403960785 0.97325817567864115 
1 26.758682000586514 26.755944712326087 13.555645682055212 0.67900726768021946 0.64770577135873952 0.34558119767432849 -0.69023174201146897 0.72358837906631213 0 -0.25005853866096217 -0.23853111207716157 0.9383888510708005 
1 26.656115986327027 26.781828798096164 18.382603207349845 0.67253335791693192 0.6596125677154917 -0.33557434794803948 -0.70021545399487206 0.71393159195174671 0 0.23957712844871318 0.23497434439746961 0.94201372442191533 
1 26.654906739848066 29.640666017509002 21.255091635409613 0.67372194242474226 0.33721036609535682 -0.65756209843121882 0.69847208156140084 0 0.71563730428149419 0.24132031736825693 -0.94142932235927068 -0.23553202633070591 
1 26.936138789149179 34.212967106096769 10.455896170688723 0.65550216706122444 -0.33569004203461933 0.67648289309991738 0.71815566932522334 0 -0.6958824862116022 0.23360082104752811 0.94197250261289234 0.24107770682318436 
1 26.614108739110023 37.226838792160208 18.291351216469533 0.67687724335864963 -0.66092222765939646 -0.32406636111904091 0.69862392083644609 0.71548907555259778 -2.7755575615628901e-17 0.23186594113475695 -0.22640051181618398 0.94603435116863677 
1 27.631008437328308 25.561194342899643 14.301660081144101 0.59474608027025644 0.75361558689403452 0.27989399277856186 0.78499095929371487 -0.61950721854320101 0 0.17339634895319764 0.21971425389179139 -0.96003091242234206 
1 28.326959392100523 25.087263122079538 16.347539173001525 0.43240615846441799 0.89939418291136908 -0.064148405024875912 0.90125042529907662 -0.43329859323361919 -3.4694469519536134e-18 -0.027795413655459164 -0.057813777310926837 -0.99794037002857261 
1 27.861591760645656 25.571328114792216 17.924232993994455 0.52840749181720315 0.81249358300183683 -0.24625129476266697 0.83830844040457064 -0.54519625709138564 -1.3877787807814454e-17 -0.13425528420851357 -0.20643453886009755 -0.96920601516277749 
1 27.569252413539218 27.419100335956276 11.441816526586111 0.57699658020885891 0.57985955172341974 0.57518505431069455 0.70885454853396601 -0.70535468313658156 2.7755575615628914e-17 0.40570947172821742 0.40772254199689212 -0.81802332075412343 
1 27.36860909521625 27.564202816077159 20.529439078965432 0.58709028789374407 0.56801640834210454 -0.57678622878409314 0.70081914229126885 -2.775557561562892e-17 0.71333900061480604 0.40518825705956846 -0.82301722937866595 -0.39807677210168091 
1 26.840768431702202 29.599249681698595 10.612429802813724 0.64476158355824753 0.34092681226859733 0.68414282795614656 0.72774196497248678 -2.7755575615628914e-17 -0.68585102786099539 -0.23382500461979008 0.94008984074734725 -0.2481067482721552 
1 27.794810155020738 30.157391173588046 22.475103818648588 0.54959319005309426 0.25248896980990748 -0.79636464359713699 -0.82303103624856966 0 -0.56799640260445816 -0.1434128265493331 0.96759977269754038 0.20780625846398199 
1 27.996065422766215 32.87269618611338 9.2200635919149665 0.44963406439744852 -0.073221744403863614 0.89020659640326549 0.89260262274428825 3.469446951953615e-18 -0.45084427230477048 0.033011604072645792 0.99731568530052483 0.065357921096800567 
1 26.749159616588127 34.423858327470704 21.24013614630206 0.6482184879398204 -0.34310656420272712 -0.67977251893115898 -0.72370388926493678 0 -0.69011062929272737 0.23678148693640957 0.93929648439723223 -0.24830755494584333 
1 27.734078744079387 33.920843237989018 22.352126051427472 0.58416436910428449 -0.30057456553454859 -0.75392766259284505 -0.7904808249471813 -2.7755575615628907e-17 -0.61248678793164479 0.18409795017820529 0.95375831873369132 -0.23759843052189061 
1 27.696876758942011 36.183920715103717 11.062406939598374 0.553507470652018 -0.54674796361604627 0.62824847330822231 0.75032908865706482 0 -0.66106448907429494 0.36143566322025283 0.83729723771293241 0.41024090126513402 
1 27.418910743940295 36.557611149426066 20.43111616137945 0.57986923890097852 -0.5751818404919109 -0.5769900485664704 0.70534474998558161 0 0.70886443250298392 -0.40772594894632025 -0.81802558050976493 0.4057014914780136 
1 26.707478092144452 37.230233348042077 13.550167073513174 0.65945804902723271 -0.66722677571009414 0.34629974205694675 -0.71123522353738422 -0.70295409295325062 0 0.24343282106758565 -0.24630057445281101 -0.93812391966695552 
1 27.739352077531414 38.378041918248918 14.075610283878511 0.56414267010594121 -0.77667243871949909 0.2802195044946823 -0.80908777113148 -0.5876878241085941 -2.7755575615628907e-17 0.16468159086926829 -0.22672217431917022 -0.95993595062418358 
1 27.78663961434146 38.464781928002282 17.766088154101908 0.54995008500167608 -0.8008410909612057 -0.23708321542174873 -0.82434366824444671 -0.566089671894206 2.7755575615628907e-17 -0.13421035962972111 0.19543804747995264 -0.97148934578063428 
1 27.974847568682275 30.035231501827564 9.5227773891873948 0.51892197190301026 0.25693415762645094 0.81529431846485823 0.84361540697287796 1.3877787807814454e-17 -0.53694789795471354 -0.13796025585028787 0.9664289102902428 -0.21675361395127199 
1 28.226838407403676 30.927126634721436 9.1396091633262646 0.47061509356511044 0.15986316713498999 0.8677356749046754 0.87904085798956122 -1.387778780781446e-17 -0.47674644202655148 -0.076214196142702417 0.98713918359751596 -0.14052625559927026 
1 28.395079506518524 32.045321821096806 22.909312215017671 0.41128873750983402 -0.02054221028970294 -0.91127360984173167 -0.91146594142838455 8.6736173798840355e-19 -0.41137554328869497 0.0084505629182771661 0.99978898653486559 -0.018723525040723936 
1 28.416838933012169 38.926894342623754 15.963885799404109 0.42255943796400908 -0.90627400868812757 0.01053292760311973 -0.90632428505256424 -0.4225828798282748 0 0.0044510348795490633 -0.0095462480794079093 -0.99994452717943683 
1 30.154227048610547 25.584785626045349 20.270013997883879 0.28314001814248135 0.77077473977887478 -0.57073464118194484 -2.7755575615628914e-17 0.59508642018842739 0.80366171521811502 0.95907858391597678 -0.22754879262727468 0.16849277980849561 
1 29.542005188023172 26.788755286454002 21.297199392522717 0.34532405100864755 0.65835691004360264 -0.66881797134408461 0 -0.71265820202671049 -0.70151143047284437 -0.93848351066759672 0.24224876899975381 -0.24609801730840283 
1 30.124126123499629 27.819008687175554 22.46591795199301 0.28251014788500456 0.56756110114499791 -0.77334495072320109 -2.775557561562892e-17 -0.80618547224413117 -0.59166289755443291 -0.95926430994903222 0.16715077268617318 -0.2277555769864317 
1 29.939305380668689 32.976438754811802 8.5715561050608908 0.17171787799688035 -0.097685101080517076 0.98029107483600897 0.98500197111290122 0 -0.1725430870933384 0.016854888903457224 0.99521737375655239 0.096220017112672321 
1 30.132700708316523 32.133512490861293 23.519073081181507 0.1942836844846037 -0.035087806148332998 -0.98031765045967834 -0.98092166931425762 0 -0.19440339161066719 0.0068211885194135562 0.99938423334556226 -0.034418389379597875 
1 30.149953875313592 36.377104033652934 22.343126187856846 0.25737992686348166 -0.56211009122319822 -0.78599479552526097 0 -0.8133979375499214 0.58170765440170547 -0.96631028828619481 -0.14971987354583841 -0.2093523016775056 
1 29.707950051319457 36.954410564122007 10.403770695527832 0.3496606407298361 -0.6389138507115657 0.68522005785975038 -2.7755575615628914e-17 0.73138787500618074 0.68196171175069886 -0.93687642532214488 -0.23845516908396519 0.25573755299669443 
1 29.599038021144086 37.387117083129397 21.159532613517481 0.34094499684024299 -0.68410868251719947 -0.64478819749913874 0 0.68588414945689646 -0.72771074852841755 0.94008324585092296 0.24810933885763217 0.23384876916935432 
1 30.144598316994728 38.393601879894639 11.713016342539305 0.26615114722866173 -0.78572341371331245 0.55839258946691439 0 -0.57928670305300822 -0.8151238652290681 0.96393130814849415 0.21694615186417754 -0.15417782059186724 
1 30.107553530203081 38.492063480477462 20.125769660306659 0.28786158270972217 -0.7726063411841837 -0.56587556119861071 2.7755575615628914e-17 0.59088659362709062 -0.80675463027600514 0.95767202590440847 0.23223366472964757 0.17009355004345078 
1 30.119605690363453 24.46077311781713 16.216616346777545 0.17024994766619375 0.98530372115854326 -0.01383952278028352 0.98539809350396235 -0.17026625419840682 0 -0.002356403703692396 -0.013637439362696038 -0.99990422921858579 
1 31.793551786630879 25.043623353142344 12.706574401369423 0.046270753685605202 0.92412441107955356 0.37927969916703208 0 -0.37968636791377858 0.92511526958560297 0.99892893508665881 -0.042805780769787687 -0.017568374407520522 
1 31.774197798432006 24.44930675737163 14.420495496773135 0.037540472978120444 0.97793722196641952 0.20549818194130315 8.6736173798840374e-19 -0.20564313814260418 0.97862704833601544 0.99929510800792931 -0.036738122263715957 -0.0077199406705783227 
1 30.072210114665179 25.515842456468789 11.990002165411719 0.1939566660893412 0.85829809286453651 0.47508440877870051 0 -0.48428085492663314 0.87491259766420626 0.98101009764400893 -0.16969513056251459 -0.093929500072465685 
1 29.708772628969978 26.614256475932528 10.77289844460025 0.32405522678668341 0.67686083661294505 0.66094448923631666 0 -0.69864463565800072 0.71546884842479319 0.94603816518797545 -0.23185141993510353 -0.22639944585145316 
1 30.319429773552912 27.677062882989233 9.5684033457628708 0.24622852182321217 0.5636914676024557 0.78843100166910329 1.3877787807814457e-17 0.81347647740305518 -0.58159781697657409 -0.96921180091905401 0.14320597076974892 0.20030111056890793 
1 30.35872597387074 31.025547193250976 8.4139558072755793 0.14432769373924226 0.036057328114918533 0.98887278550333491 0.98951624504522284 0 -0.14442160777253008 -0.0052074572983381862 0.9993497231145928 -0.035679311922637735 
1 31.676557635114303 33.923493584134043 8.5663346683661903 0.053956215377427702 -0.22520555513333354 0.97281611045419669 0 0.97423527661701703 0.22553409009496689 -0.99854330242716316 -0.012168965940116218 0.052566048413435623 
1 31.787646015561325 33.906058588856538 23.52306716361614 0.042966491735631468 -0.18373775352106164 -0.98203580307388261 8.6736173798840355e-19 -0.9829435377871244 0.18390758962732384 -0.99907651388065977 -0.0079018639298423128 -0.042233635392922839 
1 31.81823270371034 35.602999274229923 9.1363662819799814 0.03135235442356913 -0.3864535733439135 0.92177582172772332 0 0.92222919504312495 0.38664364964410036 -0.99950839409786807 -0.012122188739264123 0.028914056582754918 
1 31.84966509285249 35.692673512763832 22.88327031303966 0.03171230449202396 -0.43066225750881182 -0.90195584686902441 0 -0.90240972431981648 0.43087897309225082 -0.99949703838671045 -0.013664165193912059 -0.028617491954193424 
1 30.234491325888865 39.56328127143999 15.94175555439868 0.16503277292644811 -0.98599846203103991 0.023900140849618251 -0.9862801921434331 -0.16507992786984363 4.3368086899420168e-19 0.0039454335275340841 -0.023572235509416603 -0.99971435083596183 
1 32.092355443349923 24.456170880286756 17.807100919835197 -0.017255269280701695 0.98807614515739595 -0.15299603606940665 0 0.15301881800713152 0.98822327504248786 0.99985111675791549 0.017052058720315063 -0.0026403809097277397 
1 32.101065247334475 25.084033299964556 19.715721536292346 -0.017628031114385066 0.90301692490965246 -0.42924315468711388 0 0.42930986334919935 0.90315726273506325 0.99984461418713977 0.015920884328676541 -0.0075678876288320851 
1 32.119041833682466 30.210938313932637 8.4536658831639038 -0.020229810444892946 0.15256262968380568 0.98808673647272782 -4.3368086899420177e-19 0.98828898344347971 -0.1525938570331512 -0.99979535644518958 -0.0030869448028357427 -0.019992898799837535 
1 31.914843081969504 30.246768783192987 23.579570436283372 -0.013404209606951305 0.14027719902201902 -0.99002153239177071 2.1684043449710089e-19 -0.99011048436645077 -0.14028980272148145 -0.99991015954675289 -0.0018804739213965852 0.013271648466487989 
1 31.841913863127363 38.918435513301645 12.319863355202608 0.028333851906261733 -0.90339222009949871 0.42787812458672514 0 -0.42804997988048177 -0.90375506345708478 0.99959851582330506 0.025606862127527216 -0.012128304738411885 
1 31.823566145287028 39.5537724035187 14.1788126084134 0.026984380579953386 -0.98682972723270435 0.15949587033695481 0 -0.15955397106961611 -0.98718920694865597 0.99963585530167742 0.026638689264724888 -0.0043054650783853924 
1 31.918822691017681 28.343356752629361 22.952800729982208 -0.00082578914552855238 0.42923655241782271 -0.90319172944660475 0 -0.90319203740249743 -0.42923669877204784 -0.99999965903608545 -0.00035445900670846603 0.00074584618081480062 
1 32.15576440279677 28.277812558345556 9.1028541070769773 -0.023794429071676799 0.43502987577301172 0.90010156778558659 -1.7347234759768075e-18 0.90035648347307884 -0.4351530795800389 -0.9997168724919836 -0.010354219087388967 -0.021423468485224518 
1 32.1641325320372 38.874334107788997 19.728730711347239 -0.03088799035622438 -0.91124527012562706 -0.41070426066139948 0 0.41090032084926725 -0.91168027637213322 0.99952285219086112 -0.028159971584542431 -0.012691885147761673 
1 33.626425394450926 39.603105463594687 15.274776063892125 -0.13841896589011216 -0.99013849582951396 0.021585850883845712 -0.99036925347400073 0.13845122525044976 0 -0.0029885875029419416 -0.021377963025435372 -0.99976699837593175 
1 32.074742109151707 39.594742306562857 17.152039797608989 -0.086172364374096172 -0.97382559599735319 -0.21032839132788944 0 0.21111368281864007 -0.97746151480595422 0.99628024351493494 -0.084230169815514691 -0.01819216520020522 
1 33.742794170326349 24.438718164644104 16.130296663422396 -0.15154750545322762 0.98798582373123223 -0.030288045447378214 0.9884393079151389 0.15161706555741414 0 0.0045921845722010817 -0.029937894680108795 -0.9995412119082322 
1 33.911798642994626 27.760730420598996 9.6038797245307599 -0.28156036423254149 0.56444638132141878 0.77596652241343123 -2.7755575615628914e-17 0.80868299201578897 -0.58824469264447365 -0.95954351714408381 -0.16562638991883749 -0.22769307778062697 
1 33.737596702589045 31.891200911639565 8.4380004166509721 -0.15185944737125659 0.030506465755679339 0.98793120397687317 0.98839123144070729 8.6736173798840355e-19 0.15193016030769613 0.0046348522326816032 0.99953456946075536 -0.030152323255159669 
1 33.555194441477191 31.97304814460059 23.575569887024635 -0.1546654281596451 0.018414832372451312 -0.98779527194702055 -0.98796279823219157 4.3368086899420177e-19 0.15469165882237432 0.0028486209666304528 0.99983043259779536 0.018193169319663749 
1 33.75872284478649 36.252478205363943 22.448474704549831 -0.25679329760924774 -0.5690590829739306 -0.78117153198758948 0 -0.80827597712088139 0.58880382540306631 -0.96646634825169597 0.15120087597019316 0.20755985354320802 
1 34.214104452943594 37.544595779159586 21.062730888243518 -0.33569764730015972 -0.67649411654201008 -0.65548668932418686 2.7755575615628907e-17 0.69586805721960021 -0.71816965052932946 0.94196979229545241 -0.24108786204507382 -0.23360126963995267 
1 33.833770274508467 38.439317237214944 11.778569075074879 -0.28540734818228475 -0.77146436489795167 0.56866983329182874 -2.7755575615628914e-17 -0.59334942840192673 -0.80494500173310402 0.95840630507293523 -0.22973721837722985 0.1693462869056683 
1 32.742355539938174 39.366879778892105 18.115531443180149 -0.068820489317152775 -0.98431595629849378 -0.16243718301648002 3.4694469519536142e-18 0.16282322720908179 -0.98665525726122794 0.9976290594455175 -0.067902097592058966 -0.011205574168726948 
1 33.898319126262585 25.49736768290704 11.895345397496829 -0.25636034726388851 0.80363092476921394 0.53708165962478804 0 -0.55565079761570124 0.8314157751143737 0.96658128077815508 0.21314203682899588 0.1424468314342178 
1 33.902632287201591 25.61123856953115 20.238328897193941 -0.30314684095924627 0.75422427576805395 -0.58244977007342358 0 0.61121100300402631 0.79146769347005697 0.95294385606730758 0.23993093099674884 -0.18528668472020296 
1 34.437574328067868 26.759855970479435 21.251637995033182 -0.34676449819110361 0.67853370046474515 -0.6475696102566052 0 0.69040788073912662 0.72342031918747496 0.93795222841798931 0.25085648396429272 -0.2394089423116865 
1 34.47913069340219 26.765710367411682 10.73917192450631 -0.34895201027539241 0.65427457524565369 0.67093760865812402 -2.7755575615628914e-17 0.71594124973542128 -0.69816053091483432 -0.93714059485477552 -0.24362452075766672 -0.24982913833425199 
1 33.742398437387237 27.743142515846905 22.470323786307326 -0.25363925165732437 0.55539653055041216 -0.79196074642072856 0 -0.81873427120669295 -0.57417261616315829 -0.96729888349915538 -0.14563271268575162 0.20766314785507045 
1 33.856835321933623 36.123228690836847 9.4974195951373392 -0.25173067329893467 -0.53660029740836335 0.80541404814028483 -1.3877787807814457e-17 0.83221354804627101 0.5544552375514521 -0.96779732801887053 0.13957339026294779 -0.20949367677818312 
1 34.439084219290052 37.265129151425661 10.750207894088074 -0.34581327297194464 -0.67256552362436395 0.65426966662708463 0 -0.69729013040802068 -0.71678900245160393 0.93830335192646064 -0.24787515096808443 0.24113218220743177 
1 35.628485358246976 25.086692851347518 16.159748609688297 -0.4305774398901504 0.90199106528559858 -0.031861989934641843 0.90244925871129866 0.43079616462014536 0 0.013726023061009382 -0.028753829197584391 -0.99949227790784101 
1 36.266302092733973 30.170761409778081 9.5825498613004516 -0.53554647777542486 0.23158217309314355 0.81213278917169307 0.83482728006194062 1.387778780781446e-17 0.55051195487871307 0.12748875482456698 0.97281534584188045 -0.1933311156741826 
1 35.617632090809686 31.864445975469614 9.0770801825940683 -0.4263193742345941 0.03228942769741866 0.90399623008682806 0.90446785537127883 0 0.42654178998086434 0.013772790287514651 0.99947856047990002 -0.029204749420650218 
1 36.110481426145164 30.184036369402936 22.492730864894977 -0.5137378785300426 0.22013537092718899 -0.82922482514104712 -0.85007780110813613 1.387778780781446e-17 0.52665712950947163 0.11593586255601616 0.97546933240709777 0.18713219206390874 
1 35.410095953037455 31.972770171276839 22.970964625462507 -0.39589936810486021 0.018649838648255593 -0.91810450050773995 -0.91826420810920628 -8.6736173798840335e-19 0.39596823623312566 0.0073847437155821448 0.99982607663452849 0.017125479317704889 
1 36.104659153480547 33.898324204189528 22.502627390776013 -0.53708335872494029 -0.25636077070914659 -0.80362965414558318 -0.83141455716274426 0 0.55565262002250837 -0.14244753391552684 0.96658116847030118 -0.21314207665304494 
1 36.185278041869871 36.937814605955211 20.302186482056754 -0.54684704153892938 -0.62807250437721962 -0.5536092867767376 -5.5511151231257815e-17 0.66123718968316636 -0.75017689845789604 0.83723253231113781 -0.41023201755255012 -0.36159560093375542 
1 36.252468572192122 25.55152383242164 14.241273861878161 -0.56905781824676716 0.7811725005626533 0.25679315383576923 0.80827694735436773 0.58880249352011482 0 -0.15120044929739535 0.20755998648387605 -0.96646638645277205 
1 36.286756171276927 25.614133765268512 17.861206218974829 -0.54753146908316319 0.79926900510976162 -0.24774653950052475 0.82498810660372845 0.56515008976589165 -1.3877787807814457e-17 0.14001397903791057 -0.20438794854016373 -0.9688248820945482 
1 36.558348365147921 27.569168283974367 20.580687466068589 -0.57519380865702152 0.57698457539528847 -0.57986281329168576 0 -0.70886386984829974 -0.70534531544747137 -0.81801716515158152 -0.40571025841061931 0.40773410911739871 
1 36.234928508774324 33.772866486956083 9.5372648201287031 -0.56667871379900236 -0.2601905110982915 0.78177754717152004 0.8096645821670565 1.3877787807814457e-17 0.58689289004404011 -0.15270396102051223 0.96555729914615107 0.21066704145223109 
1 36.143870919272267 38.466045743332785 14.165405422946673 -0.51683888767558406 -0.82588967520534862 0.22535263161425223 -0.84769470032978511 0.53048439659691771 0 -0.11954605480341407 -0.191030231524772 -0.97427726619506583 
1 35.692776217634687 38.898047506302525 15.280231169933918 -0.44057300539331579 -0.89442163088183479 0.076846425612257574 -0.89707433230723144 0.44187966949785662 0 -0.033956873151636001 -0.068936955946313286 -0.99704294133734273 
1 36.017986226274758 38.721223768140113 17.235090266687287 -0.46600475473137415 -0.87722746455637524 -0.11537566466003742 -0.88312503563634737 0.46913768920467308 0 0.054127072709063202 0.10189113796446278 -0.99332192969059863 
1 37.625350705828495 27.053084778466594 13.791191392676987 -0.68514129984532013 0.64296216172000731 0.34231718893827184 -0.68430481204149196 -0.72919608077447773 0 0.24961635255552417 -0.23424929963497595 0.93958445184953943 
1 37.034967913768206 27.845073377781393 11.820482162780484 -0.63844035539377353 0.54740747614563168 0.54105357189888492 -0.65090987324605232 -0.75915501507321159 -2.7755575615628914e-17 0.41074353253031293 -0.35217711190402706 0.84098812853420124 
1 37.387384580081402 26.840669450632639 18.400875248428637 -0.68412736255485895 0.64477379297530424 -0.34093475577589949 -0.68586611710523782 -0.72772774401350415 2.7755575615628907e-17 -0.24810768067659031 0.23383559713023877 0.9400869599691446 
1 37.682436147053004 29.813909390350165 11.060294321872581 -0.69128372464697474 0.34164681277318398 0.63671364628075222 -0.67747860574458518 -2.7755575615628907e-17 -0.73554247923445792 -0.25129574368973839 -0.93982841802210104 0.23145840637465806 
1 37.227451198259615 29.708934307040753 21.385518337956182 -0.66096463379710291 0.32404410300212777 -0.67684649085225224 -0.71545080283750973 0 0.69866311532752523 0.22639766250698007 0.94604197544799584 0.231837613647633 
1 37.273103389552979 34.345589926123495 10.688715584530206 -0.66308762338760985 -0.33040536483859245 0.67167484588604931 0.71164124024539621 0 0.70254305574960618 -0.23212399464976824 0.94383912553245897 0.23513008361746857 
1 37.230356402109535 34.450004770262566 21.292253744439638 -0.66724435140324612 -0.34631227241990648 -0.65943368543912129 0.70293158832055413 0 -0.71125746543789836 0.24631718913142167 -0.93811929410462547 0.24343383570702529 
1 36.557801075981175 36.494549809472623 11.461766580030496 -0.5766397929908833 -0.57611631398847596 0.57928968737218434 0.70872591597606693 0 0.70548393037962598 -0.40644080154841272 0.81736772187084306 0.40830856234023799 
1 37.356435155783181 37.230311910931235 13.652364780337797 -0.68123638726363067 -0.651103262200185 0.33463640958549884 0.69093766989772765 -0.72291433539272054 0 0.24191345763370711 0.23121290110194617 0.94234732099143059 
1 36.970699184434125 37.582522126315069 18.309577243701444 -0.63748616345349041 -0.68409293502340707 -0.35444075337975783 -0.73158879615009154 0.68174616489398743 2.775557561562892e-17 0.24163862429878549 0.25930488407162849 -0.93507847389595589 
1 38.937488300796964 28.351695642909462 15.840324386625056 -0.90783341974326714 0.41900317232357515 0.016577803836015495 -0.41906076016965055 -0.90795819247696352 0 0.0150519528061863 -0.0069471070774640023 0.9998625787676898 
1 38.492061020086631 27.87422453215677 17.892445966042821 -0.77260494610087616 0.56587725657880117 -0.28786199427383957 -0.59088844027076592 -0.80675327774628924 2.7755575615628907e-17 -0.23223360741900362 0.17009432480970127 0.95767190219442488 
1 38.464779068054192 30.233913122945623 20.213367661439133 -0.80084013794688391 0.23708324360569574 -0.54995146063504396 0.56609109190665419 -2.7755575615628914e-17 -0.8243426930979203 -0.19543783952230956 -0.97148933890259559 -0.13421071224551956 
1 38.927048698961038 31.912714942140916 12.38865392570859 -0.9111154121519992 0.0027064028754914923 0.41214242819997088 -0.41214393760088275 0 -0.91111874895583156 -0.0024658544020882737 -0.99999633768503149 0.0011154275378394154 
1 38.900713085884718 32.05738561844467 19.612880735664895 -0.90801731104021777 -0.017243815661005357 -0.41857760770583713 0.41863985344162546 0 -0.90815234025485747 0.015660011547465377 -0.99985131435701446 0.0072189484610976889 
1 38.488152066796175 33.833943182189188 11.841812076004688 -0.79856448295705496 -0.25051334626946992 0.54730049323968666 -0.5653269925475114 -1.3877787807814457e-17 -0.82486689319985818 0.20664016564239787 -0.96811314593949849 -0.14162195663953273 
1 38.343140891895864 33.933013745000686 20.314326653887083 -0.77020776503420862 -0.28470573170029823 -0.57072116223074032 0.59536016498200495 0 -0.80345894353887182 0.2287493664113831 -0.95861496250423595 0.16950245139641198 
1 38.477802186364222 36.195843370277437 14.17574500076822 -0.77156420149320082 -0.5704568352910111 0.2815451687454853 0.59450579819755778 -0.80409132311540643 0 0.22638802725330759 0.1673802352737008 0.95954797584908502 
1 38.92677798814826 35.635770033656989 16.1345585673212 -0.91144246496434633 -0.41006905398684396 -0.033406646375403803 0.41029806504441058 -0.9119514777776353 1.7347234759768071e-18 -0.030465240529644375 -0.013706682367451047 0.99944184221892007 
1 38.387934253192782 36.301311650372369 17.898674638778463 -0.78507197482328983 -0.55570551758025066 -0.27359344304629396 0.57774929446646306 -0.8162142811440537 0 -0.22331087544175743 -0.15806841869064678 0.96184542828984454 
1 39.521627267511853 30.147618361403065 15.781158935786891 -0.98640713304070793 0.15946989739420786 0.039627259702028683 -0.15959525441312516 -0.98718253366275177 8.6736173798840355e-19 0.039119338634760539 -0.006324322593840249 0.99921453166400065 
1 39.515820549390142 31.84124803370295 14.202245604942229 -0.98583514993702015 0.03048883193607525 0.1649226736256319 -0.16499938060000111 8.6736173798840355e-19 -0.98629367046616301 -0.03007094195845763 -0.99953510750106922 0.0050306383846699474 
1 39.528693018635607 32.118855987487976 17.850642867590736 -0.98135308938074617 -0.035785963534069036 -0.18885306133818286 0.18897410354645361 0 -0.98198207121556669 0.035141174591629853 -0.9993594772722868 0.0067626203783967753 
1 39.525600247554536 33.868124614855056 16.18695562366068 -0.98250281671422757 -0.18150248338645028 -0.041773959270822322 0.18166105765347546 -0.98336120532194105 0 -0.041078890939625509 -0.0075887016235107897 0.99912708717501986 
1 25.641608693010202 27.741519718116454 46.06138558938995 0.75225982752127296 0.58469148658104286 0.30371206333847706 -0.6136793260292539 0.78955537158851674 0 -0.23979749102512632 -0.18638181433651063 0.95276386506976896 
1 25.097887601579522 28.331761865886556 47.876567572893237 0.90765220677279579 0.41881940510492033 0.02752775777346524 -0.41897818129837872 0.90799630153206179 -1.7347234759768071e-18 -0.024995102247776901 -0.011533529887148772 0.99962103947044123 
1 24.484064398687238 30.096486395064598 47.843529041295668 0.98144511625096642 0.18844597248996128 0.035406203403353438 -0.18856420152434611 0.98206086466343101 -8.6736173798840374e-19 -0.034771046728746598 -0.0066763424737619264 0.99937300381817418 
1 24.469376193692426 31.793486382991517 46.164546608479959 0.98366324839630892 0.042707699019264064 0.17487900445422644 -0.17503870802200508 8.6736173798840374e-19 0.98456155251664557 0.04204835845082025 -0.99908760999447899 0.0074755004589246365 
1 24.443399450228359 31.908595748670031 49.800220912816471 0.98547048040176954 -0.003213177867233994 -0.16981639421651584 0.16981727085900453 0 0.9854755676920659 -0.0031665082828080024 -0.99999483773067233 0.00054565309619823373 
1 24.432964867445357 33.609724280031621 48.092475470043382 0.98561058345330166 -0.16768386432506471 -0.02130491562658032 0.1677219330903047 0.98583434367060441 -4.3368086899420168e-19 0.021003117513687414 -0.0035733016332158908 0.99977302452613936 
1 25.036949248845307 35.434894003478334 48.051353159175861 0.91770921764757085 -0.39688978600652836 -0.016979093273067226 0.3969470079796889 0.91784152927178708 0 0.015584116935400336 -0.0067398002729520982 0.9998558448054522 
1 25.525288519207411 27.777690474127606 49.789986661566218 0.78006725151981537 0.56585641568696066 -0.26702359433620637 -0.58717681056271487 0.8094587037875357 -2.7755575615628907e-17 0.21614457255207437 0.15679006246732594 0.96368999168185476 
1 25.653769920429983 30.145089612430379 43.632616090564554 0.78781969601516777 0.25609889704058109 0.56013702029518331 -0.57946172955500164 0 0.814999450294984 0.20872046030922528 -0.96665058575195506 0.1483995098162634 
1 25.515947368786353 30.139098748716872 52.15141983197487 0.80590265113344361 0.24875315711654081 -0.53725485918755611 0.55469049318348551 -1.3877787807814457e-17 0.83205676295061848 0.20697674668413554 -0.96856691396338424 -0.13798101140192309 
1 25.114571148398028 31.842067532200851 44.316040310618604 0.90218040516572173 0.03266011764275132 0.43012071939233054 -0.43035030437034283 0 0.90266196082938677 0.029481045832324356 -0.9994665160552213 0.014055291568329234 
1 25.063745005506497 31.861450214521149 51.608456075238358 0.9078400708239972 0.019592917716395264 -0.41885859592664226 0.41893901530776656 0 0.90801437293302745 0.017790650894181054 -0.9998080403634283 -0.0082082376551127281 
1 25.551525730830523 33.758723737464017 43.747520800259167 0.78117223559595106 -0.25679295779177524 0.56905827044563317 -0.58880292967436854 0 0.80827662963052482 -0.20755974643678973 -0.96646643854225567 -0.15120044586754375 
1 25.546503891943022 33.74316980940776 52.293124424213623 0.77715029228535182 -0.26195906437874028 -0.57220177541720996 0.59290667801404007 0 0.80527117865123887 -0.21094808453064395 -0.96507898567413386 0.15531727863646497 
1 25.497371488663553 36.104659703802 46.101679066063987 0.80363058621967765 -0.53708245998250559 0.25635973176643351 0.55565153180200855 0.83141528444338897 1.3877787807814454e-17 -0.2131413993064202 0.1424466776483708 0.96658144402251089 
1 25.521708970777098 36.152059356667507 49.826688938515126 0.81770889955536585 -0.52781018578196548 -0.2297140904967731 0.54231262586600315 0.84017677653355816 0 0.19300044407791692 -0.12457685161572572 0.97325815518147107 
1 26.758682105681821 26.755944563498044 45.555645460221577 0.6790074624321133 0.64770558705487946 0.34558116045206583 -0.69023153552407879 0.72358857603480209 -2.7755575615628907e-17 -0.25005857979596474 -0.23853101502702237 0.93838886477867134 
1 26.656115986327027 26.781828798096164 50.38260320734986 0.67253335791693192 0.6596125677154917 -0.33557434794803942 -0.70021545399487206 0.7139315919517466 0 0.23957712844871312 0.23497434439746959 0.94201372442191533 
1 26.65490678091227 29.640665879403659 53.255092220531871 0.67372223485341831 0.33721020187685224 -0.65756188303025009 0.69847180911817597 0 0.71563757018981522 0.24132028951436754 -0.94142938118064534 -0.23553181975803028 
1 26.936138773787054 34.212967021768371 42.455895182658367 0.65550197426766621 -0.33569001161090734 0.67648309501114723 0.71815587540865922 0 -0.69588227353196919 0.23360072848177132 0.94197251345496757 0.24107775415437413 
1 26.614108770391191 37.226838752354887 50.291352035175507 0.67687720372647431 -0.66092219406919472 -0.32406651240476986 0.69862392360040537 0.71548907285378938 -2.7755575615628907e-17 0.2318660485034498 -0.22640061840371967 0.94603429934532979 
1 27.631008449103536 25.561194358140106 46.301659141412898 0.59474609753217 0.75361562566065499 0.27989385171945835 0.78499096604725827 -0.61950720998564024 -2.7755575615628914e-17 0.1733962591708561 0.2197141450519457 -0.96003095354766865 
1 28.32695931947023 25.087263147607793 48.347538052068842 0.43240613597430355 0.89939419309659385 -0.064148413822160688 0.9012504360160285 -0.43329857094262247 0 -0.027795416037378191 -0.057813785926958933 -0.99794036946307618 
1 27.861591835652483 25.571328111083123 49.92423254534819 0.52840735196346156 0.81249369965741491 -0.2462512099624467 0.8383085421308144 -0.54519610067434332 0 -0.13425519945786496 -0.20643449282156778 -0.96920603670841388 
1 27.569252290687452 27.419100458713963 43.441816197292503 0.57699683657334588 0.57985920054278661 0.57518515117328284 0.70885417824867492 -0.70535505525897801 0 0.40570975408997445 0.40772239767577717 -0.81802325264613818 
1 27.368609145743985 27.564202871826343 52.529439823268369 0.58709043133612471 0.56801655907999049 -0.57678593433308578 0.70081887310837776 -2.7755575615628914e-17 0.71333926507315137 0.40518851480350071 -0.8230171253448666 -0.39807672484133722 
1 26.840768382028287 29.599249660275213 42.612429821430439 0.64476167901318959 0.34092705537653734 0.68414261684854583 0.72774180866083393 0 -0.68585119371993397 -0.2338252279014201 0.94008975258338145 -0.24810687190113351 
1 27.794810149946574 30.157391209360203 54.475104974349115 0.54959339110019911 0.25248866221597471 -0.79636460237216167 -0.82303092537086986 0 -0.56799656326704084 -0.14341269240256638 0.96759985296215678 0.20780597730926664 
1 28.270391944176119 32.162364999325 41.125819826733057 0.41076202502944775 -0.030788981809697406 0.91122258389091171 0.91165479312201736 -1.7347234759768067e-18 -0.41095685683250444 0.012652943189586402 0.99952590691743559 0.028068922842157246 
1 26.749159616588127 34.423858327470704 53.240136146302063 0.6482184879398204 -0.34310656420272712 -0.67977251893115898 -0.72370388926493678 0 -0.69011062929272737 0.23678148693640957 0.93929648439723223 -0.24830755494584333 
1 27.734078744079387 33.920843237989018 54.352126051427469 0.58416436910428449 -0.30057456553454859 -0.75392766259284505 -0.7904808249471813 -2.7755575615628907e-17 -0.61248678793164479 0.18409795017820529 0.95375831873369132 -0.23759843052189061 
1 27.696876803363249 36.183920808816559 43.062406371631653 0.55350716900570751 -0.5467481338785245 0.62824859089347596 0.75032932872336267 0 -0.66106421659135972 0.36143562679519464 0.83729712653295962 0.41024116027382451 
1 27.418910743940295 36.557611149426066 52.43111616137945 0.57986923890097852 -0.5751818404919109 -0.5769900485664704 0.70534474998558161 0 0.70886443250298392 -0.40772594894632025 -0.81802558050976493 0.4057014914780136 
1 26.707477945183211 37.230233319589225 45.550167362407002 0.65945797308389364 -0.66722697476773885 0.34629950314485569 -0.71123536886175698 -0.70295394591685778 0 0.2434326022047236 -0.2463004548558746 -0.93812400785910288 
1 27.739352055136433 38.378041888218583 46.075611304053069 0.56414266375055422 -0.77667249822872653 0.28021935235022261 -0.80908779569045697 -0.58768779029749907 0 0.16468149198129864 -0.22672205810284907 -0.95993599503738891 
1 27.786639707481996 38.464781974873603 49.766088972340398 0.5499500291350613 -0.80084110219365123 -0.23708330707074918 -0.82434369878499059 -0.56608962742085356 0 -0.13421040096738421 0.19543813027087908 -0.97148932341451744 
1 27.874236400606907 30.107555471502291 41.50793224538306 0.56587468358438342 0.28786135200458746 0.77260706992646988 0.80675533280952649 2.7755575615628907e-17 -0.59088563443647057 -0.17009313760897085 0.95767209525081753 -0.23223368083946114 
1 28.395079486929873 32.045321758244583 54.909312862801244 0.41128896317965946 -0.020542527427056863 -0.91127350084017555 -0.91146583834430372 0 -0.4113757716872925 0.0084506980727128891 0.99978898001873806 -0.018723811983013237 
1 28.416838874303853 38.926894313648752 47.963886594930017 0.42255944152311392 -0.90627400700789984 0.010532929389272132 -0.90632428338929627 -0.42258288339552824 0 0.0044510356719201175 -0.0095462496807221225 -0.99994452716062243 
1 30.15422705557075 25.58478556519081 52.270013348268961 0.28313981519835985 0.77077505505570543 -0.57073431608175862 0 0.59508604404222676 0.8036619937425018 0.95907864382929442 -0.22754870839019739 0.1684925525372391 
1 29.542005046116842 26.788755331290016 53.297199978550289 0.3453239100981057 0.65835720572057244 -0.66881775304663926 2.7755575615628914e-17 -0.71265793004716682 -0.7015117067739407 -0.9384835625169764 0.242248765562773 -0.24609782296631 
1 30.124126164091603 27.819008680285648 54.465919105789759 0.28250990123684044 0.56756132683477256 -0.77334487519133621 0 -0.80618533245695867 -0.59166308802498657 -0.95926438258863278 0.16715068056342303 -0.22775533865100481 
1 29.978017311965559 32.322422621315546 40.555220415610975 0.20221996650950988 -0.06321241500838784 0.97729794624449107 0.97925636547077644 1.7347234759768071e-18 -0.20262519755688174 0.012808428079122181 0.99800009548536994 0.06190115977374424 
1 30.132700694707477 32.133512510727535 55.519073751354682 0.19428330911715827 -0.035088187884589034 -0.98031771118829769 -0.98092174323531023 8.6736173798840355e-19 -0.19440301861905449 0.0068212496426366433 0.99938421994294857 -0.034418766426719163 
1 30.14995384523111 36.377104029072989 54.343126962422446 0.25738024250253017 -0.56210989973369851 -0.78599482911194152 0 -0.81339804307536223 0.58170750684615669 -0.96631020421463987 -0.14972001917760602 -0.20935258557782022 
1 29.707950048116505 36.954410516956457 42.403770965681026 0.34966047659532623 -0.63891390856928898 0.68522008766807441 0 0.73138785900067727 0.6819617289162242 -0.93687648658034384 -0.23845506315261958 0.25573742735421201 
1 29.599038050866042 37.387117144546984 53.159533241412433 0.34094529626514619 -0.68410858276918751 -0.64478814500284165 0 0.68588417284489156 -0.72771072648469259 0.94008313725684478 0.24810954923664824 0.23384898251417624 
1 30.144598249680271 38.393601915875713 43.713017099959252 0.26615093546852348 -0.78572355603992783 0.55839249012965808 -1.3877787807814457e-17 -0.57928656486099228 -0.81512396343841553 0.96393136661757717 0.21694600539194481 -0.1541776611421006 
1 30.107553615834963 38.492063474805384 52.12577047023445 0.28786176035929018 -0.77260640099106781 -0.56587538917192726 2.7755575615628914e-17 0.59088644694422487 -0.80675473771006134 0.95767197250564395 0.23223383897541566 0.17009361278981092 
1 30.119605635066385 24.460773122883044 48.216615310487363 0.17024995919283756 0.98530371909633696 -0.013839527801336038 0.98539809151004587 -0.17026626573798853 0 -0.0023564047183105619 -0.013637444282836753 -0.99990422914909016 
1 31.793551786630879 25.043623353142344 44.706573447695106 0.046270753685605202 0.92412441107955356 0.37927969916703208 0 -0.37968636791377858 0.92511526958560297 0.99892893508665881 -0.042805780769787687 -0.017568374407520522 
1 31.774197830184946 24.449306740685749 46.420495141875975 0.037540462877959833 0.97793726256250824 0.20549799059517937 0 -0.20564294658342427 0.97862708858915548 0.99929510838736146 -0.036738113890547097 -0.0077199314023293159 
1 30.072210012339177 25.515842417302292 43.99000106185219 0.19395645440006876 0.85829821170287002 0.47508428050632179 0 -0.48428070351011787 0.874912681476126 0.98101013949732141 -0.16969496160876615 -0.093929368187193413 
1 29.708772750790128 26.614256467479336 42.772897434662475 0.32405523275940334 0.67686058796985671 0.66094474093856648 0 -0.69864490322817985 0.71546858714641504 0.94603816314208433 -0.23185133953977299 -0.22639953673177865 
1 30.233913712865988 27.786641605828649 41.535214977846572 0.23708333597404765 0.54994942871086094 0.8008415059573365 -1.3877787807814457e-17 0.82434412038331706 -0.56608901348591412 -0.97148931636092484 0.13421027177549816 0.19543825405106874 
1 31.676557659620773 33.923493595434827 40.56633553957451 0.053956124018018033 -0.22520502292290562 0.97281623872715339 1.7347234759768071e-18 0.97423540026067956 0.22553355599314634 -0.99854330736375785 -0.012168916517390813 0.052565966079208652 
1 31.787646035160719 33.906058574635971 55.523066499691097 0.042966100946097381 -0.18373812437712955 -0.98203575078500294 0 -0.98294346891500028 0.18390795773251961 -0.99907653068695879 -0.0079018078767260462 -0.04223324830970903 
1 31.818232681872832 35.602999292235559 41.136366916850243 0.031352185337776839 -0.38645367710800782 0.92177578397582427 0 0.92222915237890457 0.38664375140752916 -0.99950839940169889 -0.012122126553822169 0.028913899309284254 
1 31.849665015208249 35.692673432578722 54.883270310244804 0.031711992689518423 -0.43066161502412564 -0.90195616460251093 0 -0.90241003328124381 0.43087832601947446 -0.9994970482796135 -0.013664010324801509 -0.028617220378362881 
1 30.234491356034983 39.563281278123128 47.941755964758713 0.16503277738439792 -0.98599846118069345 0.023900145148020933 -0.98628019139422451 -0.16507993234603596 -8.6736173798840335e-19 0.0039454343440957365 -0.023572239730939831 -0.99971435073320003 
1 32.092355487886067 24.456170911787201 49.807100087598961 -0.017255269861753245 0.98807612189392446 -0.15299618624351605 0 0.15301896820513733 0.98822325178546333 0.99985111674788762 0.017052058893217495 -0.0026403835903466844 
1 32.101065234163961 25.084033358694057 51.715720367938424 -0.017628031406806504 0.90301702364786984 -0.42924294695529142 0 0.42930965558730699 0.90315736149328263 0.99984461418198411 0.01592088633369208 -0.0075678840919383306 
1 32.006379858876159 30.299422127023586 40.432929421612826 -0.023135312626987498 0.149927240512607 0.9884263148368353 -4.3368086899420168e-19 0.98869094505259847 -0.14996738035652871 -0.99973234283464685 -0.0034695422283986359 -0.022873674105263583 
1 31.914843080615302 30.246768764774711 55.579571761036178 -0.013404236992846074 0.14027652312741609 -0.99002162778897063 2.1684043449710093e-19 -0.99011058013574382 -0.14028912681765793 -0.99991015917963333 -0.0018804687033833248 0.013271676865263825 
1 31.84191379517646 38.918435527132701 44.319864024440172 0.028333937942812346 -0.90339219196463427 0.42787817829142227 0 -0.42805003465106678 -0.90375503751581965 0.99959851338457528 0.025606939148477278 -0.012128343118222 
1 31.823566209839292 39.553772400209233 46.178812914538256 0.026984412867090107 -0.98682972209946573 0.15949589663470906 -8.6736173798840355e-19 -0.15955399751606261 -0.98718920267426169 0.99963585443011116 0.026638721022895762 -0.0043054709435681026 
1 31.918822694009418 28.343356692803276 54.952801989100436 -0.00082576916457509071 0.42923697906500974 -0.90319152670318559 0 -0.90319183464410668 -0.42923712541229797 -0.99999965905258537 -0.00035445078245632675 0.00074582796674510748 
1 31.997816160415429 28.400492712309045 41.073335331825049 -0.0065644215110748222 0.42490143966505328 0.90521581677564045 0 0.90523532101841653 -0.42491059480870141 -0.99997845395299645 -0.0027892922488458377 -0.0059423462138780163 
1 32.164132611252036 38.874334018666147 51.728730833761929 -0.03088818917547068 -0.91124540293225686 -0.41070395104538421 -1.7347234759768067e-18 0.41090001361125583 -0.9116804148462716 0.99952284604678276 -0.028160157121343225 -0.01269195735262795 
1 33.626425243699487 39.603105484954398 47.274775465523838 -0.13841895364124771 -0.99013849731399495 0.02158586133667351 -0.99036925518239205 0.13845121302998439 4.3368086899420187e-19 -0.0029885886863594887 -0.02137797341447174 -0.99976699815024606 
1 32.074742072377582 39.594742298925944 49.152039170811939 -0.086172480606669696 -0.97382556308753976 -0.21032849608012991 0 0.21111379009233211 -0.97746149163680651 0.99628023346149608 -0.084230281431839138 -0.018192198982532024 
1 33.74279415381006 24.438718152071932 48.130295606261164 -0.15154753151396774 0.98798581954686382 -0.030288051544045774 0.98843930391153889 0.15161709165813883 0 0.0045921862871000215 -0.029937900585033414 -0.99954121172349131 
1 33.911798599042747 27.760730362695178 41.603879077245537 -0.28156018804450633 0.56444614090511613 0.77596676122477315 2.7755575615628914e-17 0.8086831973250147 -0.58824441039774578 -0.95954356884319858 -0.165626206807719 -0.22769299310726374 
1 33.737596715685555 31.891200923358635 40.43800131346277 -0.15185894566921299 0.030506268181530401 0.98793128719656997 0.9883913087363051 0 0.15192965745546236 0.0046348068750643847 0.99953457549083147 -0.030152130332603534 
1 33.555194439210858 31.9730481874813 55.575569911077544 -0.15466549162320944 0.01841411284666299 -0.98779527542351675 -0.9879627886146386 -4.3368086899420177e-19 0.15469172024638961 0.0028485107930614393 0.99983044584973024 0.018192458277853804 
1 33.758722806740295 36.252478309703008 54.448474827626306 -0.25679323983056973 -0.56905841573854987 -0.78117203704078619 0 -0.80827648685880471 0.58880312566356896 -0.96646636360367943 0.15120066226151394 0.20755993773934334 
1 34.214104420281991 37.544595949456948 53.062730711175995 -0.33569810492790425 -0.67649424804008917 -0.65548631924433642 0 0.69586778482058509 -0.71816991446933498 0.94196962920670324 -0.24108827930359084 -0.23360149664464908 
1 33.83377039170162 38.43931730498673 43.778569013971165 -0.28540688484339954 -0.77146456579359768 0.56866979329737777 2.7755575615628907e-17 -0.59334930124880192 -0.80494509546152171 0.95840644305220868 -0.22973687216564576 0.16934597569342844 
1 32.742355521332051 39.366879786832378 50.115530265746067 -0.068820548055054373 -0.98431595298859353 -0.16243717818762723 0 0.16282322303007724 -0.98665525795087006 0.99762905539353763 -0.067902155593579927 -0.011205583445020267 
1 33.898319059398339 25.497367721471402 43.895344632021605 -0.25636055131031066 0.80363080117750019 0.53708174715836576 0 -0.55565091928605626 0.83141569379977476 0.96658122666016733 0.2131421856305547 0.14244697600425432 
1 33.902632205252011 25.611238573414891 52.238327810828487 -0.30314701170474212 0.75422434550988326 -0.58244959089579007 0 0.6112108498170965 0.79146781176865488 0.95294380175038929 0.23993110199815906 -0.18528674264356873 
1 34.437574438765907 26.75985595285772 53.251637288535242 -0.34676464141646246 0.67853388160190564 -0.64756934376293906 0 0.69040763559240748 0.72342055314713138 0.93795217546701837 0.25085666870536394 -0.23940895618738886 
1 34.479130738492131 26.765710352892896 42.739171313259398 -0.3489520913589968 0.65427468045868875 0.67093746388680919 -2.7755575615628907e-17 0.71594111831916096 -0.69816066567797241 -0.9371405646626243 -0.24362462439291777 -0.24982915052737006 
1 33.742398515707386 27.743142625384795 54.47032440104698 -0.25363962159585463 0.55539703811772057 -0.79196027198766417 -1.3877787807814457e-17 -0.81873386283929372 -0.57417319846911052 -0.96729878649604006 -0.14563307279018672 0.20766334715827081 
1 33.856835259209738 36.123228751893897 41.497420292842122 -0.2517303671790182 -0.53660016175238101 0.80541423419705926 1.3877787807814454e-17 0.83221367182501793 0.5544550517648128 -0.96779740764269295 0.13957317376501788 -0.20949345317991072 
1 34.439084128862291 37.265129097101195 42.750207501246678 -0.34581298666048821 -0.67256537259774263 0.65426997320633062 -2.775557561562892e-17 -0.69729037872942334 -0.71678876088522581 0.93830345744697807 -0.24787486220639049 0.24113206843804483 
1 35.628485410364398 25.086692871267832 48.159747498551916 -0.43057742914637653 0.9019910701977929 -0.031861996063296906 0.90244926380238977 0.43079615395512144 0 0.013726025361401528 -0.028753834890596935 -0.99949227771247073 
1 36.266302151483764 30.170761458843401 41.582549226587112 -0.53554621830250182 0.23158199708133451 0.81213301046670305 0.83482747158395221 -1.3877787807814457e-17 0.55051166444385691 0.12748859066847787 0.97281538774210452 -0.19333101308777267 
1 35.617632047350426 31.864445937101696 41.077080175000972 -0.42631905943110665 0.032289251349068633 0.90399638484514611 0.90446800505476455 1.7347234759768067e-18 0.42654147258180491 0.01377270481899576 0.99947856617704245 -0.029204594752403966 
1 36.110481311060113 30.18403627098591 54.492731491617583 -0.5137384239527284 0.22013574247870282 -0.82922438859329095 -0.85007742665250474 2.7755575615628907e-17 0.5266577339182017 0.11593619128823447 0.97546924855853367 0.18713242548053413 
1 35.410095955141479 31.972770059169061 54.970964631763024 -0.39589935161255413 0.018649169736070427 -0.91810452120709785 -0.91826421735294295 8.6736173798840374e-19 0.3959682147965759 0.0073844784478301392 0.99982608911157911 0.017124865251974902 
1 36.104659270493663 33.898324114502174 54.50262675311015 -0.53708289118676267 -0.25636045623614345 -0.80363006692934569 -0.83141491247581745 -1.3877787807814454e-17 0.55565208837259761 -0.14244722288376499 0.96658125187611432 -0.21314190628383378 
1 36.185277958959723 36.937814658025282 52.302185816798222 -0.54684692528389223 -0.62807269830015289 -0.55360918160514516 -5.5511151231257827e-17 0.66123700409385522 -0.75017706204401047 0.83723260824429979 -0.41023201979727059 -0.3615954225726572 
1 36.252468632941991 25.551523845470438 46.241273668676868 -0.56905789120104588 0.78117243035900974 0.25679320572946795 0.80827688624633143 0.58880257740598851 1.387778780781446e-17 -0.15120050139385699 0.20756001273622796 -0.96646637266445201 
1 36.28675608025199 25.614133721813168 49.861205140888359 -0.54753141266606564 0.79926901210518431 -0.24774664161660306 0.82498813606036892 0.56515004676602332 0 0.14001402609574845 -0.20438804008249759 -0.96882485598156221 
1 36.558348234232561 27.569168109325989 52.580687405683832 -0.57519336763580065 0.57698504032304321 -0.57986278814147318 2.7755575615628914e-17 -0.70886357037598779 -0.70534561641354743 -0.81801747525819191 -0.4057101204520579 0.40773362423890169 
1 36.234928560883844 33.77286646816485 41.537264757910734 -0.56667837597235693 -0.26019048069893336 0.78177780216567305 0.80966483938800504 0 0.58689253518748752 -0.152703850849048 0.96555730733792178 0.21066708376538965 
1 36.143870951818741 38.466045702841924 46.165404804896767 -0.51683880606814459 -0.8258897738084594 0.22535245740986892 -0.8476947664774942 0.53048429089527871 1.3877787807814457e-17 -0.11954593857058282 -0.1910300987591883 -0.97427730648893462 
1 35.692776397340189 38.898047419500053 47.280230632072183 -0.44057303342859244 -0.89442161274910037 0.076846475929783289 -0.89707431761006251 0.44187969933505761 3.4694469519536142e-18 -0.033956897678811382 -0.068936999955448441 -0.99704293745915151 
1 36.01798616556794 38.721223802944557 49.235089062705228 -0.46600470087052198 -0.87722749203924888 -0.11537567324659471 -0.88312506419068482 0.46913763545275144 0 0.054127070535676718 0.10189114884194243 -0.99332192869325864 
1 37.62535075299251 27.053084802622688 45.791191116766477 -0.68514125859222175 0.64296222255570867 0.34231715724002165 -0.68430486837805604 -0.72919602790613947 0 0.24961631134354517 -0.23424929722868332 0.93958446339810786 
1 37.03496784759993 27.845073346878799 43.820481468935498 -0.63844031043683769 0.54740759845349551 0.54105350120361573 -0.65090998347721207 -0.75915492055949663 0 0.41074342772466843 -0.35217712552873326 0.84098817401632298 
1 37.387384727025463 26.840669637296067 50.400875337183045 -0.68412710007179944 0.64477406642035617 -0.34093476534244543 -0.68586641050854058 -0.72772746748774719 0 -0.24810759336118718 0.23383570372299464 0.9400869564997123 
1 37.682436147053004 29.813909390350165 43.060293368198252 -0.69128372464697463 0.34164681277318393 0.63671364628075222 -0.67747860574458529 0 -0.73554247923445781 -0.25129574368973834 -0.93982841802210104 0.23145840637465803 
1 37.227451171513486 29.708934404250932 53.385519022992554 -0.66096441105134351 0.32404393893548267 -0.6768467869191136 -0.71545107329124613 0 0.69866283837513798 0.22639745813492415 0.94604203164509404 0.23183758390491405 
1 37.273103423112673 34.345589908760729 42.688715271066172 -0.66308758664745848 -0.33040552011459995 0.67167480577423022 0.7116412387310439 0 0.70254305728357003 -0.23212410424467914 0.9438390711756961 0.23513019361792875 
1 37.230356402109535 34.450004770262566 53.292253744439634 -0.66724435140324601 -0.34631227241990642 -0.6594336854391214 0.70293158832055425 0 -0.71125746543789814 0.24631718913142156 -0.93811929410462536 0.24343383570702529 
1 36.557801174301019 36.494549749157194 43.461765979043989 -0.57663993458261287 -0.57611602197051748 0.57928983684631163 0.70872592037957338 2.7755575615628907e-17 0.70548392595588372 -0.40644059298584673 0.8173679276977206 0.40830835791647341 
1 37.356435095610699 37.230312021847027 45.652364270729493 -0.68123653934686801 -0.65110314380427758 0.33463633034518153 0.69093752362662253 -0.72291447519378849 0 0.24191344713226215 0.23121279740420012 0.94234734913040996 
1 36.970699230784376 37.582522036451749 50.309576681814136 -0.63748603368303147 -0.68409302566806618 -0.3544408118309566 -0.73158891042248686 0.68174604226708835 2.7755575615628907e-17 0.24163862068368835 0.25930496733667119 -0.9350784517400732 
1 38.937488315861273 28.351695678073799 47.84032399461497 -0.90783341895298897 0.4190031741621838 0.016577800642476673 -0.41906076198631986 -0.90795819163849445 1.7347234759768067e-18 0.015051949892686592 -0.0069471057692935753 0.999862578820639 
1 38.492060998763264 27.874224577004714 49.892446688853482 -0.77260507612034779 0.56587718030030931 -0.28786179525675687 -0.59088832371064093 -0.80675336311813961 2.7755575615628907e-17 -0.23223347143661385 0.17009417365960081 0.95767196201599059 
1 38.464779150640247 30.233912980698488 52.213368031559398 -0.80084038730587392 0.23708282408820494 -0.54995127837122015 0.5660908446369799 0 -0.82434286290243985 -0.19543753395386634 -0.97148944128197356 -0.13421041613701243 
1 38.927048706763848 31.912714875026598 44.388652655965437 -0.91111538816240778 0.0027064693042161713 0.41214248079707877 -0.41214399027228121 -2.1684043449710089e-19 -0.91111872512995917 -0.0024659148620608052 -0.99999633750524575 0.0011154550585890973 
1 38.900713085884718 32.05738561844467 51.612880735664902 -0.90801731104021777 -0.017243815661005357 -0.41857760770583713 0.41863985344162546 0 -0.90815234025485747 0.015660011547465377 -0.99985131435701446 0.0072189484610976889 
1 38.488151994007545 33.83394307927 43.841810950931411 -0.79856421560339741 -0.25051364989700942 0.54730074435634513 -0.56532729781487123 1.3877787807814454e-17 -0.82486668398313678 0.20664036368305863 -0.96811306737140934 -0.14162220476201703 
1 38.343140891895864 33.933013745000686 52.314326653887079 -0.77020776503420862 -0.28470573170029828 -0.57072116223074043 0.59536016498200495 -2.7755575615628914e-17 -0.80345894353887182 0.2287493664113831 -0.95861496250423606 0.16950245139641204 
1 38.477802168151285 36.195843494117078 46.175744631031499 -0.7715640430550893 -0.57045699761304325 0.2815452740480594 0.59450598650566067 -0.80409118388957068 2.7755575615628914e-17 0.22638807272781764 0.16738035089394815 0.95954794495178986 
1 38.926778036407356 35.635769933796212 48.134557824813321 -0.9114424691784534 -0.41006904561870927 -0.033406634120262284 0.41029805650343754 -0.91195148162032291 -1.7347234759768071e-18 -0.030465229481921222 -0.013706677053865041 0.99944184262855196 
1 38.387934253192782 36.301311650372369 49.898674638778466 -0.78507197482328983 -0.55570551758025066 -0.27359344304629385 0.57774929446646306 -0.8162142811440537 -2.7755575615628914e-17 -0.22331087544175732 -0.15806841869064675 0.96184542828984454 
1 39.521627259353252 30.147618326329827 47.781158522243913 -0.98640713421616943 0.15946989179930504 0.039627252957552435 -0.15959524877110295 -0.98718253457488292 0 0.039119332012876637 -0.0063243212938760059 0.9992145319314758 
1 39.515820569130135 31.841248123493774 46.20224471130129 -0.985835163174267 0.030488870115676598 0.16492258744100449 -0.16499929456753498 8.6736173798840355e-19 -0.98629368485873203 -0.030070980053569948 -0.99953510633647558 0.0050306420612478368 
1 39.528693018635607 32.118855987487976 49.850642867590736 -0.98135308938074617 -0.035785963534069036 -0.18885306133818286 0.18897410354645361 0 -0.98198207121556669 0.035141174591629853 -0.9993594772722868 0.0067626203783967753 
1 39.525600243744258 33.868124668510241 48.186954810859959 -0.98250281452819344 -0.18150249895940207 -0.041773943022783561 0.18166107311651591 -0.98336120246537884 8.6736173798840335e-19 -0.041078874842604668 -0.0075886993178270537 0.99912708785435767 
Triangulations 0

TShapes 1007
Ve
1e-07
25.8786468505859 28.4629421234131 12.0854215621948
0 0

0101101
*
Ve
1e-07
24.7275714874268 29.3022937774658 13.3206253051758
0 0

0101101
*
Ed
 1e-07 1 1 0
1  1 0 0 1.88552750643083
0

0101000
+1007 0 -1006 0 *
Ve
1e-07
26.1107139587402 26.1283512115479 16.0050582885742
0 0

0101101
*
Ed
 1e-07 1 1 0
1  2 0 0 4.38100159210819
0

0101000
+1006 0 -1004 0 *
Ed
 1e-07 1 1 0
1  3 0 0 4.56812017521792
0

0101000
+1004 0 -1007 0 *
Wi

0101100
+1005 0 +1003 0 +1002 0 *
Fa
0  1e-07 1 0

0101000
+1001 0 *
Ve
1e-07
24.5263767242432 29.4091281890869 18.329044342041
0 0

0101101
*
Ed
 1e-07 1 1 0
1  4 0 0 5.01359692965769
0

0101000
+999 0 -1006 0 *
Ed
 1e-07 1 1 0
1  5 0 0 4.32140408035078
0

0101000
+1004 0 -999 0 *
Wi

0101100
-1003 0 -998 0 -997 0 *
Fa
0  1e-07 2 0

0101000
+996 0 *
Ve
1e-07
24.1362476348877 31.875093460083 16.0184078216553
0 0

0101101
*
Ed
 1e-07 1 1 0
1  6 0 0 3.77451885830223
0

0101000
+1006 0 -994 0 *
Ed
 1e-07 1 1 0
1  7 0 0 3.40179754739469
0

0101000
+994 0 -999 0 *
Wi

0101100
+998 0 +993 0 +992 0 *
Fa
0  1e-07 3 0

0101000
+991 0 *
Ve
1e-07
24.4900054931641 34.2819023132324 13.4408082962036
0 0

0101101
*
Ed
 1e-07 1 1 0
1  8 0 0 4.98672063809895
0

0101000
+1006 0 -989 0 *
Ed
 1e-07 1 1 0
1  9 0 0 3.54427606028358
0

0101000
+989 0 -994 0 *
Wi

0101100
-993 0 +988 0 +987 0 *
Fa
0  1e-07 4 0

0101000
+986 0 *
Ve
1e-07
24.6155681610107 34.3449668884277 18.7532424926758
0 0

0101101
*
Ed
 1e-07 1 1 0
1  10 0 0 3.71609251723125
0

0101000
+994 0 -984 0 *
Ed
 1e-07 1 1 0
1  11 0 0 4.95483630903233
0

0101000
+984 0 -999 0 *
Wi

0101100
-992 0 +983 0 +982 0 *
Fa
0  1e-07 5 0

0101000
+981 0 *
Ed
 1e-07 1 1 0
1  12 0 0 5.31429207101456
0

0101000
+989 0 -984 0 *
Wi

0101100
-987 0 +979 0 -983 0 *
Fa
0  1e-07 6 0

0101000
+978 0 *
Ve
1e-07
26.0716686248779 37.832950592041 15.922212600708
0 0

0101101
*
Ed
 1e-07 1 1 0
1  13 0 0 4.6118292968263
0

0101000
+989 0 -976 0 *
Ed
 1e-07 1 1 0
1  14 0 0 4.72239230970502
0

0101000
+976 0 -984 0 *
Wi

0101100
-979 0 +975 0 +974 0 *
Fa
0  1e-07 7 0

0101000
+973 0 *
Ve
1e-07
25.7352867126465 28.3716239929199 19.6620826721191
0 0

0101101
*
Ed
 1e-07 1 1 0
1  15 0 0 4.30662811612478
0

0101000
+971 0 -1004 0 *
Ed
 1e-07 1 1 0
1  16 0 0 2.07722639752698
0

0101000
+999 0 -971 0 *
Wi

0101100
+970 0 +997 0 +969 0 *
Fa
0  1e-07 8 0

0101000
+968 0 *
Ve
1e-07
26.1874923706055 31.9482746124268 10.0575189590454
0 0

0101101
*
Ed
 1e-07 1 1 0
1  17 0 0 4.4475213985183
0

0101000
+966 0 -1006 0 *
Ed
 1e-07 1 1 0
1  18 0 0 4.04417075332763
0

0101000
+1007 0 -966 0 *
Wi

0101100
+965 0 -1005 0 +964 0 *
Fa
0  1e-07 9 0

0101000
+963 0 *
Ve
1e-07
26.1099891662598 31.9482612609863 21.8801612854004
0 0

0101101
*
Ed
 1e-07 1 1 0
1  19 0 0 4.22523476398188
0

0101000
+961 0 -971 0 *
Ed
 1e-07 1 1 0
1  20 0 0 4.64386225772655
0

0101000
+999 0 -961 0 *
Wi

0101100
+960 0 -969 0 +959 0 *
Fa
0  1e-07 10 0

0101000
+958 0 *
Ed
 1e-07 1 1 0
1  21 0 0 4.44678835610395
0

0101000
+966 0 -989 0 *
Wi

0101100
-965 0 +956 0 -988 0 *
Fa
0  1e-07 11 0

0101000
+955 0 *
Ed
 1e-07 1 1 0
1  22 0 0 4.21368166118813
0

0101000
+984 0 -961 0 *
Wi

0101100
-959 0 -982 0 +953 0 *
Fa
0  1e-07 12 0

0101000
+952 0 *
Ve
1e-07
25.7742614746094 35.6585502624512 12.2990779876709
0 0

0101101
*
Ed
 1e-07 1 1 0
1  23 0 0 4.35447953851919
0

0101000
+966 0 -950 0 *
Ed
 1e-07 1 1 0
1  24 0 0 2.20182222247584
0

0101000
+950 0 -989 0 *
Wi

0101100
+949 0 +948 0 -956 0 *
Fa
0  1e-07 13 0

0101000
+947 0 *
Ve
1e-07
25.6837482452393 35.6231002807617 19.6188774108887
0 0

0101101
*
Ed
 1e-07 1 1 0
1  25 0 0 4.33584223711413
0

0101000
+945 0 -961 0 *
Ed
 1e-07 1 1 0
1  26 0 0 1.87722067764316
0

0101000
+984 0 -945 0 *
Wi

0101100
+944 0 -953 0 +943 0 *
Fa
0  1e-07 14 0

0101000
+942 0 *
Ed
 1e-07 1 1 0
1  27 0 0 4.23598539073718
0

0101000
+950 0 -976 0 *
Wi

0101100
-948 0 +940 0 -975 0 *
Fa
0  1e-07 15 0

0101000
+939 0 *
Ed
 1e-07 1 1 0
1  28 0 0 4.32426309768824
0

0101000
+976 0 -945 0 *
Wi

0101100
+937 0 -943 0 -974 0 *
Fa
0  1e-07 16 0

0101000
+936 0 *
Ve
1e-07
28.3813209533691 25.6841640472412 12.3762264251709
0 0

0101101
*
Ed
 1e-07 1 1 0
1  29 0 0 4.30364718045563
0

0101000
+1004 0 -934 0 *
Ed
 1e-07 1 1 0
1  30 0 0 3.75094024608307
0

0101000
+934 0 -1007 0 *
Wi

0101100
+933 0 +932 0 -1002 0 *
Fa
0  1e-07 17 0

0101000
+931 0 *
Ve
1e-07
28.1853542327881 25.9079818725586 19.729736328125
0 0

0101101
*
Ed
 1e-07 1 1 0
1  31 0 0 3.47518925637759
0

0101000
+971 0 -929 0 *
Ed
 1e-07 1 1 0
1  32 0 0 4.26918275675565
0

0101000
+929 0 -1004 0 *
Wi

0101100
+928 0 +927 0 -970 0 *
Fa
0  1e-07 18 0

0101000
+926 0 *
Ve
1e-07
28.1831798553467 28.4064292907715 22.1879825592041
0 0

0101101
*
Ed
 1e-07 1 1 0
1  33 0 0 4.11551300267157
0

0101000
+961 0 -924 0 *
Ed
 1e-07 1 1 0
1  34 0 0 3.51760749464931
0

0101000
+924 0 -971 0 *
Wi

0101100
+923 0 +922 0 -960 0 *
Fa
0  1e-07 19 0

0101000
+921 0 *
Ve
1e-07
28.8525638580322 34.9347190856934 8.95706176757812
0 0

0101101
*
Ed
 1e-07 1 1 0
1  35 0 0 4.15120014637355
0

0101000
+966 0 -919 0 *
Ed
 1e-07 1 1 0
1  36 0 0 4.60097267451097
0

0101000
+919 0 -950 0 *
Wi

0101100
-949 0 +918 0 +917 0 *
Fa
0  1e-07 20 0

0101000
+916 0 *
Ve
1e-07
28.1557426452637 38.1925659179688 19.5417938232422
0 0

0101101
*
Ed
 1e-07 1 1 0
1  37 0 0 4.19214216500478
0

0101000
+976 0 -914 0 *
Ed
 1e-07 1 1 0
1  38 0 0 3.56634993432
0

0101000
+914 0 -945 0 *
Wi

0101100
-937 0 +913 0 +912 0 *
Fa
0  1e-07 21 0

0101000
+911 0 *
Ve
1e-07
28.9215564727783 24.6373081207275 14.0469446182251
0 0

0101101
*
Ed
 1e-07 1 1 0
1  39 0 0 3.73607471598402
0

0101000
+1004 0 -909 0 *
Ed
 1e-07 1 1 0
1  40 0 0 2.04427518399808
0

0101000
+909 0 -934 0 *
Wi

0101100
-933 0 +908 0 +907 0 *
Fa
0  1e-07 22 0

0101000
+906 0 *
Ve
1e-07
29.7858295440674 24.5532455444336 18.6941623687744
0 0

0101101
*
Ed
 1e-07 1 1 0
1  41 0 0 4.81857999645531
0

0101000
+1004 0 -904 0 *
Ed
 1e-07 1 1 0
1  42 0 0 4.72764923397551
0

0101000
+904 0 -909 0 *
Wi

0101100
+903 0 +902 0 -908 0 *
Fa
0  1e-07 23 0

0101000
+901 0 *
Ed
 1e-07 1 1 0
1  43 0 0 2.33864173529021
0

0101000
+929 0 -904 0 *
Wi

0101100
-903 0 -927 0 +899 0 *
Fa
0  1e-07 24 0

0101000
+898 0 *
Ve
1e-07
28.4582080841064 28.155740737915 9.80743408203125
0 0

0101101
*
Ed
 1e-07 1 1 0
1  44 0 0 3.56557107220261
0

0101000
+934 0 -896 0 *
Ed
 1e-07 1 1 0
1  45 0 0 3.45510286511353
0

0101000
+896 0 -1007 0 *
Wi

0101100
+895 0 +894 0 -932 0 *
Fa
0  1e-07 25 0

0101000
+893 0 *
Ed
 1e-07 1 1 0
1  46 0 0 3.50502764070507
0

0101000
+924 0 -929 0 *
Wi

0101100
-922 0 +891 0 -928 0 *
Fa
0  1e-07 26 0

0101000
+890 0 *
Ed
 1e-07 1 1 0
1  47 0 0 4.42741521506288
0

0101000
+896 0 -966 0 *
Wi

0101100
+888 0 -964 0 -894 0 *
Fa
0  1e-07 27 0

0101000
+887 0 *
Ve
1e-07
29.5890312194824 29.5018920898438 23.5055179595947
0 0

0101101
*
Ed
 1e-07 1 1 0
1  48 0 0 4.55304733645024
0

0101000
+961 0 -885 0 *
Ed
 1e-07 1 1 0
1  49 0 0 2.21638361604575
0

0101000
+885 0 -924 0 *
Wi

0101100
-923 0 +884 0 +883 0 *
Fa
0  1e-07 28 0

0101000
+882 0 *
Ve
1e-07
29.0310020446777 31.5507030487061 8.58859062194824
0 0

0101101
*
Ed
 1e-07 1 1 0
1  50 0 0 3.40869120194282
0

0101000
+880 0 -919 0 *
Ed
 1e-07 1 1 0
1  51 0 0 3.22511408702839
0

0101000
+966 0 -880 0 *
Wi

0101100
+879 0 -918 0 +878 0 *
Fa
0  1e-07 29 0

0101000
+877 0 *
Ve
1e-07
28.4626007080078 35.9133834838867 22.1222229003906
0 0

0101101
*
Ed
 1e-07 1 1 0
1  52 0 0 3.75140293592426
0

0101000
+945 0 -875 0 *
Ed
 1e-07 1 1 0
1  53 0 0 4.61687872207581
0

0101000
+875 0 -961 0 *
Wi

0101100
-944 0 +874 0 +873 0 *
Fa
0  1e-07 30 0

0101000
+872 0 *
Ve
1e-07
29.3166389465332 34.706127166748 23.2652626037598
0 0

0101101
*
Ed
 1e-07 1 1 0
1  54 0 0 1.86906096519429
0

0101000
+875 0 -870 0 *
Ed
 1e-07 1 1 0
1  55 0 0 4.45049804287245
0

0101000
+870 0 -961 0 *
Wi

0101100
+869 0 +868 0 -873 0 *
Fa
0  1e-07 31 0

0101000
+867 0 *
Ve
1e-07
28.3181858062744 38.1225471496582 12.2021484375
0 0

0101101
*
Ed
 1e-07 1 1 0
1  56 0 0 4.58021780736538
0

0101000
+919 0 -865 0 *
Ed
 1e-07 1 1 0
1  57 0 0 3.54291222063145
0

0101000
+865 0 -950 0 *
Wi

0101100
-917 0 +864 0 +863 0 *
Fa
0  1e-07 32 0

0101000
+862 0 *
Ed
 1e-07 1 1 0
1  58 0 0 3.45650816007894
0

0101000
+914 0 -875 0 *
Wi

0101100
-912 0 +860 0 -874 0 *
Fa
0  1e-07 33 0

0101000
+859 0 *
Ed
 1e-07 1 1 0
1  59 0 0 4.35540847577788
0

0101000
+865 0 -976 0 *
Wi

0101100
-863 0 +857 0 -940 0 *
Fa
0  1e-07 34 0

0101000
+856 0 *
Ve
1e-07
29.4228134155273 39.3664436340332 13.4259481430054
0 0

0101101
*
Ed
 1e-07 1 1 0
1  60 0 0 2.06522791433763
0

0101000
+865 0 -854 0 *
Ed
 1e-07 1 1 0
1  61 0 0 4.45119181349497
0

0101000
+854 0 -976 0 *
Wi

0101100
-857 0 +853 0 +852 0 *
Fa
0  1e-07 35 0

0101000
+851 0 *
Ve
1e-07
29.6360092163086 39.524543762207 18.4762191772461
0 0

0101101
*
Ed
 1e-07 1 1 0
1  62 0 0 4.69988945594175
0

0101000
+976 0 -849 0 *
Ed
 1e-07 1 1 0
1  63 0 0 2.25849583242574
0

0101000
+849 0 -914 0 *
Wi

0101100
-913 0 +848 0 +847 0 *
Fa
0  1e-07 36 0

0101000
+846 0 *
Ve
1e-07
29.8698711395264 29.3003730773926 8.54821014404297
0 0

0101101
*
Ed
 1e-07 1 1 0
1  64 0 0 2.21102254638392
0

0101000
+896 0 -844 0 *
Ed
 1e-07 1 1 0
1  65 0 0 4.78009508651029
0

0101000
+844 0 -966 0 *
Wi

0101100
-888 0 +843 0 +842 0 *
Fa
0  1e-07 37 0

0101000
+841 0 *
Ed
 1e-07 1 1 0
1  66 0 0 2.40194024094683
0

0101000
+844 0 -880 0 *
Wi

0101100
+839 0 -878 0 -842 0 *
Fa
0  1e-07 38 0

0101000
+838 0 *
Ed
 1e-07 1 1 0
1  67 0 0 5.21689399183565
0

0101000
+870 0 -885 0 *
Wi

0101100
-884 0 -868 0 +836 0 *
Fa
0  1e-07 39 0

0101000
+835 0 *
Ed
 1e-07 1 1 0
1  68 0 0 5.05724090975407
0

0101000
+854 0 -849 0 *
Wi

0101100
+833 0 -848 0 -852 0 *
Fa
0  1e-07 40 0

0101000
+832 0 *
Ve
1e-07
31.9793701171875 26.1175327301025 21.8949356079102
0 0

0101101
*
Ed
 1e-07 1 1 0
1  69 0 0 4.18372608729822
0

0101000
+830 0 -904 0 *
Ed
 1e-07 1 1 0
1  70 0 0 4.37339182033289
0

0101000
+929 0 -830 0 *
Wi

0101100
+829 0 -899 0 +828 0 *
Fa
0  1e-07 41 0

0101000
+827 0 *
Ed
 1e-07 1 1 0
1  71 0 0 4.44252006019105
0

0101000
+924 0 -830 0 *
Wi

0101100
-828 0 -891 0 +825 0 *
Fa
0  1e-07 42 0

0101000
+824 0 *
Ed
 1e-07 1 1 0
1  72 0 0 4.44540030068246
0

0101000
+885 0 -830 0 *
Wi

0101100
-825 0 -883 0 +822 0 *
Fa
0  1e-07 43 0

0101000
+821 0 *
Ve
1e-07
31.9012203216553 32.1668395996094 8.1472110748291
0 0

0101101
*
Ed
 1e-07 1 1 0
1  73 0 0 2.96860120451873
0

0101000
+880 0 -819 0 *
Ed
 1e-07 1 1 0
1  74 0 0 4.19658447159368
0

0101000
+819 0 -919 0 *
Wi

0101100
+818 0 +817 0 -879 0 *
Fa
0  1e-07 44 0

0101000
+816 0 *
Ve
1e-07
31.8144855499268 32.1566848754883 23.8515472412109
0 0

0101101
*
Ed
 1e-07 1 1 0
1  75 0 0 3.61699092156171
0

0101000
+870 0 -814 0 *
Ed
 1e-07 1 1 0
1  76 0 0 3.48142326862729
0

0101000
+814 0 -885 0 *
Wi

0101100
-836 0 +813 0 +812 0 *
Fa
0  1e-07 45 0

0101000
+811 0 *
Ve
1e-07
31.9482707977295 37.9424781799316 21.8125095367432
0 0

0101101
*
Ed
 1e-07 1 1 0
1  77 0 0 4.41700640190745
0

0101000
+809 0 -870 0 *
Ed
 1e-07 1 1 0
1  78 0 0 4.04512590997113
0

0101000
+875 0 -809 0 *
Wi

0101100
+808 0 -869 0 +807 0 *
Fa
0  1e-07 46 0

0101000
+806 0 *
Ve
1e-07
32.0056838989258 37.8611373901367 10.0767126083374
0 0

0101101
*
Ed
 1e-07 1 1 0
1  79 0 0 4.44518931993663
0

0101000
+919 0 -804 0 *
Ed
 1e-07 1 1 0
1  80 0 0 4.26420622268303
0

0101000
+804 0 -865 0 *
Wi

0101100
-864 0 +803 0 +802 0 *
Fa
0  1e-07 47 0

0101000
+801 0 *
Ed
 1e-07 1 1 0
1  81 0 0 4.42741047515391
0

0101000
+914 0 -809 0 *
Wi

0101100
+799 0 -807 0 -860 0 *
Fa
0  1e-07 48 0

0101000
+798 0 *
Ed
 1e-07 1 1 0
1  82 0 0 4.48938141491757
0

0101000
+804 0 -854 0 *
Wi

0101100
-802 0 +796 0 -853 0 *
Fa
0  1e-07 49 0

0101000
+795 0 *
Ed
 1e-07 1 1 0
1  83 0 0 4.35664073460373
0

0101000
+849 0 -809 0 *
Wi

0101100
-799 0 -847 0 +793 0 *
Fa
0  1e-07 50 0

0101000
+792 0 *
Ve
1e-07
31.9024429321289 24.1473445892334 15.8340635299683
0 0

0101101
*
Ed
 1e-07 1 1 0
1  84 0 0 3.58119717241232
0

0101000
+904 0 -790 0 *
Ed
 1e-07 1 1 0
1  85 0 0 3.50992056184238
0

0101000
+909 0 -790 0 *
Wi

0101100
-902 0 +789 0 -788 0 *
Fa
0  1e-07 51 0

0101000
+787 0 *
Ve
1e-07
34.5591735839844 24.4899940490723 13.7181100845337
0 0

0101101
*
Ed
 1e-07 1 1 0
1  86 0 0 5.64912031017388
0

0101000
+909 0 -785 0 *
Ve
1e-07
32.0777854919434 26.0716648101807 10.1670503616333
0 0

0101101
*
Ed
 1e-07 1 1 0
1  87 0 0 4.61183200208698
0

0101000
+785 0 -783 0 *
Ed
 1e-07 1 1 0
1  88 0 0 5.20314714152237
0

0101000
+783 0 -909 0 *
Wi

0101100
+784 0 +782 0 +781 0 *
Fa
0  1e-07 52 0

0101000
+780 0 *
Ed
 1e-07 1 1 0
1  89 0 0 3.41363228718072
0

0101000
+790 0 -785 0 *
Wi

0101100
+788 0 +778 0 -784 0 *
Fa
0  1e-07 53 0

0101000
+777 0 *
Ed
 1e-07 1 1 0
1  90 0 0 4.32370972729702
0

0101000
+783 0 -934 0 *
Wi

0101100
+775 0 -907 0 -781 0 *
Fa
0  1e-07 54 0

0101000
+774 0 *
Ed
 1e-07 1 1 0
1  91 0 0 4.19213990134396
0

0101000
+783 0 -896 0 *
Wi

0101100
-775 0 +772 0 -895 0 *
Fa
0  1e-07 55 0

0101000
+771 0 *
Ed
 1e-07 1 1 0
1  92 0 0 4.2332123160148
0

0101000
+783 0 -844 0 *
Wi

0101100
-772 0 +769 0 -843 0 *
Fa
0  1e-07 56 0

0101000
+768 0 *
Ed
 1e-07 1 1 0
1  93 0 0 3.53607269102826
0

0101000
+844 0 -819 0 *
Wi

0101100
+766 0 -818 0 -839 0 *
Fa
0  1e-07 57 0

0101000
+765 0 *
Ve
1e-07
34.555721282959 34.2831192016602 8.48989772796631
0 0

0101101
*
Ed
 1e-07 1 1 0
1  94 0 0 3.41210328827498
0

0101000
+819 0 -763 0 *
Ed
 1e-07 1 1 0
1  95 0 0 5.75923860091555
0

0101000
+763 0 -919 0 *
Wi

0101100
+762 0 +761 0 -817 0 *
Fa
0  1e-07 58 0

0101000
+760 0 *
Ve
1e-07
34.2819023132324 34.5591926574707 23.5099964141846
0 0

0101101
*
Ed
 1e-07 1 1 0
1  96 0 0 4.97346204254812
0

0101000
+870 0 -758 0 *
Ed
 1e-07 1 1 0
1  97 0 0 3.46075802300165
0

0101000
+758 0 -814 0 *
Wi

0101100
-813 0 +757 0 +756 0 *
Fa
0  1e-07 59 0

0101000
+755 0 *
Ed
 1e-07 1 1 0
1  98 0 0 4.67149722054965
0

0101000
+763 0 -804 0 *
Wi

0101100
-761 0 +753 0 -803 0 *
Fa
0  1e-07 60 0

0101000
+752 0 *
Ed
 1e-07 1 1 0
1  99 0 0 4.44678745565021
0

0101000
+809 0 -758 0 *
Wi

0101100
-808 0 +750 0 -757 0 *
Fa
0  1e-07 61 0

0101000
+749 0 *
Ve
1e-07
31.9546604156494 39.8527679443359 16.0065727233887
0 0

0101101
*
Ed
 1e-07 1 1 0
1  100 0 0 3.64779163216556
0

0101000
+854 0 -747 0 *
Ed
 1e-07 1 1 0
1  101 0 0 3.40338480119268
0

0101000
+747 0 -849 0 *
Wi

0101100
+746 0 +745 0 -833 0 *
Fa
0  1e-07 62 0

0101000
+744 0 *
Ve
1e-07
34.4879150390625 24.6306858062744 18.6639728546143
0 0

0101101
*
Ed
 1e-07 1 1 0
1  102 0 0 4.70282004792472
0

0101000
+904 0 -742 0 *
Ed
 1e-07 1 1 0
1  103 0 0 3.86350508392841
0

0101000
+742 0 -790 0 *
Wi

0101100
+741 0 +740 0 -789 0 *
Fa
0  1e-07 63 0

0101000
+739 0 *
Ed
 1e-07 1 1 0
1  104 0 0 4.35231337487863
0

0101000
+830 0 -742 0 *
Wi

0101100
-829 0 +737 0 -741 0 *
Fa
0  1e-07 64 0

0101000
+736 0 *
Ve
1e-07
34.4811363220215 29.3839530944824 8.62971496582031
0 0

0101101
*
Ed
 1e-07 1 1 0
1  105 0 0 3.82534101410383
0

0101000
+734 0 -819 0 *
Ed
 1e-07 1 1 0
1  106 0 0 4.6127427023975
0

0101000
+844 0 -734 0 *
Wi

0101100
+733 0 -766 0 +732 0 *
Fa
0  1e-07 65 0

0101000
+731 0 *
Ve
1e-07
34.250057220459 29.3254718780518 23.4174137115479
0 0

0101101
*
Ed
 1e-07 1 1 0
1  107 0 0 4.66519558340615
0

0101000
+729 0 -885 0 *
Ed
 1e-07 1 1 0
1  108 0 0 3.75982025111978
0

0101000
+814 0 -729 0 *
Wi

0101100
+728 0 -812 0 +727 0 *
Fa
0  1e-07 66 0

0101000
+726 0 *
Ve
1e-07
34.1645965576172 39.4862327575684 13.3648643493652
0 0

0101101
*
Ed
 1e-07 1 1 0
1  109 0 0 4.25602874674621
0

0101000
+804 0 -724 0 *
Ed
 1e-07 1 1 0
1  110 0 0 4.74368928478355
0

0101000
+724 0 -854 0 *
Wi

0101100
-796 0 +723 0 +722 0 *
Fa
0  1e-07 67 0

0101000
+721 0 *
Ed
 1e-07 1 1 0
1  111 0 0 3.46363810582164
0

0101000
+724 0 -747 0 *
Wi

0101100
-722 0 +719 0 -746 0 *
Fa
0  1e-07 68 0

0101000
+718 0 *
Ed
 1e-07 1 1 0
1  112 0 0 4.21483488098464
0

0101000
+729 0 -830 0 *
Wi

0101100
-822 0 -728 0 +716 0 *
Fa
0  1e-07 69 0

0101000
+715 0 *
Ed
 1e-07 1 1 0
1  113 0 0 4.37158426774315
0

0101000
+783 0 -734 0 *
Wi

0101100
-732 0 -769 0 +713 0 *
Fa
0  1e-07 70 0

0101000
+712 0 *
Ve
1e-07
34.9385566711426 39.0434722900391 19.1448001861572
0 0

0101101
*
Ed
 1e-07 1 1 0
1  114 0 0 5.36613826113126
0

0101000
+849 0 -710 0 *
Ed
 1e-07 1 1 0
1  115 0 0 4.15579966004483
0

0101000
+710 0 -809 0 *
Wi

0101100
+709 0 +708 0 -793 0 *
Fa
0  1e-07 71 0

0101000
+707 0 *
Ve
1e-07
34.7545204162598 39.4745254516602 16.6107311248779
0 0

0101101
*
Ed
 1e-07 1 1 0
1  116 0 0 3.29906022139405
0

0101000
+724 0 -705 0 *
Ed
 1e-07 1 1 0
1  117 0 0 2.88916783527254
0

0101000
+705 0 -747 0 *
Wi

0101100
-719 0 +704 0 +703 0 *
Fa
0  1e-07 72 0

0101000
+702 0 *
Ed
 1e-07 1 1 0
1  118 0 0 5.44809181355674
0

0101000
+705 0 -849 0 *
Wi

0101100
-703 0 +700 0 -745 0 *
Fa
0  1e-07 73 0

0101000
+699 0 *
Ed
 1e-07 1 1 0
1  119 0 0 4.94837655107592
0

0101000
+742 0 -785 0 *
Wi

0101100
+697 0 -778 0 -740 0 *
Fa
0  1e-07 74 0

0101000
+696 0 *
Ve
1e-07
35.8501243591309 28.4659004211426 9.79425525665283
0 0

0101101
*
Ed
 1e-07 1 1 0
1  120 0 0 4.48351211440195
0

0101000
+783 0 -694 0 *
Ed
 1e-07 1 1 0
1  121 0 0 2.01819301498824
0

0101000
+694 0 -734 0 *
Wi

0101100
+693 0 +692 0 -713 0 *
Fa
0  1e-07 75 0

0101000
+691 0 *
Ed
 1e-07 1 1 0
1  122 0 0 4.9017282994999
0

0101000
+734 0 -763 0 *
Wi

0101100
+689 0 -762 0 -733 0 *
Fa
0  1e-07 76 0

0101000
+688 0 *
Ed
 1e-07 1 1 0
1  123 0 0 5.23463645955313
0

0101000
+758 0 -729 0 *
Wi

0101100
-756 0 +686 0 -727 0 *
Fa
0  1e-07 77 0

0101000
+685 0 *
Ve
1e-07
35.6585502624512 35.700927734375 22.2257347106934
0 0

0101101
*
Ed
 1e-07 1 1 0
1  124 0 0 4.35447782755829
0

0101000
+809 0 -683 0 *
Ed
 1e-07 1 1 0
1  125 0 0 2.20182803256203
0

0101000
+683 0 -758 0 *
Wi

0101100
+682 0 +681 0 -750 0 *
Fa
0  1e-07 78 0

0101000
+680 0 *
Ed
 1e-07 1 1 0
1  126 0 0 4.60251587966881
0

0101000
+710 0 -683 0 *
Wi

0101100
-682 0 -708 0 +678 0 *
Fa
0  1e-07 79 0

0101000
+677 0 *
Ve
1e-07
35.8559150695801 38.1735000610352 12.4328441619873
0 0

0101101
*
Ed
 1e-07 1 1 0
1  127 0 0 4.52473274390361
0

0101000
+804 0 -675 0 *
Ed
 1e-07 1 1 0
1  128 0 0 2.33505611734187
0

0101000
+675 0 -724 0 *
Wi

0101100
+674 0 +673 0 -723 0 *
Fa
0  1e-07 80 0

0101000
+672 0 *
Ed
 1e-07 1 1 0
1  129 0 0 2.57704912226907
0

0101000
+705 0 -710 0 *
Wi

0101100
-700 0 +670 0 -709 0 *
Fa
0  1e-07 81 0

0101000
+669 0 *
Ve
1e-07
35.7009239196777 25.7742710113525 12.341438293457
0 0

0101101
*
Ed
 1e-07 1 1 0
1  130 0 0 2.20185975149326
0

0101000
+785 0 -667 0 *
Ed
 1e-07 1 1 0
1  131 0 0 4.23598135219781
0

0101000
+667 0 -783 0 *
Wi

0101100
+666 0 +665 0 -782 0 *
Fa
0  1e-07 82 0

0101000
+664 0 *
Ve
1e-07
35.9140930175781 25.8784027099609 19.5373821258545
0 0

0101101
*
Ed
 1e-07 1 1 0
1  132 0 0 2.08653417255419
0

0101000
+662 0 -742 0 *
Ed
 1e-07 1 1 0
1  133 0 0 4.59317819054999
0

0101000
+830 0 -662 0 *
Wi

0101100
+661 0 -737 0 +660 0 *
Fa
0  1e-07 83 0

0101000
+659 0 *
Ve
1e-07
35.6246604919434 28.3815517425537 22.3152084350586
0 0

0101101
*
Ed
 1e-07 1 1 0
1  134 0 0 4.3116763856147
0

0101000
+830 0 -657 0 *
Ed
 1e-07 1 1 0
1  135 0 0 3.75044600952633
0

0101000
+657 0 -662 0 *
Wi

0101100
+656 0 +655 0 -660 0 *
Fa
0  1e-07 84 0

0101000
+654 0 *
Ed
 1e-07 1 1 0
1  136 0 0 3.70880992688527
0

0101000
+667 0 -694 0 *
Wi

0101100
+652 0 -693 0 -665 0 *
Fa
0  1e-07 85 0

0101000
+651 0 *
Ed
 1e-07 1 1 0
1  137 0 0 1.99884362762447
0

0101000
+729 0 -657 0 *
Wi

0101100
-656 0 -716 0 +649 0 *
Fa
0  1e-07 86 0

0101000
+648 0 *
Ve
1e-07
35.6765289306641 35.6691131591797 9.76361083984375
0 0

0101101
*
Ed
 1e-07 1 1 0
1  138 0 0 2.19078390645982
0

0101000
+763 0 -646 0 *
Ed
 1e-07 1 1 0
1  139 0 0 4.28696934833622
0

0101000
+646 0 -804 0 *
Wi

0101100
+645 0 +644 0 -753 0 *
Fa
0  1e-07 87 0

0101000
+643 0 *
Ed
 1e-07 1 1 0
1  140 0 0 3.66455176918842
0

0101000
+646 0 -675 0 *
Wi

0101100
+641 0 -674 0 -644 0 *
Fa
0  1e-07 88 0

0101000
+640 0 *
Ve
1e-07
37.9424781799316 26.1874923706055 16.0517272949219
0 0

0101101
*
Ed
 1e-07 1 1 0
1  141 0 0 4.6023341944201
0

0101000
+742 0 -638 0 *
Ed
 1e-07 1 1 0
1  142 0 0 4.44679882895391
0

0101000
+638 0 -785 0 *
Wi

0101100
+637 0 +636 0 -697 0 *
Fa
0  1e-07 89 0

0101000
+635 0 *
Ve
1e-07
37.9182815551758 31.9723129272461 10.1582002639771
0 0

0101101
*
Ed
 1e-07 1 1 0
1  143 0 0 4.56616264322034
0

0101000
+633 0 -734 0 *
Ed
 1e-07 1 1 0
1  144 0 0 4.087133325311
0

0101000
+694 0 -633 0 *
Wi

0101100
+632 0 -692 0 +631 0 *
Fa
0  1e-07 90 0

0101000
+630 0 *
Ed
 1e-07 1 1 0
1  145 0 0 4.40793268707928
0

0101000
+633 0 -763 0 *
Wi

0101100
-689 0 -632 0 +628 0 *
Fa
0  1e-07 91 0

0101000
+627 0 *
Ve
1e-07
37.832950592041 32.0777893066406 21.9283294677734
0 0

0101101
*
Ed
 1e-07 1 1 0
1  146 0 0 4.32300735966111
0

0101000
+625 0 -657 0 *
Ed
 1e-07 1 1 0
1  147 0 0 4.75707347272435
0

0101000
+729 0 -625 0 *
Wi

0101100
+624 0 -649 0 +623 0 *
Fa
0  1e-07 92 0

0101000
+622 0 *
Ed
 1e-07 1 1 0
1  148 0 0 4.6118300919819
0

0101000
+758 0 -625 0 *
Wi

0101100
-686 0 +620 0 -623 0 *
Fa
0  1e-07 93 0

0101000
+619 0 *
Ed
 1e-07 1 1 0
1  149 0 0 4.23598851962115
0

0101000
+683 0 -625 0 *
Wi

0101100
-681 0 +617 0 -620 0 *
Fa
0  1e-07 94 0

0101000
+616 0 *
Ve
1e-07
38.1228561401367 35.7982292175293 19.6811408996582
0 0

0101101
*
Ed
 1e-07 1 1 0
1  150 0 0 4.5781029989361
0

0101000
+710 0 -614 0 *
Ed
 1e-07 1 1 0
1  151 0 0 3.54361802407906
0

0101000
+614 0 -683 0 *
Wi

0101100
-678 0 +613 0 +612 0 *
Fa
0  1e-07 95 0

0101000
+611 0 *
Ed
 1e-07 1 1 0
1  152 0 0 4.35448755513163
0

0101000
+638 0 -667 0 *
Wi

0101100
+609 0 -666 0 -636 0 *
Fa
0  1e-07 96 0

0101000
+608 0 *
Ed
 1e-07 1 1 0
1  153 0 0 4.04470918430202
0

0101000
+662 0 -638 0 *
Wi

0101100
-637 0 -661 0 +606 0 *
Fa
0  1e-07 97 0

0101000
+605 0 *
Ve
1e-07
38.1925735473633 28.4582118988037 19.8442516326904
0 0

0101101
*
Ed
 1e-07 1 1 0
1  154 0 0 3.56450301710096
0

0101000
+657 0 -603 0 *
Ed
 1e-07 1 1 0
1  155 0 0 3.45558357874229
0

0101000
+603 0 -662 0 *
Wi

0101100
+602 0 +601 0 -655 0 *
Fa
0  1e-07 98 0

0101000
+600 0 *
Ed
 1e-07 1 1 0
1  156 0 0 4.34136932291729
0

0101000
+633 0 -646 0 *
Wi

0101100
+598 0 -645 0 -628 0 *
Fa
0  1e-07 99 0

0101000
+597 0 *
Ve
1e-07
37.9279937744141 37.8628807067871 16.0467071533203
0 0

0101101
*
Ed
 1e-07 1 1 0
1  157 0 0 4.17731974624714
0

0101000
+675 0 -595 0 *
Ed
 1e-07 1 1 0
1  158 0 0 4.89803137161205
0

0101000
+595 0 -724 0 *
Wi

0101100
+594 0 +593 0 -673 0 *
Fa
0  1e-07 100 0

0101000
+592 0 *
Ed
 1e-07 1 1 0
1  159 0 0 3.6036724294924
0

0101000
+595 0 -705 0 *
Wi

0101100
-704 0 -593 0 +590 0 *
Fa
0  1e-07 101 0

0101000
+589 0 *
Ed
 1e-07 1 1 0
1  160 0 0 4.46415850087944
0

0101000
+595 0 -710 0 *
Wi

0101100
+587 0 -670 0 -590 0 *
Fa
0  1e-07 102 0

0101000
+586 0 *
Ve
1e-07
39.2522087097168 29.1409893035889 13.1256799697876
0 0

0101101
*
Ed
 1e-07 1 1 0
1  161 0 0 4.35893233977302
0

0101000
+638 0 -584 0 *
Ed
 1e-07 1 1 0
1  162 0 0 4.95595104153938
0

0101000
+584 0 -667 0 *
Wi

0101100
-609 0 +583 0 +582 0 *
Fa
0  1e-07 103 0

0101000
+581 0 *
Ed
 1e-07 1 1 0
1  163 0 0 4.80919052928758
0

0101000
+584 0 -694 0 *
Wi

0101100
-582 0 +579 0 -652 0 *
Fa
0  1e-07 104 0

0101000
+578 0 *
Ed
 1e-07 1 1 0
1  164 0 0 4.42740959491195
0

0101000
+603 0 -638 0 *
Wi

0101100
+576 0 -606 0 -601 0 *
Fa
0  1e-07 105 0

0101000
+575 0 *
Ed
 1e-07 1 1 0
1  165 0 0 4.31296776244604
0

0101000
+584 0 -633 0 *
Wi

0101100
+573 0 -631 0 -579 0 *
Fa
0  1e-07 106 0

0101000
+572 0 *
Ed
 1e-07 1 1 0
1  166 0 0 4.19214142223308
0

0101000
+625 0 -603 0 *
Wi

0101100
-624 0 +570 0 -602 0 *
Fa
0  1e-07 107 0

0101000
+569 0 *
Ve
1e-07
38.1831436157227 35.6281661987305 12.2180366516113
0 0

0101101
*
Ed
 1e-07 1 1 0
1  167 0 0 4.20456192695058
0

0101000
+633 0 -567 0 *
Ed
 1e-07 1 1 0
1  168 0 0 3.50841843262635
0

0101000
+567 0 -646 0 *
Wi

0101100
+566 0 +565 0 -598 0 *
Fa
0  1e-07 108 0

0101000
+564 0 *
Ed
 1e-07 1 1 0
1  169 0 0 4.35609628199582
0

0101000
+614 0 -625 0 *
Wi

0101100
-612 0 +562 0 -617 0 *
Fa
0  1e-07 109 0

0101000
+561 0 *
Ed
 1e-07 1 1 0
1  170 0 0 3.45555486761384
0

0101000
+567 0 -675 0 *
Wi

0101100
-565 0 +559 0 -641 0 *
Fa
0  1e-07 110 0

0101000
+558 0 *
Ed
 1e-07 1 1 0
1  171 0 0 4.44046936535938
0

0101000
+567 0 -595 0 *
Wi

0101100
-594 0 -559 0 +556 0 *
Fa
0  1e-07 111 0

0101000
+555 0 *
Ed
 1e-07 1 1 0
1  172 0 0 4.18447915160169
0

0101000
+595 0 -614 0 *
Wi

0101100
-613 0 -587 0 +553 0 *
Fa
0  1e-07 112 0

0101000
+552 0 *
Ve
1e-07
39.5245323181152 29.5237655639648 18.3640098571777
0 0

0101101
*
Ed
 1e-07 1 1 0
1  173 0 0 5.25935146404225
0

0101000
+550 0 -584 0 *
Ed
 1e-07 1 1 0
1  174 0 0 4.35663456863032
0

0101000
+638 0 -550 0 *
Wi

0101100
+549 0 -583 0 +548 0 *
Fa
0  1e-07 113 0

0101000
+547 0 *
Ed
 1e-07 1 1 0
1  175 0 0 2.2584584331562
0

0101000
+603 0 -550 0 *
Wi

0101100
-576 0 +545 0 -548 0 *
Fa
0  1e-07 114 0

0101000
+544 0 *
Ed
 1e-07 1 1 0
1  176 0 0 4.69987875382088
0

0101000
+625 0 -550 0 *
Wi

0101100
-570 0 +542 0 -545 0 *
Fa
0  1e-07 115 0

0101000
+541 0 *
Ve
1e-07
39.5080375671387 34.545768737793 13.6557445526123
0 0

0101101
*
Ed
 1e-07 1 1 0
1  177 0 0 4.62415560263436
0

0101000
+539 0 -633 0 *
Ed
 1e-07 1 1 0
1  178 0 0 5.43673225372103
0

0101000
+584 0 -539 0 *
Wi

0101100
+538 0 -573 0 +537 0 *
Fa
0  1e-07 116 0

0101000
+536 0 *
Ve
1e-07
39.2730445861816 34.657299041748 18.6980781555176
0 0

0101101
*
Ed
 1e-07 1 1 0
1  179 0 0 5.15053528041404
0

0101000
+534 0 -550 0 *
Ed
 1e-07 1 1 0
1  180 0 0 4.37747241291188
0

0101000
+625 0 -534 0 *
Wi

0101100
+533 0 -542 0 +532 0 *
Fa
0  1e-07 117 0

0101000
+531 0 *
Ed
 1e-07 1 1 0
1  181 0 0 2.23471077648615
0

0101000
+539 0 -567 0 *
Wi

0101100
-566 0 -538 0 +529 0 *
Fa
0  1e-07 118 0

0101000
+528 0 *
Ed
 1e-07 1 1 0
1  182 0 0 1.89501121008314
0

0101000
+614 0 -534 0 *
Wi

0101100
-562 0 +526 0 -532 0 *
Fa
0  1e-07 119 0

0101000
+525 0 *
Ed
 1e-07 1 1 0
1  183 0 0 4.3836596993558
0

0101000
+539 0 -595 0 *
Wi

0101100
-556 0 -529 0 +523 0 *
Fa
0  1e-07 120 0

0101000
+522 0 *
Ed
 1e-07 1 1 0
1  184 0 0 5.04903841070625
0

0101000
+539 0 -534 0 *
Ed
 1e-07 1 1 0
1  185 0 0 4.37203427351202
0

0101000
+534 0 -595 0 *
Wi

0101100
+520 0 +519 0 -523 0 *
Fa
0  1e-07 121 0

0101000
+518 0 *
Wi

0101100
-526 0 -553 0 -519 0 *
Fa
0  1e-07 122 0

0101000
+516 0 *
Ve
1e-07
39.8529167175293 32.1003570556641 16.1693572998047
0 0

0101101
*
Ed
 1e-07 1 1 0
1  186 0 0 4.287502687105
0

0101000
+514 0 -584 0 *
Ed
 1e-07 1 1 0
1  187 0 0 3.40046465596386
0

0101000
+550 0 -514 0 *
Wi

0101100
+513 0 -549 0 +512 0 *
Fa
0  1e-07 123 0

0101000
+511 0 *
Ed
 1e-07 1 1 0
1  188 0 0 3.5238088719899
0

0101000
+514 0 -539 0 *
Wi

0101100
+509 0 -537 0 -513 0 *
Fa
0  1e-07 124 0

0101000
+508 0 *
Ed
 1e-07 1 1 0
1  189 0 0 3.64261350887383
0

0101000
+534 0 -514 0 *
Wi

0101100
-533 0 +506 0 -512 0 *
Fa
0  1e-07 125 0

0101000
+505 0 *
Wi

0101100
-506 0 -520 0 -509 0 *
Fa
0  1e-07 126 0

0101000
+503 0 *
Sh

0101100
+1000 0 +995 0 +990 0 +985 0 +980 0 +977 0 +972 0 +967 0 +962 0 +957 0 
+954 0 +951 0 +946 0 +941 0 +938 0 +935 0 +930 0 +925 0 +920 0 +915 0 
+910 0 +905 0 +900 0 +897 0 +892 0 +889 0 +886 0 +881 0 +876 0 +871 0 
+866 0 +861 0 +858 0 +855 0 +850 0 +845 0 +840 0 +837 0 +834 0 +831 0 
+826 0 +823 0 +820 0 +815 0 +810 0 +805 0 +800 0 +797 0 +794 0 +791 0 
+786 0 +779 0 +776 0 +773 0 +770 0 +767 0 +764 0 +759 0 +754 0 +751 0 
+748 0 +743 0 +738 0 +735 0 +730 0 +725 0 +720 0 +717 0 +714 0 +711 0 
+706 0 +701 0 +698 0 +695 0 +690 0 +687 0 +684 0 +679 0 +676 0 +671 0 
+668 0 +663 0 +658 0 +653 0 +650 0 +647 0 +642 0 +639 0 +634 0 +629 0 
+626 0 +621 0 +618 0 +615 0 +610 0 +607 0 +604 0 +599 0 +596 0 +591 0 
+588 0 +585 0 +580 0 +577 0 +574 0 +571 0 +568 0 +563 0 +560 0 +557 0 
+554 0 +551 0 +546 0 +543 0 +540 0 +535 0 +530 0 +527 0 +524 0 +521 0 
+517 0 +515 0 +510 0 +507 0 +504 0 +502 0 *
Ve
1e-07
25.8786468505859 28.4629421234131 44.0854225158691
0 0

0101101
*
Ve
1e-07
24.7275714874268 29.3022937774658 45.3206253051758
0 0

0101101
*
Ed
 1e-07 1 1 0
1  190 0 0 1.88552688168162
0

0101000
+500 0 -499 0 *
Ve
1e-07
26.1107139587402 26.1283512115479 48.0050582885742
0 0

0101101
*
Ed
 1e-07 1 1 0
1  191 0 0 4.38100159210819
0

0101000
+499 0 -497 0 *
Ed
 1e-07 1 1 0
1  192 0 0 4.5681193569258
0

0101000
+497 0 -500 0 *
Wi

0101100
+498 0 +496 0 +495 0 *
Fa
0  1e-07 127 0

0101000
+494 0 *
Ve
1e-07
24.5263767242432 29.4091281890869 50.329044342041
0 0

0101101
*
Ed
 1e-07 1 1 0
1  193 0 0 5.01359692965769
0

0101000
+492 0 -499 0 *
Ed
 1e-07 1 1 0
1  194 0 0 4.32140408035078
0

0101000
+497 0 -492 0 *
Wi

0101100
-496 0 -491 0 -490 0 *
Fa
0  1e-07 128 0

0101000
+489 0 *
Ve
1e-07
24.1362476348877 31.875093460083 48.0184059143066
0 0

0101101
*
Ed
 1e-07 1 1 0
1  195 0 0 3.77451749505274
0

0101000
+499 0 -487 0 *
Ed
 1e-07 1 1 0
1  196 0 0 3.40179884294221
0

0101000
+487 0 -492 0 *
Wi

0101100
+491 0 +486 0 +485 0 *
Fa
0  1e-07 129 0

0101000
+484 0 *
Ve
1e-07
24.4900054931641 34.2819023132324 45.4408073425293
0 0

0101101
*
Ed
 1e-07 1 1 0
1  197 0 0 4.98672061511491
0

0101000
+499 0 -482 0 *
Ed
 1e-07 1 1 0
1  198 0 0 3.54427536671733
0

0101000
+482 0 -487 0 *
Wi

0101100
-486 0 +481 0 +480 0 *
Fa
0  1e-07 130 0

0101000
+479 0 *
Ve
1e-07
24.6155681610107 34.3449668884277 50.7532424926758
0 0

0101101
*
Ed
 1e-07 1 1 0
1  199 0 0 3.71609392093257
0

0101000
+487 0 -477 0 *
Ed
 1e-07 1 1 0
1  200 0 0 4.95483630903233
0

0101000
+477 0 -492 0 *
Wi

0101100
-485 0 +476 0 +475 0 *
Fa
0  1e-07 131 0

0101000
+474 0 *
Ed
 1e-07 1 1 0
1  201 0 0 5.31429302435547
0

0101000
+482 0 -477 0 *
Wi

0101100
-480 0 +472 0 -476 0 *
Fa
0  1e-07 132 0

0101000
+471 0 *
Ve
1e-07
26.0716686248779 37.832950592041 47.9222145080566
0 0

0101101
*
Ed
 1e-07 1 1 0
1  202 0 0 4.61183083620625
0

0101000
+482 0 -469 0 *
Ed
 1e-07 1 1 0
1  203 0 0 4.72239116626765
0

0101000
+469 0 -477 0 *
Wi

0101100
-472 0 +468 0 +467 0 *
Fa
0  1e-07 133 0

0101000
+466 0 *
Ve
1e-07
25.7352867126465 28.3716239929199 51.6620826721191
0 0

0101101
*
Ed
 1e-07 1 1 0
1  204 0 0 4.30662811612478
0

0101000
+464 0 -497 0 *
Ed
 1e-07 1 1 0
1  205 0 0 2.07722639752698
0

0101000
+492 0 -464 0 *
Wi

0101100
+463 0 +490 0 +462 0 *
Fa
0  1e-07 134 0

0101000
+461 0 *
Ve
1e-07
26.1874923706055 31.9482746124268 42.0575180053711
0 0

0101101
*
Ed
 1e-07 1 1 0
1  206 0 0 4.4475220982206
0

0101000
+459 0 -499 0 *
Ed
 1e-07 1 1 0
1  207 0 0 4.04417170974585
0

0101000
+500 0 -459 0 *
Wi

0101100
+458 0 -498 0 +457 0 *
Fa
0  1e-07 135 0

0101000
+456 0 *
Ve
1e-07
26.1099891662598 31.9482612609863 53.8801612854004
0 0

0101101
*
Ed
 1e-07 1 1 0
1  208 0 0 4.22523476398188
0

0101000
+454 0 -464 0 *
Ed
 1e-07 1 1 0
1  209 0 0 4.64386225772655
0

0101000
+492 0 -454 0 *
Wi

0101100
+453 0 -462 0 +452 0 *
Fa
0  1e-07 136 0

0101000
+451 0 *
Ed
 1e-07 1 1 0
1  210 0 0 4.44678835610395
0

0101000
+459 0 -482 0 *
Wi

0101100
-458 0 +449 0 -481 0 *
Fa
0  1e-07 137 0

0101000
+448 0 *
Ed
 1e-07 1 1 0
1  211 0 0 4.21368166118813
0

0101000
+477 0 -454 0 *
Wi

0101100
-452 0 -475 0 +446 0 *
Fa
0  1e-07 138 0

0101000
+445 0 *
Ve
1e-07
25.7742614746094 35.6585502624512 44.2990760803223
0 0

0101101
*
Ed
 1e-07 1 1 0
1  212 0 0 4.35447904759555
0

0101000
+459 0 -443 0 *
Ed
 1e-07 1 1 0
1  213 0 0 2.20182271699315
0

0101000
+443 0 -482 0 *
Wi

0101100
+442 0 +441 0 -449 0 *
Fa
0  1e-07 139 0

0101000
+440 0 *
Ve
1e-07
25.6837482452393 35.6231002807617 51.6188774108887
0 0

0101101
*
Ed
 1e-07 1 1 0
1  214 0 0 4.33584223711413
0

0101000
+438 0 -454 0 *
Ed
 1e-07 1 1 0
1  215 0 0 1.87722067764316
0

0101000
+477 0 -438 0 *
Wi

0101100
+437 0 -446 0 +436 0 *
Fa
0  1e-07 140 0

0101000
+435 0 *
Ed
 1e-07 1 1 0
1  216 0 0 4.23598865353495
0

0101000
+443 0 -469 0 *
Wi

0101100
-441 0 +433 0 -468 0 *
Fa
0  1e-07 141 0

0101000
+432 0 *
Ed
 1e-07 1 1 0
1  217 0 0 4.32426146716116
0

0101000
+469 0 -438 0 *
Wi

0101100
+430 0 -436 0 -467 0 *
Fa
0  1e-07 142 0

0101000
+429 0 *
Ve
1e-07
28.3813209533691 25.6841640472412 44.3762245178223
0 0

0101101
*
Ed
 1e-07 1 1 0
1  218 0 0 4.3036487887306
0

0101000
+497 0 -427 0 *
Ed
 1e-07 1 1 0
1  219 0 0 3.75094002427327
0

0101000
+427 0 -500 0 *
Wi

0101100
+426 0 +425 0 -495 0 *
Fa
0  1e-07 143 0

0101000
+424 0 *
Ve
1e-07
28.1853542327881 25.9079818725586 51.729736328125
0 0

0101101
*
Ed
 1e-07 1 1 0
1  220 0 0 3.47518925637759
0

0101000
+464 0 -422 0 *
Ed
 1e-07 1 1 0
1  221 0 0 4.26918275675565
0

0101000
+422 0 -497 0 *
Wi

0101100
+421 0 +420 0 -463 0 *
Fa
0  1e-07 144 0

0101000
+419 0 *
Ve
1e-07
28.1831798553467 28.4064292907715 54.1879844665527
0 0

0101101
*
Ed
 1e-07 1 1 0
1  222 0 0 4.11551314533284
0

0101000
+454 0 -417 0 *
Ed
 1e-07 1 1 0
1  223 0 0 3.51760886426561
0

0101000
+417 0 -464 0 *
Wi

0101100
+416 0 +415 0 -453 0 *
Fa
0  1e-07 145 0

0101000
+414 0 *
Ve
1e-07
28.8525638580322 34.9347190856934 40.9570617675781
0 0

0101101
*
Ed
 1e-07 1 1 0
1  224 0 0 4.15119989356055
0

0101000
+459 0 -412 0 *
Ed
 1e-07 1 1 0
1  225 0 0 4.60097128906714
0

0101000
+412 0 -443 0 *
Wi

0101100
-442 0 +411 0 +410 0 *
Fa
0  1e-07 146 0

0101000
+409 0 *
Ve
1e-07
28.1557426452637 38.1925659179688 51.5417938232422
0 0

0101101
*
Ed
 1e-07 1 1 0
1  226 0 0 4.19214051816109
0

0101000
+469 0 -407 0 *
Ed
 1e-07 1 1 0
1  227 0 0 3.56634993432
0

0101000
+407 0 -438 0 *
Wi

0101100
-430 0 +406 0 +405 0 *
Fa
0  1e-07 147 0

0101000
+404 0 *
Ve
1e-07
28.9215564727783 24.6373081207275 46.0469436645508
0 0

0101101
*
Ed
 1e-07 1 1 0
1  228 0 0 3.73607521581424
0

0101000
+497 0 -402 0 *
Ed
 1e-07 1 1 0
1  229 0 0 2.04427596340449
0

0101000
+402 0 -427 0 *
Wi

0101100
-426 0 +401 0 +400 0 *
Fa
0  1e-07 148 0

0101000
+399 0 *
Ve
1e-07
29.7858295440674 24.5532455444336 50.6941604614258
0 0

0101101
*
Ed
 1e-07 1 1 0
1  230 0 0 4.81857893202186
0

0101000
+497 0 -397 0 *
Ed
 1e-07 1 1 0
1  231 0 0 4.72764829652606
0

0101000
+397 0 -402 0 *
Wi

0101100
+396 0 +395 0 -401 0 *
Fa
0  1e-07 149 0

0101000
+394 0 *
Ed
 1e-07 1 1 0
1  232 0 0 2.3386425798839
0

0101000
+422 0 -397 0 *
Wi

0101100
-396 0 -420 0 +392 0 *
Fa
0  1e-07 150 0

0101000
+391 0 *
Ve
1e-07
28.4582080841064 28.155740737915 41.8074340820312
0 0

0101101
*
Ed
 1e-07 1 1 0
1  233 0 0 3.56556969806602
0

0101000
+427 0 -389 0 *
Ed
 1e-07 1 1 0
1  234 0 0 3.45510349388162
0

0101000
+389 0 -500 0 *
Wi

0101100
+388 0 +387 0 -425 0 *
Fa
0  1e-07 151 0

0101000
+386 0 *
Ed
 1e-07 1 1 0
1  235 0 0 3.50502897842162
0

0101000
+417 0 -422 0 *
Wi

0101100
-415 0 +384 0 -421 0 *
Fa
0  1e-07 152 0

0101000
+383 0 *
Ed
 1e-07 1 1 0
1  236 0 0 4.42741516119419
0

0101000
+389 0 -459 0 *
Wi

0101100
+381 0 -457 0 -387 0 *
Fa
0  1e-07 153 0

0101000
+380 0 *
Ve
1e-07
29.5890312194824 29.5018920898438 55.5055198669434
0 0

0101101
*
Ed
 1e-07 1 1 0
1  237 0 0 4.55304801734002
0

0101000
+454 0 -378 0 *
Ed
 1e-07 1 1 0
1  238 0 0 2.21638361604575
0

0101000
+378 0 -417 0 *
Wi

0101100
-416 0 +377 0 +376 0 *
Fa
0  1e-07 154 0

0101000
+375 0 *
Ve
1e-07
29.5237922668457 29.6360168457031 40.4754486083984
0 0

0101101
*
Ed
 1e-07 1 1 0
1  239 0 0 5.36271798997214
0

0101000
+373 0 -412 0 *
Ed
 1e-07 1 1 0
1  240 0 0 4.35664739843194
0

0101000
+459 0 -373 0 *
Wi

0101100
+372 0 -411 0 +371 0 *
Fa
0  1e-07 155 0

0101000
+370 0 *
Ve
1e-07
28.4626007080078 35.9133834838867 54.1222229003906
0 0

0101101
*
Ed
 1e-07 1 1 0
1  241 0 0 3.75140293592426
0

0101000
+438 0 -368 0 *
Ed
 1e-07 1 1 0
1  242 0 0 4.61687872207581
0

0101000
+368 0 -454 0 *
Wi

0101100
-437 0 +367 0 +366 0 *
Fa
0  1e-07 156 0

0101000
+365 0 *
Ve
1e-07
29.3166389465332 34.706127166748 55.2652626037598
0 0

0101101
*
Ed
 1e-07 1 1 0
1  243 0 0 1.86906096519429
0

0101000
+368 0 -363 0 *
Ed
 1e-07 1 1 0
1  244 0 0 4.45049804287245
0

0101000
+363 0 -454 0 *
Wi

0101100
+362 0 +361 0 -366 0 *
Fa
0  1e-07 157 0

0101000
+360 0 *
Ve
1e-07
28.3181858062744 38.1225471496582 44.2021484375
0 0

0101101
*
Ed
 1e-07 1 1 0
1  245 0 0 4.58021780736538
0

0101000
+412 0 -358 0 *
Ed
 1e-07 1 1 0
1  246 0 0 3.54291216844934
0

0101000
+358 0 -443 0 *
Wi

0101100
-410 0 +357 0 +356 0 *
Fa
0  1e-07 158 0

0101000
+355 0 *
Ed
 1e-07 1 1 0
1  247 0 0 3.45650816007894
0

0101000
+407 0 -368 0 *
Wi

0101100
-405 0 +353 0 -367 0 *
Fa
0  1e-07 159 0

0101000
+352 0 *
Ed
 1e-07 1 1 0
1  248 0 0 4.35541010489254
0

0101000
+358 0 -469 0 *
Wi

0101100
-356 0 +350 0 -433 0 *
Fa
0  1e-07 160 0

0101000
+349 0 *
Ve
1e-07
29.4228134155273 39.3664436340332 45.4259490966797
0 0

0101101
*
Ed
 1e-07 1 1 0
1  249 0 0 2.06522847946007
0

0101000
+358 0 -347 0 *
Ed
 1e-07 1 1 0
1  250 0 0 4.45119234832332
0

0101000
+347 0 -469 0 *
Wi

0101100
-350 0 +346 0 +345 0 *
Fa
0  1e-07 161 0

0101000
+344 0 *
Ve
1e-07
29.6360092163086 39.524543762207 50.4762191772461
0 0

0101101
*
Ed
 1e-07 1 1 0
1  251 0 0 4.69988841945361
0

0101000
+469 0 -342 0 *
Ed
 1e-07 1 1 0
1  252 0 0 2.25849583242574
0

0101000
+342 0 -407 0 *
Wi

0101100
-406 0 +341 0 +340 0 *
Fa
0  1e-07 162 0

0101000
+339 0 *
Ed
 1e-07 1 1 0
1  253 0 0 2.2585110820541
0

0101000
+389 0 -373 0 *
Wi

0101100
-381 0 +337 0 -371 0 *
Fa
0  1e-07 163 0

0101000
+336 0 *
Ed
 1e-07 1 1 0
1  254 0 0 5.21689407967576
0

0101000
+363 0 -378 0 *
Wi

0101100
-377 0 -361 0 +334 0 *
Fa
0  1e-07 164 0

0101000
+333 0 *
Ed
 1e-07 1 1 0
1  255 0 0 5.05723995739411
0

0101000
+347 0 -342 0 *
Wi

0101100
+331 0 -341 0 -345 0 *
Fa
0  1e-07 165 0

0101000
+330 0 *
Ve
1e-07
31.9793701171875 26.1175327301025 53.8949356079102
0 0

0101101
*
Ed
 1e-07 1 1 0
1  256 0 0 4.18372754652168
0

0101000
+328 0 -397 0 *
Ed
 1e-07 1 1 0
1  257 0 0 4.37339182033289
0

0101000
+422 0 -328 0 *
Wi

0101100
+327 0 -392 0 +326 0 *
Fa
0  1e-07 166 0

0101000
+325 0 *
Ed
 1e-07 1 1 0
1  258 0 0 4.44252018600804
0

0101000
+417 0 -328 0 *
Wi

0101100
-326 0 -384 0 +323 0 *
Fa
0  1e-07 167 0

0101000
+322 0 *
Ed
 1e-07 1 1 0
1  259 0 0 4.44540099172115
0

0101000
+378 0 -328 0 *
Wi

0101100
-323 0 -376 0 +320 0 *
Fa
0  1e-07 168 0

0101000
+319 0 *
Ve
1e-07
31.9012203216553 32.1668395996094 40.1472129821777
0 0

0101101
*
Ed
 1e-07 1 1 0
1  260 0 0 3.48783121635863
0

0101000
+373 0 -317 0 *
Ed
 1e-07 1 1 0
1  261 0 0 4.19658410351677
0

0101000
+317 0 -412 0 *
Wi

0101100
+316 0 +315 0 -372 0 *
Fa
0  1e-07 169 0

0101000
+314 0 *
Ve
1e-07
31.8144855499268 32.1566848754883 55.8515472412109
0 0

0101101
*
Ed
 1e-07 1 1 0
1  262 0 0 3.61699092156171
0

0101000
+363 0 -312 0 *
Ed
 1e-07 1 1 0
1  263 0 0 3.48142307905061
0

0101000
+312 0 -378 0 *
Wi

0101100
-334 0 +311 0 +310 0 *
Fa
0  1e-07 170 0

0101000
+309 0 *
Ve
1e-07
31.9482707977295 37.9424781799316 53.8125114440918
0 0

0101101
*
Ed
 1e-07 1 1 0
1  264 0 0 4.417005774581
0

0101000
+307 0 -363 0 *
Ed
 1e-07 1 1 0
1  265 0 0 4.04512576393624
0

0101000
+368 0 -307 0 *
Wi

0101100
+306 0 -362 0 +305 0 *
Fa
0  1e-07 171 0

0101000
+304 0 *
Ve
1e-07
32.0056838989258 37.8611373901367 42.0767135620117
0 0

0101101
*
Ed
 1e-07 1 1 0
1  266 0 0 4.44518956014747
0

0101000
+412 0 -302 0 *
Ed
 1e-07 1 1 0
1  267 0 0 4.26420574733706
0

0101000
+302 0 -358 0 *
Wi

0101100
-357 0 +301 0 +300 0 *
Fa
0  1e-07 172 0

0101000
+299 0 *
Ed
 1e-07 1 1 0
1  268 0 0 4.4274114533889
0

0101000
+407 0 -307 0 *
Wi

0101100
+297 0 -305 0 -353 0 *
Fa
0  1e-07 173 0

0101000
+296 0 *
Ed
 1e-07 1 1 0
1  269 0 0 4.48938141491757
0

0101000
+302 0 -347 0 *
Wi

0101100
-300 0 +294 0 -346 0 *
Fa
0  1e-07 174 0

0101000
+293 0 *
Ed
 1e-07 1 1 0
1  270 0 0 4.35664219524049
0

0101000
+342 0 -307 0 *
Wi

0101100
-297 0 -340 0 +291 0 *
Fa
0  1e-07 175 0

0101000
+290 0 *
Ve
1e-07
31.9024429321289 24.1473445892334 47.8340644836426
0 0

0101101
*
Ed
 1e-07 1 1 0
1  271 0 0 3.58119488747616
0

0101000
+397 0 -288 0 *
Ed
 1e-07 1 1 0
1  272 0 0 3.50992153299261
0

0101000
+402 0 -288 0 *
Wi

0101100
-395 0 +287 0 -286 0 *
Fa
0  1e-07 176 0

0101000
+285 0 *
Ve
1e-07
34.5591735839844 24.4899940490723 45.7181091308594
0 0

0101101
*
Ed
 1e-07 1 1 0
1  273 0 0 5.64912031017388
0

0101000
+402 0 -283 0 *
Ve
1e-07
32.0777854919434 26.0716648101807 42.167049407959
0 0

0101101
*
Ed
 1e-07 1 1 0
1  274 0 0 4.61183200208698
0

0101000
+283 0 -281 0 *
Ed
 1e-07 1 1 0
1  275 0 0 5.20314714152237
0

0101000
+281 0 -402 0 *
Wi

0101100
+282 0 +280 0 +279 0 *
Fa
0  1e-07 177 0

0101000
+278 0 *
Ed
 1e-07 1 1 0
1  276 0 0 3.41363346945863
0

0101000
+288 0 -283 0 *
Wi

0101100
+286 0 +276 0 -282 0 *
Fa
0  1e-07 178 0

0101000
+275 0 *
Ed
 1e-07 1 1 0
1  277 0 0 4.32370924002237
0

0101000
+281 0 -427 0 *
Wi

0101100
+273 0 -400 0 -279 0 *
Fa
0  1e-07 179 0

0101000
+272 0 *
Ed
 1e-07 1 1 0
1  278 0 0 4.19213981953458
0

0101000
+281 0 -389 0 *
Wi

0101100
-273 0 +270 0 -388 0 *
Fa
0  1e-07 180 0

0101000
+269 0 *
Ed
 1e-07 1 1 0
1  279 0 0 4.69989362561024
0

0101000
+281 0 -373 0 *
Wi

0101100
-270 0 +267 0 -337 0 *
Fa
0  1e-07 181 0

0101000
+266 0 *
Ve
1e-07
34.555721282959 34.2831192016602 40.4898986816406
0 0

0101101
*
Ed
 1e-07 1 1 0
1  280 0 0 3.41210319249505
0

0101000
+317 0 -264 0 *
Ed
 1e-07 1 1 0
1  281 0 0 5.75923852355777
0

0101000
+264 0 -412 0 *
Wi

0101100
+263 0 +262 0 -315 0 *
Fa
0  1e-07 182 0

0101000
+261 0 *
Ve
1e-07
34.2819023132324 34.5591926574707 55.5099945068359
0 0

0101101
*
Ed
 1e-07 1 1 0
1  282 0 0 4.97346194869179
0

0101000
+363 0 -259 0 *
Ed
 1e-07 1 1 0
1  283 0 0 3.46075821124316
0

0101000
+259 0 -312 0 *
Wi

0101100
-311 0 +258 0 +257 0 *
Fa
0  1e-07 183 0

0101000
+256 0 *
Ed
 1e-07 1 1 0
1  284 0 0 4.67149722054965
0

0101000
+264 0 -302 0 *
Wi

0101100
-262 0 +254 0 -301 0 *
Fa
0  1e-07 184 0

0101000
+253 0 *
Ed
 1e-07 1 1 0
1  285 0 0 4.44678599945461
0

0101000
+307 0 -259 0 *
Wi

0101100
-306 0 +251 0 -258 0 *
Fa
0  1e-07 185 0

0101000
+250 0 *
Ve
1e-07
31.9546604156494 39.8527679443359 48.0065727233887
0 0

0101101
*
Ed
 1e-07 1 1 0
1  286 0 0 3.64779095749019
0

0101000
+347 0 -248 0 *
Ed
 1e-07 1 1 0
1  287 0 0 3.40338480119268
0

0101000
+248 0 -342 0 *
Wi

0101100
+247 0 +246 0 -331 0 *
Fa
0  1e-07 186 0

0101000
+245 0 *
Ve
1e-07
34.4879150390625 24.6306858062744 50.6639709472656
0 0

0101101
*
Ed
 1e-07 1 1 0
1  288 0 0 4.70282004792472
0

0101000
+397 0 -243 0 *
Ed
 1e-07 1 1 0
1  289 0 0 3.86350298830968
0

0101000
+243 0 -288 0 *
Wi

0101100
+242 0 +241 0 -287 0 *
Fa
0  1e-07 187 0

0101000
+240 0 *
Ed
 1e-07 1 1 0
1  290 0 0 4.35231479080912
0

0101000
+328 0 -243 0 *
Wi

0101100
-327 0 +238 0 -242 0 *
Fa
0  1e-07 188 0

0101000
+237 0 *
Ve
1e-07
34.4811363220215 29.3839530944824 40.6297149658203
0 0

0101101
*
Ed
 1e-07 1 1 0
1  291 0 0 3.82534077352362
0

0101000
+235 0 -317 0 *
Ed
 1e-07 1 1 0
1  292 0 0 4.96614481515575
0

0101000
+373 0 -235 0 *
Wi

0101100
+234 0 -316 0 +233 0 *
Fa
0  1e-07 189 0

0101000
+232 0 *
Ve
1e-07
34.250057220459 29.3254718780518 55.4174156188965
0 0

0101101
*
Ed
 1e-07 1 1 0
1  293 0 0 4.66519558340615
0

0101000
+230 0 -378 0 *
Ed
 1e-07 1 1 0
1  294 0 0 3.75982003088526
0

0101000
+312 0 -230 0 *
Wi

0101100
+229 0 -310 0 +228 0 *
Fa
0  1e-07 190 0

0101000
+227 0 *
Ve
1e-07
34.1645965576172 39.4862327575684 45.3648643493652
0 0

0101101
*
Ed
 1e-07 1 1 0
1  295 0 0 4.25602800995004
0

0101000
+302 0 -225 0 *
Ed
 1e-07 1 1 0
1  296 0 0 4.74368929706397
0

0101000
+225 0 -347 0 *
Wi

0101100
-294 0 +224 0 +223 0 *
Fa
0  1e-07 191 0

0101000
+222 0 *
Ed
 1e-07 1 1 0
1  297 0 0 3.46363810582164
0

0101000
+225 0 -248 0 *
Wi

0101100
-223 0 +220 0 -247 0 *
Fa
0  1e-07 192 0

0101000
+219 0 *
Ed
 1e-07 1 1 0
1  298 0 0 4.21483556995543
0

0101000
+230 0 -328 0 *
Wi

0101100
-320 0 -229 0 +217 0 *
Fa
0  1e-07 193 0

0101000
+216 0 *
Ed
 1e-07 1 1 0
1  299 0 0 4.37158393236887
0

0101000
+281 0 -235 0 *
Wi

0101100
-233 0 -267 0 +214 0 *
Fa
0  1e-07 194 0

0101000
+213 0 *
Ve
1e-07
34.9385566711426 39.0434722900391 51.1447982788086
0 0

0101101
*
Ed
 1e-07 1 1 0
1  300 0 0 5.36613802349011
0

0101000
+342 0 -211 0 *
Ed
 1e-07 1 1 0
1  301 0 0 4.15580210879325
0

0101000
+211 0 -307 0 *
Wi

0101100
+210 0 +209 0 -291 0 *
Fa
0  1e-07 195 0

0101000
+208 0 *
Ve
1e-07
34.7545204162598 39.4745254516602 48.6107292175293
0 0

0101101
*
Ed
 1e-07 1 1 0
1  302 0 0 3.29905834479918
0

0101000
+225 0 -206 0 *
Ed
 1e-07 1 1 0
1  303 0 0 2.88916743642449
0

0101000
+206 0 -248 0 *
Wi

0101100
-220 0 +205 0 +204 0 *
Fa
0  1e-07 196 0

0101000
+203 0 *
Ed
 1e-07 1 1 0
1  304 0 0 5.4480924666547
0

0101000
+206 0 -342 0 *
Wi

0101100
-204 0 +201 0 -246 0 *
Fa
0  1e-07 197 0

0101000
+200 0 *
Ed
 1e-07 1 1 0
1  305 0 0 4.94837559788607
0

0101000
+243 0 -283 0 *
Wi

0101100
+198 0 -276 0 -241 0 *
Fa
0  1e-07 198 0

0101000
+197 0 *
Ve
1e-07
35.8501243591309 28.4659004211426 41.7942543029785
0 0

0101101
*
Ed
 1e-07 1 1 0
1  306 0 0 4.48351211440195
0

0101000
+281 0 -195 0 *
Ed
 1e-07 1 1 0
1  307 0 0 2.01819246469802
0

0101000
+195 0 -235 0 *
Wi

0101100
+194 0 +193 0 -214 0 *
Fa
0  1e-07 199 0

0101000
+192 0 *
Ed
 1e-07 1 1 0
1  308 0 0 4.90172827229732
0

0101000
+235 0 -264 0 *
Wi

0101100
+190 0 -263 0 -234 0 *
Fa
0  1e-07 200 0

0101000
+189 0 *
Ed
 1e-07 1 1 0
1  309 0 0 5.23463639208565
0

0101000
+259 0 -230 0 *
Wi

0101100
-257 0 +187 0 -228 0 *
Fa
0  1e-07 201 0

0101000
+186 0 *
Ve
1e-07
35.6585502624512 35.700927734375 54.2257347106934
0 0

0101101
*
Ed
 1e-07 1 1 0
1  310 0 0 4.35447764655779
0

0101000
+307 0 -184 0 *
Ed
 1e-07 1 1 0
1  311 0 0 2.20182692006207
0

0101000
+184 0 -259 0 *
Wi

0101100
+183 0 +182 0 -251 0 *
Fa
0  1e-07 202 0

0101000
+181 0 *
Ed
 1e-07 1 1 0
1  312 0 0 4.60251715645251
0

0101000
+211 0 -184 0 *
Wi

0101100
-183 0 -209 0 +179 0 *
Fa
0  1e-07 203 0

0101000
+178 0 *
Ve
1e-07
35.8559150695801 38.1735000610352 44.4328422546387
0 0

0101101
*
Ed
 1e-07 1 1 0
1  313 0 0 4.52473125410435
0

0101000
+302 0 -176 0 *
Ed
 1e-07 1 1 0
1  314 0 0 2.33505687864647
0

0101000
+176 0 -225 0 *
Wi

0101100
+175 0 +174 0 -224 0 *
Fa
0  1e-07 204 0

0101000
+173 0 *
Ed
 1e-07 1 1 0
1  315 0 0 2.57704912226907
0

0101000
+206 0 -211 0 *
Wi

0101100
-201 0 +171 0 -210 0 *
Fa
0  1e-07 205 0

0101000
+170 0 *
Ve
1e-07
35.7009239196777 25.7742710113525 44.341438293457
0 0

0101101
*
Ed
 1e-07 1 1 0
1  316 0 0 2.20185915522629
0

0101000
+283 0 -168 0 *
Ed
 1e-07 1 1 0
1  317 0 0 4.23598184173214
0

0101000
+168 0 -281 0 *
Wi

0101100
+167 0 +166 0 -280 0 *
Fa
0  1e-07 206 0

0101000
+165 0 *
Ve
1e-07
35.9140930175781 25.8784027099609 51.5373802185059
0 0

0101101
*
Ed
 1e-07 1 1 0
1  318 0 0 2.08653417255419
0

0101000
+163 0 -243 0 *
Ed
 1e-07 1 1 0
1  319 0 0 4.59317916954048
0

0101000
+328 0 -163 0 *
Wi

0101100
+162 0 -238 0 +161 0 *
Fa
0  1e-07 207 0

0101000
+160 0 *
Ve
1e-07
35.6246604919434 28.3815517425537 54.3152084350586
0 0

0101101
*
Ed
 1e-07 1 1 0
1  320 0 0 4.3116763856147
0

0101000
+328 0 -158 0 *
Ed
 1e-07 1 1 0
1  321 0 0 3.75044742223405
0

0101000
+158 0 -163 0 *
Wi

0101100
+157 0 +156 0 -161 0 *
Fa
0  1e-07 208 0

0101000
+155 0 *
Ed
 1e-07 1 1 0
1  322 0 0 3.70881058186176
0

0101000
+168 0 -195 0 *
Wi

0101100
+153 0 -194 0 -166 0 *
Fa
0  1e-07 209 0

0101000
+152 0 *
Ed
 1e-07 1 1 0
1  323 0 0 1.99884467937808
0

0101000
+230 0 -158 0 *
Wi

0101100
-157 0 -217 0 +150 0 *
Fa
0  1e-07 210 0

0101000
+149 0 *
Ve
1e-07
35.6765289306641 35.6691131591797 41.7636108398438
0 0

0101101
*
Ed
 1e-07 1 1 0
1  324 0 0 2.19078335199748
0

0101000
+264 0 -147 0 *
Ed
 1e-07 1 1 0
1  325 0 0 4.28696941798858
0

0101000
+147 0 -302 0 *
Wi

0101100
+146 0 +145 0 -254 0 *
Fa
0  1e-07 211 0

0101000
+144 0 *
Ed
 1e-07 1 1 0
1  326 0 0 3.66455037988953
0

0101000
+147 0 -176 0 *
Wi

0101100
+142 0 -175 0 -145 0 *
Fa
0  1e-07 212 0

0101000
+141 0 *
Ve
1e-07
37.9424781799316 26.1874923706055 48.0517272949219
0 0

0101101
*
Ed
 1e-07 1 1 0
1  327 0 0 4.60233311182558
0

0101000
+243 0 -139 0 *
Ed
 1e-07 1 1 0
1  328 0 0 4.44679932942879
0

0101000
+139 0 -283 0 *
Wi

0101100
+138 0 +137 0 -198 0 *
Fa
0  1e-07 213 0

0101000
+136 0 *
Ve
1e-07
37.9182815551758 31.9723129272461 42.1581993103027
0 0

0101101
*
Ed
 1e-07 1 1 0
1  329 0 0 4.56616232398582
0

0101000
+134 0 -235 0 *
Ed
 1e-07 1 1 0
1  330 0 0 4.087133325311
0

0101000
+195 0 -134 0 *
Wi

0101100
+133 0 -193 0 +132 0 *
Fa
0  1e-07 214 0

0101000
+131 0 *
Ed
 1e-07 1 1 0
1  331 0 0 4.40793196519144
0

0101000
+134 0 -264 0 *
Wi

0101100
-190 0 -133 0 +129 0 *
Fa
0  1e-07 215 0

0101000
+128 0 *
Ve
1e-07
37.832950592041 32.0777893066406 53.9283294677734
0 0

0101101
*
Ed
 1e-07 1 1 0
1  332 0 0 4.32300735966111
0

0101000
+126 0 -158 0 *
Ed
 1e-07 1 1 0
1  333 0 0 4.75707406977303
0

0101000
+230 0 -126 0 *
Wi

0101100
+125 0 -150 0 +124 0 *
Fa
0  1e-07 216 0

0101000
+123 0 *
Ed
 1e-07 1 1 0
1  334 0 0 4.61182943784056
0

0101000
+259 0 -126 0 *
Wi

0101100
-187 0 +121 0 -124 0 *
Fa
0  1e-07 217 0

0101000
+120 0 *
Ed
 1e-07 1 1 0
1  335 0 0 4.23598851962115
0

0101000
+184 0 -126 0 *
Wi

0101100
-182 0 +118 0 -121 0 *
Fa
0  1e-07 218 0

0101000
+117 0 *
Ve
1e-07
38.1228561401367 35.7982292175293 51.6811408996582
0 0

0101101
*
Ed
 1e-07 1 1 0
1  336 0 0 4.57810322238903
0

0101000
+211 0 -115 0 *
Ed
 1e-07 1 1 0
1  337 0 0 3.54361802407906
0

0101000
+115 0 -184 0 *
Wi

0101100
-179 0 +114 0 +113 0 *
Fa
0  1e-07 219 0

0101000
+112 0 *
Ed
 1e-07 1 1 0
1  338 0 0 4.35448755513163
0

0101000
+139 0 -168 0 *
Wi

0101100
+110 0 -167 0 -137 0 *
Fa
0  1e-07 220 0

0101000
+109 0 *
Ed
 1e-07 1 1 0
1  339 0 0 4.04470754058471
0

0101000
+163 0 -139 0 *
Wi

0101100
-138 0 -162 0 +107 0 *
Fa
0  1e-07 221 0

0101000
+106 0 *
Ve
1e-07
38.1925735473633 28.4582118988037 51.8442535400391
0 0

0101101
*
Ed
 1e-07 1 1 0
1  340 0 0 3.56450169490398
0

0101000
+158 0 -104 0 *
Ed
 1e-07 1 1 0
1  341 0 0 3.45558391750461
0

0101000
+104 0 -163 0 *
Wi

0101100
+103 0 +102 0 -156 0 *
Fa
0  1e-07 222 0

0101000
+101 0 *
Ed
 1e-07 1 1 0
1  342 0 0 4.34136923623741
0

0101000
+134 0 -147 0 *
Wi

0101100
+99 0 -146 0 -129 0 *
Fa
0  1e-07 223 0

0101000
+98 0 *
Ve
1e-07
37.9279937744141 37.8628807067871 48.0467071533203
0 0

0101101
*
Ed
 1e-07 1 1 0
1  343 0 0 4.17732139632363
0

0101000
+176 0 -96 0 *
Ed
 1e-07 1 1 0
1  344 0 0 4.89803137161205
0

0101000
+96 0 -225 0 *
Wi

0101100
+95 0 +94 0 -174 0 *
Fa
0  1e-07 224 0

0101000
+93 0 *
Ed
 1e-07 1 1 0
1  345 0 0 3.60367213096677
0

0101000
+96 0 -206 0 *
Wi

0101100
-205 0 -94 0 +91 0 *
Fa
0  1e-07 225 0

0101000
+90 0 *
Ed
 1e-07 1 1 0
1  346 0 0 4.46415717719379
0

0101000
+96 0 -211 0 *
Wi

0101100
+88 0 -171 0 -91 0 *
Fa
0  1e-07 226 0

0101000
+87 0 *
Ve
1e-07
39.2522087097168 29.1409893035889 45.1256790161133
0 0

0101101
*
Ed
 1e-07 1 1 0
1  347 0 0 4.3589329799519
0

0101000
+139 0 -85 0 *
Ed
 1e-07 1 1 0
1  348 0 0 4.95595089062774
0

0101000
+85 0 -168 0 *
Wi

0101100
-110 0 +84 0 +83 0 *
Fa
0  1e-07 227 0

0101000
+82 0 *
Ed
 1e-07 1 1 0
1  349 0 0 4.80919052928758
0

0101000
+85 0 -195 0 *
Wi

0101100
-83 0 +80 0 -153 0 *
Fa
0  1e-07 228 0

0101000
+79 0 *
Ed
 1e-07 1 1 0
1  350 0 0 4.42741122874918
0

0101000
+104 0 -139 0 *
Wi

0101100
+77 0 -107 0 -102 0 *
Fa
0  1e-07 229 0

0101000
+76 0 *
Ed
 1e-07 1 1 0
1  351 0 0 4.31296776244604
0

0101000
+85 0 -134 0 *
Wi

0101100
+74 0 -132 0 -80 0 *
Fa
0  1e-07 230 0

0101000
+73 0 *
Ed
 1e-07 1 1 0
1  352 0 0 4.19214047401563
0

0101000
+126 0 -104 0 *
Wi

0101100
-125 0 +71 0 -103 0 *
Fa
0  1e-07 231 0

0101000
+70 0 *
Ve
1e-07
38.1831436157227 35.6281661987305 44.2180366516113
0 0

0101101
*
Ed
 1e-07 1 1 0
1  353 0 0 4.20456239416059
0

0101000
+134 0 -68 0 *
Ed
 1e-07 1 1 0
1  354 0 0 3.50841843262635
0

0101000
+68 0 -147 0 *
Wi

0101100
+67 0 +66 0 -99 0 *
Fa
0  1e-07 232 0

0101000
+65 0 *
Ed
 1e-07 1 1 0
1  355 0 0 4.35609628199582
0

0101000
+115 0 -126 0 *
Wi

0101100
-113 0 +63 0 -118 0 *
Fa
0  1e-07 233 0

0101000
+62 0 *
Ed
 1e-07 1 1 0
1  356 0 0 3.45555474904794
0

0101000
+68 0 -176 0 *
Wi

0101100
-66 0 +60 0 -142 0 *
Fa
0  1e-07 234 0

0101000
+59 0 *
Ed
 1e-07 1 1 0
1  357 0 0 4.44046936535938
0

0101000
+68 0 -96 0 *
Wi

0101100
-95 0 -60 0 +57 0 *
Fa
0  1e-07 235 0

0101000
+56 0 *
Ed
 1e-07 1 1 0
1  358 0 0 4.18447915160169
0

0101000
+96 0 -115 0 *
Wi

0101100
-114 0 -88 0 +54 0 *
Fa
0  1e-07 236 0

0101000
+53 0 *
Ve
1e-07
39.5245323181152 29.5237655639648 50.3640098571777
0 0

0101101
*
Ed
 1e-07 1 1 0
1  359 0 0 5.25935241390474
0

0101000
+51 0 -85 0 *
Ed
 1e-07 1 1 0
1  360 0 0 4.35663456863032
0

0101000
+139 0 -51 0 *
Wi

0101100
+50 0 -84 0 +49 0 *
Fa
0  1e-07 237 0

0101000
+48 0 *
Ed
 1e-07 1 1 0
1  361 0 0 2.25845968327359
0

0101000
+104 0 -51 0 *
Wi

0101100
-77 0 +46 0 -49 0 *
Fa
0  1e-07 238 0

0101000
+45 0 *
Ed
 1e-07 1 1 0
1  362 0 0 4.69987875382088
0

0101000
+126 0 -51 0 *
Wi

0101100
-71 0 +43 0 -46 0 *
Fa
0  1e-07 239 0

0101000
+42 0 *
Ve
1e-07
39.5080375671387 34.545768737793 45.6557426452637
0 0

0101101
*
Ed
 1e-07 1 1 0
1  363 0 0 4.62415488130959
0

0101000
+40 0 -134 0 *
Ed
 1e-07 1 1 0
1  364 0 0 5.43673216074081
0

0101000
+85 0 -40 0 *
Wi

0101100
+39 0 -74 0 +38 0 *
Fa
0  1e-07 240 0

0101000
+37 0 *
Ve
1e-07
39.2730445861816 34.657299041748 50.6980781555176
0 0

0101101
*
Ed
 1e-07 1 1 0
1  365 0 0 5.15053528041404
0

0101000
+35 0 -51 0 *
Ed
 1e-07 1 1 0
1  366 0 0 4.37747241291188
0

0101000
+126 0 -35 0 *
Wi

0101100
+34 0 -43 0 +33 0 *
Fa
0  1e-07 241 0

0101000
+32 0 *
Ed
 1e-07 1 1 0
1  367 0 0 2.23470954938814
0

0101000
+40 0 -68 0 *
Wi

0101100
-67 0 -39 0 +30 0 *
Fa
0  1e-07 242 0

0101000
+29 0 *
Ed
 1e-07 1 1 0
1  368 0 0 1.89501121008314
0

0101000
+115 0 -35 0 *
Wi

0101100
-63 0 +27 0 -33 0 *
Fa
0  1e-07 243 0

0101000
+26 0 *
Ed
 1e-07 1 1 0
1  369 0 0 4.3836607396739
0

0101000
+40 0 -96 0 *
Wi

0101100
-57 0 -30 0 +24 0 *
Fa
0  1e-07 244 0

0101000
+23 0 *
Ed
 1e-07 1 1 0
1  370 0 0 5.04904031552204
0

0101000
+40 0 -35 0 *
Ed
 1e-07 1 1 0
1  371 0 0 4.37203427351202
0

0101000
+35 0 -96 0 *
Wi

0101100
+21 0 +20 0 -24 0 *
Fa
0  1e-07 245 0

0101000
+19 0 *
Wi

0101100
-27 0 -54 0 -20 0 *
Fa
0  1e-07 246 0

0101000
+17 0 *
Ve
1e-07
39.8529167175293 32.1003570556641 48.1693572998047
0 0

0101101
*
Ed
 1e-07 1 1 0
1  372 0 0 4.28750336411382
0

0101000
+15 0 -85 0 *
Ed
 1e-07 1 1 0
1  373 0 0 3.40046465596386
0

0101000
+51 0 -15 0 *
Wi

0101100
+14 0 -50 0 +13 0 *
Fa
0  1e-07 247 0

0101000
+12 0 *
Ed
 1e-07 1 1 0
1  374 0 0 3.52381023254517
0

0101000
+15 0 -40 0 *
Wi

0101100
+10 0 -38 0 -14 0 *
Fa
0  1e-07 248 0

0101000
+9 0 *
Ed
 1e-07 1 1 0
1  375 0 0 3.64261350887383
0

0101000
+35 0 -15 0 *
Wi

0101100
-34 0 +7 0 -13 0 *
Fa
0  1e-07 249 0

0101000
+6 0 *
Wi

0101100
-7 0 -21 0 -10 0 *
Fa
0  1e-07 250 0

0101000
+4 0 *
Sh

0101100
+493 0 +488 0 +483 0 +478 0 +473 0 +470 0 +465 0 +460 0 +455 0 +450 0 
+447 0 +444 0 +439 0 +434 0 +431 0 +428 0 +423 0 +418 0 +413 0 +408 0 
+403 0 +398 0 +393 0 +390 0 +385 0 +382 0 +379 0 +374 0 +369 0 +364 0 
+359 0 +354 0 +351 0 +348 0 +343 0 +338 0 +335 0 +332 0 +329 0 +324 0 
+321 0 +318 0 +313 0 +308 0 +303 0 +298 0 +295 0 +292 0 +289 0 +284 0 
+277 0 +274 0 +271 0 +268 0 +265 0 +260 0 +255 0 +252 0 +249 0 +244 0 
+239 0 +236 0 +231 0 +226 0 +221 0 +218 0 +215 0 +212 0 +207 0 +202 0 
+199 0 +196 0 +191 0 +188 0 +185 0 +180 0 +177 0 +172 0 +169 0 +164 0 
+159 0 +154 0 +151 0 +148 0 +143 0 +140 0 +135 0 +130 0 +127 0 +122 0 
+119 0 +116 0 +111 0 +108 0 +105 0 +100 0 +97 0 +92 0 +89 0 +86 0 
+81 0 +78 0 +75 0 +72 0 +69 0 +64 0 +61 0 +58 0 +55 0 +52 0 
+47 0 +44 0 +41 0 +36 0 +31 0 +28 0 +25 0 +22 0 +18 0 +16 0 
+11 0 +8 0 +5 0 +3 0 *
So

1100000
+501 0 +2 0 *

-1 0 