DBRep_DrawableShape

CASCADE Topology V1, (c) Matra-Datavision
Locations 0
Curve2ds 0
Curves 300
1 29.865398406982422 26.591773986816406 16.835298538208008 -0.83182117352195561 -0.32626284547422552 0.44902794004785312 
1 24.552253723144531 24.507814407348633 19.703403472900391 0.90863136944848832 -0.41089312850483189 -0.074537717980069612 
1 29.833835601806641 22.119424819946289 19.270139694213867 0.0061981629755688186 0.8782599919598012 -0.47814325185920836 
1 29.865398406982422 26.591773986816406 16.835298538208008 -0.52692520235180285 0.84629549119127867 -0.078318405983675288 
1 24.552253723144531 24.507814407348633 19.703403472900391 0.39496380400064279 0.80754064169792239 -0.43804304073395528 
1 16.437746047973633 32.879230499267578 37.061092376708984 0.044768287287159696 -0.88795249708702784 -0.45775120247825252 
1 16.744653701782227 26.791898727416992 33.922992706298828 -0.026380871549839032 0.056831212853062189 -0.99803520121382527 
1 16.644277572631836 27.008134841918945 30.125585556030273 -0.022722723399741001 0.64594149922697919 0.76304865992785897 
1 16.437746047973633 32.879230499267578 37.061092376708984 0.3517899521710337 -0.70312056375342979 0.61795250819020131 
1 18.266616821289062 29.223876953125 40.273677825927734 -0.21840141008792613 -0.34898839990936847 -0.91132207303472257 
1 16.408420562744141 32 32 0.044189543700203129 -0.93526261379120568 -0.35118531784801282 
1 16.408420562744141 32 32 0.0057087015926326886 0.17115708443290345 0.98522721398393887 
1 16.644277572631836 27.008134841918945 30.125585556030273 -0.03822176207451905 0.82840072834611089 -0.55883032324628901 
1 16.435007095336914 31.543766021728516 27.065896987915039 -0.0053653560954321196 0.092071342801863271 0.99573795789285391 
1 16.435007095336914 31.543766021728516 27.065896987915039 0.00027161324411138007 0.1324337756984518 0.99119181861055417 
1 16.650945663452148 36.909839630126953 30.148759841918945 -0.034871728478388798 -0.8665624834895661 -0.49784879708735352 
1 16.650945663452148 36.909839630126953 30.148759841918945 -0.026635056051647604 -0.50354452976741138 0.86355861429925074 
1 16.435007095336914 31.543766021728516 27.065896987915039 0.39501107907365063 0.56556268702682222 -0.72395103042406861 
1 18.673425674438477 34.748653411865234 22.963466644287109 -0.26025746715535913 0.27810650694221684 0.92462036619700083 
1 16.650945663452148 36.909839630126953 30.148759841918945 0.30754254880841314 0.61867632565755171 0.72295033352457616 
1 18.49211311340332 40.613674163818359 34.476852416992188 -0.2442901055297943 -0.91972271694891394 0.30729866297846109 
1 19.380237579345703 21.942663192749023 29.847639083862305 -0.47467744234404191 0.87883781955651186 0.048222532563882939 
1 16.744653701782227 26.791898727416992 33.922992706298828 0.38415388391777616 -0.706808339712925 -0.5940099025968727 
1 16.644277572631836 27.008134841918945 30.125585556030273 0.26250188355223286 0.3544522868155367 -0.89747219316409277 
1 18.793533325195312 29.910242080688477 22.777458190917969 -0.45711174429519297 0.31659727527456877 0.83115282500640342 
1 18.793533325195312 29.910242080688477 22.777458190917969 -0.02479782655899964 0.99895455664626764 0.038403926278553026 
1 16.437746047973633 32.879230499267578 37.061092376708984 0.46855567820793526 0.34016567926389069 0.81531766022209873 
1 18.952751159667969 34.705093383789062 41.437366485595703 -0.12154219677708618 -0.97094555501705859 -0.20613641986610726 
1 16.437746047973633 32.879230499267578 37.061092376708984 0.41584044750995625 0.85364601987267352 0.31363226072944467 
1 19.590911865234375 39.352115631103516 39.439250946044922 -0.12516677709320195 -0.91145191595666564 0.39190392038230992 
1 18.49211311340332 40.613674163818359 34.476852416992188 0.20982173726622347 -0.24090162330103879 0.94759761843385204 
1 16.744653701782227 26.791898727416992 33.922992706298828 0.5281124656557511 -0.84243309047131432 0.10678816272393395 
1 20.268764495849609 21.170316696166992 34.635593414306641 -0.18020780243492371 0.15664451158666531 -0.97107550938706655 
1 19.380237579345703 21.942663192749023 29.847639083862305 0.086769333560634432 0.40927041175915763 -0.90827793808499668 
1 19.90471076965332 24.416479110717773 24.357595443725586 -0.45827683341802128 0.36427545360829344 0.81073160654486831 
1 16.744653701782227 26.791898727416992 33.922992706298828 0.44539218095039385 -0.34599095107306999 0.8257820940925058 
1 19.699436187744141 24.496555328369141 39.401325225830078 0.097495445668212985 -0.56960652268374468 -0.81611460432349159 
1 18.266616821289062 29.223876953125 40.273677825927734 0.28564250467256275 -0.9424244401643268 -0.1739095572570413 
1 19.90471076965332 24.416479110717773 24.357595443725586 -0.19080969455029298 0.94338059097584104 -0.27133875697308091 
1 18.266616821289062 29.223876953125 40.273677825927734 0.65915346008740139 0.0042154450806340723 0.75199663967173336 
1 22.34034538269043 29.249929428100586 44.921199798583984 -0.34083204905284575 -0.61346381671375272 -0.71238729629425157 
1 18.673425674438477 34.748653411865234 22.963466644287109 0.20058574702968732 0.92264937935507185 0.32936830579799703 
1 19.753503799438477 39.716770172119141 24.736989974975586 -0.45355945073137066 -0.41034198847086334 0.79114049141099785 
1 19.753503799438477 39.716770172119141 24.736989974975586 0.08755598473048927 0.56082520553892201 0.82329158769545319 
1 20.25639533996582 42.937957763671875 29.465694427490234 -0.51088963379575902 -0.85418001692989698 0.096789879417613675 
1 20.25639533996582 42.937957763671875 29.465694427490234 -0.3042467839574306 -0.40081785080284066 0.86416372576575573 
1 18.952751159667969 34.705093383789062 41.437366485595703 0.46369867342848098 -0.74671053350973904 0.47687201575083837 
1 22.119424819946289 44.7298583984375 34.166164398193359 -0.31826240900061109 -0.67689325653952614 0.66372024096635995 
1 18.49211311340332 40.613674163818359 34.476852416992188 0.66009093651310469 0.74905498234110457 -0.056538384865681829 
1 20.25639533996582 42.937957763671875 29.465694427490234 0.34729855007640031 0.33403899349011218 0.87624292747099697 
1 24.718990325927734 19.087202072143555 38.387424468994141 -0.71984015321529171 0.33695133851122377 -0.60687226769269986 
1 19.699436187744141 24.496555328369141 39.401325225830078 0.67387177240445562 -0.72620204225023599 -0.13611549576761675 
1 22.34034538269043 29.249929428100586 44.921199798583984 0.50318592019745956 -0.86365724240306174 -0.030001622619030891 
1 24.458017349243164 25.615203857421875 44.794937133789062 -0.65372453978996392 -0.15367773923001712 -0.74096381729579119 
1 19.90471076965332 24.416479110717773 24.357595443725586 0.26263767765721213 0.74411192627151479 -0.61426288464738121 
1 22.169824600219727 30.83405876159668 19.059896469116211 -0.66121702581807928 -0.1809213922595688 0.72805184883437568 
1 24.416473388671875 39.642398834228516 44.095291137695312 -0.69787928291760759 -0.630640256381785 -0.33949576360408729 
1 19.590911865234375 39.352115631103516 39.439250946044922 0.71896076336983228 0.043249315607838429 0.69370376778140797 
1 19.380237579345703 21.942663192749023 29.847639083862305 0.6721373303779008 -0.30512406019748295 -0.67463376509115769 
1 24.560752868652344 19.590911865234375 24.647882461547852 -0.69370347295835 0.71896101581760941 -0.043249847861410055 
1 23.751186370849609 18.22465705871582 34.431243896484375 -0.59515146889740278 0.50624633634247351 -0.62410686265181148 
1 20.268764495849609 21.170316696166992 34.635593414306641 0.76272982444611714 -0.64516665091048042 -0.044757205602559386 
1 19.90471076965332 24.416479110717773 24.357595443725586 0.70653303249530719 0.013885058136791145 -0.70754383549962696 
1 24.552253723144531 24.507814407348633 19.703403472900391 -0.35084529675962628 0.93162606873913711 -0.094765214015008647 
1 22.169824600219727 30.83405876159668 19.059896469116211 -0.53452312240307853 0.59845612580846774 0.5967707240630884 
1 24.547998428344727 34.904575347900391 46.0311279296875 -0.3577489763368174 -0.91633229838250596 -0.17986325047377885 
1 18.952751159667969 34.705093383789062 41.437366485595703 0.77259114926775785 0.027544448441759142 0.63430609285514861 
1 18.673425674438477 34.748653411865234 22.963466644287109 0.70274439291065183 0.59966782521978113 -0.38281695055054366 
1 24.279146194458008 39.532142639160156 19.909774780273438 -0.68368534875336329 0.027891540745563381 0.72924372184807362 
1 19.753503799438477 39.716770172119141 24.736989974975586 0.73658245509110498 0.67593279139236062 -0.023688570503341777 
1 25.151412963867188 44.670219421386719 24.563392639160156 -0.68547659368483471 -0.24257825236486674 0.68649663581829967 
1 22.119424819946289 44.7298583984375 34.166164398193359 0.41089313855464121 -0.074537391667205161 0.90863139167220386 
1 24.507814407348633 44.296596527099609 39.447746276855469 -0.7051260050394379 -0.70908097757177957 -0.0012183033168994969 
1 19.380237579345703 21.942663192749023 29.847639083862305 0.80622730155101319 -0.58327784381948422 0.098916607013509295 
1 26.917228698730469 16.489908218383789 30.772357940673828 -0.32467338892594527 0.42725384671622779 -0.8438254209192374 
1 23.751186370849609 18.22465705871582 34.431243896484375 0.61594960569418922 -0.33749323398849262 -0.71183172186771881 
1 24.718990325927734 19.087202072143555 38.387424468994141 -0.23246797825734783 -0.20718462078543173 -0.95028057540651545 
1 24.415878295898438 21.52369499206543 41.682518005371094 0.073763170286273855 -0.59292744710966094 -0.801870336883301 
1 19.699436187744141 24.496555328369141 39.401325225830078 0.78296360948083965 -0.49351638502474082 0.37869455229887694 
1 27.139244079589844 34.054573059082031 16.571958541870117 -0.79638591167691319 0.065292661391359197 0.60125397965499161 
1 22.169824600219727 30.83405876159668 19.059896469116211 0.77367494594676711 0.50139281567423422 -0.38734006041788455 
1 27.139244079589844 34.054573059082031 16.571958541870117 -0.40723733725263234 0.77992814931374721 0.47525764912878482 
1 24.416473388671875 39.642398834228516 44.095291137695312 0.025689790516607497 -0.92540320209122728 0.3781123486776331 
1 24.507814407348633 44.296596527099609 39.447746276855469 -0.01388591645990583 -0.70754411640407211 0.7065327343202501 
1 20.25639533996582 42.937957763671875 29.465694427490234 0.82107128718128886 0.56857070554568589 -0.050688205351367976 
1 25.077272415161133 46.276290893554688 29.168081283569336 -0.49214718410873076 -0.25730615705738608 0.83161571095921871 
1 24.560752868652344 19.590911865234375 24.647882461547852 -0.0012188506128020854 0.70512614133212526 -0.70908084109870806 
1 24.458017349243164 25.615203857421875 44.794937133789062 -0.0081967434470020979 -0.79586620530141516 -0.60541704357904369 
1 24.279146194458008 39.532142639160156 19.909774780273438 0.12484308418392692 0.73538666697284871 0.66604853754813498 
1 26.591773986816406 47.164703369140625 34.134601593017578 -0.32626280172710698 -0.44902817845246862 0.83182106198679318 
1 22.119424819946289 44.7298583984375 34.166164398193359 0.87825967738153665 0.47814382970914537 -0.0061981607554889217 
1 25.151412963867188 44.670219421386719 24.563392639160156 -0.015201125214875422 0.32929475136823239 0.9441048101315529 
1 27.460578918457031 30.454158782958984 16.477863311767578 -0.89682432549526381 0.064396024007957867 0.43767485796185701 
1 27.460578918457031 30.454158782958984 16.477863311767578 -0.088865956859712159 0.99570361205460323 0.026022272245596778 
1 25.077272415161133 46.276290893554688 29.168081283569336 0.2875038000179716 0.16865084031254401 0.94281411690592487 
1 24.547998428344727 34.904575347900391 46.0311279296875 0.59854707518063699 -0.70690939350468407 0.37685608415885341 
1 27.003057479858398 32.005046844482422 47.576877593994141 -0.77300499611550111 -0.45675552840621159 -0.44026998904176579 
1 27.139244079589844 34.054573059082031 16.571958541870117 0.22607793559462644 0.92821806114303607 0.29546573067808513 
1 28.885234832763672 41.223163604736328 18.853828430175781 -0.91772550430318456 -0.33692210252200216 0.21038867741306597 
1 22.34034538269043 29.249929428100586 44.921199798583984 0.93194122414461888 -0.20552839162745778 0.29873673188086475 
1 30.454246520996094 27.460506439208984 47.522136688232422 -0.87653000707339479 -0.26974670892933228 -0.39866258881629263 
1 24.416473388671875 39.642398834228516 44.095291137695312 0.94338050653197703 0.27133943265148119 0.19080915120570863 
1 29.910242080688477 41.222541809082031 45.206466674804688 -0.64390527868405278 -0.75866973204873511 0.099026409386146597 
1 26.591773986816406 47.164703369140625 34.134601593017578 0.43587960180830315 -0.20631489527066246 0.87603831920578146 
1 29.910575866699219 45.593814849853516 40.804786682128906 -0.94459984600749469 -0.22680109738895046 -0.2372601802784973 
1 25.077272415161133 46.276290893554688 29.168081283569336 0.93092421881534937 0.23642553473891428 -0.27835780094412638 
1 29.937902450561523 47.510738372802734 27.714693069458008 -0.46167093963415695 -0.047743028104842017 0.88576551454924846 
1 23.751186370849609 18.22465705871582 34.431243896484375 0.89365233810198719 -0.21007519484935849 0.39655253260300266 
1 30.020584106445312 16.750879287719727 37.213249206542969 -0.4337748815751391 -0.036477515406168233 -0.90028259062600269 
1 29.52314567565918 18.49211311340332 23.386325836181641 -0.9475975900617043 0.20982197292558702 0.24090152964824557 
1 26.917228698730469 16.489908218383789 30.772357940673828 0.32234985962489138 0.24767115474664353 -0.9136463030660591 
1 24.718990325927734 19.087202072143555 38.387424468994141 0.89685082582007303 -0.39522700254643084 -0.19863084524820526 
1 29.571554183959961 21.368358612060547 44.120010375976562 -0.61820568410997623 -0.29061419500684188 -0.73031850708758683 
1 24.415878295898438 21.52369499206543 41.682518005371094 0.9037192076161813 -0.027228335003960113 0.42725895140826881 
1 24.458017349243164 25.615203857421875 44.794937133789062 0.76535306727031194 -0.63563364063254013 -0.10101760894095767 
1 27.003057479858398 32.005046844482422 47.576877593994141 0.60475974195295235 -0.79635019989572231 -0.009592374004472012 
1 24.547998428344727 34.904575347900391 46.0311279296875 0.93979168767513832 0.27264076611133525 0.20605483840701075 
1 31.543766021728516 36.934101104736328 47.564990997314453 -0.67753847405630807 -0.73548519382786293 0.0017736497513142111 
1 29.910575866699219 45.593814849853516 40.804786682128906 -0.6284335039930925 -0.68074252989956952 0.37637871757698732 
1 25.151412963867188 44.670219421386719 24.563392639160156 0.74834840094000654 0.44410372592294506 0.49269316154366605 
1 29.571554183959961 21.368358612060547 44.120010375976562 0.053968503008560959 -0.55497069199388382 -0.83011742043571457 
1 29.833835601806641 22.119424819946289 19.270139694213867 -0.66371997233205238 -0.31826251042693826 0.67689347225710683 
1 29.52314567565918 18.49211311340332 23.386325836181641 0.05653871615193734 0.66009075193990918 -0.74905511998737173 
1 30.454246520996094 27.460506439208984 47.522136688232422 -0.12550115763876887 -0.86618130999175269 -0.48371416937309158 
1 29.910242080688477 41.222541809082031 45.206466674804688 0.3165972314983177 -0.83115307974985264 0.45711131142199457 
1 28.885234832763672 41.223163604736328 18.853828430175781 -0.48849781238597012 0.45098006405530883 0.74698518667962299 
1 29.910575866699219 45.593814849853516 40.804786682128906 -5.3806496570824207e-05 -0.70465172388568187 0.70955334199043663 
1 29.937902450561523 47.510738372802734 27.714693069458008 0.29276620952880317 -0.0012398706283838264 0.95618325088811384 
1 32.877052307128906 47.498291015625 37.314044952392578 -0.89132832929131134 -0.047306754682958127 -0.45088344432250566 
1 32.877052307128906 47.498291015625 37.314044952392578 -0.59795003252065371 -0.38388357639979065 0.70362572322155414 
1 27.460578918457031 30.454158782958984 16.477863311767578 0.9465184486604461 0.32232463222638541 -0.014479565102173613 
1 32 32 16.408420562744141 -0.92065446155865127 0.38914767258720268 0.030975011414255772 
1 27.003057479858398 32.005046844482422 47.576877593994141 0.99999516182313664 -0.0010099816126667497 0.0029421535413587706 
1 32 32 47.591579437255859 -0.32230362797002676 -0.94652560299094246 -0.014479443359162823 
1 31.543766021728516 36.934101104736328 47.564990997314453 0.092071377900488582 -0.99573795256229114 0.0053657430577714318 
1 34.166389465332031 45.600315093994141 23.192983627319336 -0.98353905665795183 -0.10147396615945738 0.14951240156005555 
1 28.885234832763672 41.223163604736328 18.853828430175781 0.65066528323745565 0.53928746868487387 0.53460613100579257 
1 34.166389465332031 45.600315093994141 23.192983627319336 -0.65265873176178191 0.29487011073228336 0.69791704209872496 
1 29.937902450561523 47.510738372802734 27.714693069458008 0.4335484041839594 0.016996535637088993 0.90096997675054591 
1 32 47.591579437255859 32 0.1628168173516974 -0.017318150562104787 0.98650431608207989 
1 26.917228698730469 16.489908218383789 30.772357940673828 0.88300897019702151 0.020507255934182678 -0.4689078918142085 
1 33.851238250732422 16.650945663452148 27.09016227722168 -0.72295019102487723 0.30754248818914431 -0.61867652230832526 
1 34.153099060058594 19.379989624023438 42.056739807128906 -0.59992853437937499 -0.38167516112706412 -0.7031428197856 
1 29.571554183959961 21.368358612060547 44.120010375976562 0.84783476906223787 -0.3679563132902216 -0.38181717598747472 
1 34.831916809082031 25.0772705078125 17.723709106445312 -0.94281403610489534 0.28750424787129186 -0.16865052854811866 
1 29.833835601806641 22.119424819946289 19.270139694213867 0.83161581087679615 0.49214711369289704 -0.25730596880655432 
1 27.139244079589844 34.054573059082031 16.571958541870117 0.92014592127719863 0.39142590204035543 0.010828054711226606 
1 33.851245880126953 36.909828186035156 16.650943756103516 -0.71589636316476868 0.62180714257522329 0.31756617365502526 
1 29.910242080688477 41.222541809082031 45.206466674804688 0.99895456640130498 -0.038403926653576829 0.024797433003586195 
1 34.748653411865234 41.036533355712891 45.326572418212891 -0.56556254921453541 -0.72395119060431379 0.39501098282016472 
1 30.020584106445312 16.750879287719727 37.213249206542969 0.99797365078179012 -0.027605226859202289 -0.057328385598387745 
1 26.917228698730469 16.489908218383789 30.772357940673828 0.74542341342915608 0.016539823691326026 0.66638605098237569 
1 33.874408721923828 16.644277572631836 36.991867065429688 -0.35118426062599362 -0.044189545568191158 -0.93526301068258377 
1 32 16.408420562744141 32 -0.97193076013884616 0.015582121325819648 -0.23475049518778893 
1 34.079730987548828 27.107614517211914 47.411399841308594 -0.5631001048456572 -0.7168697552753569 -0.41111558702420875 
1 30.454246520996094 27.460506439208984 47.522136688232422 0.99483660385267492 -0.096833900254004041 -0.030386302777295957 
1 29.865398406982422 26.591773986816406 16.835298538208008 0.88576516384121762 0.46167162766124059 -0.047742881542296799 
1 36.285324096679688 29.937917709350586 16.489263534545898 -0.99829246726275833 0.058399371842111261 -0.0012896413771583395 
1 36.285324096679688 29.937917709350586 16.489263534545898 -0.90097190315526576 0.43354438636477355 -0.016996904905603818 
1 32 32 47.591579437255859 0.39099055900966373 -0.91977113687217515 -0.033873862227050522 
1 29.910575866699219 45.593814849853516 40.804786682128906 0.60184053375392599 -0.56691045178490773 0.562494899166047 
1 35.310646057128906 47.666175842285156 28.675859451293945 -0.9839731723063212 -0.028467075881851399 -0.17602960481740509 
1 34.166389465332031 45.600315093994141 23.192983627319336 0.19167279630720571 0.34604939944844704 0.91842874100125249 
1 26.917228698730469 16.489908218383789 30.772357940673828 0.98614870354862283 -0.0054049476844267126 0.16577551396360968 
1 36.934101104736328 16.435007095336914 32.456233978271484 -0.49784892997076874 0.034871737786183458 -0.8665624067721448 
1 32 16.408420562744141 32 0.99573795461878045 0.005365358151846882 0.092071378090642836 
1 34.153099060058594 19.379989624023438 42.056739807128906 -0.048356692064851992 -0.47468450514878302 -0.87882663301939146 
1 29.52314567565918 18.49211311340332 23.386325836181641 0.86416380905475587 0.30424669747857269 -0.40081773687470146 
1 34.534305572509766 20.25639533996582 21.062042236328125 -0.87624282339869253 0.34729850882738211 -0.33403930937625381 
1 32 32 16.408420562744141 0.92985511465912285 0.36708250502239154 0.024897796062207666 
1 36.716941833496094 33.862125396728516 16.534721374511719 -0.99979063729037221 0.020089104493926081 0.0038870898039100759 
1 36.716941833496094 33.862125396728516 16.534721374511719 -0.68475434078629194 0.72824463877636891 0.027771187727692711 
1 28.885234832763672 41.223163604736328 18.853828430175781 0.99880938354738669 0.048250582217274809 0.0071900384827402611 
1 33.440704345703125 41.443229675292969 18.886621475219727 0.12035930856534696 0.68947800238458778 0.71423646019328213 
1 35.310646057128906 47.666175842285156 28.675859451293945 -0.70557795102301968 -0.01589828018640568 0.70845395031524216 
1 33.874408721923828 16.644277572631836 36.991867065429688 0.55883064112154779 -0.03822173616258602 -0.82840051510630863 
1 33.851238250732422 16.650945663452148 27.09016227722168 0.096790124810683817 0.51088950248764886 -0.85418006765965615 
1 34.534305572509766 20.25639533996582 21.062042236328125 0.050687894854280699 0.82107119485083713 -0.56857086656058986 
1 34.079730987548828 27.107614517211914 47.411399841308594 0.0078036149220123505 -0.82192985130109608 -0.56953526943843191 
1 34.831916809082031 25.0772705078125 17.723709106445312 0.2783603429988562 0.93092379112325141 -0.23642422584471304 
1 33.851245880126953 36.909828186035156 16.650943756103516 -0.080953204495458328 0.89392508929689063 0.44084522613663707 
1 34.534305572509766 20.25639533996582 21.062042236328125 0.68649738283614414 0.68547627517776422 -0.24257703833533517 
1 39.436626434326172 25.151424407958984 19.329784393310547 -0.94410499513635404 -0.015203796381281361 -0.32929409763034223 
1 36.285324096679688 29.937917709350586 16.489263534545898 0.1093219427146046 0.99393970962370848 0.011513751527748094 
1 31.543766021728516 36.934101104736328 47.564990997314453 0.24985840916786067 -0.96816412669722074 -0.015132717690941435 
1 33.440704345703125 41.443229675292969 18.886621475219727 0.95321520273465088 -0.26682074303294839 0.14208261105034578 
1 39.100349426269531 39.859001159667969 19.730226516723633 -0.59270331923314479 0.68968857724334764 0.41597168388011679 
1 32.877052307128906 47.498291015625 37.314044952392578 0.17889159533935825 -0.617628475187744 0.765854335859112 
1 35.310646057128906 47.666175842285156 28.675859451293945 0.24926250267735608 -0.032380233835301857 0.96789448041395099 
1 36.552776336669922 47.504817962646484 33.499092102050781 -0.94967925851229573 0.018097874084175184 -0.31270077215313913 
1 36.552776336669922 47.504817962646484 33.499092102050781 -0.69384345528680991 -0.0012320510020514689 0.72012480974202586 
1 33.851238250732422 16.650945663452148 27.09016227722168 0.79114031037118671 0.45355934694156569 -0.4103424522368152 
1 39.263008117675781 19.753503799438477 24.283227920532227 -0.823291634031041 0.087556024974416877 -0.56082513123537692 
1 39.352123260498047 24.560756683349609 44.409084320068359 -0.67455132663479145 -0.67218254005413236 -0.30520671778585995 
1 34.079730987548828 27.107614517211914 47.411399841308594 0.80125595678379447 -0.38705105857424094 -0.45626787063636809 
1 31.543766021728516 36.934101104736328 47.564990997314453 0.8665624834895661 -0.49784879708735352 -0.034871728478388798 
1 36.909839630126953 33.851238250732422 47.349052429199219 -0.38696114910890733 -0.92205661288819585 0.0085247703465660719 
1 34.748653411865234 41.036533355712891 45.326572418212891 0.27810644382852884 -0.9246204018050348 0.26025740809234488 
1 33.851245880126953 36.909828186035156 16.650943756103516 0.77619664051774562 0.43610078069840014 0.45534040488760874 
1 39.100349426269531 39.859001159667969 19.730226516723633 0.09717735554744332 0.64321398916804118 0.7594947831995561 
1 39.789653778076172 44.421485900878906 25.117521286010742 -0.92804532119805005 0.19455015028955538 -0.31761945914052492 
1 39.25299072265625 44.431819915771484 39.548774719238281 -0.55783685276628403 -0.4204871523198907 0.71554776250765828 
1 32.877052307128906 47.498291015625 37.314044952392578 0.85934198861632649 -0.41329561254312475 0.30119442766017573 
1 36.934101104736328 16.435007095336914 32.456233978271484 0.72395105279204375 0.39501090762537128 -0.56556277814073985 
1 41.036533355712891 18.673425674438477 29.251344680786133 -0.92462052803229899 -0.26025744362214775 -0.27810599091090632 
1 34.153099060058594 19.379989624023438 42.056739807128906 0.9082901075122336 0.086823222301767991 -0.40923197414736889 
1 39.642402648925781 19.90471076965332 39.583522796630859 -0.81073179030215525 -0.45827663420508186 -0.36427529525775382 
1 39.352123260498047 24.560756683349609 44.409084320068359 0.043248722741511321 -0.69370422710301571 -0.71896035584768891 
1 34.166389465332031 45.600315093994141 23.192983627319336 0.69760111421357252 -0.01304510362178252 0.71636758072897133 
1 41.016952514648438 45.472209930419922 30.227836608886719 -0.90469164568140825 0.34783666915727979 -0.24605421724456247 
1 36.552776336669922 47.504817962646484 33.499092102050781 0.36974277156748053 -0.42078837175663059 0.82838845300257624 
1 33.874408721923828 16.644277572631836 36.991867065429688 0.89747232912446417 0.2625017189071181 -0.35445206449775113 
1 41.222541809082031 18.793533325195312 34.089759826660156 -0.83115284202744344 -0.45711155034896672 -0.31659751061445168 
1 41.036533355712891 18.673425674438477 29.251344680786133 -0.32936862159230729 0.20058572362746957 -0.92264927171012701 
1 39.263008117675781 19.753503799438477 24.283227920532227 0.023691417130466196 0.7365835082430604 -0.67593154397371913 
1 39.436626434326172 25.151424407958984 19.329784393310547 -0.49269310221088319 0.74834845428874008 -0.44410370185067094 
1 40.613674163818359 29.52314567565918 45.507884979248047 -0.24090064827669291 -0.9475976927305747 -0.20982252117339689 
1 34.079730987548828 27.107614517211914 47.411399841308594 0.90478587244653208 0.33448997147007575 -0.26358866441316398 
1 36.909839630126953 33.851238250732422 47.349052429199219 0.61867632565755171 -0.72295033352457616 -0.30754254880841314 
1 36.716941833496094 33.862125396728516 16.534721374511719 0.33098285360475677 0.83278372475990536 0.44375851360246649 
1 34.748653411865234 41.036533355712891 45.326572418212891 0.92264927171012701 -0.32936862159230729 -0.20058572362746957 
1 39.716770172119141 39.263008117675781 44.246494293212891 -0.41034198847086334 -0.79114049141099785 0.45355945073137066 
1 39.25299072265625 44.431819915771484 39.548774719238281 0.06625402048859047 -0.73839960603968602 0.67110090639898101 
1 41.016952514648438 45.472209930419922 30.227836608886719 -0.75716793847556163 0.34475020073843976 0.55483692382129146 
1 40.168205261230469 45.360565185546875 35.966888427734375 -0.24009807940444292 -0.24364774173760489 0.93967477895943508 
1 36.552776336669922 47.504817962646484 33.499092102050781 0.74172726172435732 -0.43990651565533412 0.50628344501758116 
1 39.642402648925781 19.90471076965332 39.583522796630859 0.27133906038595246 -0.19080967759288092 -0.94338050713684418 
1 39.789653778076172 44.421485900878906 25.117521286010742 0.22898956304563123 0.19604423050098596 0.9534833190483446 
1 41.222541809082031 18.793533325195312 34.089759826660156 -0.038403896063452611 -0.024797807048785651 -0.99895455829217705 
1 39.436626434326172 25.151424407958984 19.329784393310547 0.28168283474303346 0.95916698258926314 -0.025563257259922981 
1 41.8846435546875 33.48724365234375 19.107622146606445 -0.78555788723666076 -0.49795354771274214 -0.36734325925565525 
1 41.8846435546875 33.48724365234375 19.107622146606445 -0.89330302907076231 0.064803081886281075 -0.44475865233971634 
1 42.937957763671875 34.534305572509766 43.743602752685547 -0.40081773687470146 -0.86416380905475587 0.30424669747857269 
1 36.909839630126953 33.851238250732422 47.349052429199219 0.8541799945850348 0.096790147155572118 -0.51088962043117758 
1 39.716770172119141 39.263008117675781 44.246494293212891 0.56082535886742024 -0.82329148070251357 -0.087556008668121729 
1 41.016952514648438 45.472209930419922 30.227836608886719 -0.14627149880793164 -0.019240644492039046 0.98905735234920134 
1 39.263008117675781 19.753503799438477 24.283227920532227 0.73207545208080038 0.67921185784474403 0.052314286994883247 
1 44.382537841796875 24.503349304199219 24.649070739746094 -0.67824255656833599 0.08887181330388938 -0.72944419612450551 
1 39.352123260498047 24.560756683349609 44.409084320068359 0.70908056938705832 -0.0012193986171223339 -0.70512641362009543 
1 44.296596527099609 24.552253723144531 39.492183685302734 -0.70754397460322405 -0.7065328818537806 0.013885635097604807 
1 41.8846435546875 33.48724365234375 19.107622146606445 -0.39881897006327116 0.91268294560814012 0.089181107381106933 
1 39.100349426269531 39.859001159667969 19.730226516723633 0.73673798290237225 -0.050861990923396529 0.67426271024597839 
1 44.166168212890625 39.509273529052734 24.366464614868164 -0.66092850885130083 0.7418280566483787 0.11342239883235553 
1 44.7298583984375 29.833835601806641 41.880577087402344 -0.67689332282433268 -0.66372028727263521 0.31826217145392016 
1 40.613674163818359 29.52314567565918 45.507884979248047 0.7490553108803254 0.056538756759342432 -0.66009053184096422 
1 39.436626434326172 25.151424407958984 19.329784393310547 0.69097380450970958 0.65844970919560619 0.29832730673138058 
1 43.85943603515625 29.366052627563477 21.239328384399414 -0.39161897051448102 0.81726895477892192 -0.42273636877816262 
1 40.168205261230469 45.360565185546875 35.966888427734375 0.56422771815436557 -0.74243667261802448 0.36115767916270891 
1 44.670211791992188 39.436618804931641 38.848587036132812 -0.73186593373677533 0.67485108663581317 0.094595274205745192 
1 41.016952514648438 45.472209930419922 30.227836608886719 0.56149489604796621 -0.53264401395440397 0.63325653262372616 
1 44.593982696533203 42.078975677490234 34.262027740478516 -0.76737846845394109 0.56898955440012411 0.29560306685965232 
1 39.642402648925781 19.90471076965332 39.583522796630859 0.68074253832975051 0.37637874531780874 -0.62843347824679119 
1 45.593814849853516 23.195213317871094 34.089424133300781 -0.70465172387399111 -0.70955334197866449 5.4113962264616826e-05 
1 41.036533355712891 18.673425674438477 29.251344680786133 0.41073150202978059 0.71563959317131576 -0.56494212617395956 
1 44.296596527099609 24.552253723144531 39.492183685302734 0.22680116883123116 -0.23726025501538611 -0.94459981008193161 
1 44.7298583984375 29.833835601806641 41.880577087402344 -0.074537371567622066 -0.90863114665273448 -0.41089368402584048 
1 42.937957763671875 34.534305572509766 43.743602752685547 0.33403907598806548 -0.87624314387761271 -0.34729792472820348 
1 41.8846435546875 33.48724365234375 19.107622146606445 0.27441360460371605 0.72430815926419811 0.6325147144784099 
1 39.716770172119141 39.263008117675781 44.246494293212891 0.6759323263741871 0.023690412591010214 -0.73658282257574204 
1 44.670211791992188 39.436618804931641 38.848587036132812 -0.24257702438401332 -0.68649778674342243 0.6854758756056849 
1 39.789653778076172 44.421485900878906 25.117521286010742 0.71067070981954694 -0.47420165994579361 0.51969214724607393 
1 45.631904602050781 40.523189544677734 29.38978385925293 -0.67682095212200866 0.72581483536802549 0.12290737784341323 
1 44.593982696533203 42.078975677490234 34.262027740478516 0.014399675538219487 -0.49914119263688128 0.86640101521029278 
1 45.593814849853516 23.195213317871094 34.089424133300781 -0.56691029517069269 -0.56249498103934226 -0.60184060475762857 
1 44.382537841796875 24.503349304199219 24.649070739746094 -0.087738800844257503 0.81561132658537361 -0.5719091420602217 
1 43.85943603515625 29.366052627563477 21.239328384399414 0.23801760912753953 0.93926111535809031 0.24725730509225757 
1 44.982048034667969 33.796085357666016 22.405519485473633 -0.68301317678589812 -0.068103134621108632 -0.72722414934572599 
1 44.982048034667969 33.796085357666016 22.405519485473633 -0.13385608072234417 0.93732551858573099 0.32171947696967906 
1 44.166168212890625 39.509273529052734 24.366464614868164 0.27499142039661301 0.1902239770818214 0.94244074468978045 
1 41.036533355712891 18.673425674438477 29.251344680786133 0.61762834866741434 0.76585436128330442 0.17889192331042983 
1 47.498291015625 26.685955047607422 31.122949600219727 -0.4149442517913558 -0.29067119782190803 -0.8621667603556108 
1 45.593814849853516 23.195213317871094 34.089424133300781 0.38388366465056178 0.70362588497766065 -0.59794978552037203 
1 47.164703369140625 29.865398406982422 37.408226013183594 -0.44902822219957927 -0.83182114302796117 0.32626253490087015 
1 44.7298583984375 29.833835601806641 41.880577087402344 0.4781436724200186 0.0061981587165557961 -0.87825976302755815 
1 44.382537841796875 24.503349304199219 24.649070739746094 0.45478817196838733 0.82396298841554316 0.33801288785929462 
1 47.267013549804688 29.729301452636719 26.792903900146484 -0.52217210664691149 -0.05566370930965589 -0.85102164632036048 
1 45.631904602050781 40.523189544677734 29.38978385925293 -0.19887899956923219 0.29810835284677822 0.93358371531069573 
1 47.267013549804688 29.729301452636719 26.792903900146484 -0.35681275790205214 0.63505570273709655 -0.68511963204934068 
1 46.276290893554688 34.831916809082031 38.9227294921875 0.16865088032906905 -0.94281397853197679 -0.28750423031485123 
1 44.7298583984375 29.833835601806641 41.880577087402344 0.25730622496559047 0.83161561308114951 -0.49214731399614559 
1 47.203834533691406 34.017971038818359 26.673290252685547 -0.46127892356642358 -0.046067067291003516 -0.88605845178780818 
1 47.267013549804688 29.729301452636719 26.792903900146484 -0.014724289119000426 0.99950291738601071 -0.027876754595784165 
1 42.937957763671875 34.534305572509766 43.743602752685547 0.56857101821342004 0.050687908374077724 -0.82107108900046888 
1 44.670211791992188 39.436618804931641 38.848587036132812 0.32929529300570914 -0.94410461567684145 0.01520146907268698 
1 47.203834533691406 34.017971038818359 26.673290252685547 -0.45432898843839498 0.82130742554361114 -0.34502069939565999 
1 47.203834533691406 34.017971038818359 26.673290252685547 -0.21763582516067176 0.90065630081586279 0.37610221404203359 
1 47.567955017089844 36.899070739746094 32.923831939697266 -0.41005385211936907 0.35908335495541316 0.83840025200141222 
1 44.593982696533203 42.078975677490234 34.262027740478516 0.48586345304626105 -0.8462508148134642 -0.21862356556764787 
1 47.498291015625 26.685955047607422 31.122949600219727 -0.043656889554243627 0.57447463551375266 -0.8173573081252713 
1 47.164703369140625 29.865398406982422 37.408226013183594 -0.20631489527066246 -0.87603831920578146 -0.43587960180830315 
1 47.567955017089844 36.899070739746094 32.923831939697266 -0.19947845875490083 -0.31924141313876092 0.92644118249888718 
1 45.631904602050781 40.523189544677734 29.38978385925293 0.35723148081816092 -0.66870641244151297 0.65208695974698416 
1 47.164703369140625 29.865398406982422 37.408226013183594 0.047306766088193064 -0.4508835530264666 -0.89132827369746692 
1 47.498291015625 26.685955047607422 31.122949600219727 0.017318151560503901 0.98650437295449411 0.16281647265614038 
1 47.591579437255859 32 32 -0.057042192338867481 -0.39907343405510937 -0.91514293010689751 
1 47.498291015625 26.685955047607422 31.122949600219727 0.0067172509732129548 0.98478496612308919 0.1736474849725983 
1 47.567955017089844 36.899070739746094 32.923831939697266 0.0047386539381982186 -0.98266965670568707 -0.18530485948506861 
1 47.164703369140625 29.865398406982422 37.408226013183594 0.048285837852697217 0.84222039388069225 -0.53696674570620739 
1 47.267013549804688 29.729301452636719 26.792903900146484 0.031884610544723579 0.75963377023874379 0.64956901613553186 
1 47.567955017089844 36.899070739746094 32.923831939697266 -0.052830711933994724 -0.41802248237234058 -0.90689917857930247 
Polygon3D 0
PolygonOnTriangulations 0
Surfaces 200
1 27.981187435932377 24.446452626492981 18.614783023349212 0.27642711701446049 0.45801562524352241 0.84487261525738855 0 0.87912793697375535 -0.4765858479143803 -0.96103488437156848 0.13174125194886427 0.24301480110452553 
1 27.087756533750891 27.06712553775149 17.795609145259313 0.35735269298290218 0.30421536215641487 0.88303571062891284 0.92697109809127165 1.3877787807814457e-17 -0.37513275423969894 -0.11412114668776338 0.95260328228913915 -0.28199884831436572 
1 16.587996991292499 29.319770394842877 33.950129431378812 0.99780973310377241 0.062081232313636825 -0.022839814311829385 -0.062097431209973651 0.99807009224659293 -2.1684043449710089e-19 0.022795735577102606 0.0014182937980773971 0.99973913741645681 
1 17.13415343219415 29.498349196122586 36.9482643101042 0.93206339917635339 0.20202645974163441 -0.30073764227326699 0.30706939354654184 6.9388939039072284e-18 0.95168712692090096 0.19226598103351711 -0.97938006389974164 -0.062036142473218522 
1 16.50604596165649 30.479124310524817 33.149038513606989 0.99849343968861981 0.052793357539650469 -0.014957015025707935 -0.052799263792324781 0.99860514606274109 -1.0842021724855042e-19 0.014936152174409686 0.00078971938188811882 0.99988813759416151 
1 16.498082058473759 30.137546004683387 29.72536725572629 0.99890370716057653 0.04680032898236855 0.0010550014214695091 -0.046800355027428554 0.99890426306493785 -6.7762635780344012e-21 -0.001053845417445462 -4.9374441079214804e-05 0.99999944348584557 
1 16.429390902618277 32.161609878827853 32.07012500521158 0.99050351526025082 -0.13631176329910427 0.017941277640546812 0.13633370725569929 0.99066297006899251 0 -0.01777375939421651 0.0024460008936395324 0.99983904232462595 
1 16.499156168698427 33.609958070346565 31.690216918977221 0.99904359506949081 -0.043375186960100454 0.0055216217548676172 0.043375848193224258 0.99905882499156107 0 -0.0055164249424658821 0.00023950502701954222 0.99998475573040424 
1 17.277961310775122 34.549229351678562 26.758200844557361 0.91841238905080347 -0.22422026185156654 0.32595085183691508 -0.33446688274115355 0 0.9424075043999891 -0.2113068574074469 -0.97453849291611616 -0.074994252028898645 
1 17.16446573741969 36.623305235906251 34.072013119739985 0.94311360191536531 -0.29904621186861824 -0.14528625898293113 0.30225322075152383 0.95322766983828711 -6.9388939039072268e-18 0.13849088210982136 -0.043913239708530935 0.98938966183741006 
1 17.728029399896268 24.9917650004653 31.251392111798648 0.879942103940766 0.47506579711488361 0.0037923770775678085 -0.47506921337931057 0.87994843172720261 0 -0.0033370962619239841 -0.0018016415950778671 0.99999280891219489 
1 17.347191483808775 29.318431259317148 26.655881311337293 0.88060802804259308 0.29224591358848306 0.37299038451114086 -0.39001728930772872 1.3877787807814454e-17 0.9208075336578494 0.26910223891299606 -0.95634320512608495 0.1139809590290409 
1 17.938495493484378 32.097176628727695 24.321289292965005 0.87674735420022287 0.003274865470169662 0.48094007127610139 -0.480942650276381 0 0.87675205568343595 0.0028712450330579532 -0.99999463761369867 0.0015750224785220038 
1 17.903660347412927 32.276859270696562 39.621990107407647 0.86756140529386883 -0.0030170212524599613 -0.49732092820158857 0.49732319162833538 0 0.86756535377376964 -0.0026174631102334079 -0.99999544878102431 0.0015004346384839056 
1 18.274662013354028 35.682564447537608 39.165401254509128 0.87749633583347553 -0.28602540526672315 -0.38495408575677093 0.40173787688794682 0 0.91575470420498783 -0.26192911039513989 -0.95822203457341082 0.11490723904786794 
1 18.050081026134677 37.319522397254573 36.948539429651767 0.89895450210660377 -0.33361896784659328 -0.28386473439869564 0.34793135560075289 0.93752001140766184 -1.3877787807814454e-17 0.26612886903169802 -0.098765441846585825 0.95886433480694133 
1 18.693527634903749 23.477147055957243 32.845644698964428 0.84915449856787051 0.52304588681668063 -0.073209547506460068 -0.52445321469104889 0.85143926712374784 0 0.062333483475361565 0.038394982535840047 0.99731658070739981 
1 18.631586808553369 24.526526232951927 28.033322990441622 0.85069000052591393 0.44403631322108 0.28135080512813809 -0.46272822758637044 0.88650019029596172 1.387778780781446e-17 -0.24941754228601645 -0.13018895938694164 0.95960498354987123 
1 18.858664960975968 24.207332344899889 35.940346785339926 0.83527514776889467 0.49268469111640234 -0.24408445804513351 -0.50805121961453936 0.8613268591238632 1.3877787807814457e-17 0.2102364996089652 0.12400740659878393 0.96975397773910355 
1 18.158924764036055 26.856494798998153 37.680881475832486 0.88175524710947717 0.32953635447894603 -0.33751070393638111 0.35747841622580362 -1.3877787807814454e-17 0.93392140029699022 0.30776105362374262 -0.94414288700213522 -0.11780213408795864 
1 18.355398377039247 27.176903605687013 25.922594343105231 0.883584687729284 0.2854777974142908 0.37118799387079981 -0.3873055909713593 0 0.92195139741871768 0.263196654258123 -0.95838532291739797 0.11056714703674389 
1 20.246867773006038 27.640875994925366 41.688277196396385 0.7089834207704605 0.32990830066988269 -0.62330010606587138 0.66026645492585101 0 0.75103142976818849 0.24777150274449541 -0.94401298357019992 -0.2178273841339152 
1 18.264659726622508 37.056944470887821 26.130816591318453 0.8846360676763283 -0.3150371933776005 0.34375950103950165 -0.36220312851652947 0 0.93209918661741065 -0.29364591170149335 -0.94907932586731891 -0.11410745704043378 
1 18.819735906843267 39.773390013405702 28.192521843639241 0.84546522330331442 -0.47890000202473254 0.23631196382195283 0.49285913373904611 0.87010911631242949 -1.3877787807814454e-17 -0.2056171940151742 0.11646850978146051 0.97167723846687493 
1 18.456706572292124 40.124590717325702 31.269282386024813 0.85960088121123668 -0.5064566359166961 0.067734783950410465 0.50762246082341966 0.8615796174861472 3.4694469519536134e-18 -0.058358909246501472 0.034383697712250035 0.99770336224911627 
1 19.934679283822941 31.088321274624082 42.305619756302434 0.75108668287261138 0.045806196391782114 -0.6586126230065249 0.65930466524808207 0 0.75187589293853163 0.034440574814188926 -0.99895034529856264 -0.030200238978371811 
1 20.18498513179448 41.649504214251429 36.116233091207931 0.69938062498597964 -0.64029147765962557 -0.3176374742228536 0.67526177868607973 0.73757815195795484 2.7755575615628907e-17 0.23428246122988486 -0.21448844582107796 0.94821223097433538 
1 20.26557254926368 42.73411612330078 32.696531813014111 0.74788475473770144 -0.66237440007194337 -0.043915233806292434 0.66301403572956685 0.74860696525319126 3.4694469519536142e-18 0.032875249908112927 -0.029116416395917458 0.99903526075896776 
1 21.632252908643821 21.576189847372959 37.575158999353874 0.63826183204820663 0.66496797160783372 -0.38786522206332213 0.7214455420779301 -0.69247117616250398 0 -0.26858548651471947 -0.27982363538465016 -0.92171610027913142 
1 21.941114167496483 26.307900684229356 42.727386702716892 0.64516866993341371 0.39853402780887065 -0.65186502898590004 -0.71074797797537359 0 -0.70344673700566562 -0.28034746144787526 0.91715354694753182 0.28325725441953614 
1 20.389434384643703 28.205000119739616 22.056004959588684 0.65728580081589472 0.32809011933956411 0.67847789178245055 0.7182347509096183 0 -0.69580086417436904 -0.22828538856354058 0.94464642781929309 -0.23564572513975876 
1 21.167289294186517 37.930138337327101 41.820529734333675 0.65591676856387537 -0.37239013920698949 -0.6565811274611254 -0.70746461317097431 0 -0.7067487680292367 0.26318627211077578 0.92807628146688415 -0.26345284578275807 
1 21.368872143925241 21.885146214776523 26.304559459421 0.66046785526770901 0.65892175019133892 0.36000602673129706 -0.70627768477080566 0.70793490660850344 0 -0.25486083291251915 -0.25426422306331725 0.93294997760713017 
1 21.176368119479847 20.410176696938276 32.818399900279886 0.6459224214070346 0.76339602524744166 0.003276302806656957 0.76340012248799693 -0.64592588815227969 0 0.0021162488002457011 0.0025011299639096886 -0.99999463290555668 
1 22.111038632913449 26.693300115076735 21.08646738016601 0.66732348752774207 0.31973195293511814 0.67264466196209949 0.70990918958992399 -2.7755575615628914e-17 -0.7042932219862531 -0.22518504730463129 0.94750803599351885 -0.22698065159417341 
1 19.944398932509394 31.906612631615364 21.528821927586552 0.74116332664258411 -0.0074084418532714569 0.67128387305923332 -0.67130229552885046 4.3368086899420177e-19 0.74118366685842185 -0.005491016098515141 -0.99997255711809752 -0.0049733040223931399 
1 21.865644310000246 32.99550269646307 44.057382219436988 0.63362961809021245 -0.096715113261055946 -0.76756738723434104 -0.77118261013994405 -6.9388939039072268e-18 -0.63661399750378023 0.061570194872151686 0.99531210525488001 -0.074585013484641444 
1 21.04539384267331 37.988216081910316 22.380830869653629 0.66922272117131354 -0.37457954388539261 0.64174069122245447 -0.6921314734595726 -2.7755575615628914e-17 0.72177144820689687 -0.2703608198588387 -0.92719478282754131 -0.25925829163721142 
1 21.845816300447254 42.516383807634277 26.182001812301674 0.62914791141217585 -0.67190412160349389 0.39079119352658681 -0.72995023508315027 -0.68350029575857074 0 0.26710589635526694 -0.28525812358315689 -0.9204793550439172 
1 21.946188882633155 42.661316952431619 37.692176917591034 0.66344567693341305 -0.65913686551762807 -0.35408816172524293 0.70479937389964653 0.70940668346912727 0 0.25119250846518448 -0.24956111468922795 0.93521204746626219 
1 23.548452214817477 19.356782601987977 28.563178108675967 0.55950553834633876 0.80607543827911865 0.19286249081379309 0.82149841847031335 -0.57021079299744415 0 0.10997227382639524 0.15843623118577635 -0.98122579442098834 
1 23.130752541803677 19.070393715570802 31.464956470899484 0.57348907981585184 0.81159702396557853 0.11144750343629756 0.81668470626532153 -0.57708412779448859 6.9388939039072299e-18 0.06431458531540904 0.091017471607876085 -0.99377032254833231 
1 22.831852142603953 19.585493459123864 35.877298448287107 0.60381670340346882 0.73521240627636553 -0.30800666607767424 0.77278181331369811 -0.63467178053825002 0 -0.19548313917716773 -0.2380219499242118 -0.95138419876079305 
1 22.708453098804206 21.861858864089211 39.725430492806176 0.62095229971019439 0.65648554346106147 -0.42830476615519442 0.72649468003046314 -0.6871720889904035 -2.7755575615628914e-17 -0.29431908088341124 -0.31116113404344031 -0.90363434379661789 
1 22.693406813648679 33.422366238171499 19.581246669639086 0.56567866965862057 -0.27128447733782463 0.7787248391112207 0.80906543061603298 1.3877787807814457e-17 -0.58771857974892483 0.15943892772891569 0.96249921161294649 0.21948689247677253 
1 23.229296111962302 35.909381023530983 19.868741524877954 0.58356648875620498 -0.17808730841981912 0.79229733293791815 0.8051681959710093 0 -0.59304652110672607 0.10561405871163429 0.9840146902256004 0.1433902368457185 
1 22.417582326127942 36.349345143740628 43.695916830988658 0.61449335380099201 -0.28372159554034587 -0.73613855649493698 -0.76768527921243657 2.7755575615628907e-17 -0.64082705317466371 0.18181647399213369 0.95890669839356146 -0.2178088922909884 
1 22.817498161181987 41.100648368380419 40.968968857776858 0.58368561801038599 -0.57945275231727233 -0.5688106953633798 0.70452882964951324 0.70967536817384846 0 0.40367093965322931 -0.40074353349648778 0.82246847528657807 
1 22.531440764173464 44.678848150472419 30.913259818799311 0.57078285653306571 -0.81667893227022537 0.085102598514490382 -0.81965247294375376 -0.57286108577663852 0 0.048751966987424289 -0.06975455532634145 -0.99637219337257776 
1 23.03103295057371 22.817499419308245 22.899349837294114 0.56881078189449852 0.58368568321512782 0.57945260169427037 0 -0.70452869777678384 0.70967549909021754 0.82246841544254412 -0.4036710755288751 -0.40074351944952524 
1 22.729160499224488 23.973414705285553 41.907792689214503 0.60771840395910792 0.47683548408773369 -0.635063983079037 -0.72249073739701652 -2.7755575615628907e-17 -0.69138060023081038 -0.32967480319992631 0.87899256032961781 0.34450922051561 
1 23.069765454224253 41.350364157148853 23.108926741666661 0.57070539683004695 -0.60235460811111974 0.55808984591762456 -0.72592039475460557 -0.68777872930130501 -2.775557561562892e-17 0.38384232506118493 -0.40512880125705902 -0.82978052753944653 
1 24.446452680869712 45.385217091908217 36.018812398761767 0.45801619196841148 -0.84487233161825515 -0.27642704491545017 -0.87912762286377977 -0.47658642733283951 0 -0.13174137775442876 0.24301465089177898 -0.96103490510975287 
1 23.348897032110461 44.522711584685325 27.729605805545532 0.55799214600285285 -0.78071765104255908 0.28129115583274233 -0.81356749674355433 -0.58147048785164213 0 0.16356250561041694 -0.22884934150694516 -0.95962247037586601 
1 24.760198209362983 28.475849938167887 18.433144102902482 0.43892814645886796 0.25299789843087844 0.86216828150642466 0.89116056127574172 0 -0.45368805806049706 -0.11478212523249212 0.96746682805642437 -0.22546174916724473 
1 25.314156362340153 31.734899292928933 17.505622286602133 0.43944381648949121 0.015747817847454382 0.89813202725556662 0.89824341354565584 0 -0.43949831629011737 -0.0069211394291996608 0.99987599542795491 -0.014145373659192627 
1 24.553488734109035 46.033010219110778 32.434516476784836 0.47818399828715485 -0.87818734209173077 0.011271910750702212 -0.87824313688174449 -0.47821437924858934 0 0.005390389802592559 -0.0098994782563477692 -0.99993646999598351 
1 24.484792778293482 31.887456215565678 46.096131902723165 0.50766740859211512 -0.029186676350406213 -0.86105861599369826 -0.86142560206674246 -1.7347234759768071e-18 -0.50788377814609342 0.01482343945637154 0.99957397821452754 -0.02514215024747583 
1 26.830759909686421 38.033900227778339 18.324289583731023 0.33167632491957483 -0.35854603689783726 0.87260274748175048 0 0.92496183508418672 0.38006000004958962 -0.94339324541139502 -0.12605690406538128 0.30678794215158883 
1 26.125260702570326 27.529368972157524 45.909324269815436 0.34287421534893497 0.23139278013255693 -0.91043651824351735 -0.93583468602678588 0 -0.35243927197340968 -0.081551902969821621 0.97286041203377494 0.2165453897442165 
1 26.479477840011157 38.569521814447 45.178697457956652 0.28257466776327594 -0.35608964288530093 -0.89070293777908527 0 -0.92854552655194555 0.3712185409167626 -0.95924530602889801 -0.10489695586712226 -0.2623834436684922 
1 27.074033301465526 45.75326953178606 38.020408539225464 0.30210536473727717 -0.88335474233437628 -0.35835282584671291 0 0.37591775591711563 -0.92665303149897471 0.95327453999199874 0.27994685206590136 0.11356677076255894 
1 27.320133658946194 47.023646101974158 30.409463092418296 0.27012519848081296 -0.95869195755240766 0.089118503522187545 -0.96252180286866296 -0.27120431228588288 0 0.024169322459681904 -0.085778502679133242 -0.99602103006410758 
1 27.059352403708377 17.131672419391887 34.287187827562143 0.30121508770725913 0.93582181378512752 -0.18304918405014087 0.95190543980065434 -0.30639196085720483 0 -0.056084798434434043 -0.17424551404840027 -0.98310375658857985 
1 27.045261687295547 18.079341798355596 26.52254961221276 0.28540302886044838 0.89482656629133162 0.34326451517240675 -1.3877787807814454e-17 -0.35816130660689782 0.93365972305205491 0.95840759132911824 -0.26646931288406384 -0.10222032172622432 
1 26.407522839371598 17.921510661522287 36.649474445424552 0.33507105828021161 0.90017548093944955 -0.27822920302946291 0.93718031631360388 -0.34884531631417037 1.3877787807814454e-17 -0.097058954338652484 -0.26075093250283393 -0.96051471127806787 
1 26.496616479518178 20.639314748067335 41.502308951316813 0.28495174999160311 0.78307046310027684 -0.55281384750803864 0 0.57672374022805961 0.81693924343084279 0.9585418614628799 -0.23278826705243486 0.16433843903968828 
1 26.251814395706923 22.848686123904891 43.593466256530732 0.36767609502160514 0.56062720882241268 -0.74196456915249975 2.7755575615628914e-17 -0.79785089883045712 -0.60285482766204312 -0.92995391775596259 0.22165530889970272 -0.2933507028914602 
1 26.538929429808899 29.41011676834405 46.600374741854353 0.34795518543061804 0.27503797404209485 -0.8962596173915035 -0.93221189448080666 0 -0.36191295056754375 -0.099539804703694057 0.96143336369964816 0.25639367083594417 
1 27.98638434279561 34.832898126209948 47.08325085954894 0.27776272408779235 -0.2581100706757401 -0.92532538089209104 -0.9577792354979483 0 -0.28750467135155522 0.074207851042155354 0.96611551660024819 -0.24721246616613177 
1 26.331383304332288 43.047934009482844 41.606203806565809 0.3281202646585058 -0.67069718464979955 -0.66520852251250118 0 0.70419563995628387 -0.7100059863596645 0.94463595735099559 0.23296735215345651 0.23106085975382168 
1 26.814303936881075 46.162168534140278 27.082712932194735 0.32130479495578934 -0.8925271454130439 0.31647831432700324 -0.94088908409006178 -0.33871482317749968 0 0.10719589627678407 -0.29777099130150075 -0.94859974518272916 
1 28.20421003436109 19.169534883521084 40.107989342488558 0.24163394465001947 0.81387983305651679 -0.5284057665627504 2.7755575615628907e-17 0.54454191850484501 0.83873362815083463 0.97036747513139132 -0.20266651508070882 0.13157981179561509 
1 27.883768212771596 20.184985410981508 22.350493870518115 0.31763757865135828 0.69938067050027986 0.64029137613986431 -2.7755575615628914e-17 -0.67526169653388146 0.73757822716928423 0.94821219599228024 -0.23428256214401294 -0.21448849024303038 
1 26.307824466252018 21.946189018553255 21.338681585529294 0.35408837303972557 0.66344562983713185 0.65913679940365311 0 -0.70479936350121697 0.70940669380002297 0.93521196745875756 -0.25119266203114088 -0.24956125994158004 
1 28.187511508019597 24.821212968103929 45.490162132648919 0.25457127430812015 0.44312772642939596 -0.8595529561153602 0 -0.88883655259387129 -0.45822438037826202 -0.96705401415698589 0.11665076443194293 -0.22627225384545827 
1 28.381831709483791 37.551134812373562 46.227238849117803 0.30000832206244588 -0.36942387456740716 -0.87950043069510797 1.3877787807814457e-17 -0.9219694948841185 0.38726250851731486 -0.95393658420949334 -0.1161819753779733 -0.27659852115294514 
1 26.088010055167967 41.989839653715663 21.302012177177236 0.38884514206344978 -0.6538627299197477 0.64904775318581198 -2.7755575615628914e-17 -0.70448881889146631 -0.70971508653607396 0.92130312899373989 0.27596926364869323 -0.27393705486396414 
1 27.983920381256979 42.241262251841768 43.233069397722304 0.32749516946156038 -0.67043591737540287 -0.66577968929094389 2.7755575615628914e-17 0.7046384917169346 -0.70956648454593996 0.94485285308313693 0.23237959610061623 0.23076570225397583 
1 29.986892275524951 47.404716927427629 32.9709745722541 0.06343579374123548 -0.99777087466073244 -0.020716702227342277 -0.99798505613091237 -0.06344941086708128 0 -0.0013144625514336179 0.02067495923520158 -0.99978538609484768 
1 29.578451660214501 46.76354515622463 37.244444812164801 0.21225976500563137 -0.92234749635844504 -0.32283260077176601 0 0.33036043184519376 -0.94385485381548861 0.97721327874714947 0.2003424094703001 0.070122227630619718 
1 29.026468154359463 32.192575304611438 16.48287952138746 0.023470510973166995 -0.024025082296949822 0.99943580611026905 0 0.99971119693821575 0.024031702319231189 -0.99972452961536284 -0.00056403633298739836 0.023463732617736304 
1 29.750908103373799 30.463745407639124 47.562975605194254 0.0029562864200381356 0.014289185533966395 -0.99989353410619608 0 -0.99989790348429852 -0.014289247975468657 -0.99999563017575377 4.224310974243541e-05 -0.0029559845934952339 
1 30.085252864750512 33.728592611495941 47.577110377224741 0.0029369484161059717 -0.0051170498884335483 -0.9999825949157517 0 -0.99998690770158649 0.0051170719575579383 -0.99999568715770037 -1.502857638085007e-05 -0.0029369099647008831 
1 29.457089905142677 43.902916611499478 22.283296009358793 0.17100893902266115 -0.78999616266526362 0.58878009965393896 0 -0.59758280679233078 -0.80180720190467236 0.98526947723673231 0.13711619889844665 -0.10219200176774036 
1 29.748855120597835 45.829946041811091 24.997431613322291 0.16468231172403699 -0.84392369486144292 0.51056099876179084 1.3877787807814457e-17 -0.51762835401361962 -0.85560556749073979 0.9863466612734223 0.14090310277833162 -0.085244233952871076 
1 31.57932200842745 47.52629565670933 32.46007679836535 0.11436277006454704 -0.99277552237395317 -0.03630315410936142 -0.99343036858176781 -0.11443820506934337 0 -0.0041544677946310773 0.036064655767543634 -0.99934082324385809 
1 29.942060843175678 17.183257880709327 27.239920479444919 0.13995938159218566 0.94208907607794079 0.30476145464763882 0 -0.30779096545092877 0.95145400392598334 0.9901572458475133 -0.1331649140028896 -0.043078233184173774 
1 31.103308009845495 19.072006203405827 40.956766562084638 0.11356184870605911 0.82934649964229301 -0.54707228960123566 6.9388939039072299e-18 0.55063438261750519 0.83474653439199076 0.99353092881825389 -0.094795359646530422 0.062531058451163385 
1 31.56548284083139 24.553488152114419 17.966989696469444 -0.011271627298147985 0.47818342049816581 0.87818766034300777 0 0.87824345234688661 -0.47821379989479817 -0.99993647319119805 -0.0053902477212452839 -0.0098992328718928938 
1 29.897620756186882 37.373376121281069 17.359407320685744 0.1290242113782881 -0.32918051170432261 0.9354105748773055 0 0.9432951605774752 0.33195517774409755 -0.99164144370745766 -0.042830255021371638 0.12170791419046437 
1 32.09717665808531 39.678709955321288 46.061503258985177 0.0032745390291647938 -0.48093970341846398 -0.87674755720783526 0 -0.87675225775488141 0.48094228190263955 -0.99999463868270144 -0.0015748642728657702 -0.0028709594869267109 
1 30.01282112452018 16.610594471404614 34.532171865201597 0.024610210017705324 0.99832771731794701 -0.052307804366287715 -2.1684043449710084e-19 0.052323652001525514 0.9986301795165331 0.99969712291417767 -0.024576498447920647 0.0012876960646508707 
1 30.831152611778709 16.525174603635598 33.390838131588815 0.030115901936809464 0.99783572200287229 -0.058454292789659509 0 0.058480818908114018 0.99828853234915826 0.99954641335484384 -0.030064359544868687 0.0017612026074210741 
1 31.229332864650683 24.898554742249654 46.118345864868971 0.020526971203625462 0.48519764377319019 -0.87416353729159291 -1.7347234759768071e-18 -0.87434776277680171 -0.48529989668987356 -0.99978929952925855 0.0099617370044754461 -0.017947711348473751 
1 31.585567868176746 29.1485285171374 16.5845219436215 0.0042583383005703216 0.094776557961571584 0.99548946283517981 0 0.99549848878468583 -0.094777417286012938 -0.99999093323635579 0.00040359430605816445 0.0042391693429517019 
1 31.901196288755479 30.664775332566716 16.464043918481874 0.0011392192332503881 0.041538142912425149 0.99913626941620215 6.7762635780344027e-21 0.99913691776658031 -0.041538169866977288 -0.99999935108955884 4.7321082026482249e-05 0.0011382359933701997 
1 32.203314936659361 29.014145611252747 47.51159250592216 -0.02810309892694755 0.024856147278793313 -0.99929594604058969 -0.99960478569193878 -1.0842021724855044e-19 0.028111784393258923 0.00069875065314852695 0.99969103824254368 0.024846323773745457 
1 31.543255702162327 42.790744154143056 43.60467796438391 -0.0097858194127783509 -0.70951899695986198 -0.70461835818511853 0 0.70465209853219191 -0.70955297197191569 0.99995211772285408 -0.0069435572475173455 -0.0068955981850713265 
1 33.122067582418545 46.896363419249873 26.449873449547535 -0.037270631204516985 -0.93253777294959095 0.3591437067133908 0 -0.35939341014338061 -0.93318614260259558 0.99930520865730355 -0.034780436566107138 0.013394819246787653 
1 32.312587806141472 16.518090118319474 30.272713259522206 -0.0014199365141985415 0.99915718060194425 0.041023313272694151 0 -0.04102335462876297 0.99915818786366495 0.99999899188963981 0.0014187411944080639 5.8250559172296295e-05 
1 31.910501196352151 16.449115412458276 31.705173702229839 -0.018482491033932083 0.98966339561777861 0.14221378589809452 4.3368086899420177e-19 -0.14223808241369229 0.9898324746699696 0.99982918417356703 0.018294569838182517 0.0026289140828947596 
1 32.726760551540529 17.726956162978851 39.004147144462095 -0.0029530301313799947 0.8799200472307972 -0.47511260780408121 0 0.4751146794005241 0.8799238838775415 0.99999563979701589 0.0025984417424112921 -0.001403027964130694 
1 31.303467495969773 20.265572500056358 21.265883313509747 0.043915087716116331 0.74788490759471749 0.66237423716727306 0 -0.66301386840575072 0.74860711344579256 0.99903526718073665 -0.032875147051880632 -0.029116312188040155 
1 31.921911555359497 33.450280717571943 16.515802162288033 0.0023962122322574607 -0.073711285134937535 0.99727674424439172 0 0.99727960735501242 0.073711496754795866 -0.9999971290793479 -0.00017662839018184798 0.0023896935941249984 
1 32.098705027016059 34.769887638999151 16.581316730586359 0.0031797923043684799 -0.035120804927271446 0.99937801555875838 0 0.99938306799215493 0.035120982483236224 -0.99999494444767134 -0.00011167742982205473 0.0031778305887176154 
1 32.17147735306321 42.940433984548648 20.50372336820319 0.029883278482531882 -0.72165697649346683 0.69160552191653535 -1.7347234759768071e-18 -0.69191453433407424 -0.72197941603432247 0.99955339510560193 0.021575111948009401 -0.020676674715616506 
1 32.420670352534422 47.589279110510148 29.399869637166042 0.027951792331197541 -0.99959465079574628 0.0054066076243626058 -0.99960926089459079 -0.027952200875249387 -2.7105054312137611e-20 0.00015112658236983843 -0.0054044950513361632 -0.99998538419018723 
1 34.274630413387371 16.498082077051286 33.862455039901391 -0.0010550034419212699 0.99890370797333106 -0.046800311589430321 6.7762635780344027e-21 0.046800337634580413 0.99890426387982223 0.99999944348371383 0.0010538474365430447 -4.9374517287559872e-05 
1 32.730716371282504 18.456706596827516 23.875409903082172 -0.06773485186937897 0.85960095975630413 0.50645649351970434 0 -0.50762232044471034 0.86157970019396801 0.99770335763804741 0.058358973366302365 0.03438372268091288 
1 33.08673946872856 22.531439857889698 19.321151388962608 -0.085102835762663268 0.57078298435373576 0.81667881821276367 1.3877787807814454e-17 0.81965237514089995 -0.57286122571341946 -0.9963721731085996 -0.048752114806687098 -0.069754741464092898 
1 32.7784741809444 22.91293949624416 44.70628715226001 -0.12263767969848662 0.56446643755785142 -0.81629506943807995 0 -0.82250373070010896 -0.56875971462859676 -0.99245150990774944 -0.069751371708024507 0.10086994907641025 
1 33.590544153580979 27.320139995417698 16.976354973445783 -0.089118401938801411 0.27012425736923873 0.95869223216660704 0 0.96252206979648225 -0.27120336493984748 -0.99602103915322704 -0.024169210483864764 -0.085778428691089953 
1 32.008891308501617 39.724121517717251 18.065108527638799 0.014852552871636802 -0.44116586623048826 0.89730266919601787 0 0.89740165730750887 0.44121453450870879 -0.99988969475297385 -0.0065531622015252162 0.013328705562254264 
1 36.270402002659324 23.348901743771766 19.477289378437685 -0.2812920368535371 0.5579921085769215 0.78071736036075789 2.7755575615628907e-17 0.81356741277622613 -0.58147060533495376 -0.95962221212453624 -0.16356305094512832 -0.22885003465748707 
1 34.897988169335854 31.95821821397649 16.475307791711067 -0.023203583108107471 -0.009028235142362501 0.99968999429881233 0.99973073867036588 -2.7105054312137611e-20 0.023204528816694055 -0.00020949594252484059 0.99995924465460817 0.0090258041877638185 
1 32.618868296938601 31.97183956084292 47.51351511672712 -0.12589142874696665 -0.016985664050813712 -0.99189860136245811 -0.99204172004496882 0 0.12590959332084237 -0.0021386580529224059 0.999855733201922 -0.016850487381075224 
1 35.686347286595179 42.356823464549038 20.706228405304529 -0.28868602694941059 -0.66406533778480858 0.68969384874516049 0 0.72036420214538566 0.69359600364148721 -0.95742382352026534 0.20023147459924986 -0.20795907947393347 
1 32.793144040534997 44.422967766937425 41.440256574511132 -0.18914055396328516 -0.78548058029582901 -0.58927591909443355 1.3877787807814457e-17 0.60010785103236608 -0.79991910036535308 0.98195002461757774 -0.15129714176891557 -0.11350473138197829 
1 34.645080712921335 47.587206645546807 31.395094496120524 -0.0087817850088790315 -0.99947535685346389 -0.031175171125414677 0 0.031176373305618624 -0.9995138987265304 0.99996143938256843 -0.0087775161720028798 -0.00027378420772649806 
1 33.786870569996672 47.531098521787435 34.322772196847609 -0.014036420160416429 -0.99978541882465866 -0.015234671466173057 -2.7105054312137611e-20 0.01523617246376887 -0.99988392278736749 0.99990148460189832 -0.014034790851888869 -0.00021386131833802706 
1 35.807476634514792 18.819735664520145 24.226610361706289 -0.23631176555054303 0.84546535093779063 0.47889987453122557 0 -0.49285897807113249 0.8701092044879648 0.97167728668647246 0.20561704233432948 0.11646837527542571 
1 35.696170422271791 23.549016716325113 44.572368717037861 -0.19046929540986243 0.55790350933574318 -0.80775313170357488 1.387778780781446e-17 -0.82281630352125879 -0.56830742618728092 -0.98169315343750385 -0.10824511504208381 0.15672124158344167 
1 34.011690037564769 32.426932785177939 47.446653911860494 -0.03667818342399682 0.0061538078826997404 -0.9993081814481749 -0.99932710356197141 -2.7105054312137611e-20 0.036678877933231789 0.00022571476815410333 0.99998106514500706 0.0061496670072951594 
1 34.549229367983905 37.241798041728565 46.722036727925193 -0.2242202124241755 -0.32595076274285156 -0.9184124327380434 0 -0.94240753823140544 0.33446678741636271 -0.97453850428829025 0.074994214123328393 0.21130681841239002 
1 35.599681330754656 39.367763576959277 18.443687824315344 -0.25286770671855074 -0.44624595774101333 0.85844188393781606 0 0.88727764014958932 0.46123571987713163 -0.96750086454684947 0.11663161874201015 -0.22436386208727416 
1 37.659209042145612 43.178591945609512 22.539367459298166 -0.35979505722855742 -0.68879374428132867 0.62937325541589939 -2.7755575615628907e-17 -0.67454673347809591 -0.73823214800903292 0.9330313589552599 -0.26561227794087083 0.24269858057508792 
1 35.448357225939425 44.275711628451248 40.842121551396716 -0.16977439369719563 -0.78611266055572304 -0.59430929671237043 1.3877787807814457e-17 0.6030640037946946 -0.79769280260455699 0.98548295532939068 -0.13542781191880543 -0.10238482560484755 
1 37.241798282311954 17.277961421026937 29.450770776681317 -0.32595065902677245 0.91841246432704782 0.22422023380759321 0.94240757540337894 0.33446668267904467 0 -0.074994197791145481 0.21130684689899265 -0.9745384993684284 
1 35.966923543470116 18.631481437150072 39.473223213860337 -0.28136745311101657 0.85069848110588386 -0.44400951631013741 0 0.46270265629085511 0.88651353732550919 0.95960010229773329 0.24943605614571665 -0.13018946794826 
1 37.695731384007907 21.368861443572964 42.114701257223864 -0.36001184357679761 0.66046568861691468 -0.65892074382600851 0 0.70627830534170366 0.70793428748977205 0.93294773298638534 0.25486472797041948 -0.25426855478436311 
1 36.984171656824444 46.127460520984741 27.283280071230283 -0.42134356868809292 -0.8161457515996805 0.39544368659895801 -0.88857315046723451 0.4587349520896935 0 -0.18140384062614481 -0.35138064243361389 -0.91849022353480991 
1 36.378179001542371 46.372826450286588 36.935181824692485 -0.32119476072632785 -0.89448929103836383 -0.31100294837773235 -0.94116253227452218 0.33795426886282842 1.3877787807814454e-17 0.1051047740331805 0.29270432244002909 -0.95040894676994581 
1 37.34411594798523 17.347191457037155 34.681570188179677 -0.37299013285398025 0.88060812614920336 -0.29224593915666125 0.92080764376597357 0.39001702934891969 0 0.11398089302916614 -0.26910229463501933 -0.95634319731278539 
1 37.869182082759792 18.264659730372202 26.943054954766559 -0.34375928006020556 0.88463612982805195 0.31503725997941129 0.93209927381600399 0.36220290411822775 -1.387778780781446e-17 -0.11410741046999191 0.29364600125179291 -0.94907930375952509 
1 37.818004076908068 21.845821638404527 21.483615591521733 -0.39079127518331686 0.62914760585247742 0.6719043602259871 -2.7755575615628907e-17 0.72995052181208642 -0.68349998954371816 -0.92047932037639879 -0.26710583250157333 -0.28525829523967272 
1 36.917297875818385 26.814311526787183 17.837833425593054 -0.31647853571751122 0.32130461461521614 0.89252713183245447 0 0.94088914303506321 -0.33871465943880358 -0.94859967132088974 -0.10719591944524802 -0.29777121826024072 
1 37.853814594284053 27.107545688299158 45.85684194058895 -0.36463578411529246 0.28871766769286283 -0.88525863639086833 -0.92463487599771488 0 0.38085475720895301 0.10995949723110045 0.95741428251410265 0.26695842486553967 
1 37.099512904819093 30.07024454558492 46.778629311963194 -0.32000999067302605 0.1256172897018995 -0.93904946749220775 -0.9465472811345671 6.9388939039072299e-18 0.3225651013001235 0.040519753777740183 0.99207877536410849 0.11890270403082623 
1 36.769520676450654 37.088352138322421 17.799091942512018 -0.32616287525764548 -0.34031657045335639 0.88193106911965136 1.387778780781446e-17 0.93295080144447551 0.36000389176245157 -0.94531358754842065 0.11741990444118341 -0.30429391587305482 
1 37.05694436813237 37.869182162905858 45.735338389355753 -0.31503729993755969 -0.3437594380474413 -0.88463605420611213 -1.3877787807814457e-17 -0.93209920716314154 0.36220307564382026 -0.94907929049582163 0.11410747897990885 0.29364601749861624 
1 37.911757648504079 41.750594035962905 42.871092109125854 -0.37458648367158903 -0.64179145477116595 -0.66917015387214096 0 -0.72171693554333971 0.69218831610330656 -0.92719197917721141 0.25928438736769593 0.27034540909141447 
1 37.72966607619562 46.836191754223002 30.753405811180336 -0.37351333337319303 -0.92532815478062014 0.065234927475539231 -0.92730337260486762 0.37431063991775371 -3.4694469519536134e-18 -0.024418127448357332 -0.060492568259701458 -0.9978699335270409 
1 38.473348906125715 45.854287623600094 36.272122075047378 -0.3171672476698385 -0.89517709738817508 -0.31314996617790197 -0.94258567895651324 0.33396442598889081 0 0.10458094870304357 0.29517067348500681 -0.94970368993848753 
1 38.077402736502769 18.355398234816054 36.823098204696173 -0.37118775675117005 0.88358476283205212 -0.28547787327402563 0.92195149752016692 0.38730535268741362 -1.3877787807814457e-17 0.11056710839284922 -0.26319675277386029 -0.95838530032077363 
1 38.126112925360253 45.237645392785723 26.22427963715376 -0.2819434391944064 -0.92416665931433473 0.25772831219525022 -0.95647897985118546 0.29180123560882248 0 -0.075205439949950367 -0.24651171312728076 -0.96621742744218164 
1 39.678710208247388 17.938495581201789 31.902823310687896 -0.48093990402596565 0.8767474459224458 -0.0032748715948734352 0.87675214742373653 0.48094248303499504 0 0.0015750248764592042 -0.0028712507033422812 -0.99999463759364082 
1 39.348983263811022 29.576271764038637 18.386053172528904 -0.50405085188755516 0.17059160117313488 0.84665887128206252 0.85925396915908214 0 0.51154923173079181 0.087266002519842775 0.98534182170919049 -0.14658151041321926 
1 38.553994866252154 32.429665241882134 17.50500685970276 -0.4431357050813608 0.03836485987546636 0.8956332309649867 0.8962930839352472 0 0.44346218293090572 0.017013364508212628 0.99926379776650376 -0.034386158572525367 
1 40.124590859799561 32.730716310218355 45.54329144012695 -0.5064566219642066 -0.067734767977952401 -0.85960089069031198 -0.86157962605061134 0 0.50762244628708919 -0.034383688619656592 0.99770336333349752 -0.058358896065069152 
1 39.773389890581697 35.807476768135466 45.18026228400548 -0.47889993614091908 -0.23631201171451574 -0.84546524723590044 -0.87010915137259115 1.3877787807814457e-17 0.49285907184272182 -0.11646851875890261 0.97167722681939939 -0.2056172439720671 
1 39.292975473819979 46.096717008235231 33.139460369322592 -0.46425458349516563 -0.88153545430795899 -0.085807485115173984 -0.88479882587280745 0.46597321568315631 6.9388939039072268e-18 0.039983989768802186 0.075922362081004349 -0.99631173610382073 
1 41.013584898298156 23.148894728727289 22.728755213299834 -0.5680646215230728 0.56628124328730955 0.59718350552809729 0.72455077973119175 2.7755575615628914e-17 0.68922142130879982 0.39029316335899372 0.824212080414367 -0.41029951637096884 
1 41.100651479067018 23.031033847653639 41.182498889584153 -0.57945268355291812 0.56881062110645764 -0.58368575864056127 -0.70967549484686998 2.775557561562892e-17 0.70452870205113027 0.40074340860102986 0.82246852664189274 0.4036709590078808 
1 39.215395405559008 35.872011386030927 18.492076891331436 -0.44425694424937018 -0.27736887530306359 0.85188160826450854 0.88667149239269649 1.3877787807814457e-17 0.46239989681887733 -0.12825533932090466 0.96076350212376072 0.24593507460825112 
1 40.990276538737959 41.263836983930375 23.043944913841298 -0.56598379766803442 -0.59198793311680076 0.57377053586025828 2.7755575615628907e-17 -0.69597179423741951 -0.71806912036791226 0.82441636372482896 -0.40641548773397579 0.39390875917233042 
1 41.64950745678992 27.883769736506075 43.815013466962675 -0.64029121973139225 0.31763736660097525 -0.69938091000089764 -0.73757842449599786 0 0.67526148099680749 0.21448827859090042 0.94821226702611161 0.23428246841860501 
1 41.528387823030016 29.192032377343125 19.79667225183605 -0.52746534522638988 0.17704847261595294 0.83092367154243696 0.84426119776844033 1.3877787807814457e-17 0.53593192659385258 0.094885929029566593 0.98420213286923852 -0.14947515555381732 
1 41.704777178633528 42.715543222633535 38.167966442323653 -0.66051144903214321 -0.66836631144496172 -0.34206885187475783 -0.71127399265603286 0.70291486495246769 -2.7755575615628907e-17 0.24044528081999111 0.24330467803622408 -0.93967489089423117 
1 41.953321443879815 44.288334488702183 33.443113627708499 -0.61838321691717346 -0.77861336831155237 -0.10659934203224274 -0.78307528676900895 0.62192692115041504 6.9388939039072284e-18 0.066297000586772736 0.083475310331286134 -0.99430205686113959 
1 42.241264014428225 20.766931470069142 36.016078367909529 -0.67043596359194801 0.66577959326940328 -0.32749527005525464 -0.70463841609342959 -0.70956655964422588 0 -0.23237969207286371 0.23076574836982461 0.94485281821638023 
1 41.735826345065021 21.149322721325529 26.055830830063353 -0.64477427909803409 0.66607594962972894 0.37497861050793985 0.71850259581791076 0.69552427693282137 0 -0.26080672693880891 0.26942310502614808 -0.92703346307538159 
1 43.047935561329936 22.393797022218425 37.668614688626434 -0.67069723156884242 0.66520842463797536 -0.32812036717728121 -0.70419556289155216 -0.71000606279372724 0 -0.2329674500219735 0.23106090666058826 0.94463592174098809 
1 42.661320470430795 26.307825947299389 42.053809085570897 -0.65913687056076298 0.35408854625079095 -0.6634454666974261 -0.70940656910509892 2.7755575615628914e-17 0.70479948901125955 0.24956142646229723 0.93521190187785863 0.25119274075518572 
1 42.734115950036546 31.303467777250205 43.734426954140105 -0.66237401795710915 0.04391491409929095 -0.74788511193565499 -0.74860731226535748 -3.4694469519536142e-18 0.66301364391906581 0.029116187219363644 0.99903527481248222 0.03287502581223424 
1 41.796102929480796 37.541349061848592 21.103660316123225 -0.64577663404796415 -0.3485661541631857 0.6793189052938009 0.72477368014931887 2.775557561562892e-17 0.68898701915407157 -0.24015755553489193 0.9372841811168513 0.25263157432834693 
1 42.516381568353928 37.818001071637084 42.154182319870316 -0.67190398408824925 -0.39079124527938847 -0.62914802612685894 0.68350043669859495 0 -0.72995010311173336 0.28525810978685223 -0.92047933307216889 0.2671059868064497 
1 41.241971843197938 41.034691874586628 40.860230267548957 -0.59711537043740714 -0.56819402164142196 -0.5662232670584505 0.68934510730760679 -0.72443310459356014 0 -0.41019087924826186 -0.39032323879047132 0.8242519104264513 
1 42.309631212352237 43.298099179050524 28.217836776369431 -0.67163411799927375 -0.67718947109226124 0.30053624037896182 -0.71001309535009249 0.70418847223692937 0 -0.21163415596429169 -0.21338466629634614 -0.9537703959648145 
1 43.02291772580184 42.342590287167809 36.476087915972478 -0.64100709949453627 -0.66962208591090133 -0.37512152758530831 -0.72237290397424747 0.69150371481562756 -2.7755575615628914e-17 0.25939792983255361 0.27097762722505492 -0.92697564128841314 
1 42.790743879370709 20.395321118709671 32.456743955716377 -0.70951899683366226 0.70461836227842956 0.0097855338238258937 -0.70465210065623252 -0.70955296986254579 0 0.0069433545863860574 -0.0068953969650015325 0.99995212051766902 
1 42.495197024523847 26.258391490860124 21.723836885515542 -0.65108162276026305 0.38756507657965944 0.65259944216928767 0.70792955519433864 0 0.70628304870097669 0.27373064385670931 0.92184234629127482 -0.27436877227189804 
1 43.561133150512113 32.180334142567922 20.902559141600683 -0.72912413381982588 0.0046099043546772136 0.68436594469868928 -0.68437321661958816 0 -0.72913188133132578 -0.0033612282348832682 -0.99998937433446811 0.0031548950715190914 
1 43.621343806945546 35.864127023743329 22.032874825077823 -0.6742497443270874 -0.32405777850718709 0.66360668958641778 -0.70145933549938155 0 -0.71270947842775756 0.23095905030031505 -0.94603729111964019 -0.22731335397505717 
1 43.048404027066198 41.656961524480771 26.329964146737801 -0.67904549899390243 -0.65551661158235353 0.33044694314777967 0.6945322603896098 -0.71946156205741763 0 0.23774387389420024 0.22950606236326429 0.94382456937944148 
1 44.262478792860072 23.177354866219662 28.515913595493931 -0.78586342971231127 0.59204195115089764 0.17861970193190213 -0.60171867736773388 -0.79870810269260772 -1.3877787807814457e-17 0.14266500323354864 -0.10747881079828299 0.98391818871375603 
1 44.422967544666555 22.55974241483942 31.20685571707013 -0.78548069164475243 0.58927579968326327 0.18914046357385322 -0.6001077187859376 -0.79991919957801871 0 0.15129708822981205 -0.11350465212541976 0.98195004202814096 
1 45.385217054885558 27.981187738592219 39.553547398897301 -0.8448723514160128 0.27642729309846642 -0.45801600566250084 0.47658626887420685 0 -0.87912770876623048 -0.24301489282210603 -0.96103483372365572 -0.1317414522327949 
1 45.194680065650871 27.9014231146725 24.25096528762619 -0.83122547692610249 0.25645100325025116 0.49325154783428005 -0.51031799406304268 -1.3877787807814457e-17 -0.85998578182169516 -0.22054421652912537 -0.96655723210368649 0.13087156155412305 
1 43.651892310420813 42.78590006652886 31.223760299599785 -0.7243150660408153 -0.68640945058272573 0.06488259594845229 0.68785883487570765 -0.72584448973828697 0 0.047094674749099785 0.044630066852813698 0.99789290444565737 
1 45.461557861628783 30.895004441387638 23.641386034381071 -0.85194889035443333 0.079653572258484004 0.51753105863350113 -0.51918070012033501 6.9388939039072268e-18 -0.85466449594127791 -0.068077080184219402 -0.99682260629786212 0.041354597412245418 
1 46.033010209194643 31.565482556464286 39.446512595206947 -0.87818742923397808 -0.011271794995277718 -0.4781838409785521 0.47821422130594943 0 -0.87824322288347023 0.0098993775643344706 -0.9999364713008444 0.0053903326663870309 
1 46.422023501527825 32.45924747379366 25.170928518631246 -0.88699612481393542 -0.00018764133583377824 0.46177682851761914 -0.46177683664703206 1.3552527156068805e-20 -0.88699614042917929 0.00016643714066953675 -0.99999998239536447 -8.6648422485545519e-05 
1 44.678848153001653 33.08673936397043 41.468559920792522 -0.81667870888404959 -0.085102865685032419 -0.57078313632033428 0.57286137970275564 0 -0.81965226751657039 0.069754756830894951 -0.99637217055284899 0.048752145052985967 
1 44.522709622796448 36.270398671188445 40.651101398778628 -0.78071733090523621 -0.28129175558363911 -0.55799229158195218 0.5814707460819315 0 -0.81356731218192502 0.22884977752911628 -0.959622294572544 0.16356292698591496 
1 45.411885692610831 35.943337623480545 24.512424538133331 -0.84631074604993473 -0.27702514117933297 0.45498922215254023 -0.47352159285756784 0 -0.88078220979855848 0.24399881601769047 -0.96086267028882466 -0.13117738611283034 
1 45.742387197317541 37.855077501232451 26.83911531963486 -0.87845131918022756 -0.34869652138739243 0.32670172298726835 0.36894125159324248 -0.92945271685697484 1.387778780781446e-17 0.30365380403237135 0.12053374257659159 0.9451274962655305 
1 45.680531622924228 39.347272213873133 35.318340423817141 -0.86767167613535945 -0.43686681029099833 -0.2372619912641403 0.44970790484494944 -0.89317568278584814 0 -0.21191664104647845 -0.10669859299073722 0.97144569971840178 
1 46.301112984134157 26.821545998817715 27.465466058318949 -0.88160573866996161 0.3627086667558016 0.30201613302010916 -0.38047581669348224 -0.92479086982486358 0 0.27930176235680843 -0.11490983486543339 0.95330281411290285 
1 45.753269606323229 25.979591614373849 36.925966077312324 -0.88335469060989236 0.35835286550857198 -0.30210546893311402 -0.37591781054467377 -0.92665300933806871 0 -0.27994694192435854 0.11356682643490819 0.95327450697094773 
1 46.230375340985326 37.084778567885976 36.693479475176339 -0.89828067600462846 -0.31819202879336606 -0.30306048889459247 0.33389465299991583 -0.94261039708782435 1.387778780781446e-17 -0.28566796777856202 -0.10119027677744478 0.95297132174634236 
1 45.947347002213675 39.801743285012577 32.254900560650533 -0.87000980709100939 -0.49222961931412507 -0.028159144790567785 0.49242488909530896 -0.87035494403115388 0 -0.024508450888159776 -0.013866263750514085 0.99960345265743444 
1 46.763545119666738 26.755555161628731 34.421549042488195 -0.92234746675339463 0.32283263323852124 -0.21225984427083311 -0.33036047088950271 -0.94385484014951471 -1.3877787807814454e-17 -0.20034248138440808 0.070122262104244923 0.97721326153001109 
1 47.452247901995236 29.504423564443183 29.966814663557287 -0.99823842941731555 0.0078174818731061371 0.058812626294146797 -0.058814423485207934 0 -0.99826893349943668 -0.0078039492921168421 -0.99996944302171753 0.00045978068947280092 
1 47.547401130820987 31.794995234899702 32.008833278337008 -0.71889397276673583 0.12546133793465863 -0.68370381643172451 0.68914912162363617 0 -0.72461954718691557 -0.09091173788367693 -0.99209850956628576 -0.086461570835396184 
1 47.423914053336127 31.345433424974903 33.655134351857484 -0.99792294796062952 0.017727300510442485 -0.061931678083024813 0.061941411614567475 0 -0.9980797871549123 -0.0176932603202936 -0.99984285906166903 -0.0010980540177324498 
1 47.36904418032816 33.73113483121854 29.188089748203176 -0.9978611152734812 -0.012912826816003387 0.064081616153030874 -0.064086959340704464 0 -0.99794431790679727 0.012886282149145101 -0.99991662597619613 -0.00082754380713076731 
1 47.461049655405176 32.902657474537627 30.373020420360152 -0.99738264469600169 -0.018014214731071065 0.070023911107794864 -0.070035275671175096 0 -0.997544515378468 0.017969981103829941 -0.99983773086817584 -0.0012616304946903051 
1 47.053881769258659 33.91148780302958 36.196357387319004 -0.96524542434930138 -0.098894268451013179 -0.2419115425941393 0.24310324765432278 3.4694469519536142e-18 -0.97000041803079706 0.095927481738332654 -0.99509794677083874 0.024041517834839734 
1 46.809919729883944 37.030907683215126 29.522044542173958 -0.93144848030805139 -0.30678538997396892 0.1956692439560743 0.31283245763793399 -0.94980832458355002 0 0.18584827677444885 0.061211690470935186 0.98066994803025276 
Triangulations 0

TShapes 804
Ve
1e-07
29.8653984069824 26.5917739868164 16.835298538208
0 0

0101101
*
Ve
1e-07
24.5522537231445 24.5078144073486 19.7034034729004
0 0

0101101
*
Ed
 1e-07 1 1 0
1  1 0 0 6.3873640789184
0

0101000
+804 0 -803 0 *
Ve
1e-07
29.8338356018066 22.1194248199463 19.2701396942139
0 0

0101101
*
Ed
 1e-07 1 1 0
1  2 0 0 5.8126783382659
0

0101000
+803 0 -801 0 *
Ed
 1e-07 1 1 0
1  3 0 0 5.09228384284049
0

0101000
+801 0 -804 0 *
Wi

0101100
+802 0 +800 0 +799 0 *
Fa
0  1e-07 1 0

0101000
+798 0 *
Ve
1e-07
27.460578918457 30.454158782959 16.4778633117676
0 0

0101101
*
Ed
 1e-07 1 1 0
1  4 0 0 4.56387259100924
0

0101000
+804 0 -796 0 *
Ed
 1e-07 1 1 0
1  5 0 0 7.36352335544086
0

0101000
+803 0 -796 0 *
Wi

0101100
-802 0 +795 0 -794 0 *
Fa
0  1e-07 2 0

0101000
+793 0 *
Ve
1e-07
16.4377460479736 32.8792304992676 37.061092376709
0 0

0101101
*
Ve
1e-07
16.7446537017822 26.791898727417 33.9229927062988
0 0

0101101
*
Ed
 1e-07 1 1 0
1  6 0 0 6.85547007505512
0

0101000
+791 0 -790 0 *
Ve
1e-07
16.6442775726318 27.0081348419189 30.1255855560303
0 0

0101101
*
Ed
 1e-07 1 1 0
1  7 0 0 3.80488297972866
0

0101000
+790 0 -788 0 *
Ed
 1e-07 1 1 0
1  8 0 0 9.08920647516033
0

0101000
+788 0 -791 0 *
Wi

0101100
+789 0 +787 0 +786 0 *
Fa
0  1e-07 3 0

0101000
+785 0 *
Ve
1e-07
18.2666168212891 29.223876953125 40.2736778259277
0 0

0101101
*
Ed
 1e-07 1 1 0
1  9 0 0 5.19875784407358
0

0101000
+791 0 -783 0 *
Ed
 1e-07 1 1 0
1  10 0 0 6.96865060941735
0

0101000
+783 0 -790 0 *
Wi

0101100
-789 0 +782 0 +781 0 *
Fa
0  1e-07 4 0

0101000
+780 0 *
Ve
1e-07
16.4084205627441 32 32
0 0

0101101
*
Ed
 1e-07 1 1 0
1  11 0 0 5.33739410136998
0

0101000
+778 0 -788 0 *
Ed
 1e-07 1 1 0
1  12 0 0 5.1369798812637
0

0101000
+778 0 -791 0 *
Wi

0101100
-786 0 -777 0 +776 0 *
Fa
0  1e-07 5 0

0101000
+775 0 *
Ve
1e-07
16.4350070953369 31.5437660217285 27.065896987915
0 0

0101101
*
Ed
 1e-07 1 1 0
1  13 0 0 5.47516561080878
0

0101000
+788 0 -773 0 *
Ed
 1e-07 1 1 0
1  14 0 0 4.95522237851245
0

0101000
+773 0 -778 0 *
Wi

0101100
+777 0 +772 0 +771 0 *
Fa
0  1e-07 6 0

0101000
+770 0 *
Ed
 1e-07 1 1 0
1  15 0 0 10.084017241794
0

0101000
+773 0 -791 0 *
Wi

0101100
-776 0 -771 0 +768 0 *
Fa
0  1e-07 7 0

0101000
+767 0 *
Ve
1e-07
16.6509456634521 36.909839630127 30.1487598419189
0 0

0101101
*
Ed
 1e-07 1 1 0
1  16 0 0 6.19236778724802
0

0101000
+765 0 -773 0 *
Ed
 1e-07 1 1 0
1  17 0 0 8.00447406850219
0

0101000
+765 0 -791 0 *
Wi

0101100
-768 0 -764 0 +763 0 *
Fa
0  1e-07 8 0

0101000
+762 0 *
Ve
1e-07
18.6734256744385 34.7486534118652 22.9634666442871
0 0

0101101
*
Ed
 1e-07 1 1 0
1  18 0 0 5.66672353684592
0

0101000
+773 0 -760 0 *
Ed
 1e-07 1 1 0
1  19 0 0 7.77107390267124
0

0101000
+760 0 -765 0 *
Wi

0101100
+759 0 +758 0 +764 0 *
Fa
0  1e-07 9 0

0101000
+757 0 *
Ve
1e-07
18.4921131134033 40.6136741638184 34.4768524169922
0 0

0101101
*
Ed
 1e-07 1 1 0
1  20 0 0 5.98670804116326
0

0101000
+765 0 -755 0 *
Ed
 1e-07 1 1 0
1  21 0 0 8.4095385728962
0

0101000
+755 0 -791 0 *
Wi

0101100
-763 0 +754 0 +753 0 *
Fa
0  1e-07 10 0

0101000
+752 0 *
Ve
1e-07
19.3802375793457 21.942663192749 29.8476390838623
0 0

0101101
*
Ed
 1e-07 1 1 0
1  22 0 0 5.76382984032948
0

0101000
+750 0 -788 0 *
Ed
 1e-07 1 1 0
1  23 0 0 6.860750308404
0

0101000
+790 0 -750 0 *
Wi

0101100
+749 0 -787 0 +748 0 *
Fa
0  1e-07 11 0

0101000
+747 0 *
Ve
1e-07
18.7935333251953 29.9102420806885 22.777458190918
0 0

0101101
*
Ed
 1e-07 1 1 0
1  24 0 0 8.18758221266559
0

0101000
+788 0 -745 0 *
Ed
 1e-07 1 1 0
1  25 0 0 5.15962728871677
0

0101000
+745 0 -773 0 *
Wi

0101100
-772 0 +744 0 +743 0 *
Fa
0  1e-07 12 0

0101000
+742 0 *
Ed
 1e-07 1 1 0
1  26 0 0 4.84347490983021
0

0101000
+745 0 -760 0 *
Wi

0101100
+740 0 -759 0 -743 0 *
Fa
0  1e-07 13 0

0101000
+739 0 *
Ve
1e-07
18.952751159668 34.7050933837891 41.4373664855957
0 0

0101101
*
Ed
 1e-07 1 1 0
1  27 0 0 5.36756938111041
0

0101000
+791 0 -737 0 *
Ed
 1e-07 1 1 0
1  28 0 0 5.64523561835325
0

0101000
+737 0 -783 0 *
Wi

0101100
+736 0 +735 0 -782 0 *
Fa
0  1e-07 14 0

0101000
+734 0 *
Ve
1e-07
19.5909118652344 39.3521156311035 39.4392509460449
0 0

0101101
*
Ed
 1e-07 1 1 0
1  29 0 0 7.58263376288149
0

0101000
+791 0 -732 0 *
Ed
 1e-07 1 1 0
1  30 0 0 5.09848316291805
0

0101000
+732 0 -737 0 *
Wi

0101100
-736 0 +731 0 +730 0 *
Fa
0  1e-07 15 0

0101000
+729 0 *
Ed
 1e-07 1 1 0
1  31 0 0 5.23682038928545
0

0101000
+755 0 -732 0 *
Wi

0101100
+727 0 -731 0 -753 0 *
Fa
0  1e-07 16 0

0101000
+726 0 *
Ve
1e-07
20.2687644958496 21.170316696167 34.6355934143066
0 0

0101101
*
Ed
 1e-07 1 1 0
1  32 0 0 6.67303088498685
0

0101000
+790 0 -724 0 *
Ed
 1e-07 1 1 0
1  33 0 0 4.93056851311846
0

0101000
+724 0 -750 0 *
Wi

0101100
-748 0 +723 0 +722 0 *
Fa
0  1e-07 17 0

0101000
+721 0 *
Ve
1e-07
19.9047107696533 24.4164791107178 24.3575954437256
0 0

0101101
*
Ed
 1e-07 1 1 0
1  34 0 0 6.04445336601687
0

0101000
+750 0 -719 0 *
Ed
 1e-07 1 1 0
1  35 0 0 7.11454945846554
0

0101000
+719 0 -788 0 *
Wi

0101100
-749 0 +718 0 +717 0 *
Fa
0  1e-07 18 0

0101000
+716 0 *
Ve
1e-07
19.6994361877441 24.4965553283691 39.4013252258301
0 0

0101101
*
Ed
 1e-07 1 1 0
1  36 0 0 6.63411396144605
0

0101000
+790 0 -714 0 *
Ed
 1e-07 1 1 0
1  37 0 0 5.8395374697086
0

0101000
+714 0 -724 0 *
Wi

0101100
+713 0 +712 0 -723 0 *
Fa
0  1e-07 19 0

0101000
+711 0 *
Ed
 1e-07 1 1 0
1  38 0 0 5.01612800271985
0

0101000
+783 0 -714 0 *
Wi

0101100
+709 0 -713 0 -781 0 *
Fa
0  1e-07 20 0

0101000
+708 0 *
Ed
 1e-07 1 1 0
1  39 0 0 5.82348526408404
0

0101000
+719 0 -745 0 *
Wi

0101100
-717 0 +706 0 -744 0 *
Fa
0  1e-07 21 0

0101000
+705 0 *
Ve
1e-07
22.3403453826904 29.2499294281006 44.921199798584
0 0

0101101
*
Ed
 1e-07 1 1 0
1  40 0 0 6.1802430057201
0

0101000
+783 0 -703 0 *
Ed
 1e-07 1 1 0
1  41 0 0 7.74841803253314
0

0101000
+703 0 -714 0 *
Wi

0101100
+702 0 +701 0 -709 0 *
Fa
0  1e-07 22 0

0101000
+700 0 *
Ve
1e-07
19.7535037994385 39.7167701721191 24.7369899749756
0 0

0101101
*
Ed
 1e-07 1 1 0
1  42 0 0 5.38462049768743
0

0101000
+760 0 -698 0 *
Ed
 1e-07 1 1 0
1  43 0 0 6.84046629605758
0

0101000
+698 0 -765 0 *
Wi

0101100
+697 0 +696 0 -758 0 *
Fa
0  1e-07 23 0

0101000
+695 0 *
Ve
1e-07
20.2563953399658 42.9379577636719 29.4656944274902
0 0

0101101
*
Ed
 1e-07 1 1 0
1  44 0 0 5.74365695360884
0

0101000
+698 0 -693 0 *
Ed
 1e-07 1 1 0
1  45 0 0 7.05719873336682
0

0101000
+693 0 -765 0 *
Wi

0101100
-696 0 +692 0 +691 0 *
Fa
0  1e-07 24 0

0101000
+690 0 *
Ed
 1e-07 1 1 0
1  46 0 0 5.79885250918331
0

0101000
+693 0 -755 0 *
Wi

0101100
+688 0 -754 0 -691 0 *
Fa
0  1e-07 25 0

0101000
+687 0 *
Ed
 1e-07 1 1 0
1  47 0 0 7.30559394956938
0

0101000
+737 0 -703 0 *
Wi

0101100
+685 0 -702 0 -735 0 *
Fa
0  1e-07 26 0

0101000
+684 0 *
Ve
1e-07
22.1194248199463 44.7298583984375 34.1661643981934
0 0

0101101
*
Ed
 1e-07 1 1 0
1  48 0 0 7.94474271294496
0

0101000
+682 0 -732 0 *
Ed
 1e-07 1 1 0
1  49 0 0 5.49516968935227
0

0101000
+755 0 -682 0 *
Wi

0101100
+681 0 -727 0 +680 0 *
Fa
0  1e-07 27 0

0101000
+679 0 *
Ed
 1e-07 1 1 0
1  50 0 0 5.36434568923663
0

0101000
+693 0 -682 0 *
Wi

0101100
-680 0 -688 0 +677 0 *
Fa
0  1e-07 28 0

0101000
+676 0 *
Ve
1e-07
24.7189903259277 19.0872020721436 38.3874244689941
0 0

0101101
*
Ed
 1e-07 1 1 0
1  51 0 0 6.18224172436119
0

0101000
+674 0 -724 0 *
Ed
 1e-07 1 1 0
1  52 0 0 7.44882682987777
0

0101000
+714 0 -674 0 *
Wi

0101100
+673 0 -712 0 +672 0 *
Fa
0  1e-07 29 0

0101000
+671 0 *
Ve
1e-07
24.4580173492432 25.6152038574219 44.7949371337891
0 0

0101101
*
Ed
 1e-07 1 1 0
1  53 0 0 4.20852786525052
0

0101000
+703 0 -669 0 *
Ed
 1e-07 1 1 0
1  54 0 0 7.27918392512527
0

0101000
+669 0 -714 0 *
Wi

0101100
+668 0 +667 0 -701 0 *
Fa
0  1e-07 30 0

0101000
+666 0 *
Ve
1e-07
22.1698246002197 30.8340587615967 19.0598964691162
0 0

0101101
*
Ed
 1e-07 1 1 0
1  55 0 0 8.6244816462426
0

0101000
+719 0 -664 0 *
Ed
 1e-07 1 1 0
1  56 0 0 5.10617715998337
0

0101000
+664 0 -745 0 *
Wi

0101100
+663 0 +662 0 -706 0 *
Fa
0  1e-07 31 0

0101000
+661 0 *
Ve
1e-07
24.4164733886719 39.6423988342285 44.0952911376953
0 0

0101101
*
Ed
 1e-07 1 1 0
1  57 0 0 7.82903628570524
0

0101000
+659 0 -737 0 *
Ed
 1e-07 1 1 0
1  58 0 0 6.71185657033587
0

0101000
+732 0 -659 0 *
Wi

0101100
+658 0 -730 0 +657 0 *
Fa
0  1e-07 32 0

0101000
+656 0 *
Ve
1e-07
24.5607528686523 19.5909118652344 24.6478824615479
0 0

0101101
*
Ed
 1e-07 1 1 0
1  59 0 0 7.70752501783223
0

0101000
+750 0 -654 0 *
Ed
 1e-07 1 1 0
1  60 0 0 6.71186217238179
0

0101000
+654 0 -719 0 *
Wi

0101100
-718 0 +653 0 +652 0 *
Fa
0  1e-07 33 0

0101000
+651 0 *
Ve
1e-07
23.7511863708496 18.2246570587158 34.4312438964844
0 0

0101101
*
Ed
 1e-07 1 1 0
1  61 0 0 7.34426279683333
0

0101000
+649 0 -750 0 *
Ed
 1e-07 1 1 0
1  62 0 0 4.56573450176657
0

0101000
+724 0 -649 0 *
Wi

0101100
+648 0 -722 0 +647 0 *
Fa
0  1e-07 34 0

0101000
+646 0 *
Ed
 1e-07 1 1 0
1  63 0 0 6.57795565067523
0

0101000
+719 0 -803 0 *
Ed
 1e-07 1 1 0
1  64 0 0 6.79054028920636
0

0101000
+803 0 -664 0 *
Wi

0101100
+644 0 +643 0 -663 0 *
Fa
0  1e-07 35 0

0101000
+642 0 *
Ed
 1e-07 1 1 0
1  65 0 0 6.54115561935345
0

0101000
+664 0 -760 0 *
Wi

0101100
-662 0 +640 0 -740 0 *
Fa
0  1e-07 36 0

0101000
+639 0 *
Ve
1e-07
24.5479984283447 34.9045753479004 46.0311279296875
0 0

0101101
*
Ed
 1e-07 1 1 0
1  66 0 0 6.17095559087166
0

0101000
+637 0 -703 0 *
Ed
 1e-07 1 1 0
1  67 0 0 7.24218401153028
0

0101000
+737 0 -637 0 *
Wi

0101100
+636 0 -685 0 +635 0 *
Fa
0  1e-07 37 0

0101000
+634 0 *
Ve
1e-07
24.279146194458 39.5321426391602 19.9097747802734
0 0

0101101
*
Ed
 1e-07 1 1 0
1  68 0 0 7.97689825286483
0

0101000
+760 0 -632 0 *
Ed
 1e-07 1 1 0
1  69 0 0 6.61948132027638
0

0101000
+632 0 -698 0 *
Wi

0101100
-697 0 +631 0 +630 0 *
Fa
0  1e-07 38 0

0101000
+629 0 *
Ve
1e-07
25.1514129638672 44.6702194213867 24.5633926391602
0 0

0101101
*
Ed
 1e-07 1 1 0
1  70 0 0 7.32831623550016
0

0101000
+698 0 -627 0 *
Ed
 1e-07 1 1 0
1  71 0 0 7.14104269788091
0

0101000
+627 0 -693 0 *
Wi

0101100
-692 0 +626 0 +625 0 *
Fa
0  1e-07 39 0

0101000
+624 0 *
Ve
1e-07
24.5078144073486 44.2965965270996 39.4477462768555
0 0

0101101
*
Ed
 1e-07 1 1 0
1  72 0 0 5.8126781960968
0

0101000
+682 0 -622 0 *
Ed
 1e-07 1 1 0
1  73 0 0 6.97308354389689
0

0101000
+622 0 -732 0 *
Wi

0101100
-681 0 +621 0 +620 0 *
Fa
0  1e-07 40 0

0101000
+619 0 *
Ve
1e-07
26.9172286987305 16.4899082183838 30.7723579406738
0 0

0101101
*
Ed
 1e-07 1 1 0
1  74 0 0 9.34846922807646
0

0101000
+750 0 -617 0 *
Ed
 1e-07 1 1 0
1  75 0 0 7.25798882955453
0

0101000
+617 0 -654 0 *
Wi

0101100
-653 0 +616 0 +615 0 *
Fa
0  1e-07 41 0

0101000
+614 0 *
Ed
 1e-07 1 1 0
1  76 0 0 5.14009960979301
0

0101000
+649 0 -617 0 *
Wi

0101100
+612 0 -616 0 -648 0 *
Fa
0  1e-07 42 0

0101000
+611 0 *
Ed
 1e-07 1 1 0
1  77 0 0 4.16317104116052
0

0101000
+674 0 -649 0 *
Wi

0101100
-647 0 -673 0 +609 0 *
Fa
0  1e-07 43 0

0101000
+608 0 *
Ve
1e-07
24.4158782958984 21.5236949920654 41.6825180053711
0 0

0101101
*
Ed
 1e-07 1 1 0
1  78 0 0 4.10925979527348
0

0101000
+606 0 -674 0 *
Ed
 1e-07 1 1 0
1  79 0 0 6.02383310161967
0

0101000
+714 0 -606 0 *
Wi

0101100
+605 0 -672 0 +604 0 *
Fa
0  1e-07 44 0

0101000
+603 0 *
Ve
1e-07
27.1392440795898 34.054573059082 16.5719585418701
0 0

0101101
*
Ed
 1e-07 1 1 0
1  80 0 0 10.6302965447057
0

0101000
+601 0 -760 0 *
Ed
 1e-07 1 1 0
1  81 0 0 6.42313610567924
0

0101000
+664 0 -601 0 *
Wi

0101100
+600 0 -640 0 +599 0 *
Fa
0  1e-07 45 0

0101000
+598 0 *
Ed
 1e-07 1 1 0
1  82 0 0 7.02317205103803
0

0101000
+601 0 -632 0 *
Wi

0101100
-631 0 -600 0 +596 0 *
Fa
0  1e-07 46 0

0101000
+595 0 *
Ed
 1e-07 1 1 0
1  83 0 0 5.11973967198469
0

0101000
+659 0 -637 0 *
Wi

0101100
-658 0 +593 0 -635 0 *
Fa
0  1e-07 47 0

0101000
+592 0 *
Ed
 1e-07 1 1 0
1  84 0 0 6.57796112633226
0

0101000
+622 0 -659 0 *
Wi

0101100
-657 0 -620 0 +590 0 *
Fa
0  1e-07 48 0

0101000
+589 0 *
Ve
1e-07
25.0772724151611 46.2762908935547 29.1680812835693
0 0

0101101
*
Ed
 1e-07 1 1 0
1  85 0 0 5.87144764463172
0

0101000
+693 0 -587 0 *
Ed
 1e-07 1 1 0
1  86 0 0 6.01008741027636
0

0101000
+587 0 -682 0 *
Wi

0101100
-677 0 +586 0 +585 0 *
Fa
0  1e-07 49 0

0101000
+584 0 *
Ed
 1e-07 1 1 0
1  87 0 0 6.97308219608089
0

0101000
+654 0 -803 0 *
Wi

0101100
-652 0 +582 0 -644 0 *
Fa
0  1e-07 50 0

0101000
+581 0 *
Ed
 1e-07 1 1 0
1  88 0 0 5.14095062474337
0

0101000
+669 0 -606 0 *
Wi

0101100
-667 0 +579 0 -604 0 *
Fa
0  1e-07 51 0

0101000
+578 0 *
Ed
 1e-07 1 1 0
1  89 0 0 6.98690500247575
0

0101000
+632 0 -627 0 *
Wi

0101100
-630 0 +576 0 -626 0 *
Fa
0  1e-07 52 0

0101000
+575 0 *
Ve
1e-07
26.5917739868164 47.1647033691406 34.1346015930176
0 0

0101101
*
Ed
 1e-07 1 1 0
1  90 0 0 6.38736493537146
0

0101000
+573 0 -622 0 *
Ed
 1e-07 1 1 0
1  91 0 0 5.09228566681335
0

0101000
+682 0 -573 0 *
Wi

0101100
+572 0 -621 0 +571 0 *
Fa
0  1e-07 53 0

0101000
+570 0 *
Ed
 1e-07 1 1 0
1  92 0 0 4.87730662421639
0

0101000
+627 0 -587 0 *
Wi

0101100
-625 0 +568 0 -586 0 *
Fa
0  1e-07 54 0

0101000
+567 0 *
Ed
 1e-07 1 1 0
1  93 0 0 5.89943221635467
0

0101000
+796 0 -664 0 *
Wi

0101100
+565 0 -643 0 +794 0 *
Fa
0  1e-07 55 0

0101000
+564 0 *
Ed
 1e-07 1 1 0
1  94 0 0 3.61594979925171
0

0101000
+796 0 -601 0 *
Wi

0101100
-599 0 -565 0 +562 0 *
Fa
0  1e-07 56 0

0101000
+561 0 *
Ed
 1e-07 1 1 0
1  95 0 0 5.26776192718358
0

0101000
+587 0 -573 0 *
Wi

0101100
+559 0 -571 0 -585 0 *
Fa
0  1e-07 57 0

0101000
+558 0 *
Ve
1e-07
27.0030574798584 32.0050468444824 47.5768775939941
0 0

0101101
*
Ed
 1e-07 1 1 0
1  96 0 0 4.10169751606046
0

0101000
+637 0 -556 0 *
Ed
 1e-07 1 1 0
1  97 0 0 6.03193009178336
0

0101000
+556 0 -703 0 *
Wi

0101100
+555 0 +554 0 -636 0 *
Fa
0  1e-07 58 0

0101000
+553 0 *
Ve
1e-07
28.8852348327637 41.2231636047363 18.8538284301758
0 0

0101101
*
Ed
 1e-07 1 1 0
1  98 0 0 7.72295955632093
0

0101000
+601 0 -551 0 *
Ed
 1e-07 1 1 0
1  99 0 0 5.01902651360114
0

0101000
+551 0 -632 0 *
Wi

0101100
+550 0 +549 0 -596 0 *
Fa
0  1e-07 59 0

0101000
+548 0 *
Ve
1e-07
30.4542465209961 27.460506439209 47.5221366882324
0 0

0101101
*
Ed
 1e-07 1 1 0
1  100 0 0 8.70645157451104
0

0101000
+703 0 -546 0 *
Ed
 1e-07 1 1 0
1  101 0 0 6.84087153133919
0

0101000
+546 0 -669 0 *
Wi

0101100
-668 0 +545 0 +544 0 *
Fa
0  1e-07 60 0

0101000
+543 0 *
Ve
1e-07
29.9102420806885 41.222541809082 45.2064666748047
0 0

0101101
*
Ed
 1e-07 1 1 0
1  102 0 0 5.8234918508255
0

0101000
+659 0 -541 0 *
Ed
 1e-07 1 1 0
1  103 0 0 8.32769015856269
0

0101000
+541 0 -637 0 *
Wi

0101100
-593 0 +540 0 +539 0 *
Fa
0  1e-07 61 0

0101000
+538 0 *
Ve
1e-07
29.9105758666992 45.5938148498535 40.8047866821289
0 0

0101101
*
Ed
 1e-07 1 1 0
1  104 0 0 7.61403347647913
0

0101000
+573 0 -536 0 *
Ed
 1e-07 1 1 0
1  105 0 0 5.71962983287181
0

0101000
+536 0 -622 0 *
Wi

0101100
-572 0 +535 0 +534 0 *
Fa
0  1e-07 62 0

0101000
+533 0 *
Ve
1e-07
29.9379024505615 47.5107383728027 27.714693069458
0 0

0101101
*
Ed
 1e-07 1 1 0
1  106 0 0 5.221295071242
0

0101000
+587 0 -531 0 *
Ed
 1e-07 1 1 0
1  107 0 0 7.24786460762875
0

0101000
+531 0 -573 0 *
Wi

0101100
-559 0 +530 0 +529 0 *
Fa
0  1e-07 63 0

0101000
+528 0 *
Ve
1e-07
30.0205841064453 16.7508792877197 37.213249206543
0 0

0101101
*
Ed
 1e-07 1 1 0
1  108 0 0 7.0154773487318
0

0101000
+649 0 -526 0 *
Ed
 1e-07 1 1 0
1  109 0 0 7.1542994754464
0

0101000
+526 0 -617 0 *
Wi

0101100
-612 0 +525 0 +524 0 *
Fa
0  1e-07 64 0

0101000
+523 0 *
Ve
1e-07
29.5231456756592 18.4921131134033 23.3863258361816
0 0

0101101
*
Ed
 1e-07 1 1 0
1  110 0 0 5.23681450760518
0

0101000
+521 0 -654 0 *
Ed
 1e-07 1 1 0
1  111 0 0 8.08412629669247
0

0101000
+617 0 -521 0 *
Wi

0101100
+520 0 -615 0 +519 0 *
Fa
0  1e-07 65 0

0101000
+518 0 *
Ed
 1e-07 1 1 0
1  112 0 0 5.91134403613872
0

0101000
+674 0 -526 0 *
Wi

0101100
-609 0 +516 0 -525 0 *
Fa
0  1e-07 66 0

0101000
+515 0 *
Ve
1e-07
29.57155418396 21.3683586120605 44.1200103759766
0 0

0101101
*
Ed
 1e-07 1 1 0
1  113 0 0 7.84943261241347
0

0101000
+513 0 -674 0 *
Ed
 1e-07 1 1 0
1  114 0 0 5.70495331360844
0

0101000
+606 0 -513 0 *
Wi

0101100
+512 0 -605 0 +511 0 *
Fa
0  1e-07 67 0

0101000
+510 0 *
Ed
 1e-07 1 1 0
1  115 0 0 6.68127829284673
0

0101000
+669 0 -513 0 *
Wi

0101100
-511 0 -579 0 +508 0 *
Fa
0  1e-07 68 0

0101000
+507 0 *
Ed
 1e-07 1 1 0
1  116 0 0 5.70671094936439
0

0101000
+556 0 -546 0 *
Wi

0101100
+505 0 -545 0 -554 0 *
Fa
0  1e-07 69 0

0101000
+504 0 *
Ve
1e-07
31.5437660217285 36.9341011047363 47.5649909973145
0 0

0101101
*
Ed
 1e-07 1 1 0
1  117 0 0 7.44395559689398
0

0101000
+637 0 -502 0 *
Ed
 1e-07 1 1 0
1  118 0 0 6.70177224724327
0

0101000
+502 0 -556 0 *
Wi

0101100
-555 0 +501 0 +500 0 *
Fa
0  1e-07 70 0

0101000
+499 0 *
Ed
 1e-07 1 1 0
1  119 0 0 8.74253591369268
0

0101000
+536 0 -659 0 *
Wi

0101100
-590 0 -534 0 +497 0 *
Fa
0  1e-07 71 0

0101000
+496 0 *
Ed
 1e-07 1 1 0
1  120 0 0 6.39607097533981
0

0101000
+627 0 -531 0 *
Wi

0101100
-568 0 +494 0 -530 0 *
Fa
0  1e-07 72 0

0101000
+493 0 *
Ed
 1e-07 1 1 0
1  121 0 0 8.32022193415523
0

0101000
+513 0 -526 0 *
Wi

0101100
-516 0 -512 0 +491 0 *
Fa
0  1e-07 73 0

0101000
+490 0 *
Ed
 1e-07 1 1 0
1  122 0 0 7.94474018105369
0

0101000
+801 0 -654 0 *
Ed
 1e-07 1 1 0
1  123 0 0 5.49517122590013
0

0101000
+521 0 -801 0 *
Wi

0101100
+488 0 -520 0 +487 0 *
Fa
0  1e-07 74 0

0101000
+486 0 *
Wi

0101100
-488 0 -800 0 -582 0 *
Fa
0  1e-07 75 0

0101000
+484 0 *
Ed
 1e-07 1 1 0
1  124 0 0 7.03334019895493
0

0101000
+546 0 -513 0 *
Wi

0101100
+482 0 -508 0 -544 0 *
Fa
0  1e-07 76 0

0101000
+481 0 *
Ed
 1e-07 1 1 0
1  125 0 0 5.15962800214417
0

0101000
+541 0 -502 0 *
Wi

0101100
-501 0 -539 0 +479 0 *
Fa
0  1e-07 77 0

0101000
+478 0 *
Ed
 1e-07 1 1 0
1  126 0 0 7.64347715429753
0

0101000
+551 0 -627 0 *
Wi

0101100
-576 0 -549 0 +476 0 *
Fa
0  1e-07 78 0

0101000
+475 0 *
Ed
 1e-07 1 1 0
1  127 0 0 6.20345185089003
0

0101000
+536 0 -541 0 *
Wi

0101100
-497 0 +473 0 -540 0 *
Fa
0  1e-07 79 0

0101000
+472 0 *
Ve
1e-07
32.8770523071289 47.498291015625 37.3140449523926
0 0

0101101
*
Ed
 1e-07 1 1 0
1  128 0 0 10.0392386857002
0

0101000
+531 0 -470 0 *
Ed
 1e-07 1 1 0
1  129 0 0 7.05158594623586
0

0101000
+470 0 -573 0 *
Wi

0101100
-529 0 +469 0 +468 0 *
Fa
0  1e-07 80 0

0101000
+467 0 *
Ed
 1e-07 1 1 0
1  130 0 0 4.96107747987659
0

0101000
+470 0 -536 0 *
Wi

0101100
-535 0 -468 0 +465 0 *
Fa
0  1e-07 81 0

0101000
+464 0 *
Ve
1e-07
32 32 16.4084205627441
0 0

0101101
*
Ed
 1e-07 1 1 0
1  131 0 0 4.79591400248707
0

0101000
+796 0 -462 0 *
Ed
 1e-07 1 1 0
1  132 0 0 5.27967453954547
0

0101000
+462 0 -601 0 *
Wi

0101100
+461 0 +460 0 -562 0 *
Fa
0  1e-07 82 0

0101000
+459 0 *
Ve
1e-07
32 32 47.5915794372559
0 0

0101101
*
Ed
 1e-07 1 1 0
1  133 0 0 4.99696669635026
0

0101000
+556 0 -457 0 *
Ed
 1e-07 1 1 0
1  134 0 0 4.79595432648266
0

0101000
+457 0 -546 0 *
Wi

0101100
-505 0 +456 0 +455 0 *
Fa
0  1e-07 83 0

0101000
+454 0 *
Ed
 1e-07 1 1 0
1  135 0 0 4.955220489527
0

0101000
+502 0 -457 0 *
Wi

0101100
-456 0 -500 0 +452 0 *
Fa
0  1e-07 84 0

0101000
+451 0 *
Ve
1e-07
34.166389465332 45.6003150939941 23.1929836273193
0 0

0101101
*
Ed
 1e-07 1 1 0
1  136 0 0 9.16585512333142
0

0101000
+449 0 -627 0 *
Ed
 1e-07 1 1 0
1  137 0 0 8.11654589329156
0

0101000
+551 0 -449 0 *
Wi

0101100
+448 0 -476 0 +447 0 *
Fa
0  1e-07 85 0

0101000
+446 0 *
Ed
 1e-07 1 1 0
1  138 0 0 6.4788637751864
0

0101000
+449 0 -531 0 *
Wi

0101100
-494 0 -448 0 +444 0 *
Fa
0  1e-07 86 0

0101000
+443 0 *
Ve
1e-07
32 47.5915794372559 32
0 0

0101101
*
Ed
 1e-07 1 1 0
1  139 0 0 4.75632600544299
0

0101000
+531 0 -441 0 *
Ed
 1e-07 1 1 0
1  140 0 0 5.38674272961867
0

0101000
+441 0 -470 0 *
Wi

0101100
-469 0 +440 0 +439 0 *
Fa
0  1e-07 87 0

0101000
+438 0 *
Ve
1e-07
33.8512382507324 16.6509456634521 27.0901622772217
0 0

0101101
*
Ed
 1e-07 1 1 0
1  141 0 0 7.85270567574733
0

0101000
+617 0 -436 0 *
Ed
 1e-07 1 1 0
1  142 0 0 5.98670922119489
0

0101000
+436 0 -521 0 *
Wi

0101100
+435 0 +434 0 -519 0 *
Fa
0  1e-07 88 0

0101000
+433 0 *
Ve
1e-07
34.1530990600586 19.3799896240234 42.0567398071289
0 0

0101101
*
Ed
 1e-07 1 1 0
1  143 0 0 6.88834538915266
0

0101000
+431 0 -526 0 *
Ed
 1e-07 1 1 0
1  144 0 0 5.40381810616959
0

0101000
+513 0 -431 0 *
Wi

0101100
+430 0 -491 0 +429 0 *
Fa
0  1e-07 89 0

0101000
+428 0 *
Ve
1e-07
34.831916809082 25.0772705078125 17.7237091064453
0 0

0101101
*
Ed
 1e-07 1 1 0
1  145 0 0 5.2677603556032
0

0101000
+426 0 -804 0 *
Ed
 1e-07 1 1 0
1  146 0 0 6.01008439462661
0

0101000
+801 0 -426 0 *
Wi

0101100
+425 0 -799 0 +424 0 *
Fa
0  1e-07 90 0

0101000
+423 0 *
Ve
1e-07
33.851245880127 36.9098281860352 16.6509437561035
0 0

0101101
*
Ed
 1e-07 1 1 0
1  147 0 0 7.29449715021351
0

0101000
+601 0 -421 0 *
Ed
 1e-07 1 1 0
1  148 0 0 6.93677367686294
0

0101000
+421 0 -551 0 *
Wi

0101100
+420 0 +419 0 -550 0 *
Fa
0  1e-07 91 0

0101000
+418 0 *
Ve
1e-07
34.7486534118652 41.0365333557129 45.3265724182129
0 0

0101101
*
Ed
 1e-07 1 1 0
1  149 0 0 4.84347486253248
0

0101000
+541 0 -416 0 *
Ed
 1e-07 1 1 0
1  150 0 0 5.66672491767309
0

0101000
+416 0 -502 0 *
Wi

0101100
+415 0 +414 0 -479 0 *
Fa
0  1e-07 92 0

0101000
+413 0 *
Ve
1e-07
33.8744087219238 16.6442775726318 36.9918670654297
0 0

0101101
*
Ed
 1e-07 1 1 0
1  151 0 0 3.86164966626074
0

0101000
+526 0 -411 0 *
Ed
 1e-07 1 1 0
1  152 0 0 9.33319224732744
0

0101000
+617 0 -411 0 *
Wi

0101100
-524 0 +410 0 -409 0 *
Fa
0  1e-07 93 0

0101000
+408 0 *
Ve
1e-07
32 16.4084205627441 32
0 0

0101101
*
Ed
 1e-07 1 1 0
1  153 0 0 5.33739387574675
0

0101000
+411 0 -406 0 *
Ed
 1e-07 1 1 0
1  154 0 0 5.22956110633172
0

0101000
+406 0 -617 0 *
Wi

0101100
+409 0 +405 0 +404 0 *
Fa
0  1e-07 94 0

0101000
+403 0 *
Ve
1e-07
34.0797309875488 27.1076145172119 47.4113998413086
0 0

0101101
*
Ed
 1e-07 1 1 0
1  155 0 0 8.00599531911743
0

0101000
+401 0 -513 0 *
Ed
 1e-07 1 1 0
1  156 0 0 3.64430143856029
0

0101000
+546 0 -401 0 *
Wi

0101100
+400 0 -482 0 +399 0 *
Fa
0  1e-07 95 0

0101000
+398 0 *
Ve
1e-07
36.2853240966797 29.9379177093506 16.4892635345459
0 0

0101101
*
Ed
 1e-07 1 1 0
1  157 0 0 7.24788685734327
0

0101000
+804 0 -396 0 *
Ed
 1e-07 1 1 0
1  158 0 0 8.83983949354985
0

0101000
+396 0 -796 0 *
Wi

0101100
+395 0 +394 0 -795 0 *
Fa
0  1e-07 96 0

0101000
+393 0 *
Ed
 1e-07 1 1 0
1  159 0 0 4.75633488865989
0

0101000
+396 0 -462 0 *
Wi

0101100
-394 0 +391 0 -461 0 *
Fa
0  1e-07 97 0

0101000
+390 0 *
Ed
 1e-07 1 1 0
1  160 0 0 5.3191335177416
0

0101000
+457 0 -401 0 *
Wi

0101100
-455 0 +388 0 -399 0 *
Fa
0  1e-07 98 0

0101000
+387 0 *
Ed
 1e-07 1 1 0
1  161 0 0 8.03880309454889
0

0101000
+536 0 -416 0 *
Wi

0101100
-473 0 +385 0 -415 0 *
Fa
0  1e-07 99 0

0101000
+384 0 *
Ve
1e-07
35.3106460571289 47.6661758422852 28.6758594512939
0 0

0101101
*
Ed
 1e-07 1 1 0
1  162 0 0 5.46025415913961
0

0101000
+382 0 -531 0 *
Ed
 1e-07 1 1 0
1  163 0 0 5.96984347201209
0

0101000
+449 0 -382 0 *
Wi

0101100
+381 0 -444 0 +380 0 *
Fa
0  1e-07 100 0

0101000
+379 0 *
Ve
1e-07
36.9341011047363 16.4350070953369 32.4562339782715
0 0

0101101
*
Ed
 1e-07 1 1 0
1  164 0 0 10.1575678900763
0

0101000
+617 0 -377 0 *
Ed
 1e-07 1 1 0
1  165 0 0 6.19236613441133
0

0101000
+377 0 -436 0 *
Wi

0101100
+376 0 +375 0 -435 0 *
Fa
0  1e-07 101 0

0101000
+374 0 *
Ed
 1e-07 1 1 0
1  166 0 0 4.95522047929302
0

0101000
+406 0 -377 0 *
Wi

0101100
-404 0 +372 0 -376 0 *
Fa
0  1e-07 102 0

0101000
+371 0 *
Ed
 1e-07 1 1 0
1  167 0 0 5.76322172246623
0

0101000
+431 0 -411 0 *
Wi

0101100
+369 0 -410 0 -430 0 *
Fa
0  1e-07 103 0

0101000
+368 0 *
Ve
1e-07
34.5343055725098 20.2563953399658 21.0620422363281
0 0

0101101
*
Ed
 1e-07 1 1 0
1  168 0 0 5.79885415744489
0

0101000
+521 0 -366 0 *
Ed
 1e-07 1 1 0
1  169 0 0 5.36434632636575
0

0101000
+366 0 -801 0 *
Wi

0101100
-487 0 +365 0 +364 0 *
Fa
0  1e-07 104 0

0101000
+363 0 *
Ve
1e-07
36.7169418334961 33.8621253967285 16.5347213745117
0 0

0101101
*
Ed
 1e-07 1 1 0
1  170 0 0 5.07277075657672
0

0101000
+462 0 -361 0 *
Ed
 1e-07 1 1 0
1  171 0 0 9.57970338656469
0

0101000
+361 0 -601 0 *
Wi

0101100
+360 0 +359 0 -460 0 *
Fa
0  1e-07 105 0

0101000
+358 0 *
Ed
 1e-07 1 1 0
1  172 0 0 4.18499859391692
0

0101000
+361 0 -421 0 *
Wi

0101100
-359 0 +356 0 -420 0 *
Fa
0  1e-07 106 0

0101000
+355 0 *
Ve
1e-07
33.4407043457031 41.443229675293 18.8866214752197
0 0

0101101
*
Ed
 1e-07 1 1 0
1  173 0 0 4.56089979527443
0

0101000
+551 0 -353 0 *
Ed
 1e-07 1 1 0
1  174 0 0 6.02932276928883
0

0101000
+353 0 -449 0 *
Wi

0101100
+352 0 +351 0 -447 0 *
Fa
0  1e-07 107 0

0101000
+350 0 *
Ed
 1e-07 1 1 0
1  175 0 0 4.69210531923339
0

0101000
+382 0 -441 0 *
Wi

0101100
-381 0 +348 0 -440 0 *
Fa
0  1e-07 108 0

0101000
+347 0 *
Ed
 1e-07 1 1 0
1  176 0 0 5.47516932262668
0

0101000
+411 0 -377 0 *
Wi

0101100
-405 0 +345 0 -372 0 *
Fa
0  1e-07 109 0

0101000
+344 0 *
Ed
 1e-07 1 1 0
1  177 0 0 7.05720054719824
0

0101000
+436 0 -366 0 *
Wi

0101100
-365 0 -434 0 +342 0 *
Fa
0  1e-07 110 0

0101000
+341 0 *
Ed
 1e-07 1 1 0
1  178 0 0 5.87144598188283
0

0101000
+366 0 -426 0 *
Wi

0101100
-364 0 +339 0 -424 0 *
Fa
0  1e-07 111 0

0101000
+338 0 *
Ed
 1e-07 1 1 0
1  179 0 0 9.40180586087222
0

0101000
+401 0 -431 0 *
Wi

0101100
-400 0 +336 0 -429 0 *
Fa
0  1e-07 112 0

0101000
+335 0 *
Ed
 1e-07 1 1 0
1  180 0 0 5.22131590994493
0

0101000
+426 0 -396 0 *
Wi

0101100
-425 0 +333 0 -395 0 *
Fa
0  1e-07 113 0

0101000
+332 0 *
Ed
 1e-07 1 1 0
1  181 0 0 5.07134383354597
0

0101000
+421 0 -353 0 *
Wi

0101100
+330 0 -352 0 -419 0 *
Fa
0  1e-07 114 0

0101000
+329 0 *
Ve
1e-07
39.4366264343262 25.151424407959 19.3297843933105
0 0

0101101
*
Ed
 1e-07 1 1 0
1  182 0 0 7.14106271106719
0

0101000
+366 0 -327 0 *
Ed
 1e-07 1 1 0
1  183 0 0 4.87732789145883
0

0101000
+327 0 -426 0 *
Wi

0101100
+326 0 +325 0 -339 0 *
Fa
0  1e-07 115 0

0101000
+324 0 *
Ed
 1e-07 1 1 0
1  184 0 0 3.94813452906875
0

0101000
+396 0 -361 0 *
Wi

0101100
+322 0 -360 0 -391 0 *
Fa
0  1e-07 116 0

0101000
+321 0 *
Ed
 1e-07 1 1 0
1  185 0 0 10.1496082291815
0

0101000
+502 0 -401 0 *
Wi

0101100
-388 0 -452 0 +319 0 *
Fa
0  1e-07 117 0

0101000
+318 0 *
Ve
1e-07
39.1003494262695 39.859001159668 19.7302265167236
0 0

0101101
*
Ed
 1e-07 1 1 0
1  186 0 0 5.93742636954343
0

0101000
+353 0 -316 0 *
Ed
 1e-07 1 1 0
1  187 0 0 8.32450199084626
0

0101000
+316 0 -449 0 *
Wi

0101100
-351 0 +315 0 +314 0 *
Fa
0  1e-07 118 0

0101000
+313 0 *
Ed
 1e-07 1 1 0
1  188 0 0 10.4622081388781
0

0101000
+470 0 -416 0 *
Wi

0101100
+311 0 -385 0 -465 0 *
Fa
0  1e-07 119 0

0101000
+310 0 *
Ve
1e-07
36.5527763366699 47.5048179626465 33.4990921020508
0 0

0101101
*
Ed
 1e-07 1 1 0
1  189 0 0 4.98322156842348
0

0101000
+382 0 -308 0 *
Ed
 1e-07 1 1 0
1  190 0 0 4.79401471166381
0

0101000
+308 0 -441 0 *
Wi

0101100
-348 0 +307 0 +306 0 *
Fa
0  1e-07 120 0

0101000
+305 0 *
Ed
 1e-07 1 1 0
1  191 0 0 5.2976272983963
0

0101000
+308 0 -470 0 *
Wi

0101100
-439 0 -306 0 +303 0 *
Fa
0  1e-07 121 0

0101000
+302 0 *
Ve
1e-07
39.2630081176758 19.7535037994385 24.2832279205322
0 0

0101101
*
Ed
 1e-07 1 1 0
1  192 0 0 6.84046786138892
0

0101000
+436 0 -300 0 *
Ed
 1e-07 1 1 0
1  193 0 0 5.74365431361559
0

0101000
+300 0 -366 0 *
Wi

0101100
+299 0 +298 0 -342 0 *
Fa
0  1e-07 122 0

0101000
+297 0 *
Ve
1e-07
39.352123260498 24.5607566833496 44.4090843200684
0 0

0101101
*
Ed
 1e-07 1 1 0
1  194 0 0 7.70738118087529
0

0101000
+295 0 -431 0 *
Ed
 1e-07 1 1 0
1  195 0 0 6.58015984569071
0

0101000
+401 0 -295 0 *
Wi

0101100
+294 0 -336 0 +293 0 *
Fa
0  1e-07 123 0

0101000
+292 0 *
Ve
1e-07
36.909839630127 33.8512382507324 47.3490524291992
0 0

0101101
*
Ed
 1e-07 1 1 0
1  196 0 0 6.19236778724802
0

0101000
+502 0 -290 0 *
Ed
 1e-07 1 1 0
1  197 0 0 7.31367644812739
0

0101000
+290 0 -401 0 *
Wi

0101100
-319 0 +289 0 +288 0 *
Fa
0  1e-07 124 0

0101000
+287 0 *
Ed
 1e-07 1 1 0
1  198 0 0 7.77107566624466
0

0101000
+416 0 -290 0 *
Wi

0101100
-414 0 +285 0 -289 0 *
Fa
0  1e-07 125 0

0101000
+284 0 *
Ed
 1e-07 1 1 0
1  199 0 0 6.76259503344574
0

0101000
+421 0 -316 0 *
Wi

0101100
+282 0 -315 0 -330 0 *
Fa
0  1e-07 126 0

0101000
+281 0 *
Ve
1e-07
39.7896537780762 44.4214859008789 25.1175212860107
0 0

0101101
*
Ed
 1e-07 1 1 0
1  200 0 0 7.09326105782034
0

0101000
+316 0 -279 0 *
Ed
 1e-07 1 1 0
1  201 0 0 6.05925614223759
0

0101000
+279 0 -449 0 *
Wi

0101100
+278 0 +277 0 -314 0 *
Fa
0  1e-07 127 0

0101000
+276 0 *
Ve
1e-07
39.2529907226562 44.4318199157715 39.5487747192383
0 0

0101101
*
Ed
 1e-07 1 1 0
1  202 0 0 8.07464994192162
0

0101000
+274 0 -416 0 *
Ed
 1e-07 1 1 0
1  203 0 0 7.41955880195449
0

0101000
+470 0 -274 0 *
Wi

0101100
+273 0 -311 0 +272 0 *
Fa
0  1e-07 128 0

0101000
+271 0 *
Ve
1e-07
41.0365333557129 18.6734256744385 29.2513446807861
0 0

0101101
*
Ed
 1e-07 1 1 0
1  204 0 0 5.66672599639826
0

0101000
+377 0 -269 0 *
Ed
 1e-07 1 1 0
1  205 0 0 7.77107460535364
0

0101000
+269 0 -436 0 *
Wi

0101100
+268 0 +267 0 -375 0 *
Fa
0  1e-07 129 0

0101000
+266 0 *
Ve
1e-07
39.6424026489258 19.9047107696533 39.5835227966309
0 0

0101101
*
Ed
 1e-07 1 1 0
1  206 0 0 6.0435576072739
0

0101000
+431 0 -264 0 *
Ed
 1e-07 1 1 0
1  207 0 0 7.11455255116153
0

0101000
+264 0 -411 0 *
Wi

0101100
-369 0 +263 0 +262 0 *
Fa
0  1e-07 130 0

0101000
+261 0 *
Ed
 1e-07 1 1 0
1  208 0 0 6.71186037476007
0

0101000
+295 0 -264 0 *
Wi

0101100
-263 0 -294 0 +259 0 *
Fa
0  1e-07 131 0

0101000
+258 0 *
Ve
1e-07
41.0169525146484 45.4722099304199 30.2278366088867
0 0

0101101
*
Ed
 1e-07 1 1 0
1  209 0 0 9.82017217251618
0

0101000
+449 0 -256 0 *
Ed
 1e-07 1 1 0
1  210 0 0 6.30746009953654
0

0101000
+256 0 -382 0 *
Wi

0101100
-380 0 +255 0 +254 0 *
Fa
0  1e-07 132 0

0101000
+253 0 *
Ed
 1e-07 1 1 0
1  211 0 0 7.30295381986534
0

0101000
+308 0 -274 0 *
Wi

0101100
-303 0 +251 0 -272 0 *
Fa
0  1e-07 133 0

0101000
+250 0 *
Ve
1e-07
41.222541809082 18.7935333251953 34.0897598266602
0 0

0101101
*
Ed
 1e-07 1 1 0
1  212 0 0 8.18758734804306
0

0101000
+411 0 -248 0 *
Ed
 1e-07 1 1 0
1  213 0 0 5.15962947787659
0

0101000
+248 0 -377 0 *
Wi

0101100
-345 0 +247 0 +246 0 *
Fa
0  1e-07 134 0

0101000
+245 0 *
Ed
 1e-07 1 1 0
1  214 0 0 5.38462112590792
0

0101000
+269 0 -300 0 *
Wi

0101100
+243 0 -299 0 -267 0 *
Fa
0  1e-07 135 0

0101000
+242 0 *
Ed
 1e-07 1 1 0
1  215 0 0 7.32832129434438
0

0101000
+300 0 -327 0 *
Wi

0101100
-298 0 +240 0 -326 0 *
Fa
0  1e-07 136 0

0101000
+239 0 *
Ed
 1e-07 1 1 0
1  216 0 0 6.3960756168607
0

0101000
+327 0 -396 0 *
Wi

0101100
-325 0 +237 0 -333 0 *
Fa
0  1e-07 137 0

0101000
+236 0 *
Ve
1e-07
40.6136741638184 29.5231456756592 45.507884979248
0 0

0101101
*
Ed
 1e-07 1 1 0
1  217 0 0 5.23680991456413
0

0101000
+234 0 -295 0 *
Ed
 1e-07 1 1 0
1  218 0 0 7.22153536571235
0

0101000
+401 0 -234 0 *
Wi

0101100
+233 0 -293 0 +232 0 *
Fa
0  1e-07 138 0

0101000
+231 0 *
Ed
 1e-07 1 1 0
1  219 0 0 5.98670804116326
0

0101000
+290 0 -234 0 *
Wi

0101100
-288 0 +229 0 -232 0 *
Fa
0  1e-07 139 0

0101000
+228 0 *
Ed
 1e-07 1 1 0
1  220 0 0 7.20100019325951
0

0101000
+361 0 -316 0 *
Wi

0101100
+226 0 -282 0 -356 0 *
Fa
0  1e-07 140 0

0101000
+225 0 *
Ve
1e-07
39.7167701721191 39.2630081176758 44.2464942932129
0 0

0101101
*
Ed
 1e-07 1 1 0
1  221 0 0 5.38462112590792
0

0101000
+416 0 -223 0 *
Ed
 1e-07 1 1 0
1  222 0 0 6.84046629605758
0

0101000
+223 0 -290 0 *
Wi

0101100
+222 0 +221 0 -285 0 *
Fa
0  1e-07 141 0

0101000
+220 0 *
Ed
 1e-07 1 1 0
1  223 0 0 7.00001971265665
0

0101000
+274 0 -223 0 *
Wi

0101100
-222 0 -273 0 +218 0 *
Fa
0  1e-07 142 0

0101000
+217 0 *
Ed
 1e-07 1 1 0
1  224 0 0 5.89588643566503
0

0101000
+256 0 -308 0 *
Wi

0101100
-254 0 +215 0 -307 0 *
Fa
0  1e-07 143 0

0101000
+214 0 *
Ve
1e-07
40.1682052612305 45.3605651855469 35.9668884277344
0 0

0101101
*
Ed
 1e-07 1 1 0
1  225 0 0 3.81183614981171
0

0101000
+212 0 -274 0 *
Ed
 1e-07 1 1 0
1  226 0 0 4.87433738940031
0

0101000
+308 0 -212 0 *
Wi

0101100
+211 0 -251 0 +210 0 *
Fa
0  1e-07 144 0

0101000
+209 0 *
Ed
 1e-07 1 1 0
1  227 0 0 5.82348578162194
0

0101000
+264 0 -248 0 *
Wi

0101100
-262 0 +207 0 -247 0 *
Fa
0  1e-07 145 0

0101000
+206 0 *
Ed
 1e-07 1 1 0
1  228 0 0 5.3596274006938
0

0101000
+279 0 -256 0 *
Wi

0101100
-255 0 -277 0 +204 0 *
Fa
0  1e-07 146 0

0101000
+203 0 *
Ed
 1e-07 1 1 0
1  229 0 0 4.84347872053943
0

0101000
+248 0 -269 0 *
Wi

0101100
+201 0 -268 0 -246 0 *
Fa
0  1e-07 147 0

0101000
+200 0 *
Ve
1e-07
41.8846435546875 33.4872436523438 19.1076221466064
0 0

0101101
*
Ed
 1e-07 1 1 0
1  230 0 0 8.69068618467484
0

0101000
+327 0 -198 0 *
Ed
 1e-07 1 1 0
1  231 0 0 7.1278253951525
0

0101000
+198 0 -396 0 *
Wi

0101100
-237 0 +197 0 +196 0 *
Fa
0  1e-07 148 0

0101000
+195 0 *
Ed
 1e-07 1 1 0
1  232 0 0 5.78493697325418
0

0101000
+198 0 -361 0 *
Wi

0101100
-196 0 +193 0 -322 0 *
Fa
0  1e-07 149 0

0101000
+192 0 *
Ve
1e-07
42.9379577636719 34.5343055725098 43.7436027526855
0 0

0101101
*
Ed
 1e-07 1 1 0
1  233 0 0 5.79885415744489
0

0101000
+190 0 -234 0 *
Ed
 1e-07 1 1 0
1  234 0 0 7.05719891797912
0

0101000
+290 0 -190 0 *
Wi

0101100
+189 0 -229 0 +188 0 *
Fa
0  1e-07 150 0

0101000
+187 0 *
Ed
 1e-07 1 1 0
1  235 0 0 5.74365538330485
0

0101000
+223 0 -190 0 *
Wi

0101100
-221 0 +185 0 -188 0 *
Fa
0  1e-07 151 0

0101000
+184 0 *
Ed
 1e-07 1 1 0
1  236 0 0 5.8025470466564
0

0101000
+256 0 -212 0 *
Wi

0101100
-210 0 -215 0 +182 0 *
Fa
0  1e-07 152 0

0101000
+181 0 *
Ve
1e-07
44.3825378417969 24.5033493041992 24.6490707397461
0 0

0101101
*
Ed
 1e-07 1 1 0
1  237 0 0 6.99317223323047
0

0101000
+300 0 -179 0 *
Ed
 1e-07 1 1 0
1  238 0 0 7.2922457601234
0

0101000
+179 0 -327 0 *
Wi

0101100
+178 0 +177 0 -240 0 *
Fa
0  1e-07 153 0

0101000
+176 0 *
Ve
1e-07
44.2965965270996 24.5522537231445 39.4921836853027
0 0

0101101
*
Ed
 1e-07 1 1 0
1  239 0 0 6.97307679841749
0

0101000
+295 0 -174 0 *
Ed
 1e-07 1 1 0
1  240 0 0 6.57795705317652
0

0101000
+174 0 -264 0 *
Wi

0101100
-259 0 +173 0 +172 0 *
Fa
0  1e-07 154 0

0101000
+171 0 *
Ed
 1e-07 1 1 0
1  241 0 0 6.98134827432168
0

0101000
+198 0 -316 0 *
Wi

0101100
-193 0 +169 0 -226 0 *
Fa
0  1e-07 155 0

0101000
+168 0 *
Ve
1e-07
44.1661682128906 39.5092735290527 24.3664646148682
0 0

0101101
*
Ed
 1e-07 1 1 0
1  242 0 0 6.87601142357877
0

0101000
+316 0 -166 0 *
Ed
 1e-07 1 1 0
1  243 0 0 6.62176676630408
0

0101000
+166 0 -279 0 *
Wi

0101100
+165 0 +164 0 -278 0 *
Fa
0  1e-07 156 0

0101000
+163 0 *
Ve
1e-07
44.7298583984375 29.8338356018066 41.8805770874023
0 0

0101101
*
Ed
 1e-07 1 1 0
1  244 0 0 7.94473066376381
0

0101000
+161 0 -295 0 *
Ed
 1e-07 1 1 0
1  245 0 0 5.49516727914472
0

0101000
+234 0 -161 0 *
Wi

0101100
+160 0 -233 0 +159 0 *
Fa
0  1e-07 157 0

0101000
+158 0 *
Ve
1e-07
43.8594360351562 29.3660526275635 21.2393283843994
0 0

0101101
*
Ed
 1e-07 1 1 0
1  246 0 0 6.40083541802044
0

0101000
+327 0 -156 0 *
Ed
 1e-07 1 1 0
1  247 0 0 5.04263743371372
0

0101000
+156 0 -198 0 *
Wi

0101100
-197 0 +155 0 +154 0 *
Fa
0  1e-07 158 0

0101000
+153 0 *
Ve
1e-07
44.6702117919922 39.4366188049316 38.8485870361328
0 0

0101101
*
Ed
 1e-07 1 1 0
1  248 0 0 7.97905949301489
0

0101000
+212 0 -151 0 *
Ed
 1e-07 1 1 0
1  249 0 0 7.40193089966162
0

0101000
+151 0 -274 0 *
Wi

0101100
+150 0 +149 0 -211 0 *
Fa
0  1e-07 159 0

0101000
+148 0 *
Ve
1e-07
44.5939826965332 42.0789756774902 34.2620277404785
0 0

0101101
*
Ed
 1e-07 1 1 0
1  250 0 0 6.37054799083907
0

0101000
+256 0 -146 0 *
Ed
 1e-07 1 1 0
1  251 0 0 5.76739850965518
0

0101000
+146 0 -212 0 *
Wi

0101100
+145 0 +144 0 -182 0 *
Fa
0  1e-07 160 0

0101000
+143 0 *
Ve
1e-07
45.5938148498535 23.1952133178711 34.0894241333008
0 0

0101101
*
Ed
 1e-07 1 1 0
1  252 0 0 8.74253020169702
0

0101000
+264 0 -141 0 *
Ed
 1e-07 1 1 0
1  253 0 0 6.20345185099295
0

0101000
+141 0 -248 0 *
Wi

0101100
+140 0 +139 0 -207 0 *
Fa
0  1e-07 161 0

0101000
+138 0 *
Ed
 1e-07 1 1 0
1  254 0 0 8.14645204847564
0

0101000
+269 0 -179 0 *
Wi

0101100
-243 0 +136 0 -178 0 *
Fa
0  1e-07 162 0

0101000
+135 0 *
Ed
 1e-07 1 1 0
1  255 0 0 5.71962803119062
0

0101000
+174 0 -141 0 *
Wi

0101100
-172 0 +133 0 -140 0 *
Fa
0  1e-07 163 0

0101000
+132 0 *
Ed
 1e-07 1 1 0
1  256 0 0 5.81267976353077
0

0101000
+161 0 -174 0 *
Wi

0101100
-160 0 +130 0 -173 0 *
Fa
0  1e-07 164 0

0101000
+129 0 *
Ed
 1e-07 1 1 0
1  257 0 0 5.36434436439899
0

0101000
+190 0 -161 0 *
Wi

0101100
-159 0 -189 0 +127 0 *
Fa
0  1e-07 165 0

0101000
+126 0 *
Ed
 1e-07 1 1 0
1  258 0 0 8.31418202278237
0

0101000
+198 0 -166 0 *
Wi

0101100
-169 0 +124 0 -165 0 *
Fa
0  1e-07 166 0

0101000
+123 0 *
Ed
 1e-07 1 1 0
1  259 0 0 7.32830998991294
0

0101000
+223 0 -151 0 *
Ed
 1e-07 1 1 0
1  260 0 0 7.14104739605535
0

0101000
+151 0 -190 0 *
Wi

0101100
-185 0 +121 0 +120 0 *
Fa
0  1e-07 167 0

0101000
+119 0 *
Wi

0101100
-218 0 -149 0 -121 0 *
Fa
0  1e-07 168 0

0101000
+117 0 *
Ve
1e-07
45.6319046020508 40.5231895446777 29.3897838592529
0 0

0101101
*
Ed
 1e-07 1 1 0
1  261 0 0 8.22075645337637
0

0101000
+279 0 -115 0 *
Ed
 1e-07 1 1 0
1  262 0 0 6.81857154825553
0

0101000
+115 0 -256 0 *
Wi

0101100
+114 0 +113 0 -204 0 *
Fa
0  1e-07 169 0

0101000
+112 0 *
Ed
 1e-07 1 1 0
1  263 0 0 5.29380646505942
0

0101000
+146 0 -151 0 *
Wi

0101100
-150 0 -144 0 +110 0 *
Fa
0  1e-07 170 0

0101000
+109 0 *
Ed
 1e-07 1 1 0
1  264 0 0 8.03880531534263
0

0101000
+141 0 -269 0 *
Wi

0101100
-139 0 +107 0 -201 0 *
Fa
0  1e-07 171 0

0101000
+106 0 *
Ed
 1e-07 1 1 0
1  265 0 0 5.96203505868706
0

0101000
+179 0 -156 0 *
Wi

0101100
-177 0 +104 0 -155 0 *
Fa
0  1e-07 172 0

0101000
+103 0 *
Ve
1e-07
44.982048034668 33.796085357666 22.4055194854736
0 0

0101101
*
Ed
 1e-07 1 1 0
1  266 0 0 4.71650817612481
0

0101000
+156 0 -101 0 *
Ed
 1e-07 1 1 0
1  267 0 0 4.53491174878373
0

0101000
+101 0 -198 0 *
Wi

0101100
-154 0 +100 0 +99 0 *
Fa
0  1e-07 173 0

0101000
+98 0 *
Ed
 1e-07 1 1 0
1  268 0 0 6.09520178220153
0

0101000
+101 0 -166 0 *
Wi

0101100
-99 0 +96 0 -124 0 *
Fa
0  1e-07 174 0

0101000
+95 0 *
Ed
 1e-07 1 1 0
1  269 0 0 5.33011679799378
0

0101000
+166 0 -115 0 *
Wi

0101100
-164 0 +93 0 -114 0 *
Fa
0  1e-07 175 0

0101000
+92 0 *
Ve
1e-07
47.498291015625 26.6859550476074 31.1229496002197
0 0

0101101
*
Ed
 1e-07 1 1 0
1  270 0 0 10.4622102820473
0

0101000
+269 0 -90 0 *
Ed
 1e-07 1 1 0
1  271 0 0 7.50884765935932
0

0101000
+90 0 -179 0 *
Wi

0101100
-136 0 +89 0 +88 0 *
Fa
0  1e-07 176 0

0101000
+87 0 *
Ed
 1e-07 1 1 0
1  272 0 0 4.96107633937764
0

0101000
+141 0 -90 0 *
Wi

0101100
-89 0 -107 0 +85 0 *
Fa
0  1e-07 177 0

0101000
+84 0 *
Ve
1e-07
47.1647033691406 29.8653984069824 37.4082260131836
0 0

0101101
*
Ed
 1e-07 1 1 0
1  273 0 0 6.3873643130748
0

0101000
+82 0 -174 0 *
Ed
 1e-07 1 1 0
1  274 0 0 5.09228734196083
0

0101000
+161 0 -82 0 *
Wi

0101100
+81 0 -130 0 +80 0 *
Fa
0  1e-07 178 0

0101000
+79 0 *
Ve
1e-07
47.2670135498047 29.7293014526367 26.7929039001465
0 0

0101101
*
Ed
 1e-07 1 1 0
1  275 0 0 6.34245982151074
0

0101000
+179 0 -77 0 *
Ed
 1e-07 1 1 0
1  276 0 0 6.52577468476809
0

0101000
+77 0 -156 0 *
Wi

0101100
-104 0 +76 0 +75 0 *
Fa
0  1e-07 179 0

0101000
+74 0 *
Ed
 1e-07 1 1 0
1  277 0 0 5.21886125616931
0

0101000
+115 0 -146 0 *
Wi

0101100
-145 0 -113 0 +72 0 *
Fa
0  1e-07 180 0

0101000
+71 0 *
Ed
 1e-07 1 1 0
1  278 0 0 6.40382235369499
0

0101000
+77 0 -101 0 *
Wi

0101100
+69 0 -100 0 -75 0 *
Fa
0  1e-07 181 0

0101000
+68 0 *
Ve
1e-07
46.2762908935547 34.831916809082 38.9227294921875
0 0

0101101
*
Ed
 1e-07 1 1 0
1  279 0 0 5.26776067727889
0

0101000
+66 0 -82 0 *
Ed
 1e-07 1 1 0
1  280 0 0 6.01008582409536
0

0101000
+161 0 -66 0 *
Wi

0101100
+65 0 -80 0 +64 0 *
Fa
0  1e-07 182 0

0101000
+63 0 *
Ve
1e-07
47.2038345336914 34.0179710388184 26.6732902526855
0 0

0101101
*
Ed
 1e-07 1 1 0
1  281 0 0 4.81657926584955
0

0101000
+61 0 -101 0 *
Ed
 1e-07 1 1 0
1  282 0 0 4.29080246948929
0

0101000
+77 0 -61 0 *
Wi

0101100
+60 0 -69 0 +59 0 *
Fa
0  1e-07 183 0

0101000
+58 0 *
Ed
 1e-07 1 1 0
1  283 0 0 5.87144441581391
0

0101000
+190 0 -66 0 *
Wi

0101100
-127 0 +56 0 -64 0 *
Fa
0  1e-07 184 0

0101000
+55 0 *
Ed
 1e-07 1 1 0
1  284 0 0 4.87732177069004
0

0101000
+151 0 -66 0 *
Wi

0101100
-120 0 +53 0 -56 0 *
Fa
0  1e-07 185 0

0101000
+52 0 *
Ed
 1e-07 1 1 0
1  285 0 0 6.68604997282201
0

0101000
+61 0 -166 0 *
Wi

0101100
-60 0 +50 0 -96 0 *
Fa
0  1e-07 186 0

0101000
+49 0 *
Ed
 1e-07 1 1 0
1  286 0 0 7.22275356311459
0

0101000
+61 0 -115 0 *
Wi

0101100
-93 0 -50 0 +47 0 *
Fa
0  1e-07 187 0

0101000
+46 0 *
Ve
1e-07
47.5679550170898 36.8990707397461 32.9238319396973
0 0

0101101
*
Ed
 1e-07 1 1 0
1  287 0 0 7.06673821040975
0

0101000
+44 0 -151 0 *
Ed
 1e-07 1 1 0
1  288 0 0 6.12100437254637
0

0101000
+146 0 -44 0 *
Wi

0101100
+43 0 -110 0 +42 0 *
Fa
0  1e-07 188 0

0101000
+41 0 *
Ed
 1e-07 1 1 0
1  289 0 0 5.29761666902427
0

0101000
+90 0 -77 0 *
Wi

0101100
+39 0 -76 0 -88 0 *
Fa
0  1e-07 189 0

0101000
+38 0 *
Ed
 1e-07 1 1 0
1  290 0 0 7.61403347647913
0

0101000
+82 0 -141 0 *
Wi

0101100
-81 0 +36 0 -133 0 *
Fa
0  1e-07 190 0

0101000
+35 0 *
Ed
 1e-07 1 1 0
1  291 0 0 6.47520605281106
0

0101000
+44 0 -66 0 *
Wi

0101100
-53 0 -43 0 +33 0 *
Fa
0  1e-07 191 0

0101000
+32 0 *
Ed
 1e-07 1 1 0
1  292 0 0 5.41959630938729
0

0101000
+115 0 -44 0 *
Wi

0101100
-42 0 -72 0 +30 0 *
Fa
0  1e-07 192 0

0101000
+29 0 *
Ed
 1e-07 1 1 0
1  293 0 0 7.05158424616204
0

0101000
+82 0 -90 0 *
Wi

0101100
-36 0 +27 0 -85 0 *
Fa
0  1e-07 193 0

0101000
+26 0 *
Ve
1e-07
47.5915794372559 32 32
0 0

0101101
*
Ed
 1e-07 1 1 0
1  294 0 0 5.38674241907056
0

0101000
+90 0 -24 0 *
Ed
 1e-07 1 1 0
1  295 0 0 5.68992659894698
0

0101000
+24 0 -77 0 *
Wi

0101100
+23 0 +22 0 -39 0 *
Fa
0  1e-07 194 0

0101000
+21 0 *
Ed
 1e-07 1 1 0
1  296 0 0 10.3709094304575
0

0101000
+90 0 -44 0 *
Ed
 1e-07 1 1 0
1  297 0 0 4.98547065772825
0

0101000
+44 0 -24 0 *
Wi

0101100
+19 0 +18 0 -23 0 *
Fa
0  1e-07 195 0

0101000
+17 0 *
Ed
 1e-07 1 1 0
1  298 0 0 8.35134411831881
0

0101000
+82 0 -44 0 *
Wi

0101100
+15 0 -19 0 -27 0 *
Fa
0  1e-07 196 0

0101000
+14 0 *
Ed
 1e-07 1 1 0
1  299 0 0 9.43845517143873
0

0101000
+77 0 -44 0 *
Ed
 1e-07 1 1 0
1  300 0 0 6.89221231493832
0

0101000
+44 0 -61 0 *
Wi

0101100
+12 0 +11 0 -59 0 *
Fa
0  1e-07 197 0

0101000
+10 0 *
Wi

0101100
-18 0 -12 0 -22 0 *
Fa
0  1e-07 198 0

0101000
+8 0 *
Wi

0101100
-65 0 -33 0 -15 0 *
Fa
0  1e-07 199 0

0101000
+6 0 *
Wi

0101100
-11 0 -30 0 -47 0 *
Fa
0  1e-07 200 0

0101000
+4 0 *
Sh

0101100
+797 0 +792 0 +784 0 +779 0 +774 0 +769 0 +766 0 +761 0 +756 0 +751 0 
+746 0 +741 0 +738 0 +733 0 +728 0 +725 0 +720 0 +715 0 +710 0 +707 0 
+704 0 +699 0 +694 0 +689 0 +686 0 +683 0 +678 0 +675 0 +670 0 +665 0 
+660 0 +655 0 +650 0 +645 0 +641 0 +638 0 +633 0 +628 0 +623 0 +618 0 
+613 0 +610 0 +607 0 +602 0 +597 0 +594 0 +591 0 +588 0 +583 0 +580 0 
+577 0 +574 0 +569 0 +566 0 +563 0 +560 0 +557 0 +552 0 +547 0 +542 0 
+537 0 +532 0 +527 0 +522 0 +517 0 +514 0 +509 0 +506 0 +503 0 +498 0 
+495 0 +492 0 +489 0 +485 0 +483 0 +480 0 +477 0 +474 0 +471 0 +466 0 
+463 0 +458 0 +453 0 +450 0 +445 0 +442 0 +437 0 +432 0 +427 0 +422 0 
+417 0 +412 0 +407 0 +402 0 +397 0 +392 0 +389 0 +386 0 +383 0 +378 0 
+373 0 +370 0 +367 0 +362 0 +357 0 +354 0 +349 0 +346 0 +343 0 +340 0 
+337 0 +334 0 +331 0 +328 0 +323 0 +320 0 +317 0 +312 0 +309 0 +304 0 
+301 0 +296 0 +291 0 +286 0 +283 0 +280 0 +275 0 +270 0 +265 0 +260 0 
+257 0 +252 0 +249 0 +244 0 +241 0 +238 0 +235 0 +230 0 +227 0 +224 0 
+219 0 +216 0 +213 0 +208 0 +205 0 +202 0 +199 0 +194 0 +191 0 +186 0 
+183 0 +180 0 +175 0 +170 0 +167 0 +162 0 +157 0 +152 0 +147 0 +142 0 
+137 0 +134 0 +131 0 +128 0 +125 0 +122 0 +118 0 +116 0 +111 0 +108 0 
+105 0 +102 0 +97 0 +94 0 +91 0 +86 0 +83 0 +78 0 +73 0 +70 0 
+67 0 +62 0 +57 0 +54 0 +51 0 +48 0 +45 0 +40 0 +37 0 +34 0 
+31 0 +28 0 +25 0 +20 0 +16 0 +13 0 +9 0 +7 0 +5 0 +3 0 
*
So

1100000
+2 0 *

-1 0 