$MeshFormat
4.1 0 8
$EndMeshFormat
$PhysicalNames
5
2 2 "top_surface"
2 3 "bottom_surface"
2 4 "curved_surface"
2 5 "mesophyll_surfaces"
3 1 "airspace"
$EndPhysicalNames
$Entities
254 753 503 1
1 0.5902296272714156 -2.220446049250313e-16 0.9999999999999998 0 
2 0.5902296272714156 -2.220446049250313e-16 0 0 
3 0.2494998272364928 -0.3457194635274335 0.5402898770492881 0 
4 0.1816635681994307 -0.3773974141751717 0.5039536606887223 0 
5 0.2564675702508377 -0.3403083396631977 0.6235215762541417 0 
6 0.1793296978503005 -0.3462588825122018 0.4076269268230214 0 
7 0.1196356768309568 -0.4096059640074078 0.6215424130726097 0 
8 0.289075127847477 -0.3060262799859259 0.5065318143060205 0 
9 0.07139842517123796 -0.3793110084415219 0.3999965900132214 0 
10 0.1142373542768351 -0.4119314177471357 0.5374645674288776 0 
11 0.1891194745592404 -0.3709190440788987 0.66269721391556 0 
12 0.3391145418969399 -0.2582186281978494 0.6272784079800857 0 
13 0.2342818918490728 -0.3072435636203427 0.4115909482571217 0 
14 0.05880657271575174 -0.3310786958699588 0.3133873104942118 0 
15 0.04409877457619404 -0.4094157083157776 0.4572226797192634 0 
16 0.002327998882093896 -0.4093127434474344 0.5381529654399948 0 
17 0.240624789813134 -0.3178855850300636 0.7167039253249385 0 
18 0.08169027531064554 -0.3749378490724174 0.7623764798626329 0 
19 0.3427171531152324 -0.2537050576083772 0.546489692653471 0 
20 0.1642200192113894 -0.300990728416795 0.330663585670198 0 
21 0.3098819942726592 -0.2424613242245188 0.427342909951431 0 
22 -0.03703376176454032 -0.3450359038067511 0.3279246092947545 0 
23 -0.07277174367222072 -0.3762105210525573 0.3930113081960435 0 
24 -0.05691868186734284 -0.4097783281041948 0.4742257930810412 0 
25 0.008920875185354227 -0.4132231404958678 0.5808410003626132 0 
26 0.1764613980034073 -0.3463506084350558 0.7563935305474785 0 
27 0.03956902595307688 -0.4096928516398217 0.698809306551444 0 
28 0.2904226925316606 -0.2430165684509246 0.7706440094431022 0 
29 0.3801987843376973 -0.1768829340576576 0.6491631043976347 0 
30 0.37480459448999 -0.1882205605152916 0.5049455102281293 0 
31 0.2194539428303517 -0.29342026545114 0.362857116642538 0 
32 0.3469326144554357 -0.1762840948184674 0.4043811395243939 0 
33 0.2957319099035838 -0.2254347753934399 0.3705166847903915 0 
34 0.1511169207331525 -0.2358102876383065 0.2626853026492937 0 
35 -0.07542267324149632 -0.2873283034045956 0.2706030641503174 0 
36 -0.02183185321419179 -0.4106765869629788 0.5912710441726012 0 
37 0.158437858949334 -0.3131902257572268 0.8127443936731671 0 
38 0.03970842919626671 -0.3441382497342718 0.8298341426730642 0 
39 0.227629444094817 -0.2928667347859299 0.7896244212286425 0 
40 0.3462714822268818 -0.1786560163059244 0.7494693321470576 0 
41 0.2313797239691306 -0.1980949065091451 0.28128217912005 0 
42 0.3155105388133674 -0.1483766339873813 0.3407585778674844 0 
43 0.06141209291333161 -0.2723590359860524 0.2548720683812326 0 
44 -0.1565512784712503 -0.3180934803222427 0.3485638491158662 0 
45 -0.1771694011705639 -0.3472650957263452 0.4067434852286996 0 
46 -0.1115075000948197 -0.4098281221765995 0.5259317965903181 0 
47 -0.07336443425064842 -0.3766689490713798 0.7627669702199156 0 
48 0.2052764414821395 -0.2292692717606568 0.8739209475203145 0 
49 0.3078186649970793 -0.163879675718522 0.8165743037442383 0 
50 0.3750704988685423 -0.07476043223804874 0.7646794053125168 0 
51 0.4119314177471356 -0.1142366486928124 0.6195602259595545 0 
52 0.4096917932637909 -0.0396119153818385 0.4582124629054646 0 
53 0.3742010177580808 -0.07573539815979047 0.3896095868285684 0 
54 0.1776720793873356 -0.174707568119167 0.2317602605518186 0 
55 -0.163879675718522 -0.2380619070500238 0.2706936812982776 0 
56 -0.02864582931061055 -0.2479341866906715 0.2310680826262997 0 
57 -0.1930798168766524 -0.3725288844238066 0.5054800909224655 0 
58 -0.1142367998893884 -0.4119314681459936 0.6195617379253162 0 
59 0.06904631043525411 -0.2992231396441255 0.8752589364213443 0 
60 -0.04409726261043245 -0.4094157083157776 0.6998029704497652 0 
61 -0.07012973470093653 -0.3121173348530133 0.8623677147451194 0 
62 0.4094158091134958 -0.04409605303782316 0.6998021640680263 0 
63 0.40982817257546 -0.1115069457073729 0.5259337117469478 0 
64 0.3133679825318951 -0.06959817793812373 0.2941775839015445 0 
65 0.0748291762813299 -0.1829228844820125 0.201282558724253 0 
66 -0.07476043223804874 -0.1861670590171601 0.2034418474268144 0 
67 -0.2292693221595147 -0.2954087020226761 0.3732360560097934 0 
68 -0.2992334210113025 -0.2967471949122896 0.5094934024403843 0 
69 -0.1818151175675721 -0.3772963644634583 0.6532706113824813 0 
70 -0.1773100139863629 -0.3455559192309197 0.7549832696830605 0 
71 0.2299484971794907 -0.1565512784712503 0.8966058770164573 0 
72 0.3079092821450395 -0.07542267324149632 0.8658405993010945 0 
73 0.3772297875711037 0.0748291762813299 0.7614352307773693 0 
74 0.4106765869629785 -0.02183185321419179 0.5912710441726012 0 
75 0.4097797896710986 0.0568849650308646 0.6828009154640204 0 
76 0.3758232562222319 0.0722603464528937 0.3927229259265075 0 
77 0.3430313396004303 0.04745886648637487 0.3249924540938781 0 
78 0.1855042636262707 -0.08526153843882089 0.2053057988173386 0 
79 -0.1786560163059244 -0.1709569858517009 0.2322408640684751 0 
80 -0.2430165684509246 -0.1921316631477453 0.2880896033648383 0 
81 -0.2509323643964581 -0.3450257232372924 0.615676489907377 0 
82 0.1717691634598097 -0.177169048378551 0.925777442021702 0 
83 -0.03815639634230072 -0.2502236052464236 0.9238550279550761 0 
84 -0.208704924643589 -0.2935200551913862 0.80750129960387 0 
85 0.3474442636690571 -0.02864582931061055 0.8264465329860282 0 
86 0.4093126930485764 0.002328099679809514 0.5381529654399948 0 
87 0.4094158091134958 0.04409746420586902 0.457223334904426 0 
88 0.2528081091199208 -0.01995726766448047 0.234048570332677 0 
89 0.1196343664606292 -0.04303354429850226 0.168906432686807 0 
90 -0.1768829340576576 -0.07065075810227783 0.1983135619576594 0 
91 -0.2928667347859299 -0.2111120749332857 0.3508829022005397 0 
92 -0.04409605303782316 -0.1212898681715275 0.1690965371818611 0 
93 -0.3131902257572268 -0.2342320473778102 0.4200744873460227 0 
94 -0.3099805240414356 -0.286158344298507 0.6481540184485466 0 
95 0.07302126842169399 -0.1930858143408388 0.9510419867020441 0 
96 -0.1921356446575837 -0.2430121837502156 0.8689355932144618 0 
97 -0.2285529527818138 -0.3140557757567078 0.7439934961482393 0 
98 0.2505877370006022 -0.03703376176454032 0.92354819970325 0 
99 0.1855010380993132 -0.07277174367222072 0.9547228169490536 0 
100 0.3236402779141243 0.06141209291333161 0.8508714326802669 0 
101 0.4096059136085499 0.1196338624720429 0.621546444981306 0 
102 0.4132231404958677 0.008920875185354227 0.5808410003626132 0 
103 0.4119314177471356 0.1142371526813984 0.5374667345798017 0 
104 0.3493654681630736 0.1728731000609907 0.4034308186445626 0 
105 0.3766587685019211 0.1828961226880381 0.5028018955706266 0 
106 0.2684290337815824 0.07240730952489205 0.2548041307196926 0 
107 0.0568849650308646 -0.1042885187698059 0.1687325566242583 0 
108 -0.2582186281978494 -0.04876606168472908 0.239397753999559 0 
109 -0.3178855850300636 -0.1381915286307238 0.3378875564822229 0 
110 -0.3441218701051902 -0.2513515317043472 0.5388146016571351 0 
111 0.1042865028154577 -0.05691868186734284 0.9882906743995514 0 
112 -0.1709571370482771 -0.1786558651093483 0.9247838789210965 0 
113 -0.07064843975477741 -0.1768846476188534 0.9587112818296277 0 
114 -0.2941620358536323 -0.2287025869933252 0.7858909745731388 0 
115 0.265125086200003 0.05880657271575174 0.9095910421653155 0 
116 0.3732064466803027 0.1855041628285523 0.6637742375261879 0 
117 0.3467520857435382 0.1776719785896175 0.7532200152122395 0 
118 0.3101230016150089 0.1508105964699128 0.3361307530653168 0 
119 0.1816620562336717 0.07456125594842944 0.201115184114477 0 
120 0.008920875185354227 -0.002328654067256575 0.1652892561983469 0 
121 -0.1142366486928124 -0.04104782926533723 0.1665809285482212 0 
122 -0.2537050576083772 0.0320226032430253 0.2357952435789822 0 
123 -0.3463506084350558 -0.1778811842521218 0.4020509482919494 0 
124 -0.3768578943926824 -0.1841120959521274 0.6506096524403231 0 
125 0.05258039850846263 -0.1115076008925354 0.9883404684719563 0 
126 -0.2380497609250749 -0.1638823972568931 0.8863376135429271 0 
127 -0.04104823245620792 -0.11423634629966 0.9904438144413503 0 
128 0.1785157562821353 0.07139842517123796 0.9578233547368786 0 
129 0.1212896665760934 0.04409877457619404 0.9879281050099922 0 
130 0.3158270436460633 0.1511169207331525 0.8143226843325211 0 
131 0.3427881147082958 0.2536191275542781 0.6101326154493032 0 
132 0.3204911556265011 0.2360822398799054 0.4374121987307736 0 
133 0.2342747352111376 0.1669239179811697 0.2712653051537624 0 
134 0.1793298994457344 0.1708853690734751 0.232253514182013 0 
135 0.1142376566699876 0.0410473252767507 0.1665809789470791 0 
136 0.002328099679809514 0.04035938085536206 0.1691996532467804 0 
137 -0.02183185321419179 -0.01275869787724437 0.167835809731236 0 
138 -0.1882205605152916 0.07356688646608533 0.2037077014065088 0 
139 -0.3060262799859259 0.07198053198933652 0.2894372688467378 0 
140 -0.3403083396631977 -0.04500922995878487 0.3220448264433798 0 
141 -0.3749378994712753 -0.1838641839661341 0.4968222221812874 0 
142 -0.4096928516398217 -0.1202966578629349 0.5389428163536936 0 
143 -0.347582507738498 -0.175968295569792 0.7522263513139182 0 
144 -0.01275869787724437 -0.02183185321419179 0.9891889836571932 0 
145 -0.1861670086183023 -0.07476048263690915 0.953582895562757 0 
146 -0.1212902209635404 -0.04409570024581289 0.9879282058077106 0 
147 -0.3112822257641923 -0.1644174315409551 0.811341591839839 0 
148 0.1708854698711932 0.1793296978503005 0.9247711784087007 0 
149 0.04104782926533967 0.1142373542768351 0.9904438144413503 0 
150 0.2478487606251587 0.1642200192113894 0.8795031251110121 0 
151 0.3025390821540774 0.2921402856364885 0.6538952548373309 0 
152 0.2972302679730252 0.2313796231714125 0.7766071016079257 0 
153 0.3416497052877583 0.254942299190843 0.5323252446096647 0 
154 0.2957249548610799 0.2079976774593133 0.3530645175975086 0 
155 0.07139842517123796 0.1785157562821353 0.1992013882526929 0 
156 0.04409897617162817 0.1212894649806594 0.1690966883784372 0 
157 -0.09625252154624853 0.07147059633691066 0.1686181512149867 0 
158 -0.3709190440788987 -0.08418486762020316 0.3893929221349767 0 
159 -0.4094156579169197 -0.1212904729578321 0.6226097601023655 0 
160 -0.3774726092723652 -0.07518085951740772 0.7602369475126869 0 
161 0.04035938085536206 0.002327998882093896 0.9878250897427912 0 
162 -0.2955634769177747 -0.07609343165206484 0.8790931807942666 0 
163 -0.1202970610538054 0.03956892515535859 0.9882051979351782 0 
164 0.07455863520777672 0.1816635681994307 0.9559098108693864 0 
165 0.2523557289641398 0.3446934939606774 0.5927844211019386 0 
166 0.2538101392287866 0.3196905193570392 0.465660456644453 0 
167 0.2311459740624344 0.2932734535757204 0.371897361524746 0 
168 0.1255314361205451 0.2450370082977404 0.2578402587660876 0 
169 0.2005197971971089 0.2323937490063719 0.28301847020146 0 
170 0.03806845033385076 0.2495233131046517 0.2320107932784647 0 
171 -0.07525907854612468 0.1831327957285396 0.2014375856136436 0 
172 -0.1751551099845079 0.1742883000135593 0.2306307213304148 0 
173 -0.3457194635274335 0.03822246924606865 0.329012519058864 0 
174 -0.4096059640074078 -0.04303011717611083 0.4588766190655422 0 
175 -0.4119314681459936 -0.04104722447903253 0.6927487429938746 0 
176 -0.002328654067256575 0.008920875185354227 0.9917355371900825 0 
177 -0.2510276686382796 -0.02644123203406912 0.9244064922670776 0 
178 0.03822246924606865 0.2494998272364928 0.9242318098227902 0 
179 0.1669213980382351 0.2342818918490728 0.8857559099156995 0 
180 -0.04303011717611083 0.1196356768309568 0.9881183103027646 0 
181 0.2156552800516791 0.2194539428303517 0.8719326117464967 0 
182 0.2377537684278725 0.3155105388133674 0.7268889298838803 0 
183 0.1882412240473637 0.3737250509364252 0.6569608158172131 0 
184 -0.2424613242245188 0.1511694363439257 0.2686304024215582 0 
185 -0.3462588825122018 0.1708854698711932 0.3991825980461985 0 
186 -0.3773974141751717 0.07455863520777672 0.3968488284947839 0 
187 -0.4132231404958678 -0.002328654067256575 0.5695914207111448 0 
188 -0.4106765869629788 -0.01275869787724437 0.600344149110688 0 
189 -0.3455470994306439 -0.02802415938842651 0.8290026623020714 0 
190 -0.2967148388449996 0.0696717602718423 0.8774628785127205 0 
191 -0.2452174866107801 0.04718358792010269 0.9246333879289885 0 
192 -0.04500922995878487 0.2564675702508377 0.9188206859585546 0 
193 0.07198053198933652 0.289075127847477 0.884538575882422 0 
194 0.2079956615049652 0.2957319099035838 0.8039470712899388 0 
195 0.1203003369796206 0.4096917932637909 0.6181236568908908 0 
196 0.150099670168954 0.3162367863673747 0.3425912315667465 0 
197 0.1856315711433694 0.3761082113693766 0.5048084253324401 0 
198 0.04828097266965059 0.3385993647632088 0.3195807254433403 0 
199 -0.07126895050321258 0.2827473495410302 0.2644277927903241 0 
200 -0.3072435636203427 0.1669213980382351 0.344230454446284 0 
201 -0.1483769363805337 0.2377536676301568 0.2630019082797078 0 
202 -0.4119314177471357 0.04104782926533967 0.4642749920185217 0 
203 -0.4093127434474344 0.04035938085536206 0.5761842970144051 0 
204 -0.3725341763039699 0.07302681229615171 0.7715849561352135 0 
205 -0.4098281221765995 0.05258039850846263 0.6900199471878923 0 
206 -0.183864032769558 0.08169088009695025 0.9534500441711982 0 
207 0.1511694363439257 0.3098819942726592 0.8209736201210178 0 
208 -0.08418486762020316 0.1891194745592404 0.9494313399753975 0 
209 0.1741312571698208 0.3469326144554357 0.7547963907149637 0 
210 0.1748053923039228 0.3473691693695793 0.4022497213907004 0 
211 -0.2254347753934399 0.2079956615049652 0.2827804867906336 0 
212 -0.300990728416795 0.2478487606251587 0.4142923270839673 0 
213 -0.3793110084415219 0.1785157562821353 0.5071139715229767 0 
214 -0.4094157083157776 0.1212896665760934 0.534413521320305 0 
215 -0.4097783281041948 0.1042865028154577 0.6354310281626996 0 
216 -0.234232148175526 0.158437556556182 0.8917026728503019 0 
217 -0.1778812346509797 0.1764613980034073 0.9248630051292703 0 
218 -0.04876606168472908 0.3391145418969399 0.8367309240943457 0 
219 -0.1381915286307238 0.240624789813134 0.8963979313254204 0 
220 0.07356688646608533 0.37480459448999 0.7667328564117906 0 
221 0.1212892633852253 0.4094158091134958 0.5344148820894878 0 
222 0.07586930792738278 0.3763181730147618 0.3953219950701698 0 
223 -0.03006596835133502 0.3424019586528617 0.3240177905652913 0 
224 -0.1980942513239826 0.2972309735570453 0.3471334791068252 0 
225 -0.29342026545114 0.2156552800516791 0.3590584034650052 0 
226 -0.3310786958699588 0.265125086200003 0.5197057735796051 0 
227 -0.3472650957263452 0.1717687602689415 0.7556817978647783 0 
228 -0.295408752421534 0.205276139088987 0.807781718853732 0 
229 0.0320226032430253 0.3427171531152324 0.832217403903734 0 
230 0.05257868494726692 0.40982817257546 0.6900192416038717 0 
231 0.04104762766990311 0.4119314177471356 0.4642748408219454 0 
232 -0.08526199202854945 0.3732062450848659 0.3930076794782181 0 
233 -0.1747078705123194 0.3467520857435382 0.4008406197000338 0 
234 -0.2358102876383065 0.3158270436460633 0.4273954255622043 0 
235 -0.3450359038067511 0.2505877370006022 0.6155460576610365 0 
236 -0.3762105210525573 0.1855010380993132 0.6512840899675776 0 
237 -0.2111120749332857 0.227629444094817 0.8713791314801473 0 
238 -0.1921316631477453 0.2904226925316606 0.8215289147462814 0 
239 -0.07065075810227783 0.3801987843376973 0.7553952299541538 0 
240 -0.01275869787724437 0.4106765869629785 0.600344149110688 0 
241 -0.04104782926533723 0.4119314177471356 0.6927490453870269 0 
242 0.04035938085536206 0.4093126930485764 0.5761842970144051 0 
243 -0.04303394748937295 0.4096059136085499 0.4588783326267378 0 
244 -0.2723590359860524 0.3236402779141243 0.5171002029831675 0 
245 -0.2873283034045956 0.3079092821450395 0.6539350699357112 0 
246 -0.3180934803222427 0.2299484971794907 0.7350636247666069 0 
247 -0.1709569858517009 0.3462714822268818 0.7571683626012811 0 
248 -0.1829228340831547 0.3772297875711037 0.5036831196151665 0 
249 -0.2380619070500238 0.3078186649970793 0.7423920220138787 0 
250 -0.1861670590171601 0.3750704988685423 0.653272828932266 0 
251 -0.1042885187698059 0.4097797896710986 0.5216273812644923 0 
252 -0.002328654067256575 0.4132231404958677 0.5695914207111448 0 
253 -0.1212898681715275 0.4094158091134958 0.6226083489343219 0 
254 -0.2479341866906715 0.3474442636690571 0.6071581756059674 0 
1 -0.5900612487172656 -0.5902076376223802 0.9999999999999996 0.5902296272714156 0.5901951010110236 0.9999999999999999 0 2 1 -1 
2 0.5902296272714156 -2.220446049250313e-16 0 0.5902296272714156 -2.220446049250313e-16 0.9999999999999998 0 2 2 -1 
3 -0.5900612487172656 -0.5902076376223802 0 0.5902296272714156 0.5901951010110236 0 0 2 2 -2 
4 0.1816635681994307 -0.3773974141751717 0.5039536606887223 0.2494998272364928 -0.3457194635274335 0.5402898770492881 0 2 3 -4 
5 0.1816635681994307 -0.3773974141751717 0.5039536606887223 0.2564675702508377 -0.3403083396631977 0.6235215762541417 0 2 4 -5 
6 0.2494998272364928 -0.3457194635274335 0.5402898770492881 0.2564675702508377 -0.3403083396631977 0.6235215762541417 0 2 5 -3 
7 0.1793296978503005 -0.3462588825122018 0.4076269268230214 0.2494998272364928 -0.3457194635274335 0.5402898770492881 0 2 3 -6 
8 0.1793296978503005 -0.3773974141751717 0.4076269268230214 0.1816635681994307 -0.3462588825122018 0.5039536606887223 0 2 4 -6 
9 0.1196356768309568 -0.4096059640074078 0.5039536606887223 0.1816635681994307 -0.3773974141751717 0.6215424130726097 0 2 7 -4 
10 0.1196356768309568 -0.4096059640074078 0.6215424130726097 0.2564675702508377 -0.3403083396631977 0.6235215762541417 0 2 7 -5 
11 0.2494998272364928 -0.3457194635274335 0.5065318143060205 0.289075127847477 -0.3060262799859259 0.5402898770492881 0 2 3 -8 
12 0.2564675702508377 -0.3403083396631977 0.5065318143060205 0.289075127847477 -0.3060262799859259 0.6235215762541417 0 2 5 -8 
13 0.1793296978503005 -0.3462588825122018 0.4076269268230214 0.289075127847477 -0.3060262799859259 0.5065318143060205 0 2 6 -8 
14 0.07139842517123796 -0.3793110084415219 0.3999965900132214 0.1793296978503005 -0.3462588825122018 0.4076269268230214 0 2 9 -6 
15 0.07139842517123796 -0.3793110084415219 0.3999965900132214 0.1816635681994307 -0.3773974141751717 0.5039536606887223 0 2 4 -9 
16 0.1142373542768351 -0.4119314177471357 0.5039536606887223 0.1816635681994307 -0.3773974141751717 0.5374645674288776 0 2 10 -4 
17 0.1142373542768351 -0.4119314177471357 0.5374645674288776 0.1196356768309568 -0.4096059640074078 0.6215424130726097 0 2 7 -10 
18 0.1891194745592404 -0.3709190440788987 0.6235215762541417 0.2564675702508377 -0.3403083396631977 0.66269721391556 0 2 11 -5 
19 0.1196356768309568 -0.4096059640074078 0.6215424130726097 0.1891194745592404 -0.3709190440788987 0.66269721391556 0 2 11 -7 
20 0.2564675702508377 -0.3403083396631977 0.6235215762541417 0.3391145418969399 -0.2582186281978494 0.6272784079800857 0 2 12 -5 
21 0.289075127847477 -0.3060262799859259 0.5065318143060205 0.3391145418969399 -0.2582186281978494 0.6272784079800857 0 2 8 -12 
22 0.1793296978503005 -0.3462588825122018 0.4076269268230214 0.2342818918490728 -0.3072435636203427 0.4115909482571217 0 2 6 -13 
23 0.2342818918490728 -0.3072435636203427 0.4115909482571217 0.289075127847477 -0.3060262799859259 0.5065318143060205 0 2 8 -13 
24 0.05880657271575174 -0.3462588825122018 0.3133873104942118 0.1793296978503005 -0.3310786958699588 0.4076269268230214 0 2 6 -14 
25 0.05880657271575174 -0.3793110084415219 0.3133873104942118 0.07139842517123796 -0.3310786958699588 0.3999965900132214 0 2 9 -14 
26 0.04409877457619404 -0.4094157083157776 0.4572226797192634 0.1816635681994307 -0.3773974141751717 0.5039536606887223 0 2 15 -4 
27 0.04409877457619404 -0.4094157083157776 0.3999965900132214 0.07139842517123796 -0.3793110084415219 0.4572226797192634 0 2 15 -9 
28 0.04409877457619404 -0.4119314177471357 0.4572226797192634 0.1142373542768351 -0.4094157083157776 0.5374645674288776 0 2 10 -15 
29 0.002327998882093896 -0.4096059640074078 0.5381529654399948 0.1196356768309568 -0.4093127434474344 0.6215424130726097 0 2 7 -16 
30 0.002327998882093896 -0.4119314177471357 0.5374645674288776 0.1142373542768351 -0.4093127434474344 0.5381529654399948 0 2 16 -10 
31 0.240624789813134 -0.3403083396631977 0.6235215762541417 0.2564675702508377 -0.3178855850300636 0.7167039253249385 0 2 17 -5 
32 0.1891194745592404 -0.3709190440788987 0.66269721391556 0.240624789813134 -0.3178855850300636 0.7167039253249385 0 2 17 -11 
33 0.08169027531064554 -0.4096059640074078 0.6215424130726097 0.1196356768309568 -0.3749378490724174 0.7623764798626329 0 2 18 -7 
34 0.08169027531064554 -0.3749378490724174 0.66269721391556 0.1891194745592404 -0.3709190440788987 0.7623764798626329 0 2 18 -11 
35 0.240624789813134 -0.3178855850300636 0.6272784079800857 0.3391145418969399 -0.2582186281978494 0.7167039253249385 0 2 17 -12 
36 0.3391145418969399 -0.2582186281978494 0.546489692653471 0.3427171531152324 -0.2537050576083772 0.6272784079800857 0 2 12 -19 
37 0.289075127847477 -0.3060262799859259 0.5065318143060205 0.3427171531152324 -0.2537050576083772 0.546489692653471 0 2 19 -8 
38 0.1642200192113894 -0.3072435636203427 0.330663585670198 0.2342818918490728 -0.300990728416795 0.4115909482571217 0 2 13 -20 
39 0.1642200192113894 -0.3462588825122018 0.330663585670198 0.1793296978503005 -0.300990728416795 0.4076269268230214 0 2 6 -20 
40 0.289075127847477 -0.3060262799859259 0.427342909951431 0.3098819942726592 -0.2424613242245188 0.5065318143060205 0 2 8 -21 
41 0.2342818918490728 -0.3072435636203427 0.4115909482571217 0.3098819942726592 -0.2424613242245188 0.427342909951431 0 2 13 -21 
42 0.05880657271575174 -0.3310786958699588 0.3133873104942118 0.1642200192113894 -0.300990728416795 0.330663585670198 0 2 20 -14 
43 -0.03703376176454032 -0.3450359038067511 0.3133873104942118 0.05880657271575174 -0.3310786958699588 0.3279246092947545 0 2 22 -14 
44 -0.03703376176454032 -0.3793110084415219 0.3279246092947545 0.07139842517123796 -0.3450359038067511 0.3999965900132214 0 2 9 -22 
45 -0.07277174367222072 -0.3793110084415219 0.3930113081960435 0.07139842517123796 -0.3762105210525573 0.3999965900132214 0 2 9 -23 
46 -0.07277174367222072 -0.4094157083157776 0.3930113081960435 0.04409877457619404 -0.3762105210525573 0.4572226797192634 0 2 15 -23 
47 -0.05691868186734284 -0.4119314177471357 0.4742257930810412 0.1142373542768351 -0.4097783281041948 0.5374645674288776 0 2 24 -10 
48 -0.05691868186734284 -0.4097783281041948 0.4572226797192634 0.04409877457619404 -0.4094157083157776 0.4742257930810412 0 2 24 -15 
49 0.008920875185354227 -0.4132231404958678 0.5808410003626132 0.1196356768309568 -0.4096059640074078 0.6215424130726097 0 2 7 -25 
50 0.002327998882093896 -0.4132231404958678 0.5381529654399948 0.008920875185354227 -0.4093127434474344 0.5808410003626132 0 2 25 -16 
51 -0.05691868186734284 -0.4097783281041948 0.4742257930810412 0.002327998882093896 -0.4093127434474344 0.5381529654399948 0 2 16 -24 
52 0.1764613980034073 -0.3463506084350558 0.7167039253249385 0.240624789813134 -0.3178855850300636 0.7563935305474785 0 2 26 -17 
53 0.1764613980034073 -0.3709190440788987 0.66269721391556 0.1891194745592404 -0.3463506084350558 0.7563935305474785 0 2 26 -11 
54 0.03956902595307688 -0.4096928516398217 0.698809306551444 0.08169027531064554 -0.3749378490724174 0.7623764798626329 0 2 18 -27 
55 0.03956902595307688 -0.4096928516398217 0.6215424130726097 0.1196356768309568 -0.4096059640074078 0.698809306551444 0 2 27 -7 
56 0.08169027531064554 -0.3749378490724174 0.7563935305474785 0.1764613980034073 -0.3463506084350558 0.7623764798626329 0 2 26 -18 
57 0.240624789813134 -0.3178855850300636 0.7167039253249385 0.2904226925316606 -0.2430165684509246 0.7706440094431022 0 2 17 -28 
58 0.2904226925316606 -0.2582186281978494 0.6272784079800857 0.3391145418969399 -0.2430165684509246 0.7706440094431022 0 2 28 -12 
59 0.3391145418969399 -0.2582186281978494 0.6272784079800857 0.3801987843376973 -0.1768829340576576 0.6491631043976347 0 2 29 -12 
60 0.3427171531152324 -0.2537050576083772 0.546489692653471 0.3801987843376973 -0.1768829340576576 0.6491631043976347 0 2 19 -29 
61 0.289075127847477 -0.3060262799859259 0.5049455102281293 0.37480459448999 -0.1882205605152916 0.5065318143060205 0 2 8 -30 
62 0.3427171531152324 -0.2537050576083772 0.5049455102281293 0.37480459448999 -0.1882205605152916 0.546489692653471 0 2 19 -30 
63 0.2194539428303517 -0.3072435636203427 0.362857116642538 0.2342818918490728 -0.29342026545114 0.4115909482571217 0 2 13 -31 
64 0.1642200192113894 -0.300990728416795 0.330663585670198 0.2194539428303517 -0.29342026545114 0.362857116642538 0 2 31 -20 
65 0.289075127847477 -0.3060262799859259 0.4043811395243939 0.3469326144554357 -0.1762840948184674 0.5065318143060205 0 2 8 -32 
66 0.3098819942726592 -0.2424613242245188 0.4043811395243939 0.3469326144554357 -0.1762840948184674 0.427342909951431 0 2 32 -21 
67 0.2342818918490728 -0.3072435636203427 0.3705166847903915 0.2957319099035838 -0.2254347753934399 0.4115909482571217 0 2 13 -33 
68 0.2957319099035838 -0.2424613242245188 0.3705166847903915 0.3098819942726592 -0.2254347753934399 0.427342909951431 0 2 21 -33 
69 0.1511169207331525 -0.300990728416795 0.2626853026492937 0.1642200192113894 -0.2358102876383065 0.330663585670198 0 2 20 -34 
70 0.05880657271575174 -0.3310786958699588 0.2626853026492937 0.1511169207331525 -0.2358102876383065 0.3133873104942118 0 2 14 -34 
71 -0.07542267324149632 -0.3450359038067511 0.2706030641503174 -0.03703376176454032 -0.2873283034045956 0.3279246092947545 0 2 22 -35 
72 -0.07542267324149632 -0.3310786958699588 0.2706030641503174 0.05880657271575174 -0.2873283034045956 0.3133873104942118 0 2 14 -35 
73 -0.07277174367222072 -0.3762105210525573 0.3279246092947545 -0.03703376176454032 -0.3450359038067511 0.3930113081960435 0 2 23 -22 
74 -0.07277174367222072 -0.4097783281041948 0.3930113081960435 -0.05691868186734284 -0.3762105210525573 0.4742257930810412 0 2 24 -23 
75 0.008920875185354227 -0.4132231404958678 0.5808410003626132 0.03956902595307688 -0.4096928516398217 0.698809306551444 0 2 27 -25 
76 -0.02183185321419179 -0.4106765869629788 0.5381529654399948 0.002327998882093896 -0.4093127434474344 0.5912710441726012 0 2 36 -16 
77 -0.02183185321419179 -0.4132231404958678 0.5808410003626132 0.008920875185354227 -0.4106765869629788 0.5912710441726012 0 2 36 -25 
78 -0.05691868186734284 -0.4106765869629788 0.4742257930810412 -0.02183185321419179 -0.4097783281041948 0.5912710441726012 0 2 36 -24 
79 0.158437858949334 -0.3178855850300636 0.7167039253249385 0.240624789813134 -0.3131902257572268 0.8127443936731671 0 2 37 -17 
80 0.158437858949334 -0.3463506084350558 0.7563935305474785 0.1764613980034073 -0.3131902257572268 0.8127443936731671 0 2 37 -26 
81 0.03956902595307688 -0.4096928516398217 0.698809306551444 0.03970842919626671 -0.3441382497342718 0.8298341426730642 0 2 38 -27 
82 0.03970842919626671 -0.3749378490724174 0.7623764798626329 0.08169027531064554 -0.3441382497342718 0.8298341426730642 0 2 38 -18 
83 0.03970842919626671 -0.3463506084350558 0.7563935305474785 0.1764613980034073 -0.3441382497342718 0.8298341426730642 0 2 38 -26 
84 0.227629444094817 -0.2928667347859299 0.7706440094431022 0.2904226925316606 -0.2430165684509246 0.7896244212286425 0 2 28 -39 
85 0.227629444094817 -0.3178855850300636 0.7167039253249385 0.240624789813134 -0.2928667347859299 0.7896244212286425 0 2 39 -17 
86 0.2904226925316606 -0.2430165684509246 0.7494693321470576 0.3462714822268818 -0.1786560163059244 0.7706440094431022 0 2 28 -40 
87 0.3391145418969399 -0.2582186281978494 0.6272784079800857 0.3462714822268818 -0.1786560163059244 0.7494693321470576 0 2 40 -12 
88 0.3462714822268818 -0.1786560163059244 0.6491631043976347 0.3801987843376973 -0.1768829340576576 0.7494693321470576 0 2 40 -29 
89 0.37480459448999 -0.1882205605152916 0.5049455102281293 0.3801987843376973 -0.1768829340576576 0.6491631043976347 0 2 29 -30 
90 0.3469326144554357 -0.1882205605152916 0.4043811395243939 0.37480459448999 -0.1762840948184674 0.5049455102281293 0 2 30 -32 
91 0.2194539428303517 -0.29342026545114 0.362857116642538 0.2957319099035838 -0.2254347753934399 0.3705166847903915 0 2 31 -33 
92 0.2194539428303517 -0.29342026545114 0.28128217912005 0.2313797239691306 -0.1980949065091451 0.362857116642538 0 2 31 -41 
93 0.1642200192113894 -0.300990728416795 0.28128217912005 0.2313797239691306 -0.1980949065091451 0.330663585670198 0 2 20 -41 
94 0.3155105388133674 -0.1762840948184674 0.3407585778674844 0.3469326144554357 -0.1483766339873813 0.4043811395243939 0 2 32 -42 
95 0.3098819942726592 -0.2424613242245188 0.3407585778674844 0.3155105388133674 -0.1483766339873813 0.427342909951431 0 2 21 -42 
96 0.2957319099035838 -0.2254347753934399 0.3407585778674844 0.3155105388133674 -0.1483766339873813 0.3705166847903915 0 2 33 -42 
97 0.1511169207331525 -0.2358102876383065 0.2626853026492937 0.2313797239691306 -0.1980949065091451 0.28128217912005 0 2 41 -34 
98 0.06141209291333161 -0.2723590359860524 0.2548720683812326 0.1511169207331525 -0.2358102876383065 0.2626853026492937 0 2 34 -43 
99 0.05880657271575174 -0.3310786958699588 0.2548720683812326 0.06141209291333161 -0.2723590359860524 0.3133873104942118 0 2 14 -43 
100 -0.1565512784712503 -0.3180934803222427 0.2706030641503174 -0.07542267324149632 -0.2873283034045956 0.3485638491158662 0 2 35 -44 
101 -0.1565512784712503 -0.3450359038067511 0.3279246092947545 -0.03703376176454032 -0.3180934803222427 0.3485638491158662 0 2 22 -44 
102 -0.07542267324149632 -0.2873283034045956 0.2548720683812326 0.06141209291333161 -0.2723590359860524 0.2706030641503174 0 2 35 -43 
103 -0.1565512784712503 -0.3762105210525573 0.3485638491158662 -0.07277174367222072 -0.3180934803222427 0.3930113081960435 0 2 23 -44 
104 -0.1771694011705639 -0.3762105210525573 0.3930113081960435 -0.07277174367222072 -0.3472650957263452 0.4067434852286996 0 2 23 -45 
105 -0.1771694011705639 -0.4097783281041948 0.4067434852286996 -0.05691868186734284 -0.3472650957263452 0.4742257930810412 0 2 45 -24 
106 -0.02183185321419179 -0.4106765869629788 0.5912710441726012 0.03956902595307688 -0.4096928516398217 0.698809306551444 0 2 27 -36 
107 -0.1115075000948197 -0.4106765869629788 0.5259317965903181 -0.02183185321419179 -0.4098281221765995 0.5912710441726012 0 2 36 -46 
108 -0.1115075000948197 -0.4098281221765995 0.4742257930810412 -0.05691868186734284 -0.4097783281041948 0.5259317965903181 0 2 46 -24 
109 0.158437858949334 -0.3131902257572268 0.7896244212286425 0.227629444094817 -0.2928667347859299 0.8127443936731671 0 2 39 -37 
110 0.03970842919626671 -0.3441382497342718 0.8127443936731671 0.158437858949334 -0.3131902257572268 0.8298341426730642 0 2 37 -38 
111 -0.07336443425064842 -0.4096928516398217 0.698809306551444 0.03956902595307688 -0.3766689490713798 0.7627669702199156 0 2 47 -27 
112 -0.07336443425064842 -0.3766689490713798 0.7627669702199156 0.03970842919626671 -0.3441382497342718 0.8298341426730642 0 2 38 -47 
113 0.2052764414821395 -0.2928667347859299 0.7896244212286425 0.227629444094817 -0.2292692717606568 0.8739209475203145 0 2 48 -39 
114 0.2052764414821395 -0.2430165684509246 0.7706440094431022 0.2904226925316606 -0.2292692717606568 0.8739209475203145 0 2 48 -28 
115 0.3078186649970793 -0.1786560163059244 0.7494693321470576 0.3462714822268818 -0.163879675718522 0.8165743037442383 0 2 49 -40 
116 0.2904226925316606 -0.2430165684509246 0.7706440094431022 0.3078186649970793 -0.163879675718522 0.8165743037442383 0 2 49 -28 
117 0.3462714822268818 -0.1786560163059244 0.7494693321470576 0.3750704988685423 -0.07476043223804874 0.7646794053125168 0 2 50 -40 
118 0.3750704988685423 -0.1768829340576576 0.6491631043976347 0.3801987843376973 -0.07476043223804874 0.7646794053125168 0 2 50 -29 
119 0.37480459448999 -0.1882205605152916 0.5049455102281293 0.4119314177471356 -0.1142366486928124 0.6195602259595545 0 2 51 -30 
120 0.3801987843376973 -0.1768829340576576 0.6195602259595545 0.4119314177471356 -0.1142366486928124 0.6491631043976347 0 2 29 -51 
121 0.37480459448999 -0.1882205605152916 0.4582124629054646 0.4096917932637909 -0.0396119153818385 0.5049455102281293 0 2 30 -52 
122 0.3469326144554357 -0.1762840948184674 0.4043811395243939 0.4096917932637909 -0.0396119153818385 0.4582124629054646 0 2 32 -52 
123 0.2313797239691306 -0.2254347753934399 0.28128217912005 0.2957319099035838 -0.1980949065091451 0.3705166847903915 0 2 33 -41 
124 0.3155105388133674 -0.1483766339873813 0.3407585778674844 0.3742010177580808 -0.07573539815979047 0.3896095868285684 0 2 53 -42 
125 0.3469326144554357 -0.1762840948184674 0.3896095868285684 0.3742010177580808 -0.07573539815979047 0.4043811395243939 0 2 32 -53 
126 0.2313797239691306 -0.1980949065091451 0.28128217912005 0.3155105388133674 -0.1483766339873813 0.3407585778674844 0 2 42 -41 
127 0.1776720793873356 -0.1980949065091451 0.2317602605518186 0.2313797239691306 -0.174707568119167 0.28128217912005 0 2 41 -54 
128 0.1511169207331525 -0.2358102876383065 0.2317602605518186 0.1776720793873356 -0.174707568119167 0.2626853026492937 0 2 34 -54 
129 0.06141209291333161 -0.2723590359860524 0.2317602605518186 0.1776720793873356 -0.174707568119167 0.2548720683812326 0 2 43 -54 
130 -0.163879675718522 -0.2873283034045956 0.2706030641503174 -0.07542267324149632 -0.2380619070500238 0.2706936812982776 0 2 55 -35 
131 -0.163879675718522 -0.3180934803222427 0.2706936812982776 -0.1565512784712503 -0.2380619070500238 0.3485638491158662 0 2 44 -55 
132 -0.07542267324149632 -0.2873283034045956 0.2310680826262997 -0.02864582931061055 -0.2479341866906715 0.2706030641503174 0 2 35 -56 
133 -0.02864582931061055 -0.2723590359860524 0.2310680826262997 0.06141209291333161 -0.2479341866906715 0.2548720683812326 0 2 43 -56 
134 -0.1771694011705639 -0.3472650957263452 0.3485638491158662 -0.1565512784712503 -0.3180934803222427 0.4067434852286996 0 2 45 -44 
135 -0.1930798168766524 -0.4097783281041948 0.4742257930810412 -0.05691868186734284 -0.3725288844238066 0.5054800909224655 0 2 57 -24 
136 -0.1930798168766524 -0.3725288844238066 0.4067434852286996 -0.1771694011705639 -0.3472650957263452 0.5054800909224655 0 2 57 -45 
137 -0.1142367998893884 -0.4119314681459936 0.6195617379253162 0.03956902595307688 -0.4096928516398217 0.698809306551444 0 2 58 -27 
138 -0.1142367998893884 -0.4119314681459936 0.5912710441726012 -0.02183185321419179 -0.4106765869629788 0.6195617379253162 0 2 58 -36 
139 -0.1142367998893884 -0.4119314681459936 0.5259317965903181 -0.1115075000948197 -0.4098281221765995 0.6195617379253162 0 2 58 -46 
140 -0.1930798168766524 -0.4098281221765995 0.5054800909224655 -0.1115075000948197 -0.3725288844238066 0.5259317965903181 0 2 46 -57 
141 0.158437858949334 -0.3131902257572268 0.8127443936731671 0.2052764414821395 -0.2292692717606568 0.8739209475203145 0 2 48 -37 
142 0.06904631043525411 -0.3131902257572268 0.8127443936731671 0.158437858949334 -0.2992231396441255 0.8752589364213443 0 2 59 -37 
143 0.03970842919626671 -0.3441382497342718 0.8298341426730642 0.06904631043525411 -0.2992231396441255 0.8752589364213443 0 2 59 -38 
144 -0.07336443425064842 -0.4094157083157776 0.6998029704497652 -0.04409726261043245 -0.3766689490713798 0.7627669702199156 0 2 47 -60 
145 -0.04409726261043245 -0.4096928516398217 0.698809306551444 0.03956902595307688 -0.4094157083157776 0.6998029704497652 0 2 60 -27 
146 -0.07336443425064842 -0.3766689490713798 0.7627669702199156 -0.07012973470093653 -0.3121173348530133 0.8623677147451194 0 2 61 -47 
147 -0.07012973470093653 -0.3441382497342718 0.8298341426730642 0.03970842919626671 -0.3121173348530133 0.8623677147451194 0 2 61 -38 
148 0.2052764414821395 -0.2292692717606568 0.8165743037442383 0.3078186649970793 -0.163879675718522 0.8739209475203145 0 2 49 -48 
149 0.3078186649970793 -0.163879675718522 0.7646794053125168 0.3750704988685423 -0.07476043223804874 0.8165743037442383 0 2 49 -50 
150 0.3801987843376973 -0.1768829340576576 0.6491631043976347 0.4094158091134958 -0.04409605303782316 0.6998021640680263 0 2 62 -29 
151 0.3750704988685423 -0.07476043223804874 0.6998021640680263 0.4094158091134958 -0.04409605303782316 0.7646794053125168 0 2 50 -62 
152 0.37480459448999 -0.1882205605152916 0.5049455102281293 0.40982817257546 -0.1115069457073729 0.5259337117469478 0 2 30 -63 
153 0.40982817257546 -0.1142366486928124 0.5259337117469478 0.4119314177471356 -0.1115069457073729 0.6195602259595545 0 2 51 -63 
154 0.4094158091134958 -0.1142366486928124 0.6195602259595545 0.4119314177471356 -0.04409605303782316 0.6998021640680263 0 2 62 -51 
155 0.4096917932637909 -0.1115069457073729 0.4582124629054646 0.40982817257546 -0.0396119153818385 0.5259337117469478 0 2 63 -52 
156 0.3742010177580808 -0.07573539815979047 0.3896095868285684 0.4096917932637909 -0.0396119153818385 0.4582124629054646 0 2 52 -53 
157 0.3133679825318951 -0.1483766339873813 0.2941775839015445 0.3155105388133674 -0.06959817793812373 0.3407585778674844 0 2 42 -64 
158 0.3133679825318951 -0.07573539815979047 0.2941775839015445 0.3742010177580808 -0.06959817793812373 0.3896095868285684 0 2 53 -64 
159 0.2313797239691306 -0.1980949065091451 0.28128217912005 0.3133679825318951 -0.06959817793812373 0.2941775839015445 0 2 41 -64 
160 0.1776720793873356 -0.174707568119167 0.2317602605518186 0.3133679825318951 -0.06959817793812373 0.2941775839015445 0 2 64 -54 
161 0.0748291762813299 -0.1829228844820125 0.201282558724253 0.1776720793873356 -0.174707568119167 0.2317602605518186 0 2 54 -65 
162 0.06141209291333161 -0.2723590359860524 0.201282558724253 0.0748291762813299 -0.1829228844820125 0.2548720683812326 0 2 43 -65 
163 -0.163879675718522 -0.2380619070500238 0.2034418474268144 -0.07476043223804874 -0.1861670590171601 0.2706936812982776 0 2 55 -66 
164 -0.07542267324149632 -0.2873283034045956 0.2034418474268144 -0.07476043223804874 -0.1861670590171601 0.2706030641503174 0 2 35 -66 
165 -0.2292693221595147 -0.2954087020226761 0.2706936812982776 -0.163879675718522 -0.2380619070500238 0.3732360560097934 0 2 67 -55 
166 -0.2292693221595147 -0.3180934803222427 0.3485638491158662 -0.1565512784712503 -0.2954087020226761 0.3732360560097934 0 2 44 -67 
167 -0.07476043223804874 -0.2479341866906715 0.2034418474268144 -0.02864582931061055 -0.1861670590171601 0.2310680826262997 0 2 56 -66 
168 -0.02864582931061055 -0.2479341866906715 0.201282558724253 0.0748291762813299 -0.1829228844820125 0.2310680826262997 0 2 56 -65 
169 -0.2292693221595147 -0.3472650957263452 0.3732360560097934 -0.1771694011705639 -0.2954087020226761 0.4067434852286996 0 2 45 -67 
170 -0.2992334210113025 -0.3472650957263452 0.4067434852286996 -0.1771694011705639 -0.2967471949122896 0.5094934024403843 0 2 68 -45 
171 -0.2992334210113025 -0.3725288844238066 0.5054800909224655 -0.1930798168766524 -0.2967471949122896 0.5094934024403843 0 2 68 -57 
172 -0.1142367998893884 -0.4119314681459936 0.6195617379253162 -0.04409726261043245 -0.4094157083157776 0.6998029704497652 0 2 60 -58 
173 -0.1930798168766524 -0.4119314681459936 0.5054800909224655 -0.1142367998893884 -0.3725288844238066 0.6195617379253162 0 2 57 -58 
174 0.06904631043525411 -0.2992231396441255 0.8739209475203145 0.2052764414821395 -0.2292692717606568 0.8752589364213443 0 2 48 -59 
175 -0.07012973470093653 -0.3121173348530133 0.8623677147451194 0.06904631043525411 -0.2992231396441255 0.8752589364213443 0 2 61 -59 
176 -0.1818151175675721 -0.4094157083157776 0.6532706113824813 -0.04409726261043245 -0.3772963644634583 0.6998029704497652 0 2 69 -60 
177 -0.1818151175675721 -0.3772963644634583 0.6532706113824813 -0.07336443425064842 -0.3766689490713798 0.7627669702199156 0 2 47 -69 
178 -0.1773100139863629 -0.3766689490713798 0.7549832696830605 -0.07336443425064842 -0.3455559192309197 0.7627669702199156 0 2 70 -47 
179 -0.1773100139863629 -0.3455559192309197 0.7549832696830605 -0.07012973470093653 -0.3121173348530133 0.8623677147451194 0 2 61 -70 
180 0.2299484971794907 -0.163879675718522 0.8165743037442383 0.3078186649970793 -0.1565512784712503 0.8966058770164573 0 2 71 -49 
181 0.2052764414821395 -0.2292692717606568 0.8739209475203145 0.2299484971794907 -0.1565512784712503 0.8966058770164573 0 2 71 -48 
182 0.3078186649970793 -0.163879675718522 0.8165743037442383 0.3079092821450395 -0.07542267324149632 0.8658405993010945 0 2 72 -49 
183 0.3079092821450395 -0.07542267324149632 0.7646794053125168 0.3750704988685423 -0.07476043223804874 0.8658405993010945 0 2 72 -50 
184 0.3772297875711037 -0.04409605303782316 0.6998021640680263 0.4094158091134958 0.0748291762813299 0.7614352307773693 0 2 73 -62 
185 0.3750704988685423 -0.07476043223804874 0.7614352307773693 0.3772297875711037 0.0748291762813299 0.7646794053125168 0 2 73 -50 
186 0.4106765869629785 -0.1142366486928124 0.5912710441726012 0.4119314177471356 -0.02183185321419179 0.6195602259595545 0 2 51 -74 
187 0.40982817257546 -0.1115069457073729 0.5259337117469478 0.4106765869629785 -0.02183185321419179 0.5912710441726012 0 2 74 -63 
188 0.4094158091134958 -0.04409605303782316 0.6828009154640204 0.4097797896710986 0.0568849650308646 0.6998021640680263 0 2 62 -75 
189 0.4097797896710986 -0.1142366486928124 0.6195602259595545 0.4119314177471356 0.0568849650308646 0.6828009154640204 0 2 51 -75 
190 0.4096917932637909 -0.0396119153818385 0.4582124629054646 0.4106765869629785 -0.02183185321419179 0.5912710441726012 0 2 74 -52 
191 0.3742010177580808 -0.07573539815979047 0.3896095868285684 0.3758232562222319 0.0722603464528937 0.3927229259265075 0 2 53 -76 
192 0.3758232562222319 -0.0396119153818385 0.3927229259265075 0.4096917932637909 0.0722603464528937 0.4582124629054646 0 2 52 -76 
193 0.3430313396004303 -0.07573539815979047 0.3249924540938781 0.3742010177580808 0.04745886648637487 0.3896095868285684 0 2 53 -77 
194 0.3133679825318951 -0.06959817793812373 0.2941775839015445 0.3430313396004303 0.04745886648637487 0.3249924540938781 0 2 64 -77 
195 0.1855042636262707 -0.08526153843882089 0.2053057988173386 0.3133679825318951 -0.06959817793812373 0.2941775839015445 0 2 64 -78 
196 0.1776720793873356 -0.174707568119167 0.2053057988173386 0.1855042636262707 -0.08526153843882089 0.2317602605518186 0 2 54 -78 
197 0.0748291762813299 -0.1829228844820125 0.201282558724253 0.1855042636262707 -0.08526153843882089 0.2053057988173386 0 2 65 -78 
198 -0.1786560163059244 -0.1861670590171601 0.2034418474268144 -0.07476043223804874 -0.1709569858517009 0.2322408640684751 0 2 66 -79 
199 -0.1786560163059244 -0.2380619070500238 0.2322408640684751 -0.163879675718522 -0.1709569858517009 0.2706936812982776 0 2 55 -79 
200 -0.2430165684509246 -0.2380619070500238 0.2706936812982776 -0.163879675718522 -0.1921316631477453 0.2880896033648383 0 2 55 -80 
201 -0.2430165684509246 -0.2954087020226761 0.2880896033648383 -0.2292693221595147 -0.1921316631477453 0.3732360560097934 0 2 67 -80 
202 -0.07476043223804874 -0.1861670590171601 0.201282558724253 0.0748291762813299 -0.1829228844820125 0.2034418474268144 0 2 65 -66 
203 -0.2992334210113025 -0.2967471949122896 0.3732360560097934 -0.2292693221595147 -0.2954087020226761 0.5094934024403843 0 2 68 -67 
204 -0.2509323643964581 -0.3725288844238066 0.5054800909224655 -0.1930798168766524 -0.3450257232372924 0.615676489907377 0 2 81 -57 
205 -0.2992334210113025 -0.3450257232372924 0.5094934024403843 -0.2509323643964581 -0.2967471949122896 0.615676489907377 0 2 81 -68 
206 -0.1818151175675721 -0.4119314681459936 0.6195617379253162 -0.1142367998893884 -0.3772963644634583 0.6532706113824813 0 2 69 -58 
207 -0.1930798168766524 -0.3772963644634583 0.5054800909224655 -0.1818151175675721 -0.3725288844238066 0.6532706113824813 0 2 69 -57 
208 0.06904631043525411 -0.2992231396441255 0.8752589364213443 0.1717691634598097 -0.177169048378551 0.925777442021702 0 2 59 -82 
209 0.1717691634598097 -0.2292692717606568 0.8739209475203145 0.2052764414821395 -0.177169048378551 0.925777442021702 0 2 82 -48 
210 -0.07012973470093653 -0.3121173348530133 0.8623677147451194 -0.03815639634230072 -0.2502236052464236 0.9238550279550761 0 2 83 -61 
211 -0.03815639634230072 -0.2992231396441255 0.8752589364213443 0.06904631043525411 -0.2502236052464236 0.9238550279550761 0 2 83 -59 
212 -0.1818151175675721 -0.3772963644634583 0.6532706113824813 -0.1773100139863629 -0.3455559192309197 0.7549832696830605 0 2 70 -69 
213 -0.208704924643589 -0.3455559192309197 0.7549832696830605 -0.1773100139863629 -0.2935200551913862 0.80750129960387 0 2 84 -70 
214 -0.208704924643589 -0.3121173348530133 0.80750129960387 -0.07012973470093653 -0.2935200551913862 0.8623677147451194 0 2 84 -61 
215 0.2299484971794907 -0.1565512784712503 0.8658405993010945 0.3079092821450395 -0.07542267324149632 0.8966058770164573 0 2 72 -71 
216 0.1717691634598097 -0.177169048378551 0.8966058770164573 0.2299484971794907 -0.1565512784712503 0.925777442021702 0 2 82 -71 
217 0.3079092821450395 -0.07542267324149632 0.8264465329860282 0.3474442636690571 -0.02864582931061055 0.8658405993010945 0 2 85 -72 
218 0.3474442636690571 -0.07476043223804874 0.7646794053125168 0.3750704988685423 -0.02864582931061055 0.8264465329860282 0 2 85 -50 
219 0.3772297875711037 0.0568849650308646 0.6828009154640204 0.4097797896710986 0.0748291762813299 0.7614352307773693 0 2 75 -73 
220 0.3474442636690571 -0.02864582931061055 0.7614352307773693 0.3772297875711037 0.0748291762813299 0.8264465329860282 0 2 85 -73 
221 0.4097797896710986 -0.02183185321419179 0.5912710441726012 0.4106765869629785 0.0568849650308646 0.6828009154640204 0 2 75 -74 
222 0.4093126930485764 -0.02183185321419179 0.5381529654399948 0.4106765869629785 0.002328099679809514 0.5912710441726012 0 2 74 -86 
223 0.4093126930485764 -0.0396119153818385 0.4582124629054646 0.4096917932637909 0.002328099679809514 0.5381529654399948 0 2 86 -52 
224 0.3430313396004303 0.04745886648637487 0.3249924540938781 0.3758232562222319 0.0722603464528937 0.3927229259265075 0 2 76 -77 
225 0.3758232562222319 0.04409746420586902 0.3927229259265075 0.4094158091134958 0.0722603464528937 0.457223334904426 0 2 87 -76 
226 0.4094158091134958 -0.0396119153818385 0.457223334904426 0.4096917932637909 0.04409746420586902 0.4582124629054646 0 2 52 -87 
227 0.2528081091199208 -0.06959817793812373 0.234048570332677 0.3133679825318951 -0.01995726766448047 0.2941775839015445 0 2 64 -88 
228 0.2528081091199208 -0.01995726766448047 0.234048570332677 0.3430313396004303 0.04745886648637487 0.3249924540938781 0 2 88 -77 
229 0.1855042636262707 -0.08526153843882089 0.2053057988173386 0.2528081091199208 -0.01995726766448047 0.234048570332677 0 2 78 -88 
230 0.1196343664606292 -0.08526153843882089 0.168906432686807 0.1855042636262707 -0.04303354429850226 0.2053057988173386 0 2 78 -89 
231 0.0748291762813299 -0.1829228844820125 0.168906432686807 0.1196343664606292 -0.04303354429850226 0.201282558724253 0 2 65 -89 
232 -0.1768829340576576 -0.1861670590171601 0.1983135619576594 -0.07476043223804874 -0.07065075810227783 0.2034418474268144 0 2 66 -90 
233 -0.1786560163059244 -0.1709569858517009 0.1983135619576594 -0.1768829340576576 -0.07065075810227783 0.2322408640684751 0 2 79 -90 
234 -0.2430165684509246 -0.1921316631477453 0.2322408640684751 -0.1786560163059244 -0.1709569858517009 0.2880896033648383 0 2 80 -79 
235 -0.2928667347859299 -0.2954087020226761 0.3508829022005397 -0.2292693221595147 -0.2111120749332857 0.3732360560097934 0 2 67 -91 
236 -0.2928667347859299 -0.2111120749332857 0.2880896033648383 -0.2430165684509246 -0.1921316631477453 0.3508829022005397 0 2 91 -80 
237 -0.04409605303782316 -0.1829228844820125 0.1690965371818611 0.0748291762813299 -0.1212898681715275 0.201282558724253 0 2 65 -92 
238 -0.07476043223804874 -0.1861670590171601 0.1690965371818611 -0.04409605303782316 -0.1212898681715275 0.2034418474268144 0 2 66 -92 
239 -0.3131902257572268 -0.2967471949122896 0.4200744873460227 -0.2992334210113025 -0.2342320473778102 0.5094934024403843 0 2 68 -93 
240 -0.3131902257572268 -0.2954087020226761 0.3732360560097934 -0.2292693221595147 -0.2342320473778102 0.4200744873460227 0 2 67 -93 
241 -0.2509323643964581 -0.3772963644634583 0.615676489907377 -0.1818151175675721 -0.3450257232372924 0.6532706113824813 0 2 69 -81 
242 -0.3099805240414356 -0.2967471949122896 0.5094934024403843 -0.2992334210113025 -0.286158344298507 0.6481540184485466 0 2 94 -68 
243 -0.3099805240414356 -0.3450257232372924 0.615676489907377 -0.2509323643964581 -0.286158344298507 0.6481540184485466 0 2 94 -81 
244 0.06904631043525411 -0.2992231396441255 0.8752589364213443 0.07302126842169399 -0.1930858143408388 0.9510419867020441 0 2 95 -59 
245 0.07302126842169399 -0.1930858143408388 0.925777442021702 0.1717691634598097 -0.177169048378551 0.9510419867020441 0 2 95 -82 
246 -0.1921356446575837 -0.3121173348530133 0.8623677147451194 -0.07012973470093653 -0.2430121837502156 0.8689355932144618 0 2 96 -61 
247 -0.1921356446575837 -0.2502236052464236 0.8689355932144618 -0.03815639634230072 -0.2430121837502156 0.9238550279550761 0 2 83 -96 
248 -0.03815639634230072 -0.2502236052464236 0.9238550279550761 0.07302126842169399 -0.1930858143408388 0.9510419867020441 0 2 95 -83 
249 -0.2509323643964581 -0.3455559192309197 0.615676489907377 -0.1773100139863629 -0.3450257232372924 0.7549832696830605 0 2 81 -70 
250 -0.2285529527818138 -0.3140557757567078 0.7439934961482393 -0.208704924643589 -0.2935200551913862 0.80750129960387 0 2 84 -97 
251 -0.2285529527818138 -0.3455559192309197 0.7439934961482393 -0.1773100139863629 -0.3140557757567078 0.7549832696830605 0 2 97 -70 
252 -0.208704924643589 -0.2935200551913862 0.80750129960387 -0.1921356446575837 -0.2430121837502156 0.8689355932144618 0 2 96 -84 
253 0.2299484971794907 -0.1565512784712503 0.8966058770164573 0.2505877370006022 -0.03703376176454032 0.92354819970325 0 2 98 -71 
254 0.2505877370006022 -0.07542267324149632 0.8658405993010945 0.3079092821450395 -0.03703376176454032 0.92354819970325 0 2 98 -72 
255 0.1717691634598097 -0.177169048378551 0.925777442021702 0.1855010380993132 -0.07277174367222072 0.9547228169490536 0 2 99 -82 
256 0.1855010380993132 -0.1565512784712503 0.8966058770164573 0.2299484971794907 -0.07277174367222072 0.9547228169490536 0 2 99 -71 
257 0.3079092821450395 -0.07542267324149632 0.8508714326802669 0.3236402779141243 0.06141209291333161 0.8658405993010945 0 2 100 -72 
258 0.3236402779141243 -0.02864582931061055 0.8264465329860282 0.3474442636690571 0.06141209291333161 0.8508714326802669 0 2 100 -85 
259 0.3772297875711037 0.0748291762813299 0.621546444981306 0.4096059136085499 0.1196338624720429 0.7614352307773693 0 2 73 -101 
260 0.4096059136085499 0.0568849650308646 0.621546444981306 0.4097797896710986 0.1196338624720429 0.6828009154640204 0 2 101 -75 
261 0.3236402779141243 0.06141209291333161 0.7614352307773693 0.3772297875711037 0.0748291762813299 0.8508714326802669 0 2 100 -73 
262 0.4097797896710986 0.008920875185354227 0.5808410003626132 0.4132231404958677 0.0568849650308646 0.6828009154640204 0 2 75 -102 
263 0.4106765869629785 -0.02183185321419179 0.5808410003626132 0.4132231404958677 0.008920875185354227 0.5912710441726012 0 2 74 -102 
264 0.4093126930485764 0.002328099679809514 0.5381529654399948 0.4132231404958677 0.008920875185354227 0.5808410003626132 0 2 102 -86 
265 0.4093126930485764 0.002328099679809514 0.5374667345798017 0.4119314177471356 0.1142371526813984 0.5381529654399948 0 2 86 -103 
266 0.4096917932637909 -0.0396119153818385 0.4582124629054646 0.4119314177471356 0.1142371526813984 0.5374667345798017 0 2 52 -103 
267 0.3493654681630736 0.0722603464528937 0.3927229259265075 0.3758232562222319 0.1728731000609907 0.4034308186445626 0 2 76 -104 
268 0.3430313396004303 0.04745886648637487 0.3249924540938781 0.3493654681630736 0.1728731000609907 0.4034308186445626 0 2 77 -104 
269 0.3766587685019211 0.04409746420586902 0.457223334904426 0.4094158091134958 0.1828961226880381 0.5028018955706266 0 2 87 -105 
270 0.3758232562222319 0.0722603464528937 0.3927229259265075 0.3766587685019211 0.1828961226880381 0.5028018955706266 0 2 76 -105 
271 0.4094158091134958 0.04409746420586902 0.457223334904426 0.4119314177471356 0.1142371526813984 0.5374667345798017 0 2 103 -87 
272 0.2684290337815824 0.04745886648637487 0.2548041307196926 0.3430313396004303 0.07240730952489205 0.3249924540938781 0 2 77 -106 
273 0.2528081091199208 -0.01995726766448047 0.234048570332677 0.2684290337815824 0.07240730952489205 0.2548041307196926 0 2 88 -106 
274 0.1196343664606292 -0.04303354429850226 0.168906432686807 0.2528081091199208 -0.01995726766448047 0.234048570332677 0 2 88 -89 
275 0.0568849650308646 -0.1042885187698059 0.1687325566242583 0.1196343664606292 -0.04303354429850226 0.168906432686807 0 2 107 -89 
276 0.0568849650308646 -0.1829228844820125 0.1687325566242583 0.0748291762813299 -0.1042885187698059 0.201282558724253 0 2 65 -107 
277 -0.1768829340576576 -0.1212898681715275 0.1690965371818611 -0.04409605303782316 -0.07065075810227783 0.1983135619576594 0 2 90 -92 
278 -0.2582186281978494 -0.07065075810227783 0.1983135619576594 -0.1768829340576576 -0.04876606168472908 0.239397753999559 0 2 90 -108 
279 -0.2582186281978494 -0.1709569858517009 0.2322408640684751 -0.1786560163059244 -0.04876606168472908 0.239397753999559 0 2 79 -108 
280 -0.2582186281978494 -0.1921316631477453 0.239397753999559 -0.2430165684509246 -0.04876606168472908 0.2880896033648383 0 2 80 -108 
281 -0.3131902257572268 -0.2342320473778102 0.3508829022005397 -0.2928667347859299 -0.2111120749332857 0.4200744873460227 0 2 93 -91 
282 -0.3178855850300636 -0.1921316631477453 0.2880896033648383 -0.2430165684509246 -0.1381915286307238 0.3378875564822229 0 2 80 -109 
283 -0.3178855850300636 -0.2111120749332857 0.3378875564822229 -0.2928667347859299 -0.1381915286307238 0.3508829022005397 0 2 91 -109 
284 -0.04409605303782316 -0.1212898681715275 0.1687325566242583 0.0568849650308646 -0.1042885187698059 0.1690965371818611 0 2 92 -107 
285 -0.3441218701051902 -0.2513515317043472 0.4200744873460227 -0.3131902257572268 -0.2342320473778102 0.5388146016571351 0 2 93 -110 
286 -0.3441218701051902 -0.2967471949122896 0.5094934024403843 -0.2992334210113025 -0.2513515317043472 0.5388146016571351 0 2 68 -110 
287 -0.3441218701051902 -0.286158344298507 0.5388146016571351 -0.3099805240414356 -0.2513515317043472 0.6481540184485466 0 2 94 -110 
288 -0.3099805240414356 -0.3140557757567078 0.6481540184485466 -0.2285529527818138 -0.286158344298507 0.7439934961482393 0 2 97 -94 
289 -0.2509323643964581 -0.3450257232372924 0.615676489907377 -0.2285529527818138 -0.3140557757567078 0.7439934961482393 0 2 97 -81 
290 0.07302126842169399 -0.1930858143408388 0.9510419867020441 0.1042865028154577 -0.05691868186734284 0.9882906743995514 0 2 111 -95 
291 0.1042865028154577 -0.177169048378551 0.925777442021702 0.1717691634598097 -0.05691868186734284 0.9882906743995514 0 2 111 -82 
292 -0.1921356446575837 -0.2430121837502156 0.8689355932144618 -0.1709571370482771 -0.1786558651093483 0.9247838789210965 0 2 112 -96 
293 -0.1709571370482771 -0.2502236052464236 0.9238550279550761 -0.03815639634230072 -0.1786558651093483 0.9247838789210965 0 2 112 -83 
294 -0.07064843975477741 -0.2502236052464236 0.9238550279550761 -0.03815639634230072 -0.1768846476188534 0.9587112818296277 0 2 113 -83 
295 -0.07064843975477741 -0.1930858143408388 0.9510419867020441 0.07302126842169399 -0.1768846476188534 0.9587112818296277 0 2 113 -95 
296 -0.2941620358536323 -0.3140557757567078 0.7439934961482393 -0.2285529527818138 -0.2287025869933252 0.7858909745731388 0 2 114 -97 
297 -0.2941620358536323 -0.2935200551913862 0.7858909745731388 -0.208704924643589 -0.2287025869933252 0.80750129960387 0 2 114 -84 
298 -0.2941620358536323 -0.2430121837502156 0.7858909745731388 -0.1921356446575837 -0.2287025869933252 0.8689355932144618 0 2 114 -96 
299 0.1855010380993132 -0.07277174367222072 0.92354819970325 0.2505877370006022 -0.03703376176454032 0.9547228169490536 0 2 98 -99 
300 0.2505877370006022 -0.03703376176454032 0.9095910421653155 0.265125086200003 0.05880657271575174 0.92354819970325 0 2 115 -98 
301 0.265125086200003 -0.07542267324149632 0.8658405993010945 0.3079092821450395 0.05880657271575174 0.9095910421653155 0 2 115 -72 
302 0.1042865028154577 -0.07277174367222072 0.9547228169490536 0.1855010380993132 -0.05691868186734284 0.9882906743995514 0 2 111 -99 
303 0.265125086200003 0.05880657271575174 0.8508714326802669 0.3236402779141243 0.06141209291333161 0.9095910421653155 0 2 100 -115 
304 0.3732064466803027 0.0748291762813299 0.6637742375261879 0.3772297875711037 0.1855041628285523 0.7614352307773693 0 2 116 -73 
305 0.3732064466803027 0.1196338624720429 0.621546444981306 0.4096059136085499 0.1855041628285523 0.6637742375261879 0 2 101 -116 
306 0.4096059136085499 0.008920875185354227 0.5808410003626132 0.4132231404958677 0.1196338624720429 0.621546444981306 0 2 101 -102 
307 0.3236402779141243 0.06141209291333161 0.7532200152122395 0.3467520857435382 0.1776719785896175 0.8508714326802669 0 2 117 -100 
308 0.3467520857435382 0.0748291762813299 0.7532200152122395 0.3772297875711037 0.1776719785896175 0.7614352307773693 0 2 117 -73 
309 0.4093126930485764 0.002328099679809514 0.5381529654399948 0.4096059136085499 0.1196338624720429 0.621546444981306 0 2 101 -86 
310 0.4096059136085499 0.1142371526813984 0.5374667345798017 0.4119314177471356 0.1196338624720429 0.621546444981306 0 2 103 -101 
311 0.3493654681630736 0.1728731000609907 0.4034308186445626 0.3766587685019211 0.1828961226880381 0.5028018955706266 0 2 105 -104 
312 0.3101230016150089 0.04745886648637487 0.3249924540938781 0.3430313396004303 0.1508105964699128 0.3361307530653168 0 2 77 -118 
313 0.3101230016150089 0.1508105964699128 0.3361307530653168 0.3493654681630736 0.1728731000609907 0.4034308186445626 0 2 104 -118 
314 0.3766587685019211 0.1142371526813984 0.5028018955706266 0.4119314177471356 0.1828961226880381 0.5374667345798017 0 2 105 -103 
315 0.2684290337815824 0.07240730952489205 0.2548041307196926 0.3101230016150089 0.1508105964699128 0.3361307530653168 0 2 106 -118 
316 0.1816620562336717 0.07240730952489205 0.201115184114477 0.2684290337815824 0.07456125594842944 0.2548041307196926 0 2 106 -119 
317 0.1816620562336717 -0.01995726766448047 0.201115184114477 0.2528081091199208 0.07456125594842944 0.234048570332677 0 2 88 -119 
318 0.1196343664606292 -0.04303354429850226 0.168906432686807 0.1816620562336717 0.07456125594842944 0.201115184114477 0 2 89 -119 
319 0.008920875185354227 -0.04303354429850226 0.1652892561983469 0.1196343664606292 -0.002328654067256575 0.168906432686807 0 2 89 -120 
320 0.008920875185354227 -0.1042885187698059 0.1652892561983469 0.0568849650308646 -0.002328654067256575 0.1687325566242583 0 2 107 -120 
321 -0.1142366486928124 -0.1212898681715275 0.1665809285482212 -0.04409605303782316 -0.04104782926533723 0.1690965371818611 0 2 92 -121 
322 -0.1768829340576576 -0.07065075810227783 0.1665809285482212 -0.1142366486928124 -0.04104782926533723 0.1983135619576594 0 2 90 -121 
323 -0.2582186281978494 -0.04876606168472908 0.2357952435789822 -0.2537050576083772 0.0320226032430253 0.239397753999559 0 2 108 -122 
324 -0.2537050576083772 -0.07065075810227783 0.1983135619576594 -0.1768829340576576 0.0320226032430253 0.2357952435789822 0 2 90 -122 
325 -0.3178855850300636 -0.1381915286307238 0.239397753999559 -0.2582186281978494 -0.04876606168472908 0.3378875564822229 0 2 109 -108 
326 -0.3178855850300636 -0.2342320473778102 0.3378875564822229 -0.3131902257572268 -0.1381915286307238 0.4200744873460227 0 2 93 -109 
327 -0.1142366486928124 -0.1042885187698059 0.1665809285482212 0.0568849650308646 -0.04104782926533723 0.1687325566242583 0 2 107 -121 
328 -0.3463506084350558 -0.2342320473778102 0.4020509482919494 -0.3131902257572268 -0.1778811842521218 0.4200744873460227 0 2 93 -123 
329 -0.3463506084350558 -0.2513515317043472 0.4020509482919494 -0.3441218701051902 -0.1778811842521218 0.5388146016571351 0 2 110 -123 
330 -0.3768578943926824 -0.2513515317043472 0.5388146016571351 -0.3441218701051902 -0.1841120959521274 0.6506096524403231 0 2 124 -110 
331 -0.3768578943926824 -0.286158344298507 0.6481540184485466 -0.3099805240414356 -0.1841120959521274 0.6506096524403231 0 2 124 -94 
332 -0.3099805240414356 -0.286158344298507 0.6481540184485466 -0.2941620358536323 -0.2287025869933252 0.7858909745731388 0 2 94 -114 
333 0.05258039850846263 -0.1115076008925354 0.9882906743995514 0.1042865028154577 -0.05691868186734284 0.9883404684719563 0 2 111 -125 
334 0.05258039850846263 -0.1930858143408388 0.9510419867020441 0.07302126842169399 -0.1115076008925354 0.9883404684719563 0 2 125 -95 
335 -0.2380497609250749 -0.1786558651093483 0.8863376135429271 -0.1709571370482771 -0.1638823972568931 0.9247838789210965 0 2 112 -126 
336 -0.2380497609250749 -0.2430121837502156 0.8689355932144618 -0.1921356446575837 -0.1638823972568931 0.8863376135429271 0 2 126 -96 
337 -0.1709571370482771 -0.1786558651093483 0.9247838789210965 -0.07064843975477741 -0.1768846476188534 0.9587112818296277 0 2 113 -112 
338 -0.04104823245620792 -0.1930858143408388 0.9510419867020441 0.07302126842169399 -0.11423634629966 0.9904438144413503 0 2 127 -95 
339 -0.07064843975477741 -0.1768846476188534 0.9587112818296277 -0.04104823245620792 -0.11423634629966 0.9904438144413503 0 2 127 -113 
340 -0.2941620358536323 -0.2287025869933252 0.7858909745731388 -0.2380497609250749 -0.1638823972568931 0.8863376135429271 0 2 126 -114 
341 0.1785157562821353 -0.03703376176454032 0.92354819970325 0.2505877370006022 0.07139842517123796 0.9578233547368786 0 2 128 -98 
342 0.1785157562821353 -0.07277174367222072 0.9547228169490536 0.1855010380993132 0.07139842517123796 0.9578233547368786 0 2 128 -99 
343 0.1785157562821353 0.05880657271575174 0.9095910421653155 0.265125086200003 0.07139842517123796 0.9578233547368786 0 2 128 -115 
344 0.1042865028154577 -0.05691868186734284 0.9879281050099922 0.1212896665760934 0.04409877457619404 0.9882906743995514 0 2 129 -111 
345 0.1212896665760934 -0.07277174367222072 0.9547228169490536 0.1855010380993132 0.04409877457619404 0.9879281050099922 0 2 129 -99 
346 0.265125086200003 0.05880657271575174 0.8143226843325211 0.3158270436460633 0.1511169207331525 0.9095910421653155 0 2 115 -130 
347 0.3158270436460633 0.06141209291333161 0.8143226843325211 0.3236402779141243 0.1511169207331525 0.8508714326802669 0 2 130 -100 
348 0.3467520857435382 0.1776719785896175 0.6637742375261879 0.3732064466803027 0.1855041628285523 0.7532200152122395 0 2 116 -117 
349 0.3427881147082958 0.1855041628285523 0.6101326154493032 0.3732064466803027 0.2536191275542781 0.6637742375261879 0 2 131 -116 
350 0.3427881147082958 0.1196338624720429 0.6101326154493032 0.4096059136085499 0.2536191275542781 0.621546444981306 0 2 131 -101 
351 0.3158270436460633 0.1511169207331525 0.7532200152122395 0.3467520857435382 0.1776719785896175 0.8143226843325211 0 2 117 -130 
352 0.3766587685019211 0.1196338624720429 0.5028018955706266 0.4096059136085499 0.1828961226880381 0.621546444981306 0 2 101 -105 
353 0.3204911556265011 0.1728731000609907 0.4034308186445626 0.3493654681630736 0.2360822398799054 0.4374121987307736 0 2 104 -132 
354 0.3204911556265011 0.1828961226880381 0.4374121987307736 0.3766587685019211 0.2360822398799054 0.5028018955706266 0 2 105 -132 
355 0.3101230016150089 0.1508105964699128 0.3361307530653168 0.3204911556265011 0.2360822398799054 0.4374121987307736 0 2 118 -132 
356 0.2342747352111376 0.07240730952489205 0.2548041307196926 0.2684290337815824 0.1669239179811697 0.2712653051537624 0 2 106 -133 
357 0.2342747352111376 0.1508105964699128 0.2712653051537624 0.3101230016150089 0.1669239179811697 0.3361307530653168 0 2 118 -133 
358 0.1793298994457344 0.07240730952489205 0.232253514182013 0.2684290337815824 0.1708853690734751 0.2548041307196926 0 2 106 -134 
359 0.1793298994457344 0.07456125594842944 0.201115184114477 0.1816620562336717 0.1708853690734751 0.232253514182013 0 2 119 -134 
360 0.1142376566699876 -0.04303354429850226 0.1665809789470791 0.1196343664606292 0.0410473252767507 0.168906432686807 0 2 89 -135 
361 0.1142376566699876 0.0410473252767507 0.1665809789470791 0.1816620562336717 0.07456125594842944 0.201115184114477 0 2 135 -119 
362 0.002328099679809514 -0.04303354429850226 0.168906432686807 0.1196343664606292 0.04035938085536206 0.1691996532467804 0 2 89 -136 
363 0.002328099679809514 -0.002328654067256575 0.1652892561983469 0.008920875185354227 0.04035938085536206 0.1691996532467804 0 2 120 -136 
364 -0.02183185321419179 -0.01275869787724437 0.1652892561983469 0.008920875185354227 -0.002328654067256575 0.167835809731236 0 2 137 -120 
365 -0.02183185321419179 -0.1042885187698059 0.167835809731236 0.0568849650308646 -0.01275869787724437 0.1687325566242583 0 2 107 -137 
366 -0.1882205605152916 -0.04104782926533723 0.1665809285482212 -0.1142366486928124 0.07356688646608533 0.2037077014065088 0 2 138 -121 
367 -0.1882205605152916 -0.07065075810227783 0.1983135619576594 -0.1768829340576576 0.07356688646608533 0.2037077014065088 0 2 90 -138 
368 -0.3060262799859259 0.0320226032430253 0.2357952435789822 -0.2537050576083772 0.07198053198933652 0.2894372688467378 0 2 122 -139 
369 -0.3060262799859259 -0.04876606168472908 0.239397753999559 -0.2582186281978494 0.07198053198933652 0.2894372688467378 0 2 108 -139 
370 -0.2537050576083772 0.0320226032430253 0.2037077014065088 -0.1882205605152916 0.07356688646608533 0.2357952435789822 0 2 122 -138 
371 -0.3403083396631977 -0.04876606168472908 0.239397753999559 -0.2582186281978494 -0.04500922995878487 0.3220448264433798 0 2 108 -140 
372 -0.3403083396631977 -0.1381915286307238 0.3220448264433798 -0.3178855850300636 -0.04500922995878487 0.3378875564822229 0 2 109 -140 
373 -0.3463506084350558 -0.1778811842521218 0.3378875564822229 -0.3178855850300636 -0.1381915286307238 0.4020509482919494 0 2 123 -109 
374 -0.1142366486928124 -0.04104782926533723 0.1665809285482212 -0.02183185321419179 -0.01275869787724437 0.167835809731236 0 2 121 -137 
375 -0.3749378994712753 -0.2513515317043472 0.4968222221812874 -0.3441218701051902 -0.1838641839661341 0.5388146016571351 0 2 110 -141 
376 -0.3749378994712753 -0.1838641839661341 0.4020509482919494 -0.3463506084350558 -0.1778811842521218 0.4968222221812874 0 2 123 -141 
377 -0.4096928516398217 -0.2513515317043472 0.5388146016571351 -0.3441218701051902 -0.1202966578629349 0.5389428163536936 0 2 142 -110 
378 -0.4096928516398217 -0.1841120959521274 0.5389428163536936 -0.3768578943926824 -0.1202966578629349 0.6506096524403231 0 2 142 -124 
379 -0.3768578943926824 -0.1841120959521274 0.6506096524403231 -0.347582507738498 -0.175968295569792 0.7522263513139182 0 2 124 -143 
380 -0.347582507738498 -0.286158344298507 0.6481540184485466 -0.3099805240414356 -0.175968295569792 0.7522263513139182 0 2 143 -94 
381 -0.347582507738498 -0.2287025869933252 0.7522263513139182 -0.2941620358536323 -0.175968295569792 0.7858909745731388 0 2 143 -114 
382 -0.01275869787724437 -0.1115076008925354 0.9883404684719563 0.05258039850846263 -0.02183185321419179 0.9891889836571932 0 2 144 -125 
383 -0.01275869787724437 -0.05691868186734284 0.9882906743995514 0.1042865028154577 -0.02183185321419179 0.9891889836571932 0 2 144 -111 
384 -0.04104823245620792 -0.11423634629966 0.9883404684719563 0.05258039850846263 -0.1115076008925354 0.9904438144413503 0 2 125 -127 
385 -0.2380497609250749 -0.1638823972568931 0.8863376135429271 -0.1861670086183023 -0.07476048263690915 0.953582895562757 0 2 145 -126 
386 -0.1861670086183023 -0.1786558651093483 0.9247838789210965 -0.1709571370482771 -0.07476048263690915 0.953582895562757 0 2 145 -112 
387 -0.1861670086183023 -0.1768846476188534 0.953582895562757 -0.07064843975477741 -0.07476048263690915 0.9587112818296277 0 2 145 -113 
388 -0.1212902209635404 -0.1768846476188534 0.9587112818296277 -0.07064843975477741 -0.04409570024581289 0.9879282058077106 0 2 146 -113 
389 -0.1212902209635404 -0.11423634629966 0.9879282058077106 -0.04104823245620792 -0.04409570024581289 0.9904438144413503 0 2 146 -127 
390 -0.3112822257641923 -0.2287025869933252 0.7858909745731388 -0.2941620358536323 -0.1644174315409551 0.811341591839839 0 2 147 -114 
391 -0.3112822257641923 -0.1644174315409551 0.811341591839839 -0.2380497609250749 -0.1638823972568931 0.8863376135429271 0 2 126 -147 
392 0.1212896665760934 0.04409877457619404 0.9578233547368786 0.1785157562821353 0.07139842517123796 0.9879281050099922 0 2 128 -129 
393 0.1708854698711932 0.07139842517123796 0.9247711784087007 0.1785157562821353 0.1793296978503005 0.9578233547368786 0 2 148 -128 
394 0.1708854698711932 0.05880657271575174 0.9095910421653155 0.265125086200003 0.1793296978503005 0.9247711784087007 0 2 148 -115 
395 0.04104782926533967 -0.05691868186734284 0.9882906743995514 0.1042865028154577 0.1142373542768351 0.9904438144413503 0 2 149 -111 
396 0.04104782926533967 0.04409877457619404 0.9879281050099922 0.1212896665760934 0.1142373542768351 0.9904438144413503 0 2 149 -129 
397 0.2478487606251587 0.05880657271575174 0.8795031251110121 0.265125086200003 0.1642200192113894 0.9095910421653155 0 2 150 -115 
398 0.2478487606251587 0.1511169207331525 0.8143226843325211 0.3158270436460633 0.1642200192113894 0.8795031251110121 0 2 150 -130 
399 0.3025390821540774 0.1776719785896175 0.6538952548373309 0.3467520857435382 0.2921402856364885 0.7532200152122395 0 2 117 -151 
400 0.3025390821540774 0.1855041628285523 0.6538952548373309 0.3732064466803027 0.2921402856364885 0.6637742375261879 0 2 116 -151 
401 0.3025390821540774 0.2536191275542781 0.6101326154493032 0.3427881147082958 0.2921402856364885 0.6538952548373309 0 2 131 -151 
402 0.3427881147082958 0.1828961226880381 0.5028018955706266 0.3766587685019211 0.2536191275542781 0.6101326154493032 0 2 105 -131 
403 0.2972302679730252 0.1511169207331525 0.7766071016079257 0.3158270436460633 0.2313796231714125 0.8143226843325211 0 2 152 -130 
404 0.2972302679730252 0.1776719785896175 0.7532200152122395 0.3467520857435382 0.2313796231714125 0.7766071016079257 0 2 152 -117 
405 0.3416497052877583 0.1828961226880381 0.5028018955706266 0.3766587685019211 0.254942299190843 0.5323252446096647 0 2 105 -153 
406 0.3204911556265011 0.2360822398799054 0.4374121987307736 0.3416497052877583 0.254942299190843 0.5323252446096647 0 2 132 -153 
407 0.2957249548610799 0.2079976774593133 0.3530645175975086 0.3204911556265011 0.2360822398799054 0.4374121987307736 0 2 154 -132 
408 0.2957249548610799 0.1508105964699128 0.3361307530653168 0.3101230016150089 0.2079976774593133 0.3530645175975086 0 2 118 -154 
409 0.1793298994457344 0.1669239179811697 0.232253514182013 0.2342747352111376 0.1708853690734751 0.2712653051537624 0 2 134 -133 
410 0.2342747352111376 0.1669239179811697 0.2712653051537624 0.2957249548610799 0.2079976774593133 0.3530645175975086 0 2 133 -154 
411 0.07139842517123796 0.1708853690734751 0.1992013882526929 0.1793298994457344 0.1785157562821353 0.232253514182013 0 2 155 -134 
412 0.07139842517123796 0.07456125594842944 0.1992013882526929 0.1816620562336717 0.1785157562821353 0.201115184114477 0 2 119 -155 
413 0.002328099679809514 0.04035938085536206 0.1665809789470791 0.1142376566699876 0.0410473252767507 0.1691996532467804 0 2 136 -135 
414 0.04409897617162817 0.07456125594842944 0.1690966883784372 0.1816620562336717 0.1212894649806594 0.201115184114477 0 2 156 -119 
415 0.04409897617162817 0.0410473252767507 0.1665809789470791 0.1142376566699876 0.1212894649806594 0.1690966883784372 0 2 135 -156 
416 -0.02183185321419179 -0.01275869787724437 0.167835809731236 0.002328099679809514 0.04035938085536206 0.1691996532467804 0 2 136 -137 
417 -0.1882205605152916 0.07147059633691066 0.1686181512149867 -0.09625252154624853 0.07356688646608533 0.2037077014065088 0 2 157 -138 
418 -0.1142366486928124 -0.04104782926533723 0.1665809285482212 -0.09625252154624853 0.07147059633691066 0.1686181512149867 0 2 121 -157 
419 -0.3060262799859259 0.07198053198933652 0.2037077014065088 -0.1882205605152916 0.07356688646608533 0.2894372688467378 0 2 138 -139 
420 -0.3403083396631977 -0.04500922995878487 0.2894372688467378 -0.3060262799859259 0.07198053198933652 0.3220448264433798 0 2 140 -139 
421 -0.3709190440788987 -0.08418486762020316 0.3220448264433798 -0.3403083396631977 -0.04500922995878487 0.3893929221349767 0 2 158 -140 
422 -0.3709190440788987 -0.1381915286307238 0.3378875564822229 -0.3178855850300636 -0.08418486762020316 0.3893929221349767 0 2 109 -158 
423 -0.3709190440788987 -0.1778811842521218 0.3893929221349767 -0.3463506084350558 -0.08418486762020316 0.4020509482919494 0 2 123 -158 
424 -0.09625252154624853 -0.01275869787724437 0.167835809731236 -0.02183185321419179 0.07147059633691066 0.1686181512149867 0 2 137 -157 
425 -0.4096928516398217 -0.1838641839661341 0.4968222221812874 -0.3749378994712753 -0.1202966578629349 0.5389428163536936 0 2 141 -142 
426 -0.3749378994712753 -0.1838641839661341 0.3893929221349767 -0.3709190440788987 -0.08418486762020316 0.4968222221812874 0 2 141 -158 
427 -0.4094156579169197 -0.1841120959521274 0.6226097601023655 -0.3768578943926824 -0.1212904729578321 0.6506096524403231 0 2 159 -124 
428 -0.4096928516398217 -0.1212904729578321 0.5389428163536936 -0.4094156579169197 -0.1202966578629349 0.6226097601023655 0 2 159 -142 
429 -0.3774726092723652 -0.175968295569792 0.7522263513139182 -0.347582507738498 -0.07518085951740772 0.7602369475126869 0 2 160 -143 
430 -0.3774726092723652 -0.1841120959521274 0.6506096524403231 -0.3768578943926824 -0.07518085951740772 0.7602369475126869 0 2 160 -124 
431 -0.347582507738498 -0.175968295569792 0.7522263513139182 -0.3112822257641923 -0.1644174315409551 0.811341591839839 0 2 147 -143 
432 -0.04104823245620792 -0.11423634629966 0.9891889836571932 -0.01275869787724437 -0.02183185321419179 0.9904438144413503 0 2 144 -127 
433 -0.01275869787724437 -0.02183185321419179 0.9878250897427912 0.04035938085536206 0.002327998882093896 0.9891889836571932 0 2 161 -144 
434 0.04035938085536206 -0.05691868186734284 0.9878250897427912 0.1042865028154577 0.002327998882093896 0.9882906743995514 0 2 161 -111 
435 -0.2955634769177747 -0.1638823972568931 0.8790931807942666 -0.2380497609250749 -0.07609343165206484 0.8863376135429271 0 2 162 -126 
436 -0.2955634769177747 -0.07609343165206484 0.8790931807942666 -0.1861670086183023 -0.07476048263690915 0.953582895562757 0 2 162 -145 
437 -0.1861670086183023 -0.07476048263690915 0.953582895562757 -0.1212902209635404 -0.04409570024581289 0.9879282058077106 0 2 146 -145 
438 -0.1212902209635404 -0.04409570024581289 0.9879282058077106 -0.1202970610538054 0.03956892515535859 0.9882051979351782 0 2 163 -146 
439 -0.1202970610538054 -0.11423634629966 0.9882051979351782 -0.04104823245620792 0.03956892515535859 0.9904438144413503 0 2 163 -127 
440 -0.3112822257641923 -0.1644174315409551 0.811341591839839 -0.2955634769177747 -0.07609343165206484 0.8790931807942666 0 2 162 -147 
441 0.07455863520777672 0.04409877457619404 0.9559098108693864 0.1212896665760934 0.1816635681994307 0.9879281050099922 0 2 164 -129 
442 0.07455863520777672 0.07139842517123796 0.9559098108693864 0.1785157562821353 0.1816635681994307 0.9578233547368786 0 2 164 -128 
443 0.07455863520777672 0.1793296978503005 0.9247711784087007 0.1708854698711932 0.1816635681994307 0.9559098108693864 0 2 148 -164 
444 0.1708854698711932 0.1642200192113894 0.8795031251110121 0.2478487606251587 0.1793296978503005 0.9247711784087007 0 2 148 -150 
445 0.04035938085536206 0.002327998882093896 0.9878250897427912 0.04104782926533967 0.1142373542768351 0.9904438144413503 0 2 149 -161 
446 0.04104782926533967 0.1142373542768351 0.9559098108693864 0.07455863520777672 0.1816635681994307 0.9904438144413503 0 2 164 -149 
447 0.2478487606251587 0.1642200192113894 0.7766071016079257 0.2972302679730252 0.2313796231714125 0.8795031251110121 0 2 152 -150 
448 0.2972302679730252 0.2313796231714125 0.6538952548373309 0.3025390821540774 0.2921402856364885 0.7766071016079257 0 2 151 -152 
449 0.2523557289641398 0.2921402856364885 0.5927844211019386 0.3025390821540774 0.3446934939606774 0.6538952548373309 0 2 165 -151 
450 0.2523557289641398 0.2536191275542781 0.5927844211019386 0.3427881147082958 0.3446934939606774 0.6101326154493032 0 2 165 -131 
451 0.3416497052877583 0.2536191275542781 0.5323252446096647 0.3427881147082958 0.254942299190843 0.6101326154493032 0 2 153 -131 
452 0.2538101392287866 0.2360822398799054 0.4374121987307736 0.3204911556265011 0.3196905193570392 0.465660456644453 0 2 132 -166 
453 0.2538101392287866 0.254942299190843 0.465660456644453 0.3416497052877583 0.3196905193570392 0.5323252446096647 0 2 166 -153 
454 0.2311459740624344 0.2360822398799054 0.371897361524746 0.3204911556265011 0.2932734535757204 0.4374121987307736 0 2 167 -132 
455 0.2311459740624344 0.2079976774593133 0.3530645175975086 0.2957249548610799 0.2932734535757204 0.371897361524746 0 2 154 -167 
456 0.1255314361205451 0.1669239179811697 0.2578402587660876 0.2342747352111376 0.2450370082977404 0.2712653051537624 0 2 133 -168 
457 0.1255314361205451 0.1708853690734751 0.232253514182013 0.1793298994457344 0.2450370082977404 0.2578402587660876 0 2 134 -168 
458 0.2005197971971089 0.1669239179811697 0.2712653051537624 0.2342747352111376 0.2323937490063719 0.28301847020146 0 2 133 -169 
459 0.2005197971971089 0.2079976774593133 0.28301847020146 0.2957249548610799 0.2323937490063719 0.3530645175975086 0 2 169 -154 
460 0.03806845033385076 0.1708853690734751 0.2320107932784647 0.1793298994457344 0.2495233131046517 0.232253514182013 0 2 134 -170 
461 0.03806845033385076 0.1785157562821353 0.1992013882526929 0.07139842517123796 0.2495233131046517 0.2320107932784647 0 2 155 -170 
462 0.04409897617162817 0.1212894649806594 0.1690966883784372 0.07139842517123796 0.1785157562821353 0.1992013882526929 0 2 156 -155 
463 -0.09625252154624853 0.0410473252767507 0.1665809789470791 0.1142376566699876 0.07147059633691066 0.1686181512149867 0 2 135 -157 
464 -0.09625252154624853 0.04035938085536206 0.1686181512149867 0.002328099679809514 0.07147059633691066 0.1691996532467804 0 2 136 -157 
465 -0.09625252154624853 0.07147059633691066 0.1686181512149867 0.04409897617162817 0.1212894649806594 0.1690966883784372 0 2 157 -156 
466 -0.09625252154624853 0.07147059633691066 0.1686181512149867 -0.07525907854612468 0.1831327957285396 0.2014375856136436 0 2 157 -171 
467 -0.1882205605152916 0.07356688646608533 0.2014375856136436 -0.07525907854612468 0.1831327957285396 0.2037077014065088 0 2 138 -171 
468 -0.3060262799859259 0.07198053198933652 0.2306307213304148 -0.1751551099845079 0.1742883000135593 0.2894372688467378 0 2 139 -172 
469 -0.1882205605152916 0.07356688646608533 0.2037077014065088 -0.1751551099845079 0.1742883000135593 0.2306307213304148 0 2 138 -172 
470 -0.3457194635274335 0.03822246924606865 0.2894372688467378 -0.3060262799859259 0.07198053198933652 0.329012519058864 0 2 139 -173 
471 -0.3457194635274335 -0.04500922995878487 0.3220448264433798 -0.3403083396631977 0.03822246924606865 0.329012519058864 0 2 140 -173 
472 -0.4096059640074078 -0.04500922995878487 0.3220448264433798 -0.3403083396631977 -0.04303011717611083 0.4588766190655422 0 2 174 -140 
473 -0.4096059640074078 -0.08418486762020316 0.3893929221349767 -0.3709190440788987 -0.04303011717611083 0.4588766190655422 0 2 158 -174 
474 -0.4096059640074078 -0.1838641839661341 0.4588766190655422 -0.3749378994712753 -0.04303011717611083 0.4968222221812874 0 2 141 -174 
475 -0.4096928516398217 -0.1202966578629349 0.4588766190655422 -0.4096059640074078 -0.04303011717611083 0.5389428163536936 0 2 142 -174 
476 -0.4094156579169197 -0.1212904729578321 0.6226097601023655 -0.3774726092723652 -0.07518085951740772 0.7602369475126869 0 2 160 -159 
477 -0.4119314681459936 -0.1212904729578321 0.6226097601023655 -0.4094156579169197 -0.04104722447903253 0.6927487429938746 0 2 175 -159 
478 -0.4119314681459936 -0.1202966578629349 0.5389428163536936 -0.4096928516398217 -0.04104722447903253 0.6927487429938746 0 2 142 -175 
479 -0.3774726092723652 -0.07609343165206484 0.7602369475126869 -0.2955634769177747 -0.07518085951740772 0.8790931807942666 0 2 160 -162 
480 -0.347582507738498 -0.175968295569792 0.7522263513139182 -0.2955634769177747 -0.07609343165206484 0.8790931807942666 0 2 162 -143 
481 -0.1202970610538054 -0.02183185321419179 0.9882051979351782 -0.01275869787724437 0.03956892515535859 0.9891889836571932 0 2 163 -144 
482 -0.002328654067256575 0.002327998882093896 0.9878250897427912 0.04035938085536206 0.008920875185354227 0.9917355371900825 0 2 176 -161 
483 -0.01275869787724437 -0.02183185321419179 0.9891889836571932 -0.002328654067256575 0.008920875185354227 0.9917355371900825 0 2 176 -144 
484 -0.2955634769177747 -0.07609343165206484 0.8790931807942666 -0.2510276686382796 -0.02644123203406912 0.9244064922670776 0 2 177 -162 
485 -0.2510276686382796 -0.07476048263690915 0.9244064922670776 -0.1861670086183023 -0.02644123203406912 0.953582895562757 0 2 177 -145 
486 -0.1861670086183023 -0.07476048263690915 0.953582895562757 -0.1202970610538054 0.03956892515535859 0.9882051979351782 0 2 163 -145 
487 0.03822246924606865 0.1816635681994307 0.9242318098227902 0.07455863520777672 0.2494998272364928 0.9559098108693864 0 2 178 -164 
488 0.03822246924606865 0.1793296978503005 0.9242318098227902 0.1708854698711932 0.2494998272364928 0.9247711784087007 0 2 178 -148 
489 0.1669213980382351 0.1793296978503005 0.8857559099156995 0.1708854698711932 0.2342818918490728 0.9247711784087007 0 2 179 -148 
490 0.1669213980382351 0.1642200192113894 0.8795031251110121 0.2478487606251587 0.2342818918490728 0.8857559099156995 0 2 179 -150 
491 -0.04303011717611083 0.002327998882093896 0.9878250897427912 0.04035938085536206 0.1196356768309568 0.9881183103027646 0 2 180 -161 
492 -0.04303011717611083 0.1142373542768351 0.9881183103027646 0.04104782926533967 0.1196356768309568 0.9904438144413503 0 2 149 -180 
493 -0.04303011717611083 0.1196356768309568 0.9559098108693864 0.07455863520777672 0.1816635681994307 0.9881183103027646 0 2 164 -180 
494 0.2156552800516791 0.1642200192113894 0.8719326117464967 0.2478487606251587 0.2194539428303517 0.8795031251110121 0 2 181 -150 
495 0.2156552800516791 0.2194539428303517 0.7766071016079257 0.2972302679730252 0.2313796231714125 0.8719326117464967 0 2 181 -152 
496 0.2377537684278725 0.2313796231714125 0.7268889298838803 0.2972302679730252 0.3155105388133674 0.7766071016079257 0 2 182 -152 
497 0.2377537684278725 0.2921402856364885 0.6538952548373309 0.3025390821540774 0.3155105388133674 0.7268889298838803 0 2 151 -182 
498 0.1882412240473637 0.2921402856364885 0.6538952548373309 0.3025390821540774 0.3737250509364252 0.6569608158172131 0 2 151 -183 
499 0.1882412240473637 0.3446934939606774 0.5927844211019386 0.2523557289641398 0.3737250509364252 0.6569608158172131 0 2 165 -183 
500 0.2523557289641398 0.254942299190843 0.5323252446096647 0.3416497052877583 0.3446934939606774 0.5927844211019386 0 2 153 -165 
501 0.2311459740624344 0.2932734535757204 0.371897361524746 0.2538101392287866 0.3196905193570392 0.465660456644453 0 2 167 -166 
502 0.2523557289641398 0.3196905193570392 0.465660456644453 0.2538101392287866 0.3446934939606774 0.5927844211019386 0 2 166 -165 
503 0.2005197971971089 0.2323937490063719 0.28301847020146 0.2311459740624344 0.2932734535757204 0.371897361524746 0 2 169 -167 
504 0.1255314361205451 0.2323937490063719 0.2578402587660876 0.2005197971971089 0.2450370082977404 0.28301847020146 0 2 168 -169 
505 0.03806845033385076 0.2450370082977404 0.2320107932784647 0.1255314361205451 0.2495233131046517 0.2578402587660876 0 2 170 -168 
506 -0.07525907854612468 0.1831327957285396 0.2014375856136436 0.03806845033385076 0.2495233131046517 0.2320107932784647 0 2 171 -170 
507 -0.07525907854612468 0.1785157562821353 0.1992013882526929 0.07139842517123796 0.1831327957285396 0.2014375856136436 0 2 155 -171 
508 -0.07525907854612468 0.1212894649806594 0.1690966883784372 0.04409897617162817 0.1831327957285396 0.2014375856136436 0 2 156 -171 
509 -0.1751551099845079 0.1742883000135593 0.2014375856136436 -0.07525907854612468 0.1831327957285396 0.2306307213304148 0 2 171 -172 
510 -0.3060262799859259 0.07198053198933652 0.2686304024215582 -0.2424613242245188 0.1511694363439257 0.2894372688467378 0 2 139 -184 
511 -0.2424613242245188 0.1511694363439257 0.2306307213304148 -0.1751551099845079 0.1742883000135593 0.2686304024215582 0 2 172 -184 
512 -0.3462588825122018 0.07198053198933652 0.2894372688467378 -0.3060262799859259 0.1708854698711932 0.3991825980461985 0 2 139 -185 
513 -0.3462588825122018 0.03822246924606865 0.329012519058864 -0.3457194635274335 0.1708854698711932 0.3991825980461985 0 2 173 -185 
514 -0.3773974141751717 0.03822246924606865 0.329012519058864 -0.3457194635274335 0.07455863520777672 0.3968488284947839 0 2 173 -186 
515 -0.3773974141751717 -0.04500922995878487 0.3220448264433798 -0.3403083396631977 0.07455863520777672 0.3968488284947839 0 2 140 -186 
516 -0.4096059640074078 -0.04303011717611083 0.3968488284947839 -0.3773974141751717 0.07455863520777672 0.4588766190655422 0 2 186 -174 
517 -0.4132231404958678 -0.1202966578629349 0.5389428163536936 -0.4096928516398217 -0.002328654067256575 0.5695914207111448 0 2 187 -142 
518 -0.4132231404958678 -0.04303011717611083 0.4588766190655422 -0.4096059640074078 -0.002328654067256575 0.5695914207111448 0 2 174 -187 
519 -0.4119314681459936 -0.07518085951740772 0.6927487429938746 -0.3774726092723652 -0.04104722447903253 0.7602369475126869 0 2 175 -160 
520 -0.4106765869629788 -0.1202966578629349 0.5389428163536936 -0.4096928516398217 -0.01275869787724437 0.600344149110688 0 2 188 -142 
521 -0.4119314681459936 -0.04104722447903253 0.600344149110688 -0.4106765869629788 -0.01275869787724437 0.6927487429938746 0 2 188 -175 
522 -0.3455470994306439 -0.07609343165206484 0.8290026623020714 -0.2955634769177747 -0.02802415938842651 0.8790931807942666 0 2 189 -162 
523 -0.3774726092723652 -0.07518085951740772 0.7602369475126869 -0.3455470994306439 -0.02802415938842651 0.8290026623020714 0 2 189 -160 
524 -0.1202970610538054 0.008920875185354227 0.9882051979351782 -0.002328654067256575 0.03956892515535859 0.9917355371900825 0 2 163 -176 
525 -0.04303011717611083 0.008920875185354227 0.9881183103027646 -0.002328654067256575 0.1196356768309568 0.9917355371900825 0 2 180 -176 
526 -0.2967148388449996 -0.07609343165206484 0.8774628785127205 -0.2955634769177747 0.0696717602718423 0.8790931807942666 0 2 190 -162 
527 -0.2967148388449996 -0.02644123203406912 0.8774628785127205 -0.2510276686382796 0.0696717602718423 0.9244064922670776 0 2 190 -177 
528 -0.2510276686382796 -0.02644123203406912 0.9244064922670776 -0.2452174866107801 0.04718358792010269 0.9246333879289885 0 2 191 -177 
529 -0.2452174866107801 -0.07476048263690915 0.9246333879289885 -0.1861670086183023 0.04718358792010269 0.953582895562757 0 2 191 -145 
530 -0.2452174866107801 0.03956892515535859 0.9246333879289885 -0.1202970610538054 0.04718358792010269 0.9882051979351782 0 2 163 -191 
531 -0.04500922995878487 0.1816635681994307 0.9188206859585546 0.07455863520777672 0.2564675702508377 0.9559098108693864 0 2 192 -164 
532 -0.04500922995878487 0.2494998272364928 0.9188206859585546 0.03822246924606865 0.2564675702508377 0.9242318098227902 0 2 178 -192 
533 0.03822246924606865 0.2494998272364928 0.884538575882422 0.07198053198933652 0.289075127847477 0.9242318098227902 0 2 193 -178 
534 0.07198053198933652 0.1793296978503005 0.884538575882422 0.1708854698711932 0.289075127847477 0.9247711784087007 0 2 193 -148 
535 0.07198053198933652 0.2342818918490728 0.884538575882422 0.1669213980382351 0.289075127847477 0.8857559099156995 0 2 193 -179 
536 0.1669213980382351 0.2194539428303517 0.8719326117464967 0.2156552800516791 0.2342818918490728 0.8857559099156995 0 2 181 -179 
537 -0.04500922995878487 0.1196356768309568 0.9188206859585546 -0.04303011717611083 0.2564675702508377 0.9881183103027646 0 2 192 -180 
538 0.2079956615049652 0.2194539428303517 0.8039470712899388 0.2156552800516791 0.2957319099035838 0.8719326117464967 0 2 194 -181 
539 0.2079956615049652 0.2313796231714125 0.7766071016079257 0.2972302679730252 0.2957319099035838 0.8039470712899388 0 2 152 -194 
540 0.2079956615049652 0.2957319099035838 0.7268889298838803 0.2377537684278725 0.3155105388133674 0.8039470712899388 0 2 182 -194 
541 0.1882412240473637 0.3155105388133674 0.6569608158172131 0.2377537684278725 0.3737250509364252 0.7268889298838803 0 2 183 -182 
542 0.1203003369796206 0.3737250509364252 0.6181236568908908 0.1882412240473637 0.4096917932637909 0.6569608158172131 0 2 195 -183 
543 0.1203003369796206 0.3446934939606774 0.5927844211019386 0.2523557289641398 0.4096917932637909 0.6181236568908908 0 2 165 -195 
544 0.150099670168954 0.3162367863673747 0.3425912315667465 0.2538101392287866 0.3196905193570392 0.465660456644453 0 2 196 -166 
545 0.150099670168954 0.2932734535757204 0.3425912315667465 0.2311459740624344 0.3162367863673747 0.371897361524746 0 2 167 -196 
546 0.1856315711433694 0.3196905193570392 0.465660456644453 0.2538101392287866 0.3761082113693766 0.5048084253324401 0 2 166 -197 
547 0.1856315711433694 0.3446934939606774 0.5048084253324401 0.2523557289641398 0.3761082113693766 0.5927844211019386 0 2 197 -165 
548 0.150099670168954 0.2323937490063719 0.28301847020146 0.2005197971971089 0.3162367863673747 0.3425912315667465 0 2 169 -196 
549 0.1255314361205451 0.2450370082977404 0.2578402587660876 0.150099670168954 0.3162367863673747 0.3425912315667465 0 2 168 -196 
550 0.03806845033385076 0.2495233131046517 0.2320107932784647 0.04828097266965059 0.3385993647632088 0.3195807254433403 0 2 170 -198 
551 0.04828097266965059 0.2450370082977404 0.2578402587660876 0.1255314361205451 0.3385993647632088 0.3195807254433403 0 2 168 -198 
552 -0.07126895050321258 0.2495233131046517 0.2320107932784647 0.03806845033385076 0.2827473495410302 0.2644277927903241 0 2 170 -199 
553 -0.07525907854612468 0.1831327957285396 0.2014375856136436 -0.07126895050321258 0.2827473495410302 0.2644277927903241 0 2 171 -199 
554 -0.1751551099845079 0.1742883000135593 0.2306307213304148 -0.07126895050321258 0.2827473495410302 0.2644277927903241 0 2 199 -172 
555 -0.3072435636203427 0.07198053198933652 0.2894372688467378 -0.3060262799859259 0.1669213980382351 0.344230454446284 0 2 139 -200 
556 -0.3072435636203427 0.1511694363439257 0.2686304024215582 -0.2424613242245188 0.1669213980382351 0.344230454446284 0 2 184 -200 
557 -0.1751551099845079 0.1742883000135593 0.2306307213304148 -0.1483769363805337 0.2377536676301568 0.2630019082797078 0 2 172 -201 
558 -0.2424613242245188 0.1511694363439257 0.2630019082797078 -0.1483769363805337 0.2377536676301568 0.2686304024215582 0 2 184 -201 
559 -0.3462588825122018 0.1669213980382351 0.344230454446284 -0.3072435636203427 0.1708854698711932 0.3991825980461985 0 2 200 -185 
560 -0.3773974141751717 0.07455863520777672 0.3968488284947839 -0.3462588825122018 0.1708854698711932 0.3991825980461985 0 2 186 -185 
561 -0.4119314177471357 0.04104782926533967 0.3968488284947839 -0.3773974141751717 0.07455863520777672 0.4642749920185217 0 2 202 -186 
562 -0.4119314177471357 -0.04303011717611083 0.4588766190655422 -0.4096059640074078 0.04104782926533967 0.4642749920185217 0 2 174 -202 
563 -0.4132231404958678 -0.01275869787724437 0.5695914207111448 -0.4106765869629788 -0.002328654067256575 0.600344149110688 0 2 187 -188 
564 -0.4096059640074078 -0.04303011717611083 0.4588766190655422 -0.4093127434474344 0.04035938085536206 0.5761842970144051 0 2 174 -203 
565 -0.4132231404958678 -0.002328654067256575 0.5695914207111448 -0.4093127434474344 0.04035938085536206 0.5761842970144051 0 2 203 -187 
566 -0.4119314681459936 -0.04104722447903253 0.6927487429938746 -0.3725341763039699 0.07302681229615171 0.7715849561352135 0 2 204 -175 
567 -0.3774726092723652 -0.07518085951740772 0.7602369475126869 -0.3725341763039699 0.07302681229615171 0.7715849561352135 0 2 160 -204 
568 -0.4106765869629788 -0.01275869787724437 0.600344149110688 -0.4098281221765995 0.05258039850846263 0.6900199471878923 0 2 188 -205 
569 -0.4119314681459936 -0.04104722447903253 0.6900199471878923 -0.4098281221765995 0.05258039850846263 0.6927487429938746 0 2 205 -175 
570 -0.3455470994306439 -0.02802415938842651 0.8290026623020714 -0.2967148388449996 0.0696717602718423 0.8774628785127205 0 2 189 -190 
571 -0.3725341763039699 -0.02802415938842651 0.7715849561352135 -0.3455470994306439 0.07302681229615171 0.8290026623020714 0 2 204 -189 
572 -0.1202970610538054 0.03956892515535859 0.9881183103027646 -0.04303011717611083 0.1196356768309568 0.9882051979351782 0 2 180 -163 
573 -0.2967148388449996 0.04718358792010269 0.8774628785127205 -0.2452174866107801 0.0696717602718423 0.9246333879289885 0 2 190 -191 
574 -0.183864032769558 0.03956892515535859 0.9534500441711982 -0.1202970610538054 0.08169088009695025 0.9882051979351782 0 2 206 -163 
575 -0.2452174866107801 0.04718358792010269 0.9246333879289885 -0.183864032769558 0.08169088009695025 0.9534500441711982 0 2 206 -191 
576 -0.04500922995878487 0.2564675702508377 0.884538575882422 0.07198053198933652 0.289075127847477 0.9188206859585546 0 2 192 -193 
577 0.07198053198933652 0.289075127847477 0.8209736201210178 0.1511694363439257 0.3098819942726592 0.884538575882422 0 2 207 -193 
578 0.1511694363439257 0.2342818918490728 0.8209736201210178 0.1669213980382351 0.3098819942726592 0.8857559099156995 0 2 207 -179 
579 0.1669213980382351 0.2342818918490728 0.8039470712899388 0.2079956615049652 0.2957319099035838 0.8857559099156995 0 2 179 -194 
580 -0.08418486762020316 0.1891194745592404 0.9188206859585546 -0.04500922995878487 0.2564675702508377 0.9494313399753975 0 2 192 -208 
581 -0.08418486762020316 0.1196356768309568 0.9494313399753975 -0.04303011717611083 0.1891194745592404 0.9881183103027646 0 2 208 -180 
582 0.1511694363439257 0.2957319099035838 0.8039470712899388 0.2079956615049652 0.3098819942726592 0.8209736201210178 0 2 207 -194 
583 0.1511694363439257 0.3098819942726592 0.7268889298838803 0.2377537684278725 0.3155105388133674 0.8209736201210178 0 2 207 -182 
584 0.1741312571698208 0.3155105388133674 0.7268889298838803 0.2377537684278725 0.3469326144554357 0.7547963907149637 0 2 209 -182 
585 0.1741312571698208 0.3469326144554357 0.6569608158172131 0.1882412240473637 0.3737250509364252 0.7547963907149637 0 2 183 -209 
586 0.1203003369796206 0.3469326144554357 0.6181236568908908 0.1741312571698208 0.4096917932637909 0.7547963907149637 0 2 195 -209 
587 0.1203003369796206 0.3761082113693766 0.5048084253324401 0.1856315711433694 0.4096917932637909 0.6181236568908908 0 2 197 -195 
588 0.1748053923039228 0.3196905193570392 0.4022497213907004 0.2538101392287866 0.3473691693695793 0.465660456644453 0 2 166 -210 
589 0.150099670168954 0.3162367863673747 0.3425912315667465 0.1748053923039228 0.3473691693695793 0.4022497213907004 0 2 196 -210 
590 0.1748053923039228 0.3473691693695793 0.4022497213907004 0.1856315711433694 0.3761082113693766 0.5048084253324401 0 2 210 -197 
591 0.04828097266965059 0.3162367863673747 0.3195807254433403 0.150099670168954 0.3385993647632088 0.3425912315667465 0 2 196 -198 
592 -0.07126895050321258 0.2827473495410302 0.2644277927903241 0.04828097266965059 0.3385993647632088 0.3195807254433403 0 2 198 -199 
593 -0.1483769363805337 0.2377536676301568 0.2630019082797078 -0.07126895050321258 0.2827473495410302 0.2644277927903241 0 2 199 -201 
594 -0.3072435636203427 0.1669213980382351 0.2827804867906336 -0.2254347753934399 0.2079956615049652 0.344230454446284 0 2 211 -200 
595 -0.2424613242245188 0.1511694363439257 0.2686304024215582 -0.2254347753934399 0.2079956615049652 0.2827804867906336 0 2 184 -211 
596 -0.2254347753934399 0.2079956615049652 0.2630019082797078 -0.1483769363805337 0.2377536676301568 0.2827804867906336 0 2 201 -211 
597 -0.3072435636203427 0.1669213980382351 0.344230454446284 -0.300990728416795 0.2478487606251587 0.4142923270839673 0 2 200 -212 
598 -0.3462588825122018 0.1708854698711932 0.3991825980461985 -0.300990728416795 0.2478487606251587 0.4142923270839673 0 2 212 -185 
599 -0.3793110084415219 0.1708854698711932 0.3991825980461985 -0.3462588825122018 0.1785157562821353 0.5071139715229767 0 2 185 -213 
600 -0.3793110084415219 0.07455863520777672 0.3968488284947839 -0.3773974141751717 0.1785157562821353 0.5071139715229767 0 2 186 -213 
601 -0.4094157083157776 0.07455863520777672 0.3968488284947839 -0.3773974141751717 0.1212896665760934 0.534413521320305 0 2 186 -214 
602 -0.4119314177471357 0.04104782926533967 0.4642749920185217 -0.4094157083157776 0.1212896665760934 0.534413521320305 0 2 214 -202 
603 -0.4119314177471357 0.04035938085536206 0.4642749920185217 -0.4093127434474344 0.04104782926533967 0.5761842970144051 0 2 202 -203 
604 -0.4106765869629788 -0.01275869787724437 0.5761842970144051 -0.4093127434474344 0.04035938085536206 0.600344149110688 0 2 203 -188 
605 -0.4098281221765995 0.05258039850846263 0.6900199471878923 -0.3725341763039699 0.07302681229615171 0.7715849561352135 0 2 205 -204 
606 -0.4106765869629788 -0.01275869787724437 0.600344149110688 -0.4097783281041948 0.1042865028154577 0.6354310281626996 0 2 215 -188 
607 -0.4098281221765995 0.05258039850846263 0.6354310281626996 -0.4097783281041948 0.1042865028154577 0.6900199471878923 0 2 215 -205 
608 -0.3725341763039699 0.0696717602718423 0.7715849561352135 -0.2967148388449996 0.07302681229615171 0.8774628785127205 0 2 204 -190 
609 -0.183864032769558 0.08169088009695025 0.9534500441711982 -0.04303011717611083 0.1196356768309568 0.9881183103027646 0 2 206 -180 
610 -0.2967148388449996 0.0696717602718423 0.8774628785127205 -0.234232148175526 0.158437556556182 0.8917026728503019 0 2 216 -190 
611 -0.2452174866107801 0.04718358792010269 0.8917026728503019 -0.234232148175526 0.158437556556182 0.9246333879289885 0 2 216 -191 
612 -0.2452174866107801 0.04718358792010269 0.9246333879289885 -0.1778812346509797 0.1764613980034073 0.9248630051292703 0 2 217 -191 
613 -0.183864032769558 0.08169088009695025 0.9248630051292703 -0.1778812346509797 0.1764613980034073 0.9534500441711982 0 2 217 -206 
614 -0.04876606168472908 0.2564675702508377 0.8367309240943457 -0.04500922995878487 0.3391145418969399 0.9188206859585546 0 2 218 -192 
615 -0.04876606168472908 0.289075127847477 0.8367309240943457 0.07198053198933652 0.3391145418969399 0.884538575882422 0 2 218 -193 
616 0.07198053198933652 0.289075127847477 0.7547963907149637 0.1741312571698208 0.3469326144554357 0.884538575882422 0 2 193 -209 
617 0.1511694363439257 0.3098819942726592 0.7547963907149637 0.1741312571698208 0.3469326144554357 0.8209736201210178 0 2 209 -207 
618 -0.1381915286307238 0.240624789813134 0.8963979313254204 -0.04500922995878487 0.2564675702508377 0.9188206859585546 0 2 219 -192 
619 -0.1381915286307238 0.1891194745592404 0.8963979313254204 -0.08418486762020316 0.240624789813134 0.9494313399753975 0 2 219 -208 
620 -0.183864032769558 0.08169088009695025 0.9494313399753975 -0.08418486762020316 0.1891194745592404 0.9534500441711982 0 2 208 -206 
621 0.07356688646608533 0.37480459448999 0.6181236568908908 0.1203003369796206 0.4096917932637909 0.7667328564117906 0 2 195 -220 
622 0.07356688646608533 0.3469326144554357 0.7547963907149637 0.1741312571698208 0.37480459448999 0.7667328564117906 0 2 220 -209 
623 0.1212892633852253 0.3761082113693766 0.5048084253324401 0.1856315711433694 0.4094158091134958 0.5344148820894878 0 2 197 -221 
624 0.1203003369796206 0.4094158091134958 0.5344148820894878 0.1212892633852253 0.4096917932637909 0.6181236568908908 0 2 221 -195 
625 0.04828097266965059 0.3385993647632088 0.3195807254433403 0.1748053923039228 0.3473691693695793 0.4022497213907004 0 2 198 -210 
626 0.07586930792738278 0.3761082113693766 0.3953219950701698 0.1856315711433694 0.3763181730147618 0.5048084253324401 0 2 222 -197 
627 0.07586930792738278 0.3473691693695793 0.3953219950701698 0.1748053923039228 0.3763181730147618 0.4022497213907004 0 2 210 -222 
628 -0.03006596835133502 0.3385993647632088 0.3195807254433403 0.04828097266965059 0.3424019586528617 0.3240177905652913 0 2 198 -223 
629 -0.07126895050321258 0.2827473495410302 0.2644277927903241 -0.03006596835133502 0.3424019586528617 0.3240177905652913 0 2 199 -223 
630 -0.1980942513239826 0.2377536676301568 0.2630019082797078 -0.1483769363805337 0.2972309735570453 0.3471334791068252 0 2 201 -224 
631 -0.1980942513239826 0.2827473495410302 0.2644277927903241 -0.07126895050321258 0.2972309735570453 0.3471334791068252 0 2 224 -199 
632 -0.29342026545114 0.2079956615049652 0.2827804867906336 -0.2254347753934399 0.2156552800516791 0.3590584034650052 0 2 211 -225 
633 -0.3072435636203427 0.1669213980382351 0.344230454446284 -0.29342026545114 0.2156552800516791 0.3590584034650052 0 2 200 -225 
634 -0.2254347753934399 0.2079956615049652 0.2827804867906336 -0.1980942513239826 0.2972309735570453 0.3471334791068252 0 2 211 -224 
635 -0.300990728416795 0.2156552800516791 0.3590584034650052 -0.29342026545114 0.2478487606251587 0.4142923270839673 0 2 225 -212 
636 -0.3310786958699588 0.2478487606251587 0.4142923270839673 -0.300990728416795 0.265125086200003 0.5197057735796051 0 2 212 -226 
637 -0.3462588825122018 0.1708854698711932 0.3991825980461985 -0.3310786958699588 0.265125086200003 0.5197057735796051 0 2 185 -226 
638 -0.3793110084415219 0.1785157562821353 0.5071139715229767 -0.3310786958699588 0.265125086200003 0.5197057735796051 0 2 226 -213 
639 -0.4094157083157776 0.1212896665760934 0.5071139715229767 -0.3793110084415219 0.1785157562821353 0.534413521320305 0 2 213 -214 
640 -0.4119314177471357 0.04104782926533967 0.4642749920185217 -0.4097783281041948 0.1042865028154577 0.6354310281626996 0 2 202 -215 
641 -0.4097783281041948 0.1042865028154577 0.534413521320305 -0.4094157083157776 0.1212896665760934 0.6354310281626996 0 2 214 -215 
642 -0.4097783281041948 0.04035938085536206 0.5761842970144051 -0.4093127434474344 0.1042865028154577 0.6354310281626996 0 2 215 -203 
643 -0.4097783281041948 0.07302681229615171 0.6354310281626996 -0.3725341763039699 0.1042865028154577 0.7715849561352135 0 2 215 -204 
644 -0.3472650957263452 0.0696717602718423 0.7556817978647783 -0.2967148388449996 0.1717687602689415 0.8774628785127205 0 2 190 -227 
645 -0.3725341763039699 0.07302681229615171 0.7556817978647783 -0.3472650957263452 0.1717687602689415 0.7715849561352135 0 2 227 -204 
646 -0.2967148388449996 0.0696717602718423 0.807781718853732 -0.295408752421534 0.205276139088987 0.8774628785127205 0 2 228 -190 
647 -0.295408752421534 0.158437556556182 0.807781718853732 -0.234232148175526 0.205276139088987 0.8917026728503019 0 2 228 -216 
648 -0.234232148175526 0.158437556556182 0.8917026728503019 -0.1778812346509797 0.1764613980034073 0.9248630051292703 0 2 216 -217 
649 -0.1778812346509797 0.1764613980034073 0.9248630051292703 -0.08418486762020316 0.1891194745592404 0.9494313399753975 0 2 217 -208 
650 -0.1381915286307238 0.240624789813134 0.8367309240943457 -0.04876606168472908 0.3391145418969399 0.8963979313254204 0 2 218 -219 
651 -0.04876606168472908 0.3391145418969399 0.832217403903734 0.0320226032430253 0.3427171531152324 0.8367309240943457 0 2 229 -218 
652 0.0320226032430253 0.289075127847477 0.832217403903734 0.07198053198933652 0.3427171531152324 0.884538575882422 0 2 229 -193 
653 0.07198053198933652 0.289075127847477 0.7667328564117906 0.07356688646608533 0.37480459448999 0.884538575882422 0 2 220 -193 
654 -0.1778812346509797 0.1764613980034073 0.8963979313254204 -0.1381915286307238 0.240624789813134 0.9248630051292703 0 2 219 -217 
655 0.05257868494726692 0.4096917932637909 0.6181236568908908 0.1203003369796206 0.40982817257546 0.6900192416038717 0 2 195 -230 
656 0.05257868494726692 0.37480459448999 0.6900192416038717 0.07356688646608533 0.40982817257546 0.7667328564117906 0 2 230 -220 
657 0.07586930792738278 0.3763181730147618 0.3953219950701698 0.1212892633852253 0.4094158091134958 0.5344148820894878 0 2 222 -221 
658 0.04104762766990311 0.4096917932637909 0.4642748408219454 0.1203003369796206 0.4119314177471356 0.6181236568908908 0 2 231 -195 
659 0.04104762766990311 0.4094158091134958 0.4642748408219454 0.1212892633852253 0.4119314177471356 0.5344148820894878 0 2 221 -231 
660 0.04828097266965059 0.3385993647632088 0.3195807254433403 0.07586930792738278 0.3763181730147618 0.3953219950701698 0 2 198 -222 
661 -0.03006596835133502 0.3424019586528617 0.3240177905652913 0.07586930792738278 0.3763181730147618 0.3953219950701698 0 2 223 -222 
662 -0.08526199202854945 0.3424019586528617 0.3240177905652913 -0.03006596835133502 0.3732062450848659 0.3930076794782181 0 2 223 -232 
663 -0.08526199202854945 0.2827473495410302 0.2644277927903241 -0.07126895050321258 0.3732062450848659 0.3930076794782181 0 2 199 -232 
664 -0.1747078705123194 0.2827473495410302 0.2644277927903241 -0.07126895050321258 0.3467520857435382 0.4008406197000338 0 2 199 -233 
665 -0.1980942513239826 0.2972309735570453 0.3471334791068252 -0.1747078705123194 0.3467520857435382 0.4008406197000338 0 2 224 -233 
666 -0.29342026545114 0.2156552800516791 0.3471334791068252 -0.1980942513239826 0.2972309735570453 0.3590584034650052 0 2 225 -224 
667 -0.300990728416795 0.2478487606251587 0.3471334791068252 -0.1980942513239826 0.2972309735570453 0.4142923270839673 0 2 224 -212 
668 -0.300990728416795 0.2478487606251587 0.4142923270839673 -0.2358102876383065 0.3158270436460633 0.4273954255622043 0 2 212 -234 
669 -0.3310786958699588 0.265125086200003 0.4273954255622043 -0.2358102876383065 0.3158270436460633 0.5197057735796051 0 2 234 -226 
670 -0.3450359038067511 0.2505877370006022 0.5197057735796051 -0.3310786958699588 0.265125086200003 0.6155460576610365 0 2 226 -235 
671 -0.3793110084415219 0.1785157562821353 0.5071139715229767 -0.3450359038067511 0.2505877370006022 0.6155460576610365 0 2 213 -235 
672 -0.3793110084415219 0.1785157562821353 0.5071139715229767 -0.3762105210525573 0.1855010380993132 0.6512840899675776 0 2 213 -236 
673 -0.4094157083157776 0.1212896665760934 0.534413521320305 -0.3762105210525573 0.1855010380993132 0.6512840899675776 0 2 214 -236 
674 -0.4097783281041948 0.1042865028154577 0.6354310281626996 -0.3762105210525573 0.1855010380993132 0.6512840899675776 0 2 236 -215 
675 -0.4097783281041948 0.1042865028154577 0.6354310281626996 -0.3472650957263452 0.1717687602689415 0.7556817978647783 0 2 215 -227 
676 -0.3472650957263452 0.1717687602689415 0.7556817978647783 -0.295408752421534 0.205276139088987 0.807781718853732 0 2 227 -228 
677 -0.295408752421534 0.205276139088987 0.807781718853732 -0.2111120749332857 0.227629444094817 0.8713791314801473 0 2 228 -237 
678 -0.234232148175526 0.158437556556182 0.8713791314801473 -0.2111120749332857 0.227629444094817 0.8917026728503019 0 2 237 -216 
679 -0.234232148175526 0.158437556556182 0.8917026728503019 -0.1381915286307238 0.240624789813134 0.8963979313254204 0 2 216 -219 
680 -0.1921316631477453 0.240624789813134 0.8215289147462814 -0.1381915286307238 0.2904226925316606 0.8963979313254204 0 2 238 -219 
681 -0.1921316631477453 0.2904226925316606 0.8215289147462814 -0.04876606168472908 0.3391145418969399 0.8367309240943457 0 2 238 -218 
682 -0.07065075810227783 0.3391145418969399 0.7553952299541538 -0.04876606168472908 0.3801987843376973 0.8367309240943457 0 2 239 -218 
683 -0.07065075810227783 0.3427171531152324 0.7553952299541538 0.0320226032430253 0.3801987843376973 0.832217403903734 0 2 239 -229 
684 0.0320226032430253 0.3427171531152324 0.7667328564117906 0.07356688646608533 0.37480459448999 0.832217403903734 0 2 220 -229 
685 -0.01275869787724437 0.40982817257546 0.600344149110688 0.05257868494726692 0.4106765869629785 0.6900192416038717 0 2 240 -230 
686 -0.01275869787724437 0.4096917932637909 0.600344149110688 0.1203003369796206 0.4106765869629785 0.6181236568908908 0 2 195 -240 
687 -0.04104782926533723 0.37480459448999 0.6927490453870269 0.07356688646608533 0.4119314177471356 0.7667328564117906 0 2 241 -220 
688 -0.04104782926533723 0.40982817257546 0.6900192416038717 0.05257868494726692 0.4119314177471356 0.6927490453870269 0 2 230 -241 
689 0.04104762766990311 0.3763181730147618 0.3953219950701698 0.07586930792738278 0.4119314177471356 0.4642748408219454 0 2 222 -231 
690 0.04035938085536206 0.4093126930485764 0.4642748408219454 0.04104762766990311 0.4119314177471356 0.5761842970144051 0 2 231 -242 
691 0.04035938085536206 0.4093126930485764 0.5761842970144051 0.1203003369796206 0.4096917932637909 0.6181236568908908 0 2 195 -242 
692 -0.04303394748937295 0.3424019586528617 0.3240177905652913 -0.03006596835133502 0.4096059136085499 0.4588783326267378 0 2 223 -243 
693 -0.04303394748937295 0.3763181730147618 0.3953219950701698 0.07586930792738278 0.4096059136085499 0.4588783326267378 0 2 222 -243 
694 -0.08526199202854945 0.3732062450848659 0.3930076794782181 -0.04303394748937295 0.4096059136085499 0.4588783326267378 0 2 232 -243 
695 -0.1747078705123194 0.3467520857435382 0.3930076794782181 -0.08526199202854945 0.3732062450848659 0.4008406197000338 0 2 233 -232 
696 -0.2358102876383065 0.2972309735570453 0.3471334791068252 -0.1980942513239826 0.3158270436460633 0.4273954255622043 0 2 224 -234 
697 -0.2358102876383065 0.3158270436460633 0.4008406197000338 -0.1747078705123194 0.3467520857435382 0.4273954255622043 0 2 234 -233 
698 -0.2723590359860524 0.3158270436460633 0.4273954255622043 -0.2358102876383065 0.3236402779141243 0.5171002029831675 0 2 234 -244 
699 -0.3310786958699588 0.265125086200003 0.5171002029831675 -0.2723590359860524 0.3236402779141243 0.5197057735796051 0 2 244 -226 
700 -0.3450359038067511 0.2505877370006022 0.6155460576610365 -0.2873283034045956 0.3079092821450395 0.6539350699357112 0 2 235 -245 
701 -0.3310786958699588 0.265125086200003 0.5197057735796051 -0.2873283034045956 0.3079092821450395 0.6539350699357112 0 2 226 -245 
702 -0.3762105210525573 0.1855010380993132 0.6155460576610365 -0.3450359038067511 0.2505877370006022 0.6512840899675776 0 2 235 -236 
703 -0.3762105210525573 0.1717687602689415 0.6512840899675776 -0.3472650957263452 0.1855010380993132 0.7556817978647783 0 2 236 -227 
704 -0.3180934803222427 0.205276139088987 0.7350636247666069 -0.295408752421534 0.2299484971794907 0.807781718853732 0 2 246 -228 
705 -0.3472650957263452 0.1717687602689415 0.7350636247666069 -0.3180934803222427 0.2299484971794907 0.7556817978647783 0 2 246 -227 
706 -0.295408752421534 0.205276139088987 0.807781718853732 -0.1921316631477453 0.2904226925316606 0.8215289147462814 0 2 228 -238 
707 -0.2111120749332857 0.227629444094817 0.8215289147462814 -0.1921316631477453 0.2904226925316606 0.8713791314801473 0 2 238 -237 
708 -0.2111120749332857 0.227629444094817 0.8713791314801473 -0.1381915286307238 0.240624789813134 0.8963979313254204 0 2 237 -219 
709 -0.1921316631477453 0.2904226925316606 0.7571683626012811 -0.1709569858517009 0.3462714822268818 0.8215289147462814 0 2 247 -238 
710 -0.1709569858517009 0.3391145418969399 0.7571683626012811 -0.04876606168472908 0.3462714822268818 0.8367309240943457 0 2 247 -218 
711 -0.1709569858517009 0.3462714822268818 0.7553952299541538 -0.07065075810227783 0.3801987843376973 0.7571683626012811 0 2 239 -247 
712 -0.07065075810227783 0.37480459448999 0.7553952299541538 0.07356688646608533 0.3801987843376973 0.7667328564117906 0 2 220 -239 
713 -0.04104782926533723 0.4106765869629785 0.600344149110688 -0.01275869787724437 0.4119314177471356 0.6927490453870269 0 2 240 -241 
714 -0.01275869787724437 0.4093126930485764 0.5761842970144051 0.04035938085536206 0.4106765869629785 0.600344149110688 0 2 242 -240 
715 -0.07065075810227783 0.3801987843376973 0.6927490453870269 -0.04104782926533723 0.4119314177471356 0.7553952299541538 0 2 241 -239 
716 -0.04303394748937295 0.4096059136085499 0.4588783326267378 0.04104762766990311 0.4119314177471356 0.4642748408219454 0 2 231 -243 
717 -0.04303394748937295 0.4093126930485764 0.4588783326267378 0.04035938085536206 0.4096059136085499 0.5761842970144051 0 2 243 -242 
718 -0.1829228340831547 0.3732062450848659 0.3930076794782181 -0.08526199202854945 0.3772297875711037 0.5036831196151665 0 2 232 -248 
719 -0.1829228340831547 0.3772297875711037 0.4588783326267378 -0.04303394748937295 0.4096059136085499 0.5036831196151665 0 2 243 -248 
720 -0.1829228340831547 0.3467520857435382 0.4008406197000338 -0.1747078705123194 0.3772297875711037 0.5036831196151665 0 2 233 -248 
721 -0.2723590359860524 0.3236402779141243 0.4008406197000338 -0.1747078705123194 0.3467520857435382 0.5171002029831675 0 2 233 -244 
722 -0.2873283034045956 0.3079092821450395 0.5171002029831675 -0.2723590359860524 0.3236402779141243 0.6539350699357112 0 2 244 -245 
723 -0.3180934803222427 0.2299484971794907 0.6539350699357112 -0.2873283034045956 0.3079092821450395 0.7350636247666069 0 2 245 -246 
724 -0.3450359038067511 0.2299484971794907 0.6155460576610365 -0.3180934803222427 0.2505877370006022 0.7350636247666069 0 2 235 -246 
725 -0.3762105210525573 0.1855010380993132 0.6512840899675776 -0.3180934803222427 0.2299484971794907 0.7350636247666069 0 2 236 -246 
726 -0.3180934803222427 0.2299484971794907 0.7350636247666069 -0.2380619070500238 0.3078186649970793 0.7423920220138787 0 2 246 -249 
727 -0.295408752421534 0.205276139088987 0.7423920220138787 -0.2380619070500238 0.3078186649970793 0.807781718853732 0 2 249 -228 
728 -0.2380619070500238 0.2904226925316606 0.7423920220138787 -0.1921316631477453 0.3078186649970793 0.8215289147462814 0 2 249 -238 
729 -0.2380619070500238 0.3078186649970793 0.7423920220138787 -0.1709569858517009 0.3462714822268818 0.7571683626012811 0 2 247 -249 
730 -0.1861670590171601 0.3462714822268818 0.653272828932266 -0.1709569858517009 0.3750704988685423 0.7571683626012811 0 2 250 -247 
731 -0.1861670590171601 0.3750704988685423 0.653272828932266 -0.07065075810227783 0.3801987843376973 0.7553952299541538 0 2 250 -239 
732 -0.1042885187698059 0.4097797896710986 0.5216273812644923 -0.04104782926533723 0.4119314177471356 0.6927490453870269 0 2 251 -241 
733 -0.1042885187698059 0.4097797896710986 0.5216273812644923 -0.01275869787724437 0.4106765869629785 0.600344149110688 0 2 240 -251 
734 -0.002328654067256575 0.4093126930485764 0.5695914207111448 0.04035938085536206 0.4132231404958677 0.5761842970144051 0 2 242 -252 
735 -0.01275869787724437 0.4106765869629785 0.5695914207111448 -0.002328654067256575 0.4132231404958677 0.600344149110688 0 2 252 -240 
736 -0.1212898681715275 0.3801987843376973 0.6226083489343219 -0.07065075810227783 0.4094158091134958 0.7553952299541538 0 2 253 -239 
737 -0.1212898681715275 0.4094158091134958 0.6226083489343219 -0.04104782926533723 0.4119314177471356 0.6927490453870269 0 2 241 -253 
738 -0.04303394748937295 0.4096059136085499 0.4588783326267378 -0.002328654067256575 0.4132231404958677 0.5695914207111448 0 2 243 -252 
739 -0.1042885187698059 0.4096059136085499 0.4588783326267378 -0.04303394748937295 0.4097797896710986 0.5216273812644923 0 2 243 -251 
740 -0.1829228340831547 0.3772297875711037 0.5036831196151665 -0.1042885187698059 0.4097797896710986 0.5216273812644923 0 2 248 -251 
741 -0.2723590359860524 0.3236402779141243 0.5036831196151665 -0.1829228340831547 0.3772297875711037 0.5171002029831675 0 2 244 -248 
742 -0.2873283034045956 0.3079092821450395 0.6071581756059674 -0.2479341866906715 0.3474442636690571 0.6539350699357112 0 2 254 -245 
743 -0.2723590359860524 0.3236402779141243 0.5171002029831675 -0.2479341866906715 0.3474442636690571 0.6071581756059674 0 2 244 -254 
744 -0.2873283034045956 0.3078186649970793 0.6539350699357112 -0.2380619070500238 0.3079092821450395 0.7423920220138787 0 2 245 -249 
745 -0.2380619070500238 0.3078186649970793 0.653272828932266 -0.1861670590171601 0.3750704988685423 0.7423920220138787 0 2 250 -249 
746 -0.1861670590171601 0.3750704988685423 0.6226083489343219 -0.1212898681715275 0.4094158091134958 0.653272828932266 0 2 253 -250 
747 -0.1212898681715275 0.4094158091134958 0.5216273812644923 -0.1042885187698059 0.4097797896710986 0.6226083489343219 0 2 251 -253 
748 -0.1042885187698059 0.4097797896710986 0.5216273812644923 -0.002328654067256575 0.4132231404958677 0.5695914207111448 0 2 252 -251 
749 -0.1829228340831547 0.3772297875711037 0.5036831196151665 -0.1212898681715275 0.4094158091134958 0.6226083489343219 0 2 248 -253 
750 -0.2479341866906715 0.3474442636690571 0.5036831196151665 -0.1829228340831547 0.3772297875711037 0.6071581756059674 0 2 248 -254 
751 -0.2479341866906715 0.3474442636690571 0.6071581756059674 -0.1861670590171601 0.3750704988685423 0.653272828932266 0 2 254 -250 
752 -0.2873283034045956 0.3079092821450395 0.653272828932266 -0.1861670590171601 0.3750704988685423 0.6539350699357112 0 2 245 -250 
753 -0.1861670590171601 0.3750704988685423 0.5036831196151665 -0.1829228340831547 0.3772297875711037 0.653272828932266 0 2 248 -250 
1 -0.5900612487172656 -0.5902076376223802 0 0.5902296272714156 0.5901951010110236 0.9999999999999999 1 5 4 -1 -2 3 2 
2 -0.5900495837498725 -0.5901762444433665 0.9999999999999996 0.5902296272714156 0.5901884953832344 1 1 2 1 1 
3 -0.5900495837498725 -0.5901762444433665 0 0.5902296272714156 0.5901884953832344 0 1 3 1 3 
4 0.1816635681994307 -0.3773974141751717 0.5039536606887223 0.2564675702508377 -0.3403083396631977 0.6235215762541417 1 5 3 4 5 6 
5 0.1793296978503005 -0.3773974141751717 0.4076269268230214 0.2494998272364928 -0.3457194635274335 0.5402898770492881 1 5 3 -4 7 -8 
6 0.1196356768309568 -0.4096059640074078 0.5039536606887223 0.2564675702508377 -0.3403083396631977 0.6235215762541417 1 5 3 -5 -9 10 
7 0.2494998272364928 -0.3457194635274335 0.5065318143060205 0.289075127847477 -0.3060262799859259 0.6235215762541417 1 5 3 -11 -6 12 
8 0.1793296978503005 -0.3462588825122018 0.4076269268230214 0.289075127847477 -0.3060262799859259 0.5402898770492881 1 5 3 11 -13 -7 
9 0.07139842517123796 -0.3793110084415219 0.3999965900132214 0.1816635681994307 -0.3462588825122018 0.5039536606887223 1 5 3 8 -14 -15 
10 0.1142373542768351 -0.4119314177471357 0.5039536606887223 0.1816635681994307 -0.3773974141751717 0.6215424130726097 1 5 3 9 -16 -17 
11 0.1196356768309568 -0.4096059640074078 0.6215424130726097 0.2564675702508377 -0.3403083396631977 0.66269721391556 1 5 3 18 -10 -19 
12 0.2564675702508377 -0.3403083396631977 0.5065318143060205 0.3391145418969399 -0.2582186281978494 0.6272784079800857 1 5 3 -20 -21 -12 
13 0.1793296978503005 -0.3462588825122018 0.4076269268230214 0.289075127847477 -0.3060262799859259 0.5065318143060205 1 5 3 -22 13 23 
14 0.05880657271575174 -0.3793110084415219 0.3133873104942118 0.1793296978503005 -0.3310786958699588 0.4076269268230214 1 5 3 14 24 -25 
15 0.04409877457619404 -0.4094157083157776 0.3999965900132214 0.1816635681994307 -0.3773974141751717 0.5039536606887223 1 5 3 26 15 -27 
16 0.04409877457619404 -0.4119314177471357 0.4572226797192634 0.1816635681994307 -0.3773974141751717 0.5374645674288776 1 5 3 16 -26 -28 
17 0.002327998882093896 -0.4119314177471357 0.5374645674288776 0.1196356768309568 -0.4093127434474344 0.6215424130726097 1 5 3 -29 17 -30 
18 0.1891194745592404 -0.3709190440788987 0.6235215762541417 0.2564675702508377 -0.3178855850300636 0.7167039253249385 1 5 3 31 -18 -32 
19 0.08169027531064554 -0.4096059640074078 0.6215424130726097 0.1891194745592404 -0.3709190440788987 0.7623764798626329 1 5 3 -33 34 19 
20 0.240624789813134 -0.3403083396631977 0.6235215762541417 0.3391145418969399 -0.2582186281978494 0.7167039253249385 1 5 3 35 20 -31 
21 0.289075127847477 -0.3060262799859259 0.5065318143060205 0.3427171531152324 -0.2537050576083772 0.6272784079800857 1 5 3 36 37 21 
22 0.1642200192113894 -0.3462588825122018 0.330663585670198 0.2342818918490728 -0.300990728416795 0.4115909482571217 1 5 3 22 38 -39 
23 0.2342818918490728 -0.3072435636203427 0.4115909482571217 0.3098819942726592 -0.2424613242245188 0.5065318143060205 1 5 3 -23 40 -41 
24 0.05880657271575174 -0.3462588825122018 0.3133873104942118 0.1793296978503005 -0.300990728416795 0.4076269268230214 1 5 3 39 42 -24 
25 -0.03703376176454032 -0.3793110084415219 0.3133873104942118 0.07139842517123796 -0.3310786958699588 0.3999965900132214 1 5 3 -43 -44 25 
26 -0.07277174367222072 -0.4094157083157776 0.3930113081960435 0.07139842517123796 -0.3762105210525573 0.4572226797192634 1 5 3 27 45 -46 
27 -0.05691868186734284 -0.4119314177471357 0.4572226797192634 0.1142373542768351 -0.4094157083157776 0.5374645674288776 1 5 3 47 28 -48 
28 0.002327998882093896 -0.4132231404958678 0.5381529654399948 0.1196356768309568 -0.4093127434474344 0.6215424130726097 1 5 3 -49 29 -50 
29 -0.05691868186734284 -0.4119314177471357 0.4742257930810412 0.1142373542768351 -0.4093127434474344 0.5381529654399948 1 5 3 -51 30 -47 
30 0.1764613980034073 -0.3709190440788987 0.66269721391556 0.240624789813134 -0.3178855850300636 0.7563935305474785 1 5 3 52 32 -53 
31 0.03956902595307688 -0.4096928516398217 0.6215424130726097 0.1196356768309568 -0.3749378490724174 0.7623764798626329 1 5 3 -54 33 -55 
32 0.08169027531064554 -0.3749378490724174 0.66269721391556 0.1891194745592404 -0.3463506084350558 0.7623764798626329 1 5 3 -56 53 -34 
33 0.240624789813134 -0.3178855850300636 0.6272784079800857 0.3391145418969399 -0.2430165684509246 0.7706440094431022 1 5 3 57 58 -35 
34 0.3391145418969399 -0.2582186281978494 0.546489692653471 0.3801987843376973 -0.1768829340576576 0.6491631043976347 1 5 3 -36 -59 -60 
35 0.289075127847477 -0.3060262799859259 0.5049455102281293 0.37480459448999 -0.1882205605152916 0.546489692653471 1 5 3 -61 -37 62 
36 0.1642200192113894 -0.3072435636203427 0.330663585670198 0.2342818918490728 -0.29342026545114 0.4115909482571217 1 5 3 63 64 -38 
37 0.289075127847477 -0.3060262799859259 0.4043811395243939 0.3469326144554357 -0.1762840948184674 0.5065318143060205 1 5 3 -40 65 66 
38 0.2342818918490728 -0.3072435636203427 0.3705166847903915 0.3098819942726592 -0.2254347753934399 0.427342909951431 1 5 3 -67 41 68 
39 0.05880657271575174 -0.3310786958699588 0.2626853026492937 0.1642200192113894 -0.2358102876383065 0.330663585670198 1 5 3 -42 69 -70 
40 -0.07542267324149632 -0.3450359038067511 0.2706030641503174 0.05880657271575174 -0.2873283034045956 0.3279246092947545 1 5 3 -71 43 72 
41 -0.07277174367222072 -0.3793110084415219 0.3279246092947545 0.07139842517123796 -0.3450359038067511 0.3999965900132214 1 5 3 44 -73 -45 
42 -0.07277174367222072 -0.4097783281041948 0.3930113081960435 0.04409877457619404 -0.3762105210525573 0.4742257930810412 1 5 3 48 46 -74 
43 0.008920875185354227 -0.4132231404958678 0.5808410003626132 0.1196356768309568 -0.4096059640074078 0.698809306551444 1 5 3 -75 55 49 
44 -0.02183185321419179 -0.4132231404958678 0.5381529654399948 0.008920875185354227 -0.4093127434474344 0.5912710441726012 1 5 3 50 -76 77 
45 -0.05691868186734284 -0.4106765869629788 0.4742257930810412 0.002327998882093896 -0.4093127434474344 0.5912710441726012 1 5 3 76 51 -78 
46 0.158437858949334 -0.3463506084350558 0.7167039253249385 0.240624789813134 -0.3131902257572268 0.8127443936731671 1 5 3 79 -52 -80 
47 0.03956902595307688 -0.4096928516398217 0.698809306551444 0.08169027531064554 -0.3441382497342718 0.8298341426730642 1 5 3 54 -81 82 
48 0.03970842919626671 -0.3749378490724174 0.7563935305474785 0.1764613980034073 -0.3441382497342718 0.8298341426730642 1 5 3 -82 83 56 
49 0.227629444094817 -0.3178855850300636 0.7167039253249385 0.2904226925316606 -0.2430165684509246 0.7896244212286425 1 5 3 -84 -57 -85 
50 0.2904226925316606 -0.2582186281978494 0.6272784079800857 0.3462714822268818 -0.1786560163059244 0.7706440094431022 1 5 3 -58 86 87 
51 0.3391145418969399 -0.2582186281978494 0.6272784079800857 0.3801987843376973 -0.1768829340576576 0.7494693321470576 1 5 3 59 -87 88 
52 0.3427171531152324 -0.2537050576083772 0.5049455102281293 0.3801987843376973 -0.1768829340576576 0.6491631043976347 1 5 3 -62 60 89 
53 0.289075127847477 -0.3060262799859259 0.4043811395243939 0.37480459448999 -0.1762840948184674 0.5065318143060205 1 5 3 -65 61 90 
54 0.2194539428303517 -0.3072435636203427 0.362857116642538 0.2957319099035838 -0.2254347753934399 0.4115909482571217 1 5 3 67 -91 -63 
55 0.1642200192113894 -0.300990728416795 0.28128217912005 0.2313797239691306 -0.1980949065091451 0.362857116642538 1 5 3 -64 92 -93 
56 0.3098819942726592 -0.2424613242245188 0.3407585778674844 0.3469326144554357 -0.1483766339873813 0.427342909951431 1 5 3 -66 94 -95 
57 0.2957319099035838 -0.2424613242245188 0.3407585778674844 0.3155105388133674 -0.1483766339873813 0.427342909951431 1 5 3 -96 -68 95 
58 0.1511169207331525 -0.300990728416795 0.2626853026492937 0.2313797239691306 -0.1980949065091451 0.330663585670198 1 5 3 -69 93 97 
59 0.05880657271575174 -0.3310786958699588 0.2548720683812326 0.1511169207331525 -0.2358102876383065 0.3133873104942118 1 5 3 70 98 -99 
60 -0.1565512784712503 -0.3450359038067511 0.2706030641503174 -0.03703376176454032 -0.2873283034045956 0.3485638491158662 1 5 3 100 -101 71 
61 -0.07542267324149632 -0.3310786958699588 0.2548720683812326 0.06141209291333161 -0.2723590359860524 0.3133873104942118 1 5 3 99 -102 -72 
62 -0.1565512784712503 -0.3762105210525573 0.3279246092947545 -0.03703376176454032 -0.3180934803222427 0.3930113081960435 1 5 3 -103 73 101 
63 -0.1771694011705639 -0.4097783281041948 0.3930113081960435 -0.05691868186734284 -0.3472650957263452 0.4742257930810412 1 5 3 104 105 74 
64 -0.02183185321419179 -0.4132231404958678 0.5808410003626132 0.03956902595307688 -0.4096928516398217 0.698809306551444 1 5 3 -106 75 -77 
65 -0.1115075000948197 -0.4106765869629788 0.4742257930810412 -0.02183185321419179 -0.4097783281041948 0.5912710441726012 1 5 3 -107 78 -108 
66 0.158437858949334 -0.3178855850300636 0.7167039253249385 0.240624789813134 -0.2928667347859299 0.8127443936731671 1 5 3 -109 85 -79 
67 0.03970842919626671 -0.3463506084350558 0.7563935305474785 0.1764613980034073 -0.3131902257572268 0.8298341426730642 1 5 3 -110 80 -83 
68 -0.07336443425064842 -0.4096928516398217 0.698809306551444 0.03970842919626671 -0.3441382497342718 0.8298341426730642 1 5 3 81 -111 -112 
69 0.2052764414821395 -0.2928667347859299 0.7706440094431022 0.2904226925316606 -0.2292692717606568 0.8739209475203145 1 5 3 -113 114 84 
70 0.2904226925316606 -0.2430165684509246 0.7494693321470576 0.3462714822268818 -0.163879675718522 0.8165743037442383 1 5 3 115 -86 -116 
71 0.3462714822268818 -0.1786560163059244 0.6491631043976347 0.3801987843376973 -0.07476043223804874 0.7646794053125168 1 5 3 -117 118 -88 
72 0.37480459448999 -0.1882205605152916 0.5049455102281293 0.4119314177471356 -0.1142366486928124 0.6491631043976347 1 5 3 119 -89 120 
73 0.3469326144554357 -0.1882205605152916 0.4043811395243939 0.4096917932637909 -0.0396119153818385 0.5049455102281293 1 5 3 121 -122 -90 
74 0.2194539428303517 -0.29342026545114 0.28128217912005 0.2957319099035838 -0.1980949065091451 0.3705166847903915 1 5 3 91 123 -92 
75 0.3155105388133674 -0.1762840948184674 0.3407585778674844 0.3742010177580808 -0.07573539815979047 0.4043811395243939 1 5 3 124 -94 125 
76 0.2313797239691306 -0.2254347753934399 0.28128217912005 0.3155105388133674 -0.1483766339873813 0.3705166847903915 1 5 3 126 -123 96 
77 0.1511169207331525 -0.2358102876383065 0.2317602605518186 0.2313797239691306 -0.174707568119167 0.28128217912005 1 5 3 -97 127 -128 
78 0.06141209291333161 -0.2723590359860524 0.2317602605518186 0.1776720793873356 -0.174707568119167 0.2626853026492937 1 5 3 -98 128 -129 
79 -0.163879675718522 -0.3180934803222427 0.2706030641503174 -0.07542267324149632 -0.2380619070500238 0.3485638491158662 1 5 3 -100 -130 -131 
80 -0.07542267324149632 -0.2873283034045956 0.2310680826262997 0.06141209291333161 -0.2479341866906715 0.2706030641503174 1 5 3 -132 102 133 
81 -0.1771694011705639 -0.3762105210525573 0.3485638491158662 -0.07277174367222072 -0.3180934803222427 0.4067434852286996 1 5 3 -134 -104 103 
82 -0.1930798168766524 -0.4097783281041948 0.4067434852286996 -0.05691868186734284 -0.3472650957263452 0.5054800909224655 1 5 3 135 -105 -136 
83 -0.1142367998893884 -0.4119314681459936 0.5912710441726012 0.03956902595307688 -0.4096928516398217 0.698809306551444 1 5 3 137 106 -138 
84 -0.1142367998893884 -0.4119314681459936 0.5259317965903181 -0.02183185321419179 -0.4098281221765995 0.6195617379253162 1 5 3 138 107 -139 
85 -0.1930798168766524 -0.4098281221765995 0.4742257930810412 -0.05691868186734284 -0.3725288844238066 0.5259317965903181 1 5 3 108 -135 -140 
86 0.158437858949334 -0.3131902257572268 0.7896244212286425 0.227629444094817 -0.2292692717606568 0.8739209475203145 1 5 3 -141 113 109 
87 0.03970842919626671 -0.3441382497342718 0.8127443936731671 0.158437858949334 -0.2992231396441255 0.8752589364213443 1 5 3 142 110 -143 
88 -0.07336443425064842 -0.4096928516398217 0.698809306551444 0.03956902595307688 -0.3766689490713798 0.7627669702199156 1 5 3 -144 111 -145 
89 -0.07336443425064842 -0.3766689490713798 0.7627669702199156 0.03970842919626671 -0.3121173348530133 0.8623677147451194 1 5 3 112 -146 147 
90 0.2052764414821395 -0.2430165684509246 0.7706440094431022 0.3078186649970793 -0.163879675718522 0.8739209475203145 1 5 3 -148 116 -114 
91 0.3078186649970793 -0.1786560163059244 0.7494693321470576 0.3750704988685423 -0.07476043223804874 0.8165743037442383 1 5 3 117 -115 149 
92 0.3750704988685423 -0.1768829340576576 0.6491631043976347 0.4094158091134958 -0.04409605303782316 0.7646794053125168 1 5 3 150 -118 151 
93 0.37480459448999 -0.1882205605152916 0.5049455102281293 0.4119314177471356 -0.1115069457073729 0.6195602259595545 1 5 3 -152 -119 153 
94 0.3801987843376973 -0.1768829340576576 0.6195602259595545 0.4119314177471356 -0.04409605303782316 0.6998021640680263 1 5 3 -150 154 -120 
95 0.37480459448999 -0.1882205605152916 0.4582124629054646 0.40982817257546 -0.0396119153818385 0.5259337117469478 1 5 3 155 -121 152 
96 0.3469326144554357 -0.1762840948184674 0.3896095868285684 0.4096917932637909 -0.0396119153818385 0.4582124629054646 1 5 3 -125 122 156 
97 0.3133679825318951 -0.1483766339873813 0.2941775839015445 0.3742010177580808 -0.06959817793812373 0.3896095868285684 1 5 3 -157 -124 158 
98 0.2313797239691306 -0.1980949065091451 0.28128217912005 0.3155105388133674 -0.06959817793812373 0.3407585778674844 1 5 3 -126 157 -159 
99 0.1776720793873356 -0.1980949065091451 0.2317602605518186 0.3133679825318951 -0.06959817793812373 0.2941775839015445 1 5 3 159 160 -127 
100 0.06141209291333161 -0.2723590359860524 0.201282558724253 0.1776720793873356 -0.174707568119167 0.2548720683812326 1 5 3 129 161 -162 
101 -0.163879675718522 -0.2873283034045956 0.2034418474268144 -0.07476043223804874 -0.1861670590171601 0.2706936812982776 1 5 3 -163 130 164 
102 -0.2292693221595147 -0.3180934803222427 0.2706936812982776 -0.1565512784712503 -0.2380619070500238 0.3732360560097934 1 5 3 131 -165 -166 
103 -0.07542267324149632 -0.2873283034045956 0.2034418474268144 -0.02864582931061055 -0.1861670590171601 0.2706030641503174 1 5 3 132 167 -164 
104 -0.02864582931061055 -0.2723590359860524 0.201282558724253 0.0748291762813299 -0.1829228844820125 0.2548720683812326 1 5 3 -133 162 -168 
105 -0.2292693221595147 -0.3472650957263452 0.3485638491158662 -0.1565512784712503 -0.2954087020226761 0.4067434852286996 1 5 3 166 -169 134 
106 -0.2992334210113025 -0.3725288844238066 0.4067434852286996 -0.1771694011705639 -0.2967471949122896 0.5094934024403843 1 5 3 -170 171 136 
107 -0.1142367998893884 -0.4119314681459936 0.6195617379253162 0.03956902595307688 -0.4094157083157776 0.6998029704497652 1 5 3 -172 145 -137 
108 -0.1930798168766524 -0.4119314681459936 0.5054800909224655 -0.1115075000948197 -0.3725288844238066 0.6195617379253162 1 5 3 140 173 139 
109 0.06904631043525411 -0.3131902257572268 0.8127443936731671 0.2052764414821395 -0.2292692717606568 0.8752589364213443 1 5 3 -142 -174 141 
110 -0.07012973470093653 -0.3441382497342718 0.8298341426730642 0.06904631043525411 -0.2992231396441255 0.8752589364213443 1 5 3 143 -147 175 
111 -0.1818151175675721 -0.4094157083157776 0.6532706113824813 -0.04409726261043245 -0.3766689490713798 0.7627669702199156 1 5 3 -176 -177 144 
112 -0.1773100139863629 -0.3766689490713798 0.7549832696830605 -0.07012973470093653 -0.3121173348530133 0.8623677147451194 1 5 3 -178 -179 146 
113 0.2052764414821395 -0.2292692717606568 0.8165743037442383 0.3078186649970793 -0.1565512784712503 0.8966058770164573 1 5 3 180 148 -181 
114 0.3078186649970793 -0.163879675718522 0.7646794053125168 0.3750704988685423 -0.07476043223804874 0.8658405993010945 1 5 3 -149 -182 183 
115 0.3750704988685423 -0.07476043223804874 0.6998021640680263 0.4094158091134958 0.0748291762813299 0.7646794053125168 1 5 3 184 -151 -185 
116 0.40982817257546 -0.1142366486928124 0.5259337117469478 0.4119314177471356 -0.02183185321419179 0.6195602259595545 1 5 3 186 187 -153 
117 0.4094158091134958 -0.1142366486928124 0.6195602259595545 0.4119314177471356 0.0568849650308646 0.6998021640680263 1 5 3 188 -189 -154 
118 0.4096917932637909 -0.1115069457073729 0.4582124629054646 0.4106765869629785 -0.02183185321419179 0.5912710441726012 1 5 3 -187 190 -155 
119 0.3742010177580808 -0.07573539815979047 0.3896095868285684 0.4096917932637909 0.0722603464528937 0.4582124629054646 1 5 3 -191 -156 192 
120 0.3133679825318951 -0.07573539815979047 0.2941775839015445 0.3742010177580808 0.04745886648637487 0.3896095868285684 1 5 3 193 -194 -158 
121 0.1776720793873356 -0.174707568119167 0.2053057988173386 0.3133679825318951 -0.06959817793812373 0.2941775839015445 1 5 3 -160 195 -196 
122 0.0748291762813299 -0.1829228844820125 0.201282558724253 0.1855042636262707 -0.08526153843882089 0.2317602605518186 1 5 3 -161 196 -197 
123 -0.1786560163059244 -0.2380619070500238 0.2034418474268144 -0.07476043223804874 -0.1709569858517009 0.2706936812982776 1 5 3 198 -199 163 
124 -0.2430165684509246 -0.2954087020226761 0.2706936812982776 -0.163879675718522 -0.1921316631477453 0.3732360560097934 1 5 3 165 200 -201 
125 -0.07476043223804874 -0.2479341866906715 0.201282558724253 0.0748291762813299 -0.1829228844820125 0.2310680826262997 1 5 3 202 -167 168 
126 -0.2992334210113025 -0.3472650957263452 0.3732360560097934 -0.1771694011705639 -0.2954087020226761 0.5094934024403843 1 5 3 -203 170 169 
127 -0.2992334210113025 -0.3725288844238066 0.5054800909224655 -0.1930798168766524 -0.2967471949122896 0.615676489907377 1 5 3 204 -171 -205 
128 -0.1818151175675721 -0.4119314681459936 0.6195617379253162 -0.04409726261043245 -0.3772963644634583 0.6998029704497652 1 5 3 -206 176 172 
129 -0.1930798168766524 -0.4119314681459936 0.5054800909224655 -0.1142367998893884 -0.3725288844238066 0.6532706113824813 1 5 3 -173 -207 206 
130 0.06904631043525411 -0.2992231396441255 0.8739209475203145 0.2052764414821395 -0.177169048378551 0.925777442021702 1 5 3 174 208 209 
131 -0.07012973470093653 -0.3121173348530133 0.8623677147451194 0.06904631043525411 -0.2502236052464236 0.9238550279550761 1 5 3 -175 -210 211 
132 -0.1818151175675721 -0.3772963644634583 0.6532706113824813 -0.07336443425064842 -0.3455559192309197 0.7627669702199156 1 5 3 -212 178 177 
133 -0.208704924643589 -0.3455559192309197 0.7549832696830605 -0.07012973470093653 -0.2935200551913862 0.8623677147451194 1 5 3 179 -213 214 
134 0.2299484971794907 -0.163879675718522 0.8165743037442383 0.3079092821450395 -0.07542267324149632 0.8966058770164573 1 5 3 -215 182 -180 
135 0.1717691634598097 -0.2292692717606568 0.8739209475203145 0.2299484971794907 -0.1565512784712503 0.925777442021702 1 5 3 181 -209 216 
136 0.3079092821450395 -0.07542267324149632 0.7646794053125168 0.3750704988685423 -0.02864582931061055 0.8658405993010945 1 5 3 -217 218 -183 
137 0.3772297875711037 -0.04409605303782316 0.6828009154640204 0.4097797896710986 0.0748291762813299 0.7614352307773693 1 5 3 -184 -219 -188 
138 0.3474442636690571 -0.07476043223804874 0.7614352307773693 0.3772297875711037 0.0748291762813299 0.8264465329860282 1 5 3 185 -218 220 
139 0.4097797896710986 -0.1142366486928124 0.5912710441726012 0.4119314177471356 0.0568849650308646 0.6828009154640204 1 5 3 189 221 -186 
140 0.4093126930485764 -0.0396119153818385 0.4582124629054646 0.4106765869629785 0.002328099679809514 0.5912710441726012 1 5 3 222 223 -190 
141 0.3430313396004303 -0.07573539815979047 0.3249924540938781 0.3758232562222319 0.0722603464528937 0.3927229259265075 1 5 3 224 -193 191 
142 0.3758232562222319 -0.0396119153818385 0.3927229259265075 0.4096917932637909 0.0722603464528937 0.4582124629054646 1 5 3 225 -192 226 
143 0.2528081091199208 -0.06959817793812373 0.234048570332677 0.3430313396004303 0.04745886648637487 0.3249924540938781 1 5 3 -227 194 -228 
144 0.1855042636262707 -0.08526153843882089 0.2053057988173386 0.3133679825318951 -0.01995726766448047 0.2941775839015445 1 5 3 -229 -195 227 
145 0.0748291762813299 -0.1829228844820125 0.168906432686807 0.1855042636262707 -0.04303354429850226 0.2053057988173386 1 5 3 197 230 -231 
146 -0.1786560163059244 -0.1861670590171601 0.1983135619576594 -0.07476043223804874 -0.07065075810227783 0.2322408640684751 1 5 3 -198 232 -233 
147 -0.2430165684509246 -0.2380619070500238 0.2322408640684751 -0.163879675718522 -0.1709569858517009 0.2880896033648383 1 5 3 199 -234 -200 
148 -0.2928667347859299 -0.2954087020226761 0.2880896033648383 -0.2292693221595147 -0.1921316631477453 0.3732360560097934 1 5 3 -235 201 -236 
149 -0.07476043223804874 -0.1861670590171601 0.1690965371818611 0.0748291762813299 -0.1212898681715275 0.2034418474268144 1 5 3 237 -238 -202 
150 -0.3131902257572268 -0.2967471949122896 0.3732360560097934 -0.2292693221595147 -0.2342320473778102 0.5094934024403843 1 5 3 -239 203 240 
151 -0.2509323643964581 -0.3772963644634583 0.5054800909224655 -0.1818151175675721 -0.3450257232372924 0.6532706113824813 1 5 3 -204 -241 207 
152 -0.3099805240414356 -0.3450257232372924 0.5094934024403843 -0.2509323643964581 -0.286158344298507 0.6481540184485466 1 5 3 205 -242 243 
153 0.06904631043525411 -0.2992231396441255 0.8752589364213443 0.1717691634598097 -0.177169048378551 0.9510419867020441 1 5 3 -208 -244 245 
154 -0.1921356446575837 -0.3121173348530133 0.8623677147451194 -0.03815639634230072 -0.2430121837502156 0.9238550279550761 1 5 3 -246 -247 210 
155 -0.03815639634230072 -0.2992231396441255 0.8752589364213443 0.07302126842169399 -0.1930858143408388 0.9510419867020441 1 5 3 -248 244 -211 
156 -0.2509323643964581 -0.3772963644634583 0.615676489907377 -0.1773100139863629 -0.3450257232372924 0.7549832696830605 1 5 3 241 249 212 
157 -0.2285529527818138 -0.3455559192309197 0.7439934961482393 -0.1773100139863629 -0.2935200551913862 0.80750129960387 1 5 3 -250 213 -251 
158 -0.208704924643589 -0.3121173348530133 0.80750129960387 -0.07012973470093653 -0.2430121837502156 0.8689355932144618 1 5 3 -252 246 -214 
159 0.2299484971794907 -0.1565512784712503 0.8658405993010945 0.3079092821450395 -0.03703376176454032 0.92354819970325 1 5 3 215 -253 254 
160 0.1717691634598097 -0.177169048378551 0.8966058770164573 0.2299484971794907 -0.07277174367222072 0.9547228169490536 1 5 3 -216 -255 256 
161 0.3079092821450395 -0.07542267324149632 0.8264465329860282 0.3474442636690571 0.06141209291333161 0.8658405993010945 1 5 3 217 -257 258 
162 0.3772297875711037 0.0568849650308646 0.621546444981306 0.4097797896710986 0.1196338624720429 0.7614352307773693 1 5 3 259 260 219 
163 0.3236402779141243 -0.02864582931061055 0.7614352307773693 0.3772297875711037 0.0748291762813299 0.8508714326802669 1 5 3 -258 261 -220 
164 0.4097797896710986 -0.02183185321419179 0.5808410003626132 0.4132231404958677 0.0568849650308646 0.6828009154640204 1 5 3 262 -263 -221 
165 0.4093126930485764 -0.02183185321419179 0.5381529654399948 0.4132231404958677 0.008920875185354227 0.5912710441726012 1 5 3 264 -222 263 
166 0.4093126930485764 -0.0396119153818385 0.4582124629054646 0.4119314177471356 0.1142371526813984 0.5381529654399948 1 5 3 265 -266 -223 
167 0.3430313396004303 0.04745886648637487 0.3249924540938781 0.3758232562222319 0.1728731000609907 0.4034308186445626 1 5 3 -224 267 -268 
168 0.3758232562222319 0.04409746420586902 0.3927229259265075 0.4094158091134958 0.1828961226880381 0.5028018955706266 1 5 3 269 -270 -225 
169 0.4094158091134958 -0.0396119153818385 0.457223334904426 0.4119314177471356 0.1142371526813984 0.5374667345798017 1 5 3 266 271 -226 
170 0.2528081091199208 -0.01995726766448047 0.234048570332677 0.3430313396004303 0.07240730952489205 0.3249924540938781 1 5 3 228 272 -273 
171 0.1196343664606292 -0.08526153843882089 0.168906432686807 0.2528081091199208 -0.01995726766448047 0.234048570332677 1 5 3 -230 229 274 
172 0.0568849650308646 -0.1829228844820125 0.1687325566242583 0.1196343664606292 -0.04303354429850226 0.201282558724253 1 5 3 231 -275 -276 
173 -0.1768829340576576 -0.1861670590171601 0.1690965371818611 -0.04409605303782316 -0.07065075810227783 0.2034418474268144 1 5 3 -277 -232 238 
174 -0.2582186281978494 -0.1709569858517009 0.1983135619576594 -0.1768829340576576 -0.04876606168472908 0.239397753999559 1 5 3 278 -279 233 
175 -0.2582186281978494 -0.1921316631477453 0.2322408640684751 -0.1786560163059244 -0.04876606168472908 0.2880896033648383 1 5 3 -280 234 279 
176 -0.3131902257572268 -0.2954087020226761 0.3508829022005397 -0.2292693221595147 -0.2111120749332857 0.4200744873460227 1 5 3 -240 235 -281 
177 -0.3178855850300636 -0.2111120749332857 0.2880896033648383 -0.2430165684509246 -0.1381915286307238 0.3508829022005397 1 5 3 236 282 -283 
178 -0.04409605303782316 -0.1829228844820125 0.1687325566242583 0.0748291762813299 -0.1042885187698059 0.201282558724253 1 5 3 -237 276 -284 
179 -0.3441218701051902 -0.2967471949122896 0.4200744873460227 -0.2992334210113025 -0.2342320473778102 0.5388146016571351 1 5 3 239 285 -286 
180 -0.3441218701051902 -0.2967471949122896 0.5094934024403843 -0.2992334210113025 -0.2513515317043472 0.6481540184485466 1 5 3 286 -287 242 
181 -0.3099805240414356 -0.3450257232372924 0.615676489907377 -0.2285529527818138 -0.286158344298507 0.7439934961482393 1 5 3 -243 -288 289 
182 0.07302126842169399 -0.1930858143408388 0.925777442021702 0.1717691634598097 -0.05691868186734284 0.9882906743995514 1 5 3 -290 291 -245 
183 -0.1921356446575837 -0.2502236052464236 0.8689355932144618 -0.03815639634230072 -0.1786558651093483 0.9247838789210965 1 5 3 247 -292 293 
184 -0.07064843975477741 -0.2502236052464236 0.9238550279550761 0.07302126842169399 -0.1768846476188534 0.9587112818296277 1 5 3 248 -294 295 
185 -0.2509323643964581 -0.3455559192309197 0.615676489907377 -0.1773100139863629 -0.3140557757567078 0.7549832696830605 1 5 3 -289 251 -249 
186 -0.2941620358536323 -0.3140557757567078 0.7439934961482393 -0.208704924643589 -0.2287025869933252 0.80750129960387 1 5 3 250 -296 297 
187 -0.2941620358536323 -0.2935200551913862 0.7858909745731388 -0.1921356446575837 -0.2287025869933252 0.8689355932144618 1 5 3 -297 298 252 
188 0.1855010380993132 -0.1565512784712503 0.8966058770164573 0.2505877370006022 -0.03703376176454032 0.9547228169490536 1 5 3 -256 -299 253 
189 0.2505877370006022 -0.07542267324149632 0.8658405993010945 0.3079092821450395 0.05880657271575174 0.92354819970325 1 5 3 -254 -300 301 
190 0.1042865028154577 -0.177169048378551 0.925777442021702 0.1855010380993132 -0.05691868186734284 0.9882906743995514 1 5 3 255 -291 302 
191 0.265125086200003 -0.07542267324149632 0.8508714326802669 0.3236402779141243 0.06141209291333161 0.9095910421653155 1 5 3 -303 257 -301 
192 0.3732064466803027 0.0748291762813299 0.621546444981306 0.4096059136085499 0.1855041628285523 0.7614352307773693 1 5 3 -304 -305 -259 
193 0.4096059136085499 0.008920875185354227 0.5808410003626132 0.4132231404958677 0.1196338624720429 0.6828009154640204 1 5 3 -260 306 -262 
194 0.3236402779141243 0.06141209291333161 0.7532200152122395 0.3772297875711037 0.1776719785896175 0.8508714326802669 1 5 3 -307 308 -261 
195 0.4093126930485764 0.002328099679809514 0.5381529654399948 0.4132231404958677 0.1196338624720429 0.621546444981306 1 5 3 -306 309 -264 
196 0.4093126930485764 0.002328099679809514 0.5374667345798017 0.4119314177471356 0.1196338624720429 0.621546444981306 1 5 3 -310 -265 -309 
197 0.3493654681630736 0.0722603464528937 0.3927229259265075 0.3766587685019211 0.1828961226880381 0.5028018955706266 1 5 3 311 -267 270 
198 0.3101230016150089 0.04745886648637487 0.3249924540938781 0.3493654681630736 0.1728731000609907 0.4034308186445626 1 5 3 -312 268 313 
199 0.3766587685019211 0.04409746420586902 0.457223334904426 0.4119314177471356 0.1828961226880381 0.5374667345798017 1 5 3 -271 -314 -269 
200 0.2684290337815824 0.04745886648637487 0.2548041307196926 0.3430313396004303 0.1508105964699128 0.3361307530653168 1 5 3 -272 312 -315 
201 0.1816620562336717 -0.01995726766448047 0.201115184114477 0.2684290337815824 0.07456125594842944 0.2548041307196926 1 5 3 316 -317 273 
202 0.1196343664606292 -0.04303354429850226 0.168906432686807 0.2528081091199208 0.07456125594842944 0.234048570332677 1 5 3 -274 317 -318 
203 0.008920875185354227 -0.1042885187698059 0.1652892561983469 0.1196343664606292 -0.002328654067256575 0.168906432686807 1 5 3 275 319 -320 
204 -0.1768829340576576 -0.1212898681715275 0.1665809285482212 -0.04409605303782316 -0.04104782926533723 0.1983135619576594 1 5 3 277 321 -322 
205 -0.2582186281978494 -0.07065075810227783 0.1983135619576594 -0.1768829340576576 0.0320226032430253 0.239397753999559 1 5 3 -323 -278 324 
206 -0.3178855850300636 -0.1921316631477453 0.239397753999559 -0.2430165684509246 -0.04876606168472908 0.3378875564822229 1 5 3 -282 280 -325 
207 -0.3178855850300636 -0.2342320473778102 0.3378875564822229 -0.2928667347859299 -0.1381915286307238 0.4200744873460227 1 5 3 281 283 -326 
208 -0.1142366486928124 -0.1212898681715275 0.1665809285482212 0.0568849650308646 -0.04104782926533723 0.1690965371818611 1 5 3 284 327 -321 
209 -0.3463506084350558 -0.2513515317043472 0.4020509482919494 -0.3131902257572268 -0.1778811842521218 0.5388146016571351 1 5 3 -285 328 -329 
210 -0.3768578943926824 -0.286158344298507 0.5388146016571351 -0.3099805240414356 -0.1841120959521274 0.6506096524403231 1 5 3 -330 331 287 
211 -0.3099805240414356 -0.3140557757567078 0.6481540184485466 -0.2285529527818138 -0.2287025869933252 0.7858909745731388 1 5 3 288 332 296 
212 0.05258039850846263 -0.1930858143408388 0.9510419867020441 0.1042865028154577 -0.05691868186734284 0.9883404684719563 1 5 3 -333 290 -334 
213 -0.2380497609250749 -0.2430121837502156 0.8689355932144618 -0.1709571370482771 -0.1638823972568931 0.9247838789210965 1 5 3 -335 292 -336 
214 -0.1709571370482771 -0.2502236052464236 0.9238550279550761 -0.03815639634230072 -0.1768846476188534 0.9587112818296277 1 5 3 294 -293 -337 
215 -0.07064843975477741 -0.1930858143408388 0.9510419867020441 0.07302126842169399 -0.11423634629966 0.9904438144413503 1 5 3 338 -295 -339 
216 -0.2941620358536323 -0.2430121837502156 0.7858909745731388 -0.1921356446575837 -0.1638823972568931 0.8863376135429271 1 5 3 -340 336 -298 
217 0.1785157562821353 -0.07277174367222072 0.92354819970325 0.2505877370006022 0.07139842517123796 0.9578233547368786 1 5 3 341 299 -342 
218 0.1785157562821353 -0.03703376176454032 0.9095910421653155 0.265125086200003 0.07139842517123796 0.9578233547368786 1 5 3 300 -341 343 
219 0.1042865028154577 -0.07277174367222072 0.9547228169490536 0.1855010380993132 0.04409877457619404 0.9882906743995514 1 5 3 -344 345 -302 
220 0.265125086200003 0.05880657271575174 0.8143226843325211 0.3236402779141243 0.1511169207331525 0.9095910421653155 1 5 3 346 347 303 
221 0.3467520857435382 0.0748291762813299 0.6637742375261879 0.3772297875711037 0.1855041628285523 0.7614352307773693 1 5 3 -308 -348 304 
222 0.3427881147082958 0.1196338624720429 0.6101326154493032 0.4096059136085499 0.2536191275542781 0.6637742375261879 1 5 3 305 -349 350 
223 0.3158270436460633 0.06141209291333161 0.7532200152122395 0.3467520857435382 0.1776719785896175 0.8508714326802669 1 5 3 -347 -351 307 
224 0.3766587685019211 0.1142371526813984 0.5028018955706266 0.4119314177471356 0.1828961226880381 0.621546444981306 1 5 3 310 352 314 
225 0.3204911556265011 0.1728731000609907 0.4034308186445626 0.3766587685019211 0.2360822398799054 0.5028018955706266 1 5 3 -353 -311 354 
226 0.3101230016150089 0.1508105964699128 0.3361307530653168 0.3493654681630736 0.2360822398799054 0.4374121987307736 1 5 3 -313 353 -355 
227 0.2342747352111376 0.07240730952489205 0.2548041307196926 0.3101230016150089 0.1669239179811697 0.3361307530653168 1 5 3 -356 315 357 
228 0.1793298994457344 0.07240730952489205 0.201115184114477 0.2684290337815824 0.1708853690734751 0.2548041307196926 1 5 3 -316 358 -359 
229 0.1142376566699876 -0.04303354429850226 0.1665809789470791 0.1816620562336717 0.07456125594842944 0.201115184114477 1 5 3 -360 318 -361 
230 0.002328099679809514 -0.04303354429850226 0.1652892561983469 0.1196343664606292 0.04035938085536206 0.1691996532467804 1 5 3 -319 362 -363 
231 -0.02183185321419179 -0.1042885187698059 0.1652892561983469 0.0568849650308646 -0.002328654067256575 0.1687325566242583 1 5 3 320 -364 -365 
232 -0.1882205605152916 -0.07065075810227783 0.1665809285482212 -0.1142366486928124 0.07356688646608533 0.2037077014065088 1 5 3 -366 -367 322 
233 -0.3060262799859259 -0.04876606168472908 0.2357952435789822 -0.2537050576083772 0.07198053198933652 0.2894372688467378 1 5 3 323 368 -369 
234 -0.2537050576083772 -0.07065075810227783 0.1983135619576594 -0.1768829340576576 0.07356688646608533 0.2357952435789822 1 5 3 -370 -324 367 
235 -0.3403083396631977 -0.1381915286307238 0.239397753999559 -0.2582186281978494 -0.04500922995878487 0.3378875564822229 1 5 3 325 371 -372 
236 -0.3463506084350558 -0.2342320473778102 0.3378875564822229 -0.3131902257572268 -0.1381915286307238 0.4200744873460227 1 5 3 326 -373 -328 
237 -0.1142366486928124 -0.1042885187698059 0.1665809285482212 0.0568849650308646 -0.01275869787724437 0.1687325566242583 1 5 3 -327 365 -374 
238 -0.3749378994712753 -0.2513515317043472 0.4020509482919494 -0.3441218701051902 -0.1778811842521218 0.5388146016571351 1 5 3 -375 329 376 
239 -0.4096928516398217 -0.2513515317043472 0.5388146016571351 -0.3441218701051902 -0.1202966578629349 0.6506096524403231 1 5 3 -377 378 330 
240 -0.3768578943926824 -0.286158344298507 0.6481540184485466 -0.3099805240414356 -0.175968295569792 0.7522263513139182 1 5 3 379 380 -331 
241 -0.347582507738498 -0.286158344298507 0.6481540184485466 -0.2941620358536323 -0.175968295569792 0.7858909745731388 1 5 3 -380 381 -332 
242 -0.01275869787724437 -0.1115076008925354 0.9882906743995514 0.1042865028154577 -0.02183185321419179 0.9891889836571932 1 5 3 -382 383 333 
243 -0.04104823245620792 -0.1930858143408388 0.9510419867020441 0.07302126842169399 -0.1115076008925354 0.9904438144413503 1 5 3 334 -338 -384 
244 -0.2380497609250749 -0.1786558651093483 0.8863376135429271 -0.1709571370482771 -0.07476048263690915 0.953582895562757 1 5 3 -385 386 335 
245 -0.1861670086183023 -0.1786558651093483 0.9247838789210965 -0.07064843975477741 -0.07476048263690915 0.9587112818296277 1 5 3 -386 387 337 
246 -0.1212902209635404 -0.1768846476188534 0.9587112818296277 -0.04104823245620792 -0.04409570024581289 0.9904438144413503 1 5 3 -388 389 339 
247 -0.3112822257641923 -0.2287025869933252 0.7858909745731388 -0.2380497609250749 -0.1638823972568931 0.8863376135429271 1 5 3 -390 -391 340 
248 0.1212896665760934 -0.07277174367222072 0.9547228169490536 0.1855010380993132 0.07139842517123796 0.9879281050099922 1 5 3 -392 342 -345 
249 0.1708854698711932 0.05880657271575174 0.9095910421653155 0.265125086200003 0.1793296978503005 0.9578233547368786 1 5 3 -393 394 -343 
250 0.04104782926533967 -0.05691868186734284 0.9879281050099922 0.1212896665760934 0.1142373542768351 0.9904438144413503 1 5 3 -395 396 344 
251 0.2478487606251587 0.05880657271575174 0.8143226843325211 0.3158270436460633 0.1642200192113894 0.9095910421653155 1 5 3 -397 398 -346 
252 0.3025390821540774 0.1776719785896175 0.6538952548373309 0.3732064466803027 0.2921402856364885 0.7532200152122395 1 5 3 399 -400 348 
253 0.3025390821540774 0.1855041628285523 0.6101326154493032 0.3732064466803027 0.2921402856364885 0.6637742375261879 1 5 3 349 400 -401 
254 0.3427881147082958 0.1196338624720429 0.5028018955706266 0.4096059136085499 0.2536191275542781 0.621546444981306 1 5 3 -350 -402 -352 
255 0.2972302679730252 0.1511169207331525 0.7532200152122395 0.3467520857435382 0.2313796231714125 0.8143226843325211 1 5 3 -403 404 351 
256 0.3204911556265011 0.1828961226880381 0.4374121987307736 0.3766587685019211 0.254942299190843 0.5323252446096647 1 5 3 405 -406 -354 
257 0.2957249548610799 0.1508105964699128 0.3361307530653168 0.3204911556265011 0.2360822398799054 0.4374121987307736 1 5 3 -407 -408 355 
258 0.1793298994457344 0.07240730952489205 0.232253514182013 0.2684290337815824 0.1708853690734751 0.2712653051537624 1 5 3 -409 -358 356 
259 0.2342747352111376 0.1508105964699128 0.2712653051537624 0.3101230016150089 0.2079976774593133 0.3530645175975086 1 5 3 -357 408 -410 
260 0.07139842517123796 0.07456125594842944 0.1992013882526929 0.1816620562336717 0.1785157562821353 0.232253514182013 1 5 3 359 -411 -412 
261 0.002328099679809514 -0.04303354429850226 0.1665809789470791 0.1196343664606292 0.0410473252767507 0.1691996532467804 1 5 3 360 -413 -362 
262 0.04409897617162817 0.0410473252767507 0.1665809789470791 0.1816620562336717 0.1212894649806594 0.201115184114477 1 5 3 361 -414 -415 
263 -0.02183185321419179 -0.01275869787724437 0.1652892561983469 0.008920875185354227 0.04035938085536206 0.1691996532467804 1 5 3 363 416 364 
264 -0.1882205605152916 -0.04104782926533723 0.1665809285482212 -0.09625252154624853 0.07356688646608533 0.2037077014065088 1 5 3 417 366 418 
265 -0.3060262799859259 0.0320226032430253 0.2037077014065088 -0.1882205605152916 0.07356688646608533 0.2894372688467378 1 5 3 419 -368 370 
266 -0.3403083396631977 -0.04876606168472908 0.239397753999559 -0.2582186281978494 0.07198053198933652 0.3220448264433798 1 5 3 -371 369 -420 
267 -0.3709190440788987 -0.1381915286307238 0.3220448264433798 -0.3178855850300636 -0.04500922995878487 0.3893929221349767 1 5 3 372 -421 -422 
268 -0.3709190440788987 -0.1778811842521218 0.3378875564822229 -0.3178855850300636 -0.08418486762020316 0.4020509482919494 1 5 3 373 422 -423 
269 -0.1142366486928124 -0.04104782926533723 0.1665809285482212 -0.02183185321419179 0.07147059633691066 0.1686181512149867 1 5 3 374 424 -418 
270 -0.4096928516398217 -0.2513515317043472 0.4968222221812874 -0.3441218701051902 -0.1202966578629349 0.5389428163536936 1 5 3 425 377 375 
271 -0.3749378994712753 -0.1838641839661341 0.3893929221349767 -0.3463506084350558 -0.08418486762020316 0.4968222221812874 1 5 3 -376 423 -426 
272 -0.4096928516398217 -0.1841120959521274 0.5389428163536936 -0.3768578943926824 -0.1202966578629349 0.6506096524403231 1 5 3 427 -378 -428 
273 -0.3774726092723652 -0.1841120959521274 0.6506096524403231 -0.347582507738498 -0.07518085951740772 0.7602369475126869 1 5 3 429 -379 -430 
274 -0.347582507738498 -0.2287025869933252 0.7522263513139182 -0.2941620358536323 -0.1644174315409551 0.811341591839839 1 5 3 390 -381 -431 
275 -0.04104823245620792 -0.11423634629966 0.9883404684719563 0.05258039850846263 -0.02183185321419179 0.9904438144413503 1 5 3 -432 382 384 
276 -0.01275869787724437 -0.05691868186734284 0.9878250897427912 0.1042865028154577 0.002327998882093896 0.9891889836571932 1 5 3 -433 434 -383 
277 -0.2955634769177747 -0.1638823972568931 0.8790931807942666 -0.1861670086183023 -0.07476048263690915 0.953582895562757 1 5 3 385 -435 436 
278 -0.1861670086183023 -0.1768846476188534 0.953582895562757 -0.07064843975477741 -0.04409570024581289 0.9879282058077106 1 5 3 388 -387 -437 
279 -0.1212902209635404 -0.11423634629966 0.9879282058077106 -0.04104823245620792 0.03956892515535859 0.9904438144413503 1 5 3 -389 -438 439 
280 -0.3112822257641923 -0.1644174315409551 0.811341591839839 -0.2380497609250749 -0.07609343165206484 0.8863376135429271 1 5 3 435 391 -440 
281 0.07455863520777672 0.04409877457619404 0.9559098108693864 0.1785157562821353 0.1816635681994307 0.9879281050099922 1 5 3 -441 442 392 
282 0.07455863520777672 0.07139842517123796 0.9247711784087007 0.1785157562821353 0.1816635681994307 0.9578233547368786 1 5 3 -443 393 -442 
283 0.1708854698711932 0.05880657271575174 0.8795031251110121 0.265125086200003 0.1793296978503005 0.9247711784087007 1 5 3 444 397 -394 
284 0.04035938085536206 -0.05691868186734284 0.9878250897427912 0.1042865028154577 0.1142373542768351 0.9904438144413503 1 5 3 -434 -445 395 
285 0.04104782926533967 0.04409877457619404 0.9559098108693864 0.1212896665760934 0.1816635681994307 0.9904438144413503 1 5 3 -446 441 -396 
286 0.2478487606251587 0.1511169207331525 0.7766071016079257 0.3158270436460633 0.2313796231714125 0.8795031251110121 1 5 3 -398 -447 403 
287 0.2972302679730252 0.1776719785896175 0.6538952548373309 0.3467520857435382 0.2921402856364885 0.7766071016079257 1 5 3 -448 -399 -404 
288 0.2523557289641398 0.2536191275542781 0.5927844211019386 0.3427881147082958 0.3446934939606774 0.6538952548373309 1 5 3 -449 450 401 
289 0.3416497052877583 0.1828961226880381 0.5028018955706266 0.3766587685019211 0.254942299190843 0.6101326154493032 1 5 3 -451 -405 402 
290 0.2538101392287866 0.2360822398799054 0.4374121987307736 0.3416497052877583 0.3196905193570392 0.5323252446096647 1 5 3 -452 406 -453 
291 0.2311459740624344 0.2079976774593133 0.3530645175975086 0.3204911556265011 0.2932734535757204 0.4374121987307736 1 5 3 407 -454 -455 
292 0.1255314361205451 0.1669239179811697 0.232253514182013 0.2342747352111376 0.2450370082977404 0.2712653051537624 1 5 3 409 456 -457 
293 0.2005197971971089 0.1669239179811697 0.2712653051537624 0.2957249548610799 0.2323937490063719 0.3530645175975086 1 5 3 -458 410 -459 
294 0.03806845033385076 0.1708853690734751 0.1992013882526929 0.1793298994457344 0.2495233131046517 0.232253514182013 1 5 3 411 460 -461 
295 0.04409897617162817 0.07456125594842944 0.1690966883784372 0.1816620562336717 0.1785157562821353 0.201115184114477 1 5 3 414 412 -462 
296 -0.09625252154624853 0.04035938085536206 0.1665809789470791 0.1142376566699876 0.07147059633691066 0.1691996532467804 1 5 3 413 463 -464 
297 -0.09625252154624853 0.0410473252767507 0.1665809789470791 0.1142376566699876 0.1212894649806594 0.1690966883784372 1 5 3 -463 415 -465 
298 -0.09625252154624853 -0.01275869787724437 0.167835809731236 0.002328099679809514 0.07147059633691066 0.1691996532467804 1 5 3 -416 464 -424 
299 -0.1882205605152916 0.07147059633691066 0.1686181512149867 -0.07525907854612468 0.1831327957285396 0.2037077014065088 1 5 3 -417 466 -467 
300 -0.3060262799859259 0.07198053198933652 0.2037077014065088 -0.1751551099845079 0.1742883000135593 0.2894372688467378 1 5 3 -468 -419 469 
301 -0.3457194635274335 -0.04500922995878487 0.2894372688467378 -0.3060262799859259 0.07198053198933652 0.329012519058864 1 5 3 470 -471 420 
302 -0.4096059640074078 -0.08418486762020316 0.3220448264433798 -0.3403083396631977 -0.04303011717611083 0.4588766190655422 1 5 3 421 -472 -473 
303 -0.4096928516398217 -0.1838641839661341 0.4588766190655422 -0.3749378994712753 -0.04303011717611083 0.5389428163536936 1 5 3 -425 474 -475 
304 -0.4096059640074078 -0.1838641839661341 0.3893929221349767 -0.3709190440788987 -0.04303011717611083 0.4968222221812874 1 5 3 -474 426 473 
305 -0.4094156579169197 -0.1841120959521274 0.6226097601023655 -0.3768578943926824 -0.07518085951740772 0.7602369475126869 1 5 3 -476 430 -427 
306 -0.4119314681459936 -0.1212904729578321 0.5389428163536936 -0.4094156579169197 -0.04104722447903253 0.6927487429938746 1 5 3 477 428 478 
307 -0.3774726092723652 -0.175968295569792 0.7522263513139182 -0.2955634769177747 -0.07518085951740772 0.8790931807942666 1 5 3 479 480 -429 
308 -0.347582507738498 -0.175968295569792 0.7522263513139182 -0.2955634769177747 -0.07609343165206484 0.8790931807942666 1 5 3 440 431 -480 
309 -0.1202970610538054 -0.11423634629966 0.9882051979351782 -0.01275869787724437 0.03956892515535859 0.9904438144413503 1 5 3 -439 481 432 
310 -0.01275869787724437 -0.02183185321419179 0.9878250897427912 0.04035938085536206 0.008920875185354227 0.9917355371900825 1 5 3 482 433 -483 
311 -0.2955634769177747 -0.07609343165206484 0.8790931807942666 -0.1861670086183023 -0.02644123203406912 0.953582895562757 1 5 3 -484 485 -436 
312 -0.1861670086183023 -0.07476048263690915 0.953582895562757 -0.1202970610538054 0.03956892515535859 0.9882051979351782 1 5 3 437 -486 438 
313 0.03822246924606865 0.1793296978503005 0.9242318098227902 0.1708854698711932 0.2494998272364928 0.9559098108693864 1 5 3 -487 488 443 
314 0.1669213980382351 0.1642200192113894 0.8795031251110121 0.2478487606251587 0.2342818918490728 0.9247711784087007 1 5 3 -489 490 -444 
315 -0.04303011717611083 0.002327998882093896 0.9878250897427912 0.04104782926533967 0.1196356768309568 0.9904438144413503 1 5 3 -491 -492 445 
316 -0.04303011717611083 0.1142373542768351 0.9559098108693864 0.07455863520777672 0.1816635681994307 0.9904438144413503 1 5 3 -493 446 492 
317 0.2156552800516791 0.1642200192113894 0.7766071016079257 0.2972302679730252 0.2313796231714125 0.8795031251110121 1 5 3 -494 495 447 
318 0.2377537684278725 0.2313796231714125 0.6538952548373309 0.3025390821540774 0.3155105388133674 0.7766071016079257 1 5 3 -496 -497 448 
319 0.1882412240473637 0.2921402856364885 0.5927844211019386 0.3025390821540774 0.3737250509364252 0.6569608158172131 1 5 3 449 498 -499 
320 0.2523557289641398 0.2536191275542781 0.5323252446096647 0.3427881147082958 0.3446934939606774 0.6101326154493032 1 5 3 -450 -500 451 
321 0.2311459740624344 0.2360822398799054 0.371897361524746 0.3204911556265011 0.3196905193570392 0.465660456644453 1 5 3 454 452 -501 
322 0.2523557289641398 0.254942299190843 0.465660456644453 0.3416497052877583 0.3446934939606774 0.5927844211019386 1 5 3 453 500 -502 
323 0.2005197971971089 0.2079976774593133 0.28301847020146 0.2957249548610799 0.2932734535757204 0.371897361524746 1 5 3 459 455 -503 
324 0.1255314361205451 0.1669239179811697 0.2578402587660876 0.2342747352111376 0.2450370082977404 0.28301847020146 1 5 3 458 -504 -456 
325 0.03806845033385076 0.1708853690734751 0.2320107932784647 0.1793298994457344 0.2495233131046517 0.2578402587660876 1 5 3 457 -505 -460 
326 -0.07525907854612468 0.1785157562821353 0.1992013882526929 0.07139842517123796 0.2495233131046517 0.2320107932784647 1 5 3 461 -506 -507 
327 -0.07525907854612468 0.1212894649806594 0.1690966883784372 0.07139842517123796 0.1831327957285396 0.2014375856136436 1 5 3 462 507 -508 
328 -0.09625252154624853 0.07147059633691066 0.1686181512149867 0.04409897617162817 0.1831327957285396 0.2014375856136436 1 5 3 465 508 -466 
329 -0.1882205605152916 0.07356688646608533 0.2014375856136436 -0.07525907854612468 0.1831327957285396 0.2306307213304148 1 5 3 467 509 -469 
330 -0.3060262799859259 0.07198053198933652 0.2306307213304148 -0.1751551099845079 0.1742883000135593 0.2894372688467378 1 5 3 -510 468 511 
331 -0.3462588825122018 0.03822246924606865 0.2894372688467378 -0.3060262799859259 0.1708854698711932 0.3991825980461985 1 5 3 -470 512 -513 
332 -0.3773974141751717 -0.04500922995878487 0.3220448264433798 -0.3403083396631977 0.07455863520777672 0.3968488284947839 1 5 3 514 -515 471 
333 -0.4096059640074078 -0.04500922995878487 0.3220448264433798 -0.3403083396631977 0.07455863520777672 0.4588766190655422 1 5 3 515 516 472 
334 -0.4132231404958678 -0.1202966578629349 0.4588766190655422 -0.4096059640074078 -0.002328654067256575 0.5695914207111448 1 5 3 517 475 518 
335 -0.4119314681459936 -0.1212904729578321 0.6226097601023655 -0.3774726092723652 -0.04104722447903253 0.7602369475126869 1 5 3 -477 519 476 
336 -0.4119314681459936 -0.1202966578629349 0.5389428163536936 -0.4096928516398217 -0.01275869787724437 0.6927487429938746 1 5 3 -478 -520 521 
337 -0.3774726092723652 -0.07609343165206484 0.7602369475126869 -0.2955634769177747 -0.02802415938842651 0.8790931807942666 1 5 3 522 -479 -523 
338 -0.1202970610538054 -0.02183185321419179 0.9882051979351782 -0.002328654067256575 0.03956892515535859 0.9917355371900825 1 5 3 -481 524 483 
339 -0.04303011717611083 0.002327998882093896 0.9878250897427912 0.04035938085536206 0.1196356768309568 0.9917355371900825 1 5 3 -525 491 -482 
340 -0.2967148388449996 -0.07609343165206484 0.8774628785127205 -0.2510276686382796 0.0696717602718423 0.9244064922670776 1 5 3 -526 527 484 
341 -0.2510276686382796 -0.07476048263690915 0.9244064922670776 -0.1861670086183023 0.04718358792010269 0.953582895562757 1 5 3 -485 -528 529 
342 -0.2452174866107801 -0.07476048263690915 0.9246333879289885 -0.1202970610538054 0.04718358792010269 0.9882051979351782 1 5 3 -530 486 -529 
343 -0.04500922995878487 0.1816635681994307 0.9188206859585546 0.07455863520777672 0.2564675702508377 0.9559098108693864 1 5 3 487 -531 -532 
344 0.03822246924606865 0.1793296978503005 0.884538575882422 0.1708854698711932 0.289075127847477 0.9247711784087007 1 5 3 -533 534 -488 
345 0.07198053198933652 0.1793296978503005 0.884538575882422 0.1708854698711932 0.289075127847477 0.9247711784087007 1 5 3 489 -534 535 
346 0.1669213980382351 0.1642200192113894 0.8719326117464967 0.2478487606251587 0.2342818918490728 0.8857559099156995 1 5 3 -536 494 -490 
347 -0.04500922995878487 0.1196356768309568 0.9188206859585546 0.07455863520777672 0.2564675702508377 0.9881183103027646 1 5 3 531 493 -537 
348 0.2079956615049652 0.2194539428303517 0.7766071016079257 0.2972302679730252 0.2957319099035838 0.8719326117464967 1 5 3 -538 -539 -495 
349 0.2079956615049652 0.2313796231714125 0.7268889298838803 0.2972302679730252 0.3155105388133674 0.8039470712899388 1 5 3 496 539 -540 
350 0.1882412240473637 0.2921402856364885 0.6538952548373309 0.3025390821540774 0.3737250509364252 0.7268889298838803 1 5 3 497 -541 -498 
351 0.1203003369796206 0.3446934939606774 0.5927844211019386 0.2523557289641398 0.4096917932637909 0.6569608158172131 1 5 3 -542 -543 499 
352 0.150099670168954 0.2932734535757204 0.3425912315667465 0.2538101392287866 0.3196905193570392 0.465660456644453 1 5 3 501 -544 -545 
353 0.1856315711433694 0.3196905193570392 0.465660456644453 0.2538101392287866 0.3761082113693766 0.5927844211019386 1 5 3 -546 502 -547 
354 0.150099670168954 0.2323937490063719 0.28301847020146 0.2311459740624344 0.3162367863673747 0.371897361524746 1 5 3 -548 503 545 
355 0.1255314361205451 0.2323937490063719 0.2578402587660876 0.2005197971971089 0.3162367863673747 0.3425912315667465 1 5 3 504 548 -549 
356 0.03806845033385076 0.2450370082977404 0.2320107932784647 0.1255314361205451 0.3385993647632088 0.3195807254433403 1 5 3 -550 505 551 
357 -0.07525907854612468 0.1831327957285396 0.2014375856136436 0.03806845033385076 0.2827473495410302 0.2644277927903241 1 5 3 506 552 -553 
358 -0.1751551099845079 0.1742883000135593 0.2014375856136436 -0.07126895050321258 0.2827473495410302 0.2644277927903241 1 5 3 -509 553 554 
359 -0.3072435636203427 0.07198053198933652 0.2686304024215582 -0.2424613242245188 0.1669213980382351 0.344230454446284 1 5 3 -555 510 556 
360 -0.2424613242245188 0.1511694363439257 0.2306307213304148 -0.1483769363805337 0.2377536676301568 0.2686304024215582 1 5 3 -511 557 -558 
361 -0.3462588825122018 0.07198053198933652 0.2894372688467378 -0.3060262799859259 0.1708854698711932 0.3991825980461985 1 5 3 559 -512 555 
362 -0.3773974141751717 0.03822246924606865 0.329012519058864 -0.3457194635274335 0.1708854698711932 0.3991825980461985 1 5 3 -514 513 -560 
363 -0.4119314177471357 -0.04303011717611083 0.3968488284947839 -0.3773974141751717 0.07455863520777672 0.4642749920185217 1 5 3 -516 -561 -562 
364 -0.4132231404958678 -0.1202966578629349 0.5389428163536936 -0.4096928516398217 -0.002328654067256575 0.600344149110688 1 5 3 520 -517 563 
365 -0.4132231404958678 -0.04303011717611083 0.4588766190655422 -0.4093127434474344 0.04035938085536206 0.5761842970144051 1 5 3 -518 564 565 
366 -0.4119314681459936 -0.07518085951740772 0.6927487429938746 -0.3725341763039699 0.07302681229615171 0.7715849561352135 1 5 3 -566 -567 -519 
367 -0.4119314681459936 -0.04104722447903253 0.600344149110688 -0.4098281221765995 0.05258039850846263 0.6927487429938746 1 5 3 -521 568 569 
368 -0.3455470994306439 -0.07609343165206484 0.8290026623020714 -0.2955634769177747 0.0696717602718423 0.8790931807942666 1 5 3 526 -522 570 
369 -0.3774726092723652 -0.07518085951740772 0.7602369475126869 -0.3455470994306439 0.07302681229615171 0.8290026623020714 1 5 3 571 523 567 
370 -0.1202970610538054 0.008920875185354227 0.9881183103027646 -0.002328654067256575 0.1196356768309568 0.9917355371900825 1 5 3 -524 -572 525 
371 -0.2967148388449996 -0.02644123203406912 0.8774628785127205 -0.2452174866107801 0.0696717602718423 0.9246333879289885 1 5 3 528 -527 573 
372 -0.2452174866107801 0.03956892515535859 0.9246333879289885 -0.1202970610538054 0.08169088009695025 0.9882051979351782 1 5 3 574 530 -575 
373 -0.04500922995878487 0.2494998272364928 0.884538575882422 0.07198053198933652 0.289075127847477 0.9242318098227902 1 5 3 533 532 576 
374 0.07198053198933652 0.2342818918490728 0.8209736201210178 0.1669213980382351 0.3098819942726592 0.8857559099156995 1 5 3 -535 -577 578 
375 0.1669213980382351 0.2194539428303517 0.8039470712899388 0.2156552800516791 0.2957319099035838 0.8857559099156995 1 5 3 579 538 536 
376 -0.08418486762020316 0.1196356768309568 0.9188206859585546 -0.04303011717611083 0.2564675702508377 0.9881183103027646 1 5 3 -580 537 -581 
377 0.1511694363439257 0.2957319099035838 0.7268889298838803 0.2377537684278725 0.3155105388133674 0.8209736201210178 1 5 3 540 -582 583 
378 0.1741312571698208 0.3155105388133674 0.6569608158172131 0.2377537684278725 0.3737250509364252 0.7547963907149637 1 5 3 541 -584 -585 
379 0.1203003369796206 0.3469326144554357 0.6181236568908908 0.1882412240473637 0.4096917932637909 0.7547963907149637 1 5 3 585 -586 542 
380 0.1203003369796206 0.3446934939606774 0.5048084253324401 0.2523557289641398 0.4096917932637909 0.6181236568908908 1 5 3 547 543 -587 
381 0.150099670168954 0.3162367863673747 0.3425912315667465 0.2538101392287866 0.3473691693695793 0.465660456644453 1 5 3 544 588 -589 
382 0.1748053923039228 0.3196905193570392 0.4022497213907004 0.2538101392287866 0.3761082113693766 0.5048084253324401 1 5 3 546 -590 -588 
383 0.04828097266965059 0.2450370082977404 0.2578402587660876 0.150099670168954 0.3385993647632088 0.3425912315667465 1 5 3 549 591 -551 
384 -0.07126895050321258 0.2495233131046517 0.2320107932784647 0.04828097266965059 0.3385993647632088 0.3195807254433403 1 5 3 -552 550 592 
385 -0.1751551099845079 0.1742883000135593 0.2306307213304148 -0.07126895050321258 0.2827473495410302 0.2644277927903241 1 5 3 593 -557 -554 
386 -0.3072435636203427 0.1511694363439257 0.2686304024215582 -0.2254347753934399 0.2079956615049652 0.344230454446284 1 5 3 594 -556 595 
387 -0.2424613242245188 0.1511694363439257 0.2630019082797078 -0.1483769363805337 0.2377536676301568 0.2827804867906336 1 5 3 596 -595 558 
388 -0.3462588825122018 0.1669213980382351 0.344230454446284 -0.300990728416795 0.2478487606251587 0.4142923270839673 1 5 3 -559 597 598 
389 -0.3793110084415219 0.07455863520777672 0.3968488284947839 -0.3462588825122018 0.1785157562821353 0.5071139715229767 1 5 3 560 599 -600 
390 -0.4119314177471357 0.04104782926533967 0.3968488284947839 -0.3773974141751717 0.1212896665760934 0.534413521320305 1 5 3 561 601 602 
391 -0.4119314177471357 -0.04303011717611083 0.4588766190655422 -0.4093127434474344 0.04104782926533967 0.5761842970144051 1 5 3 -564 562 603 
392 -0.4132231404958678 -0.01275869787724437 0.5695914207111448 -0.4093127434474344 0.04035938085536206 0.600344149110688 1 5 3 -565 604 -563 
393 -0.4119314681459936 -0.04104722447903253 0.6900199471878923 -0.3725341763039699 0.07302681229615171 0.7715849561352135 1 5 3 605 566 -569 
394 -0.4106765869629788 -0.01275869787724437 0.600344149110688 -0.4097783281041948 0.1042865028154577 0.6900199471878923 1 5 3 -568 -606 607 
395 -0.3725341763039699 -0.02802415938842651 0.7715849561352135 -0.2967148388449996 0.07302681229615171 0.8774628785127205 1 5 3 -571 608 -570 
396 -0.183864032769558 0.03956892515535859 0.9534500441711982 -0.04303011717611083 0.1196356768309568 0.9882051979351782 1 5 3 -574 609 572 
397 -0.2967148388449996 0.04718358792010269 0.8774628785127205 -0.234232148175526 0.158437556556182 0.9246333879289885 1 5 3 -610 611 -573 
398 -0.2452174866107801 0.04718358792010269 0.9246333879289885 -0.1778812346509797 0.1764613980034073 0.9534500441711982 1 5 3 575 -612 613 
399 -0.04876606168472908 0.2564675702508377 0.8367309240943457 0.07198053198933652 0.3391145418969399 0.9188206859585546 1 5 3 -614 615 -576 
400 0.07198053198933652 0.289075127847477 0.7547963907149637 0.1741312571698208 0.3469326144554357 0.884538575882422 1 5 3 577 616 617 
401 0.1511694363439257 0.2342818918490728 0.8039470712899388 0.2079956615049652 0.3098819942726592 0.8857559099156995 1 5 3 -579 -578 582 
402 -0.1381915286307238 0.1891194745592404 0.8963979313254204 -0.04500922995878487 0.2564675702508377 0.9494313399753975 1 5 3 618 580 -619 
403 -0.183864032769558 0.08169088009695025 0.9494313399753975 -0.04303011717611083 0.1891194745592404 0.9881183103027646 1 5 3 -609 -620 581 
404 0.1511694363439257 0.3098819942726592 0.7268889298838803 0.2377537684278725 0.3469326144554357 0.8209736201210178 1 5 3 -617 584 -583 
405 0.07356688646608533 0.3469326144554357 0.6181236568908908 0.1741312571698208 0.4096917932637909 0.7667328564117906 1 5 3 -621 586 -622 
406 0.1203003369796206 0.3761082113693766 0.5048084253324401 0.1856315711433694 0.4096917932637909 0.6181236568908908 1 5 3 -623 587 -624 
407 0.04828097266965059 0.3162367863673747 0.3195807254433403 0.1748053923039228 0.3473691693695793 0.4022497213907004 1 5 3 -591 589 -625 
408 0.07586930792738278 0.3473691693695793 0.3953219950701698 0.1856315711433694 0.3763181730147618 0.5048084253324401 1 5 3 -626 -627 590 
409 -0.07126895050321258 0.2827473495410302 0.2644277927903241 0.04828097266965059 0.3424019586528617 0.3240177905652913 1 5 3 628 -629 -592 
410 -0.1980942513239826 0.2377536676301568 0.2630019082797078 -0.07126895050321258 0.2972309735570453 0.3471334791068252 1 5 3 -630 -593 -631 
411 -0.3072435636203427 0.1669213980382351 0.2827804867906336 -0.2254347753934399 0.2156552800516791 0.3590584034650052 1 5 3 -594 632 -633 
412 -0.2254347753934399 0.2079956615049652 0.2630019082797078 -0.1483769363805337 0.2972309735570453 0.3471334791068252 1 5 3 630 -634 -596 
413 -0.3072435636203427 0.1669213980382351 0.344230454446284 -0.29342026545114 0.2478487606251587 0.4142923270839673 1 5 3 633 635 -597 
414 -0.3462588825122018 0.1708854698711932 0.3991825980461985 -0.300990728416795 0.265125086200003 0.5197057735796051 1 5 3 -598 636 -637 
415 -0.3793110084415219 0.1708854698711932 0.3991825980461985 -0.3310786958699588 0.265125086200003 0.5197057735796051 1 5 3 -599 637 638 
416 -0.4094157083157776 0.07455863520777672 0.3968488284947839 -0.3773974141751717 0.1785157562821353 0.534413521320305 1 5 3 -601 600 639 
417 -0.4119314177471357 0.04104782926533967 0.4642749920185217 -0.4094157083157776 0.1212896665760934 0.6354310281626996 1 5 3 -640 -602 641 
418 -0.4119314177471357 0.04035938085536206 0.4642749920185217 -0.4093127434474344 0.1042865028154577 0.6354310281626996 1 5 3 642 -603 640 
419 -0.4106765869629788 -0.01275869787724437 0.5761842970144051 -0.4093127434474344 0.1042865028154577 0.6354310281626996 1 5 3 -604 -642 606 
420 -0.4098281221765995 0.05258039850846263 0.6354310281626996 -0.3725341763039699 0.1042865028154577 0.7715849561352135 1 5 3 -607 643 -605 
421 -0.3725341763039699 0.0696717602718423 0.7556817978647783 -0.2967148388449996 0.1717687602689415 0.8774628785127205 1 5 3 -644 -608 -645 
422 -0.2967148388449996 0.0696717602718423 0.807781718853732 -0.234232148175526 0.205276139088987 0.8917026728503019 1 5 3 610 -646 647 
423 -0.2452174866107801 0.04718358792010269 0.8917026728503019 -0.1778812346509797 0.1764613980034073 0.9248630051292703 1 5 3 -611 648 612 
424 -0.183864032769558 0.08169088009695025 0.9248630051292703 -0.08418486762020316 0.1891194745592404 0.9534500441711982 1 5 3 -613 649 620 
425 -0.1381915286307238 0.240624789813134 0.8367309240943457 -0.04500922995878487 0.3391145418969399 0.9188206859585546 1 5 3 -650 614 -618 
426 -0.04876606168472908 0.289075127847477 0.832217403903734 0.07198053198933652 0.3427171531152324 0.884538575882422 1 5 3 -651 652 -615 
427 0.07198053198933652 0.289075127847477 0.7547963907149637 0.1741312571698208 0.37480459448999 0.884538575882422 1 5 3 -616 -653 622 
428 -0.1778812346509797 0.1764613980034073 0.8963979313254204 -0.08418486762020316 0.240624789813134 0.9494313399753975 1 5 3 -654 619 -649 
429 0.05257868494726692 0.37480459448999 0.6181236568908908 0.1203003369796206 0.40982817257546 0.7667328564117906 1 5 3 -655 621 -656 
430 0.07586930792738278 0.3761082113693766 0.3953219950701698 0.1856315711433694 0.4094158091134958 0.5344148820894878 1 5 3 -657 626 623 
431 0.04104762766990311 0.4094158091134958 0.4642748408219454 0.1212892633852253 0.4119314177471356 0.6181236568908908 1 5 3 -658 -659 624 
432 0.04828097266965059 0.3385993647632088 0.3195807254433403 0.1748053923039228 0.3763181730147618 0.4022497213907004 1 5 3 -660 625 627 
433 -0.03006596835133502 0.3385993647632088 0.3195807254433403 0.07586930792738278 0.3763181730147618 0.3953219950701698 1 5 3 -628 660 -661 
434 -0.08526199202854945 0.2827473495410302 0.2644277927903241 -0.03006596835133502 0.3732062450848659 0.3930076794782181 1 5 3 662 -663 629 
435 -0.1980942513239826 0.2827473495410302 0.2644277927903241 -0.07126895050321258 0.3467520857435382 0.4008406197000338 1 5 3 631 664 -665 
436 -0.29342026545114 0.2079956615049652 0.2827804867906336 -0.1980942513239826 0.2972309735570453 0.3590584034650052 1 5 3 -632 634 -666 
437 -0.300990728416795 0.2156552800516791 0.3471334791068252 -0.1980942513239826 0.2972309735570453 0.4142923270839673 1 5 3 -635 666 667 
438 -0.3310786958699588 0.2478487606251587 0.4142923270839673 -0.2358102876383065 0.3158270436460633 0.5197057735796051 1 5 3 -636 668 669 
439 -0.3793110084415219 0.1785157562821353 0.5071139715229767 -0.3310786958699588 0.265125086200003 0.6155460576610365 1 5 3 670 -671 -638 
440 -0.4094157083157776 0.1212896665760934 0.5071139715229767 -0.3762105210525573 0.1855010380993132 0.6512840899675776 1 5 3 -639 672 -673 
441 -0.4097783281041948 0.1042865028154577 0.534413521320305 -0.3762105210525573 0.1855010380993132 0.6512840899675776 1 5 3 -641 673 674 
442 -0.4097783281041948 0.07302681229615171 0.6354310281626996 -0.3472650957263452 0.1717687602689415 0.7715849561352135 1 5 3 -643 675 645 
443 -0.3472650957263452 0.0696717602718423 0.7556817978647783 -0.295408752421534 0.205276139088987 0.8774628785127205 1 5 3 646 644 676 
444 -0.295408752421534 0.158437556556182 0.807781718853732 -0.2111120749332857 0.227629444094817 0.8917026728503019 1 5 3 -647 677 678 
445 -0.234232148175526 0.158437556556182 0.8917026728503019 -0.1381915286307238 0.240624789813134 0.9248630051292703 1 5 3 679 654 -648 
446 -0.1921316631477453 0.240624789813134 0.8215289147462814 -0.04876606168472908 0.3391145418969399 0.8963979313254204 1 5 3 -680 681 650 
447 -0.07065075810227783 0.3391145418969399 0.7553952299541538 0.0320226032430253 0.3801987843376973 0.8367309240943457 1 5 3 651 -682 683 
448 0.0320226032430253 0.289075127847477 0.7667328564117906 0.07356688646608533 0.37480459448999 0.884538575882422 1 5 3 653 -652 -684 
449 -0.01275869787724437 0.4096917932637909 0.600344149110688 0.1203003369796206 0.4106765869629785 0.6900192416038717 1 5 3 -685 -686 655 
450 -0.04104782926533723 0.37480459448999 0.6900192416038717 0.07356688646608533 0.4119314177471356 0.7667328564117906 1 5 3 656 -687 -688 
451 0.04104762766990311 0.3763181730147618 0.3953219950701698 0.1212892633852253 0.4119314177471356 0.5344148820894878 1 5 3 657 659 -689 
452 0.04035938085536206 0.4093126930485764 0.4642748408219454 0.1203003369796206 0.4119314177471356 0.6181236568908908 1 5 3 -690 658 691 
453 -0.04303394748937295 0.3424019586528617 0.3240177905652913 0.07586930792738278 0.4096059136085499 0.4588783326267378 1 5 3 -692 661 693 
454 -0.08526199202854945 0.3424019586528617 0.3240177905652913 -0.03006596835133502 0.4096059136085499 0.4588783326267378 1 5 3 -694 -662 692 
455 -0.1747078705123194 0.2827473495410302 0.2644277927903241 -0.07126895050321258 0.3732062450848659 0.4008406197000338 1 5 3 -664 663 -695 
456 -0.2358102876383065 0.2972309735570453 0.3471334791068252 -0.1747078705123194 0.3467520857435382 0.4273954255622043 1 5 3 -696 665 -697 
457 -0.300990728416795 0.2478487606251587 0.3471334791068252 -0.1980942513239826 0.3158270436460633 0.4273954255622043 1 5 3 -668 -667 696 
458 -0.3310786958699588 0.265125086200003 0.4273954255622043 -0.2358102876383065 0.3236402779141243 0.5197057735796051 1 5 3 -669 698 699 
459 -0.3450359038067511 0.2505877370006022 0.5197057735796051 -0.2873283034045956 0.3079092821450395 0.6539350699357112 1 5 3 -700 -670 701 
460 -0.3793110084415219 0.1785157562821353 0.5071139715229767 -0.3450359038067511 0.2505877370006022 0.6512840899675776 1 5 3 671 702 -672 
461 -0.4097783281041948 0.1042865028154577 0.6354310281626996 -0.3472650957263452 0.1855010380993132 0.7556817978647783 1 5 3 703 -675 -674 
462 -0.3472650957263452 0.1717687602689415 0.7350636247666069 -0.295408752421534 0.2299484971794907 0.807781718853732 1 5 3 704 -676 -705 
463 -0.295408752421534 0.205276139088987 0.807781718853732 -0.1921316631477453 0.2904226925316606 0.8713791314801473 1 5 3 -677 706 707 
464 -0.234232148175526 0.158437556556182 0.8713791314801473 -0.1381915286307238 0.240624789813134 0.8963979313254204 1 5 3 -678 708 -679 
465 -0.2111120749332857 0.227629444094817 0.8215289147462814 -0.1381915286307238 0.2904226925316606 0.8963979313254204 1 5 3 -707 680 -708 
466 -0.1921316631477453 0.2904226925316606 0.7571683626012811 -0.04876606168472908 0.3462714822268818 0.8367309240943457 1 5 3 -681 -709 710 
467 -0.1709569858517009 0.3391145418969399 0.7553952299541538 -0.04876606168472908 0.3801987843376973 0.8367309240943457 1 5 3 682 -710 -711 
468 -0.07065075810227783 0.3427171531152324 0.7553952299541538 0.07356688646608533 0.3801987843376973 0.832217403903734 1 5 3 684 -683 -712 
469 -0.04104782926533723 0.40982817257546 0.600344149110688 0.05257868494726692 0.4119314177471356 0.6927490453870269 1 5 3 -713 685 688 
470 -0.01275869787724437 0.4093126930485764 0.5761842970144051 0.1203003369796206 0.4106765869629785 0.6181236568908908 1 5 3 -714 -691 686 
471 -0.07065075810227783 0.37480459448999 0.6927490453870269 0.07356688646608533 0.4119314177471356 0.7667328564117906 1 5 3 687 712 -715 
472 -0.04303394748937295 0.3763181730147618 0.3953219950701698 0.07586930792738278 0.4119314177471356 0.4642748408219454 1 5 3 716 -693 689 
473 -0.04303394748937295 0.4093126930485764 0.4588783326267378 0.04104762766990311 0.4119314177471356 0.5761842970144051 1 5 3 -716 690 -717 
474 -0.1829228340831547 0.3732062450848659 0.3930076794782181 -0.04303394748937295 0.4096059136085499 0.5036831196151665 1 5 3 -718 694 719 
475 -0.1829228340831547 0.3467520857435382 0.3930076794782181 -0.08526199202854945 0.3772297875711037 0.5036831196151665 1 5 3 -720 695 718 
476 -0.2723590359860524 0.3158270436460633 0.4008406197000338 -0.1747078705123194 0.3467520857435382 0.5171002029831675 1 5 3 -698 697 721 
477 -0.3310786958699588 0.265125086200003 0.5171002029831675 -0.2723590359860524 0.3236402779141243 0.6539350699357112 1 5 3 -699 722 -701 
478 -0.3450359038067511 0.2299484971794907 0.6155460576610365 -0.2873283034045956 0.3079092821450395 0.7350636247666069 1 5 3 723 -724 700 
479 -0.3762105210525573 0.1855010380993132 0.6155460576610365 -0.3180934803222427 0.2505877370006022 0.7350636247666069 1 5 3 -725 -702 724 
480 -0.3762105210525573 0.1717687602689415 0.6512840899675776 -0.3180934803222427 0.2299484971794907 0.7556817978647783 1 5 3 705 -703 725 
481 -0.3180934803222427 0.205276139088987 0.7350636247666069 -0.2380619070500238 0.3078186649970793 0.807781718853732 1 5 3 726 727 -704 
482 -0.295408752421534 0.205276139088987 0.7423920220138787 -0.1921316631477453 0.3078186649970793 0.8215289147462814 1 5 3 -727 728 -706 
483 -0.2380619070500238 0.2904226925316606 0.7423920220138787 -0.1709569858517009 0.3462714822268818 0.8215289147462814 1 5 3 -729 709 -728 
484 -0.1861670590171601 0.3462714822268818 0.653272828932266 -0.07065075810227783 0.3801987843376973 0.7571683626012811 1 5 3 -730 731 711 
485 -0.1042885187698059 0.4097797896710986 0.5216273812644923 -0.01275869787724437 0.4119314177471356 0.6927490453870269 1 5 3 -732 -733 713 
486 -0.01275869787724437 0.4093126930485764 0.5695914207111448 0.04035938085536206 0.4132231404958677 0.600344149110688 1 5 3 -734 714 -735 
487 -0.1212898681715275 0.3801987843376973 0.6226083489343219 -0.04104782926533723 0.4119314177471356 0.7553952299541538 1 5 3 -736 -737 715 
488 -0.04303394748937295 0.4093126930485764 0.4588783326267378 0.04035938085536206 0.4132231404958677 0.5761842970144051 1 5 3 -738 717 734 
489 -0.1829228340831547 0.3772297875711037 0.4588783326267378 -0.04303394748937295 0.4097797896710986 0.5216273812644923 1 5 3 -719 739 -740 
490 -0.2723590359860524 0.3236402779141243 0.4008406197000338 -0.1747078705123194 0.3772297875711037 0.5171002029831675 1 5 3 -721 720 -741 
491 -0.2873283034045956 0.3079092821450395 0.5171002029831675 -0.2479341866906715 0.3474442636690571 0.6539350699357112 1 5 3 742 -722 743 
492 -0.3180934803222427 0.2299484971794907 0.6539350699357112 -0.2380619070500238 0.3079092821450395 0.7423920220138787 1 5 3 -723 744 -726 
493 -0.2380619070500238 0.3078186649970793 0.653272828932266 -0.1709569858517009 0.3750704988685423 0.7571683626012811 1 5 3 730 729 -745 
494 -0.1861670590171601 0.3750704988685423 0.6226083489343219 -0.07065075810227783 0.4094158091134958 0.7553952299541538 1 5 3 736 -731 -746 
495 -0.1212898681715275 0.4094158091134958 0.5216273812644923 -0.04104782926533723 0.4119314177471356 0.6927490453870269 1 5 3 -747 732 737 
496 -0.1042885187698059 0.4097797896710986 0.5216273812644923 -0.002328654067256575 0.4132231404958677 0.600344149110688 1 5 3 -748 735 733 
497 -0.1042885187698059 0.4096059136085499 0.4588783326267378 -0.002328654067256575 0.4132231404958677 0.5695914207111448 1 5 3 -739 738 748 
498 -0.1829228340831547 0.3772297875711037 0.5036831196151665 -0.1042885187698059 0.4097797896710986 0.6226083489343219 1 5 3 -749 740 747 
499 -0.2723590359860524 0.3236402779141243 0.5036831196151665 -0.1829228340831547 0.3772297875711037 0.6071581756059674 1 5 3 -743 741 750 
500 -0.2873283034045956 0.3079092821450395 0.6071581756059674 -0.1861670590171601 0.3750704988685423 0.6539350699357112 1 5 3 -742 751 -752 
501 -0.2873283034045956 0.3078186649970793 0.653272828932266 -0.1861670590171601 0.3750704988685423 0.7423920220138787 1 4 3 745 -744 752 
502 -0.1861670590171601 0.3750704988685423 0.5036831196151665 -0.1212898681715275 0.4094158091134958 0.653272828932266 1 5 3 749 746 -753 
503 -0.2479341866906715 0.3474442636690571 0.5036831196151665 -0.1829228340831547 0.3772297875711037 0.653272828932266 1 5 3 753 -751 -750 
2 -0.5900612487172656 -0.5902076376223802 0 0.5902296272714156 0.5901951010110236 1 1 1 503 1 2 -3 4 5 6 7 8 9 10 11 12 13 14 15 16 17 18 19 20 21 22 23 24 25 26 27 28 29 30 31 32 33 34 35 36 37 38 39 40 41 42 43 44 45 46 47 48 49 50 51 52 53 54 55 56 57 58 59 60 61 62 63 64 65 66 67 68 69 70 71 72 73 74 75 76 77 78 79 80 81 82 83 84 85 86 87 88 89 90 91 92 93 94 95 96 97 98 99 100 101 102 103 104 105 106 107 108 109 110 111 112 113 114 115 116 117 118 119 120 121 122 123 124 125 126 127 128 129 130 131 132 133 134 135 136 137 138 139 140 141 142 143 144 145 146 147 148 149 150 151 152 153 154 155 156 157 158 159 160 161 162 163 164 165 166 167 168 169 170 171 172 173 174 175 176 177 178 179 180 181 182 183 184 185 186 187 188 189 190 191 192 193 194 195 196 197 198 199 200 201 202 203 204 205 206 207 208 209 210 211 212 213 214 215 216 217 218 219 220 221 222 223 224 225 226 227 228 229 230 231 232 233 234 235 236 237 238 239 240 241 242 243 244 245 246 247 248 249 250 251 252 253 254 255 256 257 258 259 260 261 262 263 264 265 266 267 268 269 270 271 272 273 274 275 276 277 278 279 280 281 282 283 284 285 286 287 288 289 290 291 292 293 294 295 296 297 298 299 300 301 302 303 304 305 306 307 308 309 310 311 312 313 314 315 316 317 318 319 320 321 322 323 324 325 326 327 328 329 330 331 332 333 334 335 336 337 338 339 340 341 342 343 344 345 346 347 348 349 350 351 352 353 354 355 356 357 358 359 360 361 362 363 364 365 366 367 368 369 370 371 372 373 374 375 376 377 378 379 380 381 382 383 384 385 386 387 388 389 390 391 392 393 394 395 396 397 398 399 400 401 402 403 404 405 406 407 408 409 410 411 412 413 414 415 416 417 418 419 420 421 422 423 424 425 426 427 428 429 430 431 432 433 434 435 436 437 438 439 440 441 442 443 444 445 446 447 448 449 450 451 452 453 454 455 456 457 458 459 460 461 462 463 464 465 466 467 468 469 470 471 472 473 474 475 476 477 478 479 480 481 482 483 484 485 486 487 488 489 490 491 492 493 494 495 496 497 498 499 500 501 502 503 
$EndEntities
$Nodes
1511 1622 1 1622
0 1 0 1
1
0.5902296272714156 -2.220446049250313e-16 0.9999999999999998
0 2 0 1
2
0.5902296272714156 -2.220446049250313e-16 0
0 3 0 1
3
0.2494998272364928 -0.3457194635274335 0.5402898770492881
0 4 0 1
4
0.1816635681994307 -0.3773974141751717 0.5039536606887223
0 5 0 1
5
0.2564675702508377 -0.3403083396631977 0.6235215762541417
0 6 0 1
6
0.1793296978503005 -0.3462588825122018 0.4076269268230214
0 7 0 1
7
0.1196356768309568 -0.4096059640074078 0.6215424130726097
0 8 0 1
8
0.289075127847477 -0.3060262799859259 0.5065318143060205
0 9 0 1
9
0.07139842517123796 -0.3793110084415219 0.3999965900132214
0 10 0 1
10
0.1142373542768351 -0.4119314177471357 0.5374645674288776
0 11 0 1
11
0.1891194745592404 -0.3709190440788987 0.66269721391556
0 12 0 1
12
0.3391145418969399 -0.2582186281978494 0.6272784079800857
0 13 0 1
13
0.2342818918490728 -0.3072435636203427 0.4115909482571217
0 14 0 1
14
0.05880657271575174 -0.3310786958699588 0.3133873104942118
0 15 0 1
15
0.04409877457619404 -0.4094157083157776 0.4572226797192634
0 16 0 1
16
0.002327998882093896 -0.4093127434474344 0.5381529654399948
0 17 0 1
17
0.240624789813134 -0.3178855850300636 0.7167039253249385
0 18 0 1
18
0.08169027531064554 -0.3749378490724174 0.7623764798626329
0 19 0 1
19
0.3427171531152324 -0.2537050576083772 0.546489692653471
0 20 0 1
20
0.1642200192113894 -0.300990728416795 0.330663585670198
0 21 0 1
21
0.3098819942726592 -0.2424613242245188 0.427342909951431
0 22 0 1
22
-0.03703376176454032 -0.3450359038067511 0.3279246092947545
0 23 0 1
23
-0.07277174367222072 -0.3762105210525573 0.3930113081960435
0 24 0 1
24
-0.05691868186734284 -0.4097783281041948 0.4742257930810412
0 25 0 1
25
0.008920875185354227 -0.4132231404958678 0.5808410003626132
0 26 0 1
26
0.1764613980034073 -0.3463506084350558 0.7563935305474785
0 27 0 1
27
0.03956902595307688 -0.4096928516398217 0.698809306551444
0 28 0 1
28
0.2904226925316606 -0.2430165684509246 0.7706440094431022
0 29 0 1
29
0.3801987843376973 -0.1768829340576576 0.6491631043976347
0 30 0 1
30
0.37480459448999 -0.1882205605152916 0.5049455102281293
0 31 0 1
31
0.2194539428303517 -0.29342026545114 0.362857116642538
0 32 0 1
32
0.3469326144554357 -0.1762840948184674 0.4043811395243939
0 33 0 1
33
0.2957319099035838 -0.2254347753934399 0.3705166847903915
0 34 0 1
34
0.1511169207331525 -0.2358102876383065 0.2626853026492937
0 35 0 1
35
-0.07542267324149632 -0.2873283034045956 0.2706030641503174
0 36 0 1
36
-0.02183185321419179 -0.4106765869629788 0.5912710441726012
0 37 0 1
37
0.158437858949334 -0.3131902257572268 0.8127443936731671
0 38 0 1
38
0.03970842919626671 -0.3441382497342718 0.8298341426730642
0 39 0 1
39
0.227629444094817 -0.2928667347859299 0.7896244212286425
0 40 0 1
40
0.3462714822268818 -0.1786560163059244 0.7494693321470576
0 41 0 1
41
0.2313797239691306 -0.1980949065091451 0.28128217912005
0 42 0 1
42
0.3155105388133674 -0.1483766339873813 0.3407585778674844
0 43 0 1
43
0.06141209291333161 -0.2723590359860524 0.2548720683812326
0 44 0 1
44
-0.1565512784712503 -0.3180934803222427 0.3485638491158662
0 45 0 1
45
-0.1771694011705639 -0.3472650957263452 0.4067434852286996
0 46 0 1
46
-0.1115075000948197 -0.4098281221765995 0.5259317965903181
0 47 0 1
47
-0.07336443425064842 -0.3766689490713798 0.7627669702199156
0 48 0 1
48
0.2052764414821395 -0.2292692717606568 0.8739209475203145
0 49 0 1
49
0.3078186649970793 -0.163879675718522 0.8165743037442383
0 50 0 1
50
0.3750704988685423 -0.07476043223804874 0.7646794053125168
0 51 0 1
51
0.4119314177471356 -0.1142366486928124 0.6195602259595545
0 52 0 1
52
0.4096917932637909 -0.0396119153818385 0.4582124629054646
0 53 0 1
53
0.3742010177580808 -0.07573539815979047 0.3896095868285684
0 54 0 1
54
0.1776720793873356 -0.174707568119167 0.2317602605518186
0 55 0 1
55
-0.163879675718522 -0.2380619070500238 0.2706936812982776
0 56 0 1
56
-0.02864582931061055 -0.2479341866906715 0.2310680826262997
0 57 0 1
57
-0.1930798168766524 -0.3725288844238066 0.5054800909224655
0 58 0 1
58
-0.1142367998893884 -0.4119314681459936 0.6195617379253162
0 59 0 1
59
0.06904631043525411 -0.2992231396441255 0.8752589364213443
0 60 0 1
60
-0.04409726261043245 -0.4094157083157776 0.6998029704497652
0 61 0 1
61
-0.07012973470093653 -0.3121173348530133 0.8623677147451194
0 62 0 1
62
0.4094158091134958 -0.04409605303782316 0.6998021640680263
0 63 0 1
63
0.40982817257546 -0.1115069457073729 0.5259337117469478
0 64 0 1
64
0.3133679825318951 -0.06959817793812373 0.2941775839015445
0 65 0 1
65
0.0748291762813299 -0.1829228844820125 0.201282558724253
0 66 0 1
66
-0.07476043223804874 -0.1861670590171601 0.2034418474268144
0 67 0 1
67
-0.2292693221595147 -0.2954087020226761 0.3732360560097934
0 68 0 1
68
-0.2992334210113025 -0.2967471949122896 0.5094934024403843
0 69 0 1
69
-0.1818151175675721 -0.3772963644634583 0.6532706113824813
0 70 0 1
70
-0.1773100139863629 -0.3455559192309197 0.7549832696830605
0 71 0 1
71
0.2299484971794907 -0.1565512784712503 0.8966058770164573
0 72 0 1
72
0.3079092821450395 -0.07542267324149632 0.8658405993010945
0 73 0 1
73
0.3772297875711037 0.0748291762813299 0.7614352307773693
0 74 0 1
74
0.4106765869629785 -0.02183185321419179 0.5912710441726012
0 75 0 1
75
0.4097797896710986 0.0568849650308646 0.6828009154640204
0 76 0 1
76
0.3758232562222319 0.0722603464528937 0.3927229259265075
0 77 0 1
77
0.3430313396004303 0.04745886648637487 0.3249924540938781
0 78 0 1
78
0.1855042636262707 -0.08526153843882089 0.2053057988173386
0 79 0 1
79
-0.1786560163059244 -0.1709569858517009 0.2322408640684751
0 80 0 1
80
-0.2430165684509246 -0.1921316631477453 0.2880896033648383
0 81 0 1
81
-0.2509323643964581 -0.3450257232372924 0.615676489907377
0 82 0 1
82
0.1717691634598097 -0.177169048378551 0.925777442021702
0 83 0 1
83
-0.03815639634230072 -0.2502236052464236 0.9238550279550761
0 84 0 1
84
-0.208704924643589 -0.2935200551913862 0.80750129960387
0 85 0 1
85
0.3474442636690571 -0.02864582931061055 0.8264465329860282
0 86 0 1
86
0.4093126930485764 0.002328099679809514 0.5381529654399948
0 87 0 1
87
0.4094158091134958 0.04409746420586902 0.457223334904426
0 88 0 1
88
0.2528081091199208 -0.01995726766448047 0.234048570332677
0 89 0 1
89
0.1196343664606292 -0.04303354429850226 0.168906432686807
0 90 0 1
90
-0.1768829340576576 -0.07065075810227783 0.1983135619576594
0 91 0 1
91
-0.2928667347859299 -0.2111120749332857 0.3508829022005397
0 92 0 1
92
-0.04409605303782316 -0.1212898681715275 0.1690965371818611
0 93 0 1
93
-0.3131902257572268 -0.2342320473778102 0.4200744873460227
0 94 0 1
94
-0.3099805240414356 -0.286158344298507 0.6481540184485466
0 95 0 1
95
0.07302126842169399 -0.1930858143408388 0.9510419867020441
0 96 0 1
96
-0.1921356446575837 -0.2430121837502156 0.8689355932144618
0 97 0 1
97
-0.2285529527818138 -0.3140557757567078 0.7439934961482393
0 98 0 1
98
0.2505877370006022 -0.03703376176454032 0.92354819970325
0 99 0 1
99
0.1855010380993132 -0.07277174367222072 0.9547228169490536
0 100 0 1
100
0.3236402779141243 0.06141209291333161 0.8508714326802669
0 101 0 1
101
0.4096059136085499 0.1196338624720429 0.621546444981306
0 102 0 1
102
0.4132231404958677 0.008920875185354227 0.5808410003626132
0 103 0 1
103
0.4119314177471356 0.1142371526813984 0.5374667345798017
0 104 0 1
104
0.3493654681630736 0.1728731000609907 0.4034308186445626
0 105 0 1
105
0.3766587685019211 0.1828961226880381 0.5028018955706266
0 106 0 1
106
0.2684290337815824 0.07240730952489205 0.2548041307196926
0 107 0 1
107
0.0568849650308646 -0.1042885187698059 0.1687325566242583
0 108 0 1
108
-0.2582186281978494 -0.04876606168472908 0.239397753999559
0 109 0 1
109
-0.3178855850300636 -0.1381915286307238 0.3378875564822229
0 110 0 1
110
-0.3441218701051902 -0.2513515317043472 0.5388146016571351
0 111 0 1
111
0.1042865028154577 -0.05691868186734284 0.9882906743995514
0 112 0 1
112
-0.1709571370482771 -0.1786558651093483 0.9247838789210965
0 113 0 1
113
-0.07064843975477741 -0.1768846476188534 0.9587112818296277
0 114 0 1
114
-0.2941620358536323 -0.2287025869933252 0.7858909745731388
0 115 0 1
115
0.265125086200003 0.05880657271575174 0.9095910421653155
0 116 0 1
116
0.3732064466803027 0.1855041628285523 0.6637742375261879
0 117 0 1
117
0.3467520857435382 0.1776719785896175 0.7532200152122395
0 118 0 1
118
0.3101230016150089 0.1508105964699128 0.3361307530653168
0 119 0 1
119
0.1816620562336717 0.07456125594842944 0.201115184114477
0 120 0 1
120
0.008920875185354227 -0.002328654067256575 0.1652892561983469
0 121 0 1
121
-0.1142366486928124 -0.04104782926533723 0.1665809285482212
0 122 0 1
122
-0.2537050576083772 0.0320226032430253 0.2357952435789822
0 123 0 1
123
-0.3463506084350558 -0.1778811842521218 0.4020509482919494
0 124 0 1
124
-0.3768578943926824 -0.1841120959521274 0.6506096524403231
0 125 0 1
125
0.05258039850846263 -0.1115076008925354 0.9883404684719563
0 126 0 1
126
-0.2380497609250749 -0.1638823972568931 0.8863376135429271
0 127 0 1
127
-0.04104823245620792 -0.11423634629966 0.9904438144413503
0 128 0 1
128
0.1785157562821353 0.07139842517123796 0.9578233547368786
0 129 0 1
129
0.1212896665760934 0.04409877457619404 0.9879281050099922
0 130 0 1
130
0.3158270436460633 0.1511169207331525 0.8143226843325211
0 131 0 1
131
0.3427881147082958 0.2536191275542781 0.6101326154493032
0 132 0 1
132
0.3204911556265011 0.2360822398799054 0.4374121987307736
0 133 0 1
133
0.2342747352111376 0.1669239179811697 0.2712653051537624
0 134 0 1
134
0.1793298994457344 0.1708853690734751 0.232253514182013
0 135 0 1
135
0.1142376566699876 0.0410473252767507 0.1665809789470791
0 136 0 1
136
0.002328099679809514 0.04035938085536206 0.1691996532467804
0 137 0 1
137
-0.02183185321419179 -0.01275869787724437 0.167835809731236
0 138 0 1
138
-0.1882205605152916 0.07356688646608533 0.2037077014065088
0 139 0 1
139
-0.3060262799859259 0.07198053198933652 0.2894372688467378
0 140 0 1
140
-0.3403083396631977 -0.04500922995878487 0.3220448264433798
0 141 0 1
141
-0.3749378994712753 -0.1838641839661341 0.4968222221812874
0 142 0 1
142
-0.4096928516398217 -0.1202966578629349 0.5389428163536936
0 143 0 1
143
-0.347582507738498 -0.175968295569792 0.7522263513139182
0 144 0 1
144
-0.01275869787724437 -0.02183185321419179 0.9891889836571932
0 145 0 1
145
-0.1861670086183023 -0.07476048263690915 0.953582895562757
0 146 0 1
146
-0.1212902209635404 -0.04409570024581289 0.9879282058077106
0 147 0 1
147
-0.3112822257641923 -0.1644174315409551 0.811341591839839
0 148 0 1
148
0.1708854698711932 0.1793296978503005 0.9247711784087007
0 149 0 1
149
0.04104782926533967 0.1142373542768351 0.9904438144413503
0 150 0 1
150
0.2478487606251587 0.1642200192113894 0.8795031251110121
0 151 0 1
151
0.3025390821540774 0.2921402856364885 0.6538952548373309
0 152 0 1
152
0.2972302679730252 0.2313796231714125 0.7766071016079257
0 153 0 1
153
0.3416497052877583 0.254942299190843 0.5323252446096647
0 154 0 1
154
0.2957249548610799 0.2079976774593133 0.3530645175975086
0 155 0 1
155
0.07139842517123796 0.1785157562821353 0.1992013882526929
0 156 0 1
156
0.04409897617162817 0.1212894649806594 0.1690966883784372
0 157 0 1
157
-0.09625252154624853 0.07147059633691066 0.1686181512149867
0 158 0 1
158
-0.3709190440788987 -0.08418486762020316 0.3893929221349767
0 159 0 1
159
-0.4094156579169197 -0.1212904729578321 0.6226097601023655
0 160 0 1
160
-0.3774726092723652 -0.07518085951740772 0.7602369475126869
0 161 0 1
161
0.04035938085536206 0.002327998882093896 0.9878250897427912
0 162 0 1
162
-0.2955634769177747 -0.07609343165206484 0.8790931807942666
0 163 0 1
163
-0.1202970610538054 0.03956892515535859 0.9882051979351782
0 164 0 1
164
0.07455863520777672 0.1816635681994307 0.9559098108693864
0 165 0 1
165
0.2523557289641398 0.3446934939606774 0.5927844211019386
0 166 0 1
166
0.2538101392287866 0.3196905193570392 0.465660456644453
0 167 0 1
167
0.2311459740624344 0.2932734535757204 0.371897361524746
0 168 0 1
168
0.1255314361205451 0.2450370082977404 0.2578402587660876
0 169 0 1
169
0.2005197971971089 0.2323937490063719 0.28301847020146
0 170 0 1
170
0.03806845033385076 0.2495233131046517 0.2320107932784647
0 171 0 1
171
-0.07525907854612468 0.1831327957285396 0.2014375856136436
0 172 0 1
172
-0.1751551099845079 0.1742883000135593 0.2306307213304148
0 173 0 1
173
-0.3457194635274335 0.03822246924606865 0.329012519058864
0 174 0 1
174
-0.4096059640074078 -0.04303011717611083 0.4588766190655422
0 175 0 1
175
-0.4119314681459936 -0.04104722447903253 0.6927487429938746
0 176 0 1
176
-0.002328654067256575 0.008920875185354227 0.9917355371900825
0 177 0 1
177
-0.2510276686382796 -0.02644123203406912 0.9244064922670776
0 178 0 1
178
0.03822246924606865 0.2494998272364928 0.9242318098227902
0 179 0 1
179
0.1669213980382351 0.2342818918490728 0.8857559099156995
0 180 0 1
180
-0.04303011717611083 0.1196356768309568 0.9881183103027646
0 181 0 1
181
0.2156552800516791 0.2194539428303517 0.8719326117464967
0 182 0 1
182
0.2377537684278725 0.3155105388133674 0.7268889298838803
0 183 0 1
183
0.1882412240473637 0.3737250509364252 0.6569608158172131
0 184 0 1
184
-0.2424613242245188 0.1511694363439257 0.2686304024215582
0 185 0 1
185
-0.3462588825122018 0.1708854698711932 0.3991825980461985
0 186 0 1
186
-0.3773974141751717 0.07455863520777672 0.3968488284947839
0 187 0 1
187
-0.4132231404958678 -0.002328654067256575 0.5695914207111448
0 188 0 1
188
-0.4106765869629788 -0.01275869787724437 0.600344149110688
0 189 0 1
189
-0.3455470994306439 -0.02802415938842651 0.8290026623020714
0 190 0 1
190
-0.2967148388449996 0.0696717602718423 0.8774628785127205
0 191 0 1
191
-0.2452174866107801 0.04718358792010269 0.9246333879289885
0 192 0 1
192
-0.04500922995878487 0.2564675702508377 0.9188206859585546
0 193 0 1
193
0.07198053198933652 0.289075127847477 0.884538575882422
0 194 0 1
194
0.2079956615049652 0.2957319099035838 0.8039470712899388
0 195 0 1
195
0.1203003369796206 0.4096917932637909 0.6181236568908908
0 196 0 1
196
0.150099670168954 0.3162367863673747 0.3425912315667465
0 197 0 1
197
0.1856315711433694 0.3761082113693766 0.5048084253324401
0 198 0 1
198
0.04828097266965059 0.3385993647632088 0.3195807254433403
0 199 0 1
199
-0.07126895050321258 0.2827473495410302 0.2644277927903241
0 200 0 1
200
-0.3072435636203427 0.1669213980382351 0.344230454446284
0 201 0 1
201
-0.1483769363805337 0.2377536676301568 0.2630019082797078
0 202 0 1
202
-0.4119314177471357 0.04104782926533967 0.4642749920185217
0 203 0 1
203
-0.4093127434474344 0.04035938085536206 0.5761842970144051
0 204 0 1
204
-0.3725341763039699 0.07302681229615171 0.7715849561352135
0 205 0 1
205
-0.4098281221765995 0.05258039850846263 0.6900199471878923
0 206 0 1
206
-0.183864032769558 0.08169088009695025 0.9534500441711982
0 207 0 1
207
0.1511694363439257 0.3098819942726592 0.8209736201210178
0 208 0 1
208
-0.08418486762020316 0.1891194745592404 0.9494313399753975
0 209 0 1
209
0.1741312571698208 0.3469326144554357 0.7547963907149637
0 210 0 1
210
0.1748053923039228 0.3473691693695793 0.4022497213907004
0 211 0 1
211
-0.2254347753934399 0.2079956615049652 0.2827804867906336
0 212 0 1
212
-0.300990728416795 0.2478487606251587 0.4142923270839673
0 213 0 1
213
-0.3793110084415219 0.1785157562821353 0.5071139715229767
0 214 0 1
214
-0.4094157083157776 0.1212896665760934 0.534413521320305
0 215 0 1
215
-0.4097783281041948 0.1042865028154577 0.6354310281626996
0 216 0 1
216
-0.234232148175526 0.158437556556182 0.8917026728503019
0 217 0 1
217
-0.1778812346509797 0.1764613980034073 0.9248630051292703
0 218 0 1
218
-0.04876606168472908 0.3391145418969399 0.8367309240943457
0 219 0 1
219
-0.1381915286307238 0.240624789813134 0.8963979313254204
0 220 0 1
220
0.07356688646608533 0.37480459448999 0.7667328564117906
0 221 0 1
221
0.1212892633852253 0.4094158091134958 0.5344148820894878
0 222 0 1
222
0.07586930792738278 0.3763181730147618 0.3953219950701698
0 223 0 1
223
-0.03006596835133502 0.3424019586528617 0.3240177905652913
0 224 0 1
224
-0.1980942513239826 0.2972309735570453 0.3471334791068252
0 225 0 1
225
-0.29342026545114 0.2156552800516791 0.3590584034650052
0 226 0 1
226
-0.3310786958699588 0.265125086200003 0.5197057735796051
0 227 0 1
227
-0.3472650957263452 0.1717687602689415 0.7556817978647783
0 228 0 1
228
-0.295408752421534 0.205276139088987 0.807781718853732
0 229 0 1
229
0.0320226032430253 0.3427171531152324 0.832217403903734
0 230 0 1
230
0.05257868494726692 0.40982817257546 0.6900192416038717
0 231 0 1
231
0.04104762766990311 0.4119314177471356 0.4642748408219454
0 232 0 1
232
-0.08526199202854945 0.3732062450848659 0.3930076794782181
0 233 0 1
233
-0.1747078705123194 0.3467520857435382 0.4008406197000338
0 234 0 1
234
-0.2358102876383065 0.3158270436460633 0.4273954255622043
0 235 0 1
235
-0.3450359038067511 0.2505877370006022 0.6155460576610365
0 236 0 1
236
-0.3762105210525573 0.1855010380993132 0.6512840899675776
0 237 0 1
237
-0.2111120749332857 0.227629444094817 0.8713791314801473
0 238 0 1
238
-0.1921316631477453 0.2904226925316606 0.8215289147462814
0 239 0 1
239
-0.07065075810227783 0.3801987843376973 0.7553952299541538
0 240 0 1
240
-0.01275869787724437 0.4106765869629785 0.600344149110688
0 241 0 1
241
-0.04104782926533723 0.4119314177471356 0.6927490453870269
0 242 0 1
242
0.04035938085536206 0.4093126930485764 0.5761842970144051
0 243 0 1
243
-0.04303394748937295 0.4096059136085499 0.4588783326267378
0 244 0 1
244
-0.2723590359860524 0.3236402779141243 0.5171002029831675
0 245 0 1
245
-0.2873283034045956 0.3079092821450395 0.6539350699357112
0 246 0 1
246
-0.3180934803222427 0.2299484971794907 0.7350636247666069
0 247 0 1
247
-0.1709569858517009 0.3462714822268818 0.7571683626012811
0 248 0 1
248
-0.1829228340831547 0.3772297875711037 0.5036831196151665
0 249 0 1
249
-0.2380619070500238 0.3078186649970793 0.7423920220138787
0 250 0 1
250
-0.1861670590171601 0.3750704988685423 0.653272828932266
0 251 0 1
251
-0.1042885187698059 0.4097797896710986 0.5216273812644923
0 252 0 1
252
-0.002328654067256575 0.4132231404958677 0.5695914207111448
0 253 0 1
253
-0.1212898681715275 0.4094158091134958 0.6226083489343219
0 254 0 1
254
-0.2479341866906715 0.3474442636690571 0.6071581756059674
1 1 0 18
255
256
257
258
259
260
261
262
263
264
265
266
267
268
269
270
271
272
0.5582493596818796 0.191647241889169 0.9999999999999999
0.4657741151858826 0.3625265321762843 0.9999999999999999
0.3228250083243359 0.4941204578939702 0.9999999999999997
0.1448928012963369 0.5721687592323216 0.9999999999999997
-0.04874077778438727 0.5882136937286714 0.9999999999999999
-0.2370925504297371 0.5405165450193702 0.9999999999999998
-0.3997516059311758 0.4342460897514221 0.9999999999999997
-0.5190914609482489 0.2809182587151768 0.9999999999999999
-0.5821796642249014 0.0971486050951603 0.9999999999999999
-0.5821796642249008 -0.09714860509516308 0.9999999999999997
-0.5190914609482467 -0.2809182587151809 0.9999999999999999
-0.3997516059311704 -0.4342460897514271 0.9999999999999998
-0.237092550429731 -0.5405165450193727 0.9999999999999998
-0.04874077778437868 -0.5882136937286722 0.9999999999999999
0.1448928012963439 -0.5721687592323199 0.9999999999999997
0.3228250083243433 -0.4941204578939651 0.9999999999999999
0.4657741151858856 -0.3625265321762801 0.9999999999999999
0.5582493596818795 -0.1916472418891688 0.9999999999999998
1 2 0 4
273
274
275
276
0.5902296272714156 -2.220446049250313e-16 0.1999999999999996
0.5902296272714156 -2.220446049250313e-16 0.399999999999999
0.5902296272714156 -2.220446049250313e-16 0.5999999999999989
0.5902296272714156 -2.220446049250313e-16 0.7999999999999983
1 3 0 18
277
278
279
280
281
282
283
284
285
286
287
288
289
290
291
292
293
294
0.5582493596818796 0.191647241889169 0
0.4657741151858826 0.3625265321762843 0
0.3228250083243359 0.4941204578939702 0
0.1448928012963369 0.5721687592323216 0
-0.04874077778438727 0.5882136937286714 0
-0.2370925504297371 0.5405165450193702 0
-0.3997516059311758 0.4342460897514221 0
-0.5190914609482489 0.2809182587151768 0
-0.5821796642249014 0.0971486050951603 0
-0.5821796642249008 -0.09714860509516308 0
-0.5190914609482467 -0.2809182587151809 0
-0.3997516059311704 -0.4342460897514271 0
-0.237092550429731 -0.5405165450193727 0
-0.04874077778437868 -0.5882136937286722 0
0.1448928012963439 -0.5721687592323199 0
0.3228250083243433 -0.4941204578939651 0
0.4657741151858856 -0.3625265321762801 0
0.5582493596818795 -0.1916472418891688 0
1 4 0 1
295
0.2155816977179621 -0.3615584388513019 0.5221217688690049
1 5 0 1
296
0.2190655692251344 -0.3588528769191848 0.563737618471432
1 6 0 1
297
0.2529836987436644 -0.3430139015953153 0.5819057266517149
1 7 0 1
298
0.2144147625433958 -0.3459891730198178 0.4739584019361552
1 8 0 1
299
0.1804966330248657 -0.3618281483436873 0.4557902937558719
1 9 0 1
300
0.1506496225151941 -0.3935016890912894 0.5627480368806661
1 10 0 1
301
0.1880516235408968 -0.3749571518353025 0.6225319946633759
1 11 0 1
302
0.2692874775419845 -0.325872871756679 0.5234108456776545
1 12 0 1
303
0.2727713490491573 -0.3231673098245613 0.5650266952800811
1 13 0 1
304
0.2342024128488885 -0.3261425812490639 0.4570793705645212
1 14 0 1
305
0.1253640615107691 -0.3627849454768631 0.4038117584181213
1 15 0 1
306
0.1265309966853352 -0.3783542113083472 0.4519751253509707
1 16 0 1
307
0.1479504612381328 -0.3946644159611535 0.5207091140587993
1 17 0 1
308
0.1169365155538956 -0.410768690877271 0.5795034902507437
1 18 0 1
309
0.2227935224050384 -0.3556136918710483 0.6431093950848507
1 19 0 1
310
0.1543775756950981 -0.3902625040431529 0.6421198134940844
1 20 0 1
311
0.2977910560738884 -0.2992634839305234 0.6253999921171146
1 21 0 1
312
0.3140948348722087 -0.2821224540918869 0.5669051111430531
1 22 0 1
313
0.2068057948496866 -0.3267512230662726 0.4096089375400725
1 23 0 1
314
0.2616785098482757 -0.3066349218031333 0.4590613812815713
1 24 0 1
315
0.1190681352830256 -0.3386687891910809 0.3605071186586173
1 25 0 1
316
0.06510249894349532 -0.3551948521557409 0.3566919502537166
1 26 0 1
317
0.1128811713878127 -0.3934065612454746 0.480588170203992
1 27 0 1
318
0.05774859987371629 -0.3943633583786504 0.4286096348662417
1 28 0 1
319
0.07916806442651461 -0.4106735630314563 0.4973436235740697
1 29 0 1
320
0.0609818378565256 -0.4094593537274203 0.5798476892563019
1 30 0 1
321
0.05828267657946431 -0.4106220805972843 0.5378087664344349
1 31 0 1
322
0.2485461800319857 -0.3290969623466312 0.6701127507895406
1 32 0 1
323
0.2148721321861873 -0.3444023145544814 0.6897005696202492
1 33 0 1
324
0.100662976070801 -0.3922719065399118 0.6919594464676213
1 34 0 1
325
0.1354048749349425 -0.3729284465756577 0.7125368468890962
1 35 0 1
326
0.2898696658550373 -0.2880521066139566 0.6719911666525127
1 36 0 1
327
0.3409158475060864 -0.2559618429031127 0.5868840503167789
1 37 0 1
328
0.3158961404813549 -0.2798656687971511 0.526510753479746
1 38 0 1
329
0.1992509555302315 -0.3041171460185688 0.3711272669636594
1 39 0 1
330
0.1717748585308445 -0.3236248054644991 0.3691452562466092
1 40 0 1
331
0.299478561060068 -0.2742438021052219 0.4669373621287255
1 41 0 1
332
0.2720819430608662 -0.2748524439224301 0.4194669291042762
1 42 0 1
333
0.111513295963571 -0.3160347121433771 0.3220254480822048
1 43 0 1
334
0.01088640547560638 -0.3380572998383551 0.3206559598944839
1 44 0 1
335
0.01718233170334971 -0.3621734561241374 0.3639605996539877
1 45 0 1
336
-0.0006866592504913768 -0.3777607647470396 0.3965039491046324
1 46 0 1
337
-0.01433648454801317 -0.3928131146841669 0.4251169939576536
1 47 0 1
338
0.02865933620474637 -0.4108548729256648 0.5058451802549583
1 48 0 1
339
-0.006409953645573875 -0.4095970182099861 0.4657242364001514
1 49 0 1
340
0.06427827600815551 -0.4114145522516369 0.6011917067176111
1 50 0 1
341
0.005624437033723955 -0.4112679419716502 0.5594969829013038
1 51 0 1
342
-0.02729534149262414 -0.409545535775814 0.5061893792605168
1 52 0 1
343
0.2085430939082715 -0.3321180967325597 0.7365487279362082
1 53 0 1
344
0.1827904362813239 -0.3586348262569767 0.709545372231519
1 54 0 1
345
0.06062965063186108 -0.3923153503561197 0.7305928932070387
1 55 0 1
346
0.07960235139201666 -0.4096494078236149 0.6601758598120266
1 56 0 1
347
0.1290758366570264 -0.360644228753736 0.7593850052050555
1 57 0 1
348
0.2655237411723972 -0.2804510767404944 0.7436739673840207
1 58 0 1
349
0.3147686172143002 -0.2506175983243864 0.6989612087115946
1 59 0 1
350
0.3596566631173181 -0.2175507811277529 0.6382207561888608
1 60 0 1
351
0.3614579687264645 -0.2152939958330168 0.5978263985255532
1 61 0 1
352
0.3319398611687331 -0.2471234202506081 0.5057386622670751
1 62 0 1
353
0.3587608738026107 -0.220962809061834 0.5257176014408009
1 63 0 1
354
0.2268679173397128 -0.3003319145357413 0.3872240324498296
1 64 0 1
355
0.191836981020871 -0.2972054969339682 0.3467603511563671
1 65 0 1
356
0.318003871151457 -0.2411551874021957 0.4554564769152076
1 66 0 1
357
0.3284073043640473 -0.2093727095214928 0.4158620247379126
1 67 0 1
358
0.2650069008763284 -0.2663391695068915 0.3910538165237568
1 68 0 1
359
0.3028069520881209 -0.2339480498089797 0.3989297973709105
1 69 0 1
360
0.1576684699722707 -0.2684005080275513 0.2966744441597453
1 70 0 1
361
0.1049617467244518 -0.2834444917541322 0.2880363065717526
1 71 0 1
362
-0.05622821750301792 -0.3161821036056734 0.2992638367225355
1 72 0 1
363
-0.008308050262872301 -0.3092034996372772 0.2919951873222646
1 73 0 1
364
-0.05490275271837968 -0.3606232124296538 0.3604679587453998
1 74 0 1
365
-0.06484521276978109 -0.3929944245783753 0.4336185506385424
1 75 0 1
366
0.0242449505692156 -0.4114579960678447 0.6398251534570285
1 76 0 1
367
-0.009751927166048807 -0.4099946652052062 0.564712004806298
1 77 0 1
368
-0.00645548901441818 -0.4119498637294228 0.5860560222676071
1 78 0 1
369
-0.03937526754076603 -0.4102274575335867 0.5327484186268209
1 79 0 1
370
0.1995313243812342 -0.3155379053936454 0.7647241594990524
1 80 0 1
371
0.1674496284763712 -0.3297704170961405 0.7845689621103221
1 81 0 1
372
0.03963872757467218 -0.3769155506870474 0.7643217246122543
1 82 0 1
373
0.06069935225345672 -0.3595380494033443 0.7961053112678492
1 83 0 1
374
0.1080849135998376 -0.3452444290846634 0.7931138366102719
1 84 0 1
375
0.2590260683132389 -0.2679416516184276 0.7801342153358721
1 85 0 1
376
0.2341271169539761 -0.3053761599079978 0.75316417327679
1 86 0 1
377
0.3183470873792706 -0.2108362923784245 0.7600566707950808
1 87 0 1
378
0.3426930120619107 -0.2184373222518871 0.6883738700635725
1 88 0 1
379
0.3632351332822891 -0.1777694751817907 0.6993162182723465
1 89 0 1
380
0.3775016894138427 -0.1825517472864737 0.5770543073128822
1 90 0 1
381
0.3608686044727124 -0.1822523276668789 0.4546633248762623
1 91 0 1
382
0.2575929263669677 -0.2594275204222906 0.366686900716464
1 92 0 1
383
0.2254168333997409 -0.2457575859801435 0.3220696478812933
1 93 0 1
384
0.1977998715902599 -0.249542817462971 0.3059728823951232
1 94 0 1
385
0.3312215766344015 -0.1623303644029246 0.3725698586959392
1 95 0 1
386
0.3126962665430126 -0.1954189791059503 0.3840507439094565
1 96 0 1
387
0.3056212243584751 -0.1869057046904113 0.355637631328937
1 97 0 1
388
0.1912483223511413 -0.2169525970737259 0.2719837408846711
1 98 0 1
389
0.1062645068232412 -0.2540846618121788 0.2587786855152627
1 99 0 1
390
0.06010933281454117 -0.3017188659280051 0.2841296894377227
1 100 0 1
391
-0.1159869758563733 -0.3027108918634192 0.3095834566330919
1 101 0 1
392
-0.0967925201178951 -0.3315646920644968 0.3382442292053113
1 102 0 1
393
-0.007005290164082932 -0.2798436696953239 0.2627375662657747
1 103 0 1
394
-0.1146615110717354 -0.3471520006873993 0.3707875786559559
1 104 0 1
395
-0.1249705724213917 -0.36173780838945 0.3998773967123716
1 105 0 1
396
-0.1170440415189523 -0.3785217119152691 0.4404846391548692
1 106 0 1
397
0.008868586369442993 -0.4101847193014009 0.6450401753620227
1 107 0 1
398
-0.06666967665450509 -0.4102523545697893 0.5586014203814591
1 108 0 1
399
-0.08421309098108067 -0.4098032251403971 0.5000787948356793
1 109 0 1
400
0.1930336515220755 -0.303028480271579 0.8011844074509038
1 110 0 1
401
0.09907314407280093 -0.3286642377457491 0.8212892681731158
1 111 0 1
402
-0.01689770414878545 -0.3931809003556015 0.73078813838568
1 112 0 1
403
-0.0168280025271905 -0.3604035994028262 0.7963005564464907
1 113 0 1
404
0.2164529427884779 -0.2610680032732939 0.8317726843744789
1 114 0 1
405
0.2478495670068998 -0.2361429201057907 0.8222824784817088
1 115 0 1
406
0.3270450736119809 -0.1712678460122236 0.7830218179456487
1 116 0 1
407
0.2991206787643699 -0.2034481220847234 0.7936091565936712
1 117 0 1
408
0.3606709905477115 -0.1267082242719872 0.7570743687297883
1 118 0 1
409
0.3776346416031191 -0.125821683147853 0.7069212548550765
1 119 0 1
410
0.3933680061185623 -0.1512286046040516 0.5622528680938417
1 120 0 1
411
0.3960651010424161 -0.1455597913752343 0.6343616651785944
1 121 0 1
412
0.3922481938768895 -0.113916237948565 0.4815789865667971
1 122 0 1
413
0.3783122038596133 -0.1079480051001525 0.4312968012149294
1 123 0 1
414
0.2635558169363568 -0.2117648409512936 0.3258994319552204
1 124 0 1
415
0.344855778285724 -0.1120560160735859 0.3651840823480268
1 125 0 1
416
0.3605668161067583 -0.1260097464891288 0.3969953631764822
1 126 0 1
417
0.2734451313912488 -0.1732357702482641 0.3110203784937667
1 127 0 1
418
0.2045259016782327 -0.1864012373141563 0.2565212198359345
1 128 0 1
419
0.1643945000602431 -0.2052589278787361 0.2472227816005558
1 129 0 1
420
0.1195420861503329 -0.2235333020526086 0.2433161644665258
1 130 0 1
421
-0.1196511744800093 -0.26269510522731 0.2706483727242967
1 131 0 1
422
-0.1602154770948861 -0.2780776936861332 0.3096287652070719
1 132 0 1
423
-0.05203425127605392 -0.2676312450476341 0.2508355733883077
1 133 0 1
424
0.01638313180135977 -0.2601466113383621 0.242970075503766
1 134 0 1
425
-0.1668603398209064 -0.3326792880242931 0.377653667172283
1 135 0 1
426
-0.1249992493719977 -0.3911536062640005 0.4898529420017523
1 136 0 1
427
-0.1851246090236081 -0.3598969900750754 0.4561117880755822
1 137 0 1
428
-0.03733388696815565 -0.4108121598929082 0.6591855222383795
1 138 0 1
429
-0.0680343265517898 -0.4113040275544864 0.6054163910489585
1 139 0 1
430
-0.1128721499921033 -0.4108797951612967 0.5727467672578166
1 140 0 1
431
-0.152293658485736 -0.3911785033002032 0.515705943756391
1 141 0 1
432
0.1818571502157363 -0.2712297487589416 0.843332670596741
1 142 0 1
433
0.1137420846922934 -0.3062066827006763 0.8440016650472546
1 143 0 1
434
0.05437736981576044 -0.3216806946891989 0.8525465395472043
1 144 0 1
435
-0.05873084843053991 -0.393042328693579 0.7312849703348411
1 145 0 1
436
-0.002264118328677883 -0.4095542799778001 0.6993061385006047
1 146 0 1
437
-0.07174708447579206 -0.3443931419621968 0.8125673424825181
1 147 0 1
438
-0.01521065275233443 -0.3281277922936422 0.846100928709093
1 148 0 1
439
0.2565475532396099 -0.1965744737395892 0.8452476256322773
1 149 0 1
440
0.3414445819328108 -0.1193200539782859 0.7906268545283788
1 150 0 1
441
0.3948072967255962 -0.1104894935477396 0.6744826342328307
1 151 0 1
442
0.3922431539910191 -0.05942824263793613 0.7322407846902712
1 152 0 1
443
0.3923163835327239 -0.149863753111332 0.5154396109875392
1 153 0 1
444
0.4108797951612975 -0.1128717972000923 0.5727469688532509
1 154 0 1
445
0.4106736134303158 -0.07916635086531743 0.6596811950137901
1 155 0 1
446
0.4097599829196248 -0.07555943054460548 0.4920730873262064
1 156 0 1
447
0.3919464055109354 -0.05767365677081412 0.4239110248670167
1 157 0 1
448
0.3144392606726316 -0.1089874059627532 0.3174680808845141
1 158 0 1
449
0.3437845001449882 -0.0726667880489574 0.3418935853650568
1 159 0 1
450
0.2723738532505136 -0.1338465422236348 0.2877298815107971
1 160 0 1
451
0.2455200309596155 -0.1221528730286452 0.2629689222266819
1 161 0 1
452
0.1262506278343325 -0.1788152263005893 0.2165214096380362
1 162 0 1
453
0.06812063459733048 -0.2276409602340321 0.2280773135527431
1 163 0 1
454
-0.119320053978286 -0.2121144830335926 0.237067764362546
1 164 0 1
455
-0.07509155273977308 -0.2367476812108787 0.237022455788566
1 165 0 1
456
-0.1965744989390187 -0.2667353045363501 0.3219648686540353
1 166 0 1
457
-0.1929103003153825 -0.3067510911724595 0.3608999525628307
1 167 0 1
458
-0.05170313077433079 -0.2170506228539165 0.217254965026557
1 168 0 1
459
0.02309167348535975 -0.2154285355863422 0.216175320675276
1 169 0 1
460
-0.2032193616650393 -0.3213368988745102 0.3899897706192466
1 170 0 1
461
-0.2382014110909333 -0.3220061453193172 0.4581184438345413
1 171 0 1
462
-0.2461566189439783 -0.3346380396680487 0.5074867466814239
1 172 0 1
463
-0.0791670312499102 -0.4106735882308857 0.6596823541875403
1 173 0 1
464
-0.1536583083830202 -0.3922301762849004 0.5625209144238904
1 174 0 1
465
0.1371613759586962 -0.2642462057023914 0.8745899419708294
1 175 0 1
466
-0.0005417121328415431 -0.3056702372485694 0.8688133255832318
1 176 0 1
467
-0.112956190089002 -0.393356036389618 0.6765367909161238
1 177 0 1
468
-0.1275897759091101 -0.3769826567674193 0.7080187908011987
1 178 0 1
469
-0.1253372241185057 -0.3611124341511496 0.7588751199514886
1 179 0 1
470
-0.1237198743436501 -0.3288366270419659 0.8086754922140902
1 180 0 1
471
0.2688835810882853 -0.1602154770948861 0.8565900903803483
1 181 0 1
472
0.2176124693308141 -0.1929102751159536 0.8852634122683869
1 182 0 1
473
0.3078639735710601 -0.1196511744800091 0.8412074515226668
1 183 0 1
474
0.3414898905067908 -0.07509155273977308 0.8152600023068061
1 184 0 1
475
0.3933227983422997 0.01536656162175357 0.7306186974226978
1 185 0 1
476
0.3761501432198225 3.437202164052744e-05 0.7630573180449436
1 186 0 1
477
0.4113040023550577 -0.06803425095350168 0.6054156350660778
1 187 0 1
478
0.4102523797692194 -0.06666939946078217 0.5586023779597746
1 188 0 1
479
0.4095977993922968 0.006394455996520703 0.6913015397660238
1 189 0 1
480
0.4108556037091168 -0.02867584183097352 0.6511805707117874
1 190 0 1
481
0.410184190113385 -0.03072188429801415 0.5247417535390327
1 191 0 1
482
0.3750121369901556 -0.001737525853448718 0.3911662563775383
1 192 0 1
483
0.3927575247430106 0.01632421553552764 0.4254676944159856
1 193 0 1
484
0.358616178679255 -0.01413826583670759 0.3573010204612241
1 194 0 1
485
0.3281996610661631 -0.01106965572587463 0.3095850189977118
1 195 0 1
486
0.2494361230790829 -0.07742985818847206 0.2497416913594413
1 196 0 1
487
0.1815881715068021 -0.1299845532789936 0.2185330296845786
1 197 0 1
488
0.1301667199538001 -0.1340922114604162 0.2032941787707956
1 198 0 1
489
-0.1267082242719872 -0.1785620224344314 0.2178413557476453
1 199 0 1
490
-0.1712678460122236 -0.2045094464508629 0.2514672726833762
1 200 0 1
491
-0.2034481220847232 -0.2150967850988851 0.2793916423315576
1 201 0 1
492
-0.23614294530522 -0.2437701825852109 0.330662829687316
1 202 0 1
493
3.437202164052744e-05 -0.1845449717495868 0.2023622030755343
1 203 0 1
494
-0.2642513715854095 -0.2960779484674836 0.4413647292250887
1 204 0 1
495
-0.2220060906365557 -0.3587773038305494 0.5605782904149211
1 205 0 1
496
-0.2750828927038806 -0.3208864590747915 0.5625849461738807
1 206 0 1
497
-0.1480259587284801 -0.3946139163047259 0.6364161746538988
1 207 0 1
498
-0.1874474672221125 -0.3749126244436325 0.5793753511524734
1 208 0 1
499
0.1204077369475323 -0.2381960940113382 0.900518189221522
1 209 0 1
500
0.1885228024709744 -0.2032191600696044 0.8998491947710081
1 210 0 1
501
-0.05414306552161794 -0.2811704700497177 0.8931113713500975
1 211 0 1
502
0.01544495704647676 -0.2747233724452743 0.8995569821882089
1 212 0 1
503
-0.1795625657769673 -0.3614261418471888 0.7041269405327711
1 213 0 1
504
-0.1930074693149754 -0.3195379872111527 0.7812422846434655
1 214 0 1
505
-0.1394173296722625 -0.3028186950221993 0.8349345071744952
1 215 0 1
506
0.268928889662265 -0.1159869758563731 0.8812232381587759
1 216 0 1
507
0.20085883031965 -0.166860163424901 0.9111916595190792
1 217 0 1
508
0.3276767729070491 -0.05203425127605402 0.8461435661435615
1 218 0 1
509
0.3612573812687999 -0.05170313077433081 0.7955629691492734
1 219 0 1
510
0.3935047886211006 0.06585707065609812 0.7221180731206953
1 220 0 1
511
0.3623370256200809 0.02309167348535981 0.7939408818816989
1 221 0 1
512
0.4102281883170387 0.01752655590833714 0.6370359798183111
1 222 0 1
513
0.4099946400057776 -0.009751876767190292 0.5647120048062984
1 223 0 1
514
0.409502243156183 -0.01864190785101352 0.4981827141727289
1 224 0 1
515
0.3594272979113302 0.05985960646963424 0.3588576900101932
1 225 0 1
516
0.3926195326678633 0.05817890532938043 0.4249731304154667
1 226 0 1
517
0.4095538011886432 0.002242774412015081 0.4577178989049449
1 227 0 1
518
0.2830880458259077 -0.04477772280130195 0.264113077117111
1 228 0 1
519
0.2979197243601746 0.01375079941094749 0.2795205122132782
1 229 0 1
520
0.2191561863730948 -0.05260940305164975 0.2196771845750078
1 230 0 1
521
0.1525693150434499 -0.06414754136866167 0.1871061157520728
1 231 0 1
522
0.09723177137098039 -0.1129782143902582 0.1850944957055306
1 232 0 1
523
-0.1258216831478529 -0.1284089085597198 0.2008777046922377
1 233 0 1
524
-0.1777694751817907 -0.1208038719769897 0.2152772130130677
1 234 0 1
525
-0.2108362923784246 -0.181544324499724 0.2601652337166569
1 235 0 1
526
-0.2610680284727231 -0.2532603884779812 0.3620594791051669
1 236 0 1
527
-0.2679416516184278 -0.2016218690405155 0.3194862527826888
1 237 0 1
528
0.01536656162175338 -0.1521063763267702 0.1851895479530571
1 238 0 1
529
-0.05942824263793617 -0.1537284635943441 0.1862691923043377
1 239 0 1
530
-0.3062118233842647 -0.2654896211450501 0.4647839448932031
1 240 0 1
531
-0.2712297739583711 -0.2648203747002429 0.3966552716779085
1 241 0 1
532
-0.2163737409820153 -0.3611610438503751 0.6344735506449298
1 242 0 1
533
-0.3046069725263691 -0.291452769605399 0.5788237104444656
1 243 0 1
534
-0.2804564442189467 -0.3155920337678998 0.6319152541779629
1 244 0 1
535
0.07103378942847324 -0.2461544769924825 0.9131504615616939
1 245 0 1
536
0.1223952159407518 -0.1851274313596958 0.9384097143618724
1 246 0 1
537
-0.1311326896792603 -0.2775647593016145 0.8656516539797912
1 247 0 1
538
-0.1151460204999421 -0.2466178944983194 0.8963953105847682
1 248 0 1
539
0.01743243603969708 -0.2216547097936312 0.9374485073285594
1 249 0 1
540
-0.2141211891914108 -0.3452908212341056 0.6853298797952192
1 250 0 1
541
-0.2186289387127016 -0.3037879154740472 0.7757473978760552
1 251 0 1
542
-0.2029314833840887 -0.3298058474938139 0.7494883829156508
1 252 0 1
543
-0.2004202846505862 -0.2682661194708013 0.838218446409166
1 253 0 1
544
0.2402681170900455 -0.09679252011789498 0.9100770383598538
1 254 0 1
545
0.2792485095728209 -0.05622821750301767 0.8946943995021719
1 255 0 1
546
0.1786351007795613 -0.1249703960253858 0.9402501294853773
1 256 0 1
547
0.207724767639401 -0.1146615110717358 0.9256643469827557
1 257 0 1
548
0.3157747800295821 -0.007005290164083001 0.8583560159906807
1 258 0 1
549
0.3355422707915909 0.01638313180135988 0.8386589828331483
1 259 0 1
550
0.3934178505898263 0.09723151937668695 0.6914908378793376
1 260 0 1
551
0.4096928516398234 0.08825941375145446 0.6521736802226636
1 261 0 1
552
0.350435032742614 0.06812063459733053 0.8061533317288181
1 262 0 1
553
0.4115014650834826 0.03290292010810995 0.6318209579133167
1 263 0 1
554
0.4119498637294235 -0.006455489014418219 0.5860560222676072
1 264 0 1
555
0.4112679167722216 0.005624487432582623 0.5594969829013036
1 265 0 1
556
0.4106220553978557 0.05828262618060454 0.5378098500098973
1 266 0 1
557
0.4108116055054631 0.03731261864978064 0.4978395987426324
1 267 0 1
558
0.3625943621926527 0.1225667232569413 0.3980768722855353
1 268 0 1
559
0.3461984038817522 0.1101659832736824 0.3642116363692212
1 269 0 1
560
0.3930372888077086 0.1134967934469536 0.4800126152375265
1 270 0 1
561
0.3762410123620762 0.1275782345704658 0.4477624107485671
1 271 0 1
562
0.4106736134303158 0.07916730844363401 0.4973450347421138
1 272 0 1
563
0.3057301866910058 0.059933088005633 0.2898982924067858
1 273 0 1
564
0.2606185714507505 0.02622502093020541 0.2444263505261849
1 274 0 1
565
0.1862212377902749 -0.03149540598149186 0.2014775015097428
1 275 0 1
566
0.0882596657457479 -0.07366103153415472 0.1688194946555333
1 276 0 1
567
0.06585707065609811 -0.143605701625909 0.1850075576742561
1 277 0 1
568
-0.1104894935477399 -0.09597031313690318 0.1837050495697606
1 278 0 1
569
-0.217550781127753 -0.05970840989350398 0.2188556579786093
1 279 0 1
570
-0.218437322251887 -0.1098615237682157 0.2358193090340167
1 280 0 1
571
-0.2506175983243864 -0.120448862416238 0.2637436786821979
1 281 0 1
572
-0.3030284802715789 -0.2226720611555469 0.3854786947732811
1 282 0 1
573
-0.2804510767404943 -0.1651615958892346 0.3129885799235302
1 283 0 1
574
-0.3053761599079976 -0.1746518017820043 0.3443852293413806
1 284 0 1
575
0.006394455996520682 -0.1127891934706671 0.16891454690306
1 285 0 1
576
-0.3286560479312087 -0.2427917895410784 0.4794445445015789
1 286 0 1
577
-0.3216776455582471 -0.2740493633083191 0.5241540020487594
1 287 0 1
578
-0.3270511970733133 -0.2687549380014272 0.5934843100528411
1 288 0 1
579
-0.2692667384116254 -0.3001070600276076 0.6960737572983939
1 289 0 1
580
-0.2397426585891367 -0.3295407494970003 0.679834993027809
1 290 0 1
581
0.08865388561857576 -0.1250022481040908 0.9696663305507977
1 291 0 1
582
0.138027833137634 -0.1170438651229462 0.9570340582106261
1 292 0 1
583
-0.181546390852931 -0.2108340244297824 0.8968597360677791
1 293 0 1
584
-0.1045567666952887 -0.2144397351778857 0.9243194534380854
1 294 0 1
585
-0.0544024180485383 -0.2135541264326378 0.9412831548923516
1 295 0 1
586
0.00118641433345798 -0.1849852309798461 0.9548766342658365
1 296 0 1
587
-0.2613574943177231 -0.2713791813750163 0.7649422353606894
1 297 0 1
588
-0.25143348024861 -0.261111321092355 0.7966961370885042
1 298 0 1
589
-0.2431488402556077 -0.2358573853717703 0.8274132838938001
1 299 0 1
590
0.2180443875499571 -0.05490275271837963 0.9391355083261517
1 300 0 1
591
0.2578564116003023 0.01088640547560641 0.9165696209342825
1 301 0 1
592
0.2865171841725216 -0.008308050262872159 0.8877158207332045
1 302 0 1
593
0.1448937704573849 -0.06484521276978109 0.9715067456743027
1 303 0 1
594
0.2943826820570635 0.06010933281454117 0.8802312374227912
1 304 0 1
595
0.3752181171257025 0.1301666695549414 0.7126047341517785
1 305 0 1
596
0.3914061801444253 0.1525690126502976 0.6426603412537468
1 306 0 1
597
0.4114145270522083 0.06427736882869871 0.6011937226719595
1 307 0 1
598
0.335196181828831 0.1195420357514745 0.8020457239462533
1 308 0 1
599
0.3619909366573206 0.126250577435474 0.7573276229948047
1 309 0 1
600
0.4094593033285623 0.06098098107592677 0.5798497052106498
1 310 0 1
601
0.4107686656778424 0.1169355075767214 0.5795065897805538
1 311 0 1
602
0.3630121183324981 0.1778846113745139 0.4531163571075949
1 312 0 1
603
0.3265771706077192 0.09913473147814413 0.3305616035795977
1 313 0 1
604
0.3297442348890415 0.1618418482654514 0.3697807858549397
1 314 0 1
605
0.3942950931245287 0.1485666376847192 0.520134315075214
1 315 0 1
606
0.2892760176982952 0.1116089529974027 0.2954674418925048
1 316 0 1
607
0.2250455450076261 0.07348428273666019 0.2279596574170851
1 317 0 1
608
0.2172350826767953 0.02730199414197458 0.2175818772235781
1 318 0 1
609
0.1506482113471507 0.01576385582496326 0.1850108084006431
1 319 0 1
610
0.06427762082299157 -0.02268109918287936 0.1670978444425779
1 320 0 1
611
0.03290292010811013 -0.05330858641853092 0.1670109064113035
1 321 0 1
612
-0.0791663508653177 -0.08116884871843313 0.167838732865041
1 322 0 1
613
-0.1455597913752341 -0.0558492936838082 0.1824472452529406
1 323 0 1
614
-0.2559618429031127 -0.008371729220851758 0.2375964987892703
1 324 0 1
615
-0.2152939958330167 -0.01931407742962578 0.2170544027683216
1 325 0 1
616
-0.2880521066139566 -0.0934787951577267 0.2886426552408902
1 326 0 1
617
-0.3155379053936454 -0.1862117880042665 0.3789810219141228
1 327 0 1
618
-0.02867584183097371 -0.07266817401757175 0.16765674258624
1 328 0 1
619
-0.3297704170961406 -0.2060566158149653 0.4110627178189856
1 329 0 1
620
-0.3452362392701229 -0.2146163579782345 0.4704327749745424
1 330 0 1
621
-0.3604898822489371 -0.217731813828238 0.5947121270487293
1 331 0 1
622
-0.3434192092170594 -0.2351352201253176 0.6493818354444354
1 332 0 1
623
-0.3020712799475333 -0.2574304656459158 0.7170224965108429
1 333 0 1
624
0.07843345066196036 -0.08421314137993915 0.9883155714357539
1 334 0 1
625
0.06280083346507824 -0.1522967076166876 0.9696912275870004
1 335 0 1
626
-0.2045034489866762 -0.1712691311831206 0.9055607462320117
1 336 0 1
627
-0.2150927027913295 -0.2034472905035546 0.8776366033786944
1 337 0 1
628
-0.1208027884015275 -0.1777702563641007 0.9417475803753625
1 338 0 1
629
0.01598651798274268 -0.1536610803202497 0.9707429005716974
1 339 0 1
630
-0.05584833610549282 -0.1455604969592562 0.9745775481354897
1 340 0 1
631
-0.2661058983893533 -0.1962924921251084 0.8361142940580326
1 341 0 1
632
0.214551746641369 0.01718233170334965 0.9406857772200646
1 342 0 1
633
0.1820083971907243 -0.0006866592504913768 0.9562730858429669
1 343 0 1
634
0.2218204212410697 0.0651024989434953 0.9337071984510976
1 344 0 1
635
0.1127880846957761 -0.006409953645573788 0.9881093897047721
1 345 0 1
636
0.1533953523377031 -0.01433648454801313 0.9713254609795237
1 346 0 1
637
0.2904760649230335 0.1049617467244516 0.8619568632489185
1 347 0 1
638
0.3197336607800941 0.1062645068232414 0.8325970585063942
1 348 0 1
639
0.3599792662119198 0.1815880707090848 0.7084971263692135
1 349 0 1
640
0.3579972806942989 0.2195616451914147 0.6369534264877449
1 350 0 1
641
0.3761970141584225 0.1866264950131603 0.6158395302153041
1 351 0 1
642
0.3312895646948011 0.1643944496613845 0.7837713497723808
1 352 0 1
643
0.3931323410552353 0.1512649925800408 0.5621741702759665
1 353 0 1
644
0.3349283118947881 0.2044776699704476 0.420421508687669
1 354 0 1
645
0.3485749620642117 0.2094891812839716 0.4701070471507004
1 355 0 1
646
0.3153070786207552 0.1934464181749091 0.3867714758980454
1 356 0 1
647
0.2513518844963592 0.1196656137530304 0.2630347179367276
1 357 0 1
648
0.2721988684130729 0.1588672572255415 0.3036980291095398
1 358 0 1
649
0.2238794666136581 0.1216463392991831 0.2435288224508519
1 359 0 1
650
0.1804959778397026 0.1227233125109524 0.2166843491482449
1 360 0 1
651
0.1169360115653085 -0.0009931095108757747 0.1677437058169437
1 361 0 1
652
0.1479498564518288 0.05780429061259061 0.183848081530779
1 362 0 1
653
0.06098123307021988 -0.001337081721569777 0.1690530429667945
1 363 0 1
654
0.005624487432582641 0.01901536339405323 0.1672444547225646
1 364 0 1
655
-0.006455489014418197 -0.00754367597225028 0.166562532964792
1 365 0 1
656
0.01752655590833747 -0.05852360832352515 0.1682841831777474
1 366 0 1
657
-0.1512286046040517 0.01625952860037402 0.1851443149773653
1 367 0 1
658
-0.1825517472864737 0.001458064181903973 0.2010106316820847
1 368 0 1
659
-0.2798656687971509 0.05200156761618144 0.2626162562128604
1 369 0 1
660
-0.282122454091887 0.01160723515230392 0.2644175114231481
1 370 0 1
661
-0.2209628090618341 0.05279474485455585 0.2197514724927461
1 371 0 1
662
-0.2992634839305239 -0.04688764582175784 0.2807212902214687
1 372 0 1
663
-0.3290969623466312 -0.09160037929475423 0.3299661914628004
1 373 0 1
664
-0.3321180967325598 -0.1580363564414221 0.3699692523870855
1 374 0 1
665
-0.06803425095350157 -0.02690326357129166 0.1672083691397284
1 375 0 1
666
-0.3595298847882332 -0.2176078578352413 0.5178184119192115
1 376 0 1
667
-0.3606442539531654 -0.1808726841091281 0.4494365852366186
1 377 0 1
668
-0.3769073608725066 -0.1858240947836415 0.5388787090054143
1 378 0 1
669
-0.3932753730162529 -0.1522043769075316 0.5947762343970082
1 379 0 1
670
-0.3622202010655906 -0.1800401957609599 0.7014180018771209
1 380 0 1
671
-0.3287815158899667 -0.2310633199341494 0.7001901848812329
1 381 0 1
672
-0.3208722717960646 -0.2023354412815579 0.7690586629435283
1 382 0 1
673
0.01991085031560939 -0.06666972705336355 0.9887647260645755
1 383 0 1
674
0.04576390246910695 -0.03937526754076612 0.9887398290283728
1 384 0 1
675
0.005766083026127258 -0.1128719735960978 0.9893921414566536
1 385 0 1
676
-0.2121083847716888 -0.1193214399469003 0.9199602545528417
1 386 0 1
677
-0.1785620728332901 -0.1267081738731286 0.9391833872419262
1 387 0 1
678
-0.1284077241865396 -0.1258225651278808 0.9561470886961925
1 388 0 1
679
-0.09596933035915839 -0.1104901739323323 0.9733197438186697
1 389 0 1
680
-0.08116922670987342 -0.07916602327273609 0.9891860101245306
1 390 0 1
681
-0.3027221308089114 -0.1965600092671399 0.798616283206488
1 391 0 1
682
-0.2746659933446333 -0.1641499143989238 0.8488396026913827
1 392 0 1
683
0.1499027114291151 0.05774859987371626 0.9728757298734365
1 393 0 1
684
0.1747006130766648 0.125364061510769 0.9412972665727904
1 394 0 1
685
0.2180052780355981 0.1190681352830257 0.9171811102870082
1 395 0 1
686
0.0726671660403985 0.02865933620474655 0.9893672444204509
1 396 0 1
687
0.08116874792071656 0.0791680644265144 0.9891859597256718
1 397 0 1
688
0.2564869234125814 0.1115132959635707 0.8945470836381633
1 398 0 1
689
0.2818379021356117 0.1576684699722707 0.8469129047217665
1 399 0 1
690
0.324645583948808 0.2349061321130533 0.7035576350247856
1 400 0 1
691
0.3378727644171899 0.2388222242325206 0.6588347461817593
1 401 0 1
692
0.3226635984311868 0.2728797065953837 0.6320139351433171
1 402 0 1
693
0.3597234416051088 0.2182576251211579 0.5564672555099645
1 403 0 1
694
0.3065286558095443 0.1912482719522825 0.7954648929702238
1 404 0 1
695
0.3219911768582815 0.2045258008805147 0.7649135584100832
1 405 0 1
696
0.3591542368948406 0.2189192109394412 0.5175635700901454
1 406 0 1
697
0.3310704304571308 0.2455122695353744 0.484868721670219
1 407 0 1
698
0.3081080552437914 0.2220399586696095 0.3952383581641415
1 408 0 1
699
0.3029239782380448 0.1794041369646135 0.3445976353314129
1 409 0 1
700
0.2068023173284361 0.1689046435273227 0.2517594096678876
1 410 0 1
701
0.2649998450361086 0.1874607977202418 0.3121649113756356
1 411 0 1
702
0.1253641623084863 0.1747005626778061 0.2157274512173516
1 412 0 1
703
0.1265302407024547 0.1265385061152829 0.2001582861835849
1 413 0 1
704
0.05828287817489877 0.04070335306605755 0.1678903160969305
1 414 0 1
705
0.1128805162026501 0.09792536046454436 0.1851059362464577
1 415 0 1
706
0.07916831642080799 0.08116839512870558 0.1678388336627585
1 416 0 1
707
-0.009751876767190255 0.01380034148905854 0.1685177314890085
1 417 0 1
708
-0.1422365410307699 0.07251874140149822 0.1861629263107485
1 418 0 1
709
-0.1052445851195302 0.01521138353578663 0.1675995398816044
1 419 0 1
710
-0.2471234202506079 0.07277370922771104 0.2465724851266235
1 420 0 1
711
-0.3231673098245613 0.01348565101527563 0.3057410476450582
1 421 0 1
712
-0.3556136918710485 -0.06459704878949415 0.3557188742891774
1 422 0 1
713
-0.3444023145544814 -0.1111881981254629 0.3636402393085989
1 423 0 1
714
-0.3586348262569768 -0.1310330259361621 0.3957219352134622
1 424 0 1
715
-0.05904218738021987 0.02935594922983334 0.1682269804731118
1 425 0 1
716
-0.3923153755555492 -0.1520804209145347 0.5178825192674905
1 426 0 1
717
-0.3729284717750871 -0.1340245257931689 0.4431075721581318
1 427 0 1
718
-0.3931367761548012 -0.1527012844549805 0.6366097062713439
1 428 0 1
719
-0.4095542547783708 -0.1207935654103837 0.5807762882280294
1 429 0 1
720
-0.3625275585054322 -0.1255745775435995 0.7562316494133019
1 430 0 1
721
-0.3771652518325248 -0.1296464777347673 0.7054232999765047
1 431 0 1
722
-0.3294323667513449 -0.1701928635553733 0.781783971576878
1 432 0 1
723
-0.02690346516672654 -0.06803409975692563 0.9898163990492724
1 433 0 1
724
0.01380034148905885 -0.009751927166048811 0.9885070366999924
1 434 0 1
725
0.07232294183541063 -0.02729534149262412 0.9880578820711707
1 435 0 1
726
-0.2668066189214247 -0.1199879144544785 0.8827153971685964
1 436 0 1
727
-0.2408652427680383 -0.07542695714448666 0.9163380381785111
1 437 0 1
728
-0.1537286147909211 -0.05942809144136049 0.9707555506852332
1 438 0 1
729
-0.1207936410086718 -0.002263387545226699 0.9880667018714451
1 439 0 1
730
-0.08067264675500611 -0.03733371057215025 0.989324506188265
1 440 0 1
731
-0.3034228513409828 -0.1202554315965099 0.845217386317052
1 441 0 1
732
0.09792415089193553 0.1128811713878128 0.97191895793969
1 442 0 1
733
0.1265371957449569 0.126530996685335 0.9568665828031333
1 443 0 1
734
0.1227220525394851 0.1804966330248657 0.9403404946390439
1 444 0 1
735
0.2093671152481759 0.1717748585308447 0.9021371517598564
1 445 0 1
736
0.04070360506035109 0.05828267657946427 0.9891344520920704
1 446 0 1
737
0.05780323223655776 0.1479504612381333 0.9731768126553688
1 447 0 1
738
0.2725395142990922 0.1977998211914011 0.828055113359469
1 448 0 1
739
0.2998846750635515 0.2617599544039511 0.7152511782226285
1 449 0 1
740
0.2774474055591095 0.3184168897985836 0.6233398379696351
1 450 0 1
741
0.2975719218362183 0.2991563107574778 0.6014585182756205
1 451 0 1
742
0.3422189099980278 0.2542807133725608 0.5712289300294833
1 452 0 1
743
0.2871506474276445 0.277886379618472 0.4515363276876143
1 453 0 1
744
0.2977299222582734 0.2873164092739414 0.4989928506270589
1 454 0 1
745
0.2758185648444676 0.2646778467278126 0.4046547801277595
1 455 0 1
746
0.2634354644617575 0.2506355655175172 0.3624809395611273
1 456 0 1
747
0.1799030856658412 0.205980463139455 0.2645527819599249
1 457 0 1
748
0.1524306677831395 0.2079611886856081 0.245046886474049
1 458 0 1
749
0.2173972662041232 0.1996588334937702 0.2771418876776116
1 459 0 1
750
0.2481223760290946 0.2201957132328427 0.3180414938994843
1 460 0 1
751
0.1086991748897931 0.2102043410890633 0.2321321537302385
1 461 0 1
752
0.05473343775254499 0.2140195346933938 0.2156060907655785
1 462 0 1
753
0.05774870067143364 0.1499026106313976 0.1841490383155643
1 463 0 1
754
0.008992567561868912 0.05625896080683136 0.1675995650810338
1 464 0 1
755
-0.04696221093321927 0.05591498859613717 0.1689089022308845
1 465 0 1
756
-0.02607677268731024 0.09638003065878502 0.1688574197967125
1 466 0 1
757
-0.08575580004618655 0.127301696032725 0.1850278684143161
1 467 0 1
758
-0.1317398195307078 0.1283498410973126 0.202572643510077
1 468 0 1
759
-0.2405906949852168 0.1231344160014483 0.2600339950885766
1 469 0 1
760
-0.1816878352499001 0.1239275932398227 0.2171692113684623
1 470 0 1
761
-0.3258728717566788 0.05510150061770243 0.3092248939528014
1 471 0 1
762
-0.3430139015953152 -0.003393380356358052 0.3255286727511216
1 472 0 1
763
-0.3749571518353026 -0.04401967356744846 0.3904607227544603
1 473 0 1
764
-0.390262504043153 -0.06360749239815688 0.4241347706002588
1 474 0 1
765
-0.3922719317393414 -0.1134471505711227 0.4778494206234144
1 475 0 1
766
-0.4096494078236149 -0.08166338751952311 0.4989097177096175
1 476 0 1
767
-0.3934441335946426 -0.09823566623761973 0.6914233538075256
1 477 0 1
768
-0.4106735630314563 -0.08116884871843291 0.6576792515481205
1 478 0 1
769
-0.4108121598929082 -0.08067194117098418 0.6158457796737841
1 479 0 1
770
-0.3365180430950698 -0.07563714558473583 0.8196650641534764
1 480 0 1
771
-0.3215729923281362 -0.126030863610928 0.815659766054092
1 481 0 1
772
-0.0665278794655246 0.008868535970584339 0.9886970907961868
1 482 0 1
773
0.01901536339405308 0.005624437033723951 0.9897803134664362
1 483 0 1
774
-0.00754367597225032 -0.006455489014418148 0.9904622604236383
1 484 0 1
775
-0.2732955727780264 -0.0512673318430672 0.9017498365306714
1 485 0 1
776
-0.2185973386282905 -0.05060085733548897 0.9389946939149167
1 486 0 1
777
-0.1532320348360537 -0.01759577874077511 0.9708940467489677
1 487 0 1
778
0.05639055222692263 0.2155816977179621 0.940070810346088
1 488 0 1
779
0.1045539695586308 0.2144147625433959 0.9245014941157451
1 489 0 1
780
0.1689034339547136 0.2068057948496865 0.9052635441621999
1 490 0 1
781
0.2073850793316972 0.1992509555302316 0.8826295175133547
1 491 0 1
782
-0.001335368160374439 0.06098183785652557 0.987971700022777
1 492 0 1
783
-0.0009911439553860098 0.1169365155538956 0.9892810623720572
1 493 0 1
784
0.01576425901583274 0.1506496225151944 0.9720140605860753
1 494 0 1
785
0.2317520203384193 0.1918369810208706 0.8757178684287543
1 495 0 1
786
0.2564427740123519 0.2254167830008822 0.8242698566772119
1 496 0 1
787
0.2674920182004489 0.2734450809923897 0.7517480157459036
1 497 0 1
788
0.2701464252909756 0.3038254122249281 0.6903920923606062
1 498 0 1
789
0.2453901531007209 0.3329326682864571 0.6554280353272717
1 499 0 1
790
0.2202984765057517 0.3592092724485518 0.6248726184595756
1 500 0 1
791
0.2970027171259499 0.2998178965757613 0.5625548328558017
1 501 0 1
792
0.2424780566456107 0.3064819864663793 0.4187789090845997
1 502 0 1
793
0.2530829340964641 0.3321920066588583 0.5292224388731963
1 503 0 1
794
0.2158328856297718 0.2628336012910456 0.327457915863103
1 504 0 1
795
0.1630256166588272 0.2387153786520559 0.2704293644837735
1 505 0 1
796
0.081799943227198 0.2472801607011961 0.244925526022276
1 506 0 1
797
-0.01859531410613666 0.2163280544165951 0.2167241894460549
1 507 0 1
798
-0.001930326687443154 0.180824276005338 0.2003194869331682
1 508 0 1
799
-0.01558005118724814 0.1522111303545997 0.185267136996041
1 509 0 1
800
-0.1252070942653162 0.17871054787105 0.2160341534720299
1 510 0 1
801
-0.274243802105222 0.1115749841666311 0.2790338356341476
1 511 0 1
802
-0.2088082171045136 0.1627288681787436 0.2496305618759862
1 512 0 1
803
-0.326142581249064 0.1214330009302649 0.3443099334464683
1 513 0 1
804
-0.3459891730198178 0.1045539695586311 0.3640975585525317
1 514 0 1
805
-0.3615584388513019 0.05639055222692265 0.362930673776824
1 515 0 1
806
-0.3588528769191849 0.01477470262449612 0.3594468274690815
1 516 0 1
807
-0.3935016890912893 0.01576425901583255 0.4278627237801625
1 517 0 1
808
-0.4114579960678447 -0.06131265596509549 0.5542671185324184
1 518 0 1
809
-0.4114145522516369 -0.02267938562168331 0.5142340198883431
1 519 0 1
810
-0.3947020387091801 -0.05811404199822022 0.7264928452532804
1 520 0 1
811
-0.4101847193014008 -0.06652767787008981 0.5696434827321908
1 521 0 1
812
-0.4113040275544864 -0.02690296117813911 0.6465464460522814
1 522 0 1
813
-0.3205552881742094 -0.05205879552024578 0.8540479215481689
1 523 0 1
814
-0.3615098543515055 -0.05160250945291632 0.7946198049073789
1 524 0 1
815
-0.06131285756053028 0.0242449001703569 0.9899703675626308
1 525 0 1
816
-0.02267938562168352 0.06427827600815562 0.989926923746423
1 526 0 1
817
-0.2961391578813867 -0.003210835690111831 0.8782780296534938
1 527 0 1
818
-0.273871253741639 0.02161526411888619 0.9009346853898993
1 528 0 1
819
-0.2481225776245293 0.0103711779430167 0.924519940098033
1 529 0 1
820
-0.2156922476145414 -0.01378844735840293 0.9391081417458725
1 530 0 1
821
-0.182757273832293 0.04337625653773085 0.9564192929320836
1 531 0 1
822
0.01477470262449554 0.2190655692251344 0.937365248413971
1 532 0 1
823
-0.003393380356358128 0.2529836987436644 0.9215262478906719
1 533 0 1
824
0.05510150061770257 0.2692874775419849 0.9043851928526059
1 534 0 1
825
0.1214330009302646 0.2342024128488888 0.9046548771455618
1 535 0 1
826
0.1194509650137854 0.2616785098482757 0.8851472428990608
1 536 0 1
827
0.1912883390449568 0.2268679173397127 0.878844260831098
1 537 0 1
828
-0.04401967356744846 0.1880516235408968 0.9534694981306593
1 538 0 1
829
0.2118254707783221 0.2575929263669676 0.8379398415182182
1 539 0 1
830
0.2526129647389953 0.2635557665374978 0.7902770864489329
1 540 0 1
831
0.2228747149664196 0.3056212243584749 0.7654180005869098
1 541 0 1
832
0.2129974962376182 0.3446177948748961 0.6919248728505465
1 542 0 1
833
0.1542707805134919 0.391708422100108 0.6375422363540511
1 543 0 1
834
0.1863280329718807 0.3771926436122344 0.6054540389964145
1 544 0 1
835
0.20195490469887 0.3179636528622066 0.4041258441056002
1 545 0 1
836
0.1906228221156936 0.3047551199715474 0.3572442965457463
1 546 0 1
837
0.2197208551860788 0.3478993653632074 0.4852344409884468
1 547 0 1
838
0.2189936500537555 0.360400852665027 0.548796423217189
1 548 0 1
839
0.1753097336830312 0.2743152676868729 0.3128048508841037
1 549 0 1
840
0.1378155531447487 0.2806368973325579 0.3002157451664169
1 550 0 1
841
0.0431747115017504 0.29406133893393 0.2757957593609027
1 551 0 1
842
0.086906204395097 0.2918181865304746 0.2887104921047131
1 552 0 1
843
-0.01660025008468093 0.2661353313228407 0.2482192930343951
1 553 0 1
844
-0.07326401452466835 0.2329400726347847 0.2329326892019846
1 554 0 1
845
-0.1232120302438605 0.2285178247772951 0.24752925706037
1 555 0 1
846
-0.3066349218031333 0.1194509650137854 0.3168338616465103
1 556 0 1
847
-0.2748524439224306 0.1590454171910806 0.3064304284339204
1 557 0 1
848
-0.1617660231825218 0.2060209838218582 0.2468163148050615
1 558 0 1
849
-0.1954191303025265 0.1944615519870415 0.2658161553506323
1 559 0 1
850
-0.3267512230662727 0.1689034339547136 0.3717065262462409
1 560 0 1
851
-0.3618281483436873 0.122722052539485 0.398015713270491
1 561 0 1
852
-0.3946644159611532 0.05780323223655777 0.4305619102566527
1 562 0 1
853
-0.4107686908772711 -0.000991143955385923 0.4615758055420319
1 563 0 1
854
-0.4119498637294228 -0.007543675972250377 0.5849677849109164
1 564 0 1
855
-0.4094593537274203 -0.001335368160374061 0.5175304580399732
1 565 0 1
856
-0.4112679419716502 0.01901536339405321 0.5728878588627742
1 566 0 1
857
-0.3922328222249823 0.01598979390855908 0.732166849564545
1 567 0 1
858
-0.3750033927881687 -0.001077023610627753 0.76591095182395
1 568 0 1
859
-0.4102523545697894 0.019910850315609 0.6451820481492903
1 569 0 1
860
-0.4108797951612967 0.005766587014715024 0.691384345090884
1 570 0 1
861
-0.321130969137822 0.02082380044170755 0.8532327704073968
1 571 0 1
862
-0.359040637867308 0.02250132645386248 0.8002938092186431
1 572 0 1
863
-0.0816635891149578 0.07960230099315793 0.9881617541189716
1 573 0 1
864
-0.2709661627278898 0.05842767409597195 0.9010481332208552
1 574 0 1
865
-0.1520805469116817 0.06062990262615451 0.9708276210531884
1 575 0 1
866
-0.2145407596901696 0.06443723400852616 0.939041716050093
1 576 0 1
867
0.01348565101527593 0.2727713490491573 0.9016796309204885
1 577 0 1
868
0.1115749841666312 0.299478561060068 0.85275609800172
1 578 0 1
869
0.1590454171910805 0.2720819430608661 0.8533647650183576
1 579 0 1
870
0.1874585297715999 0.2650069008763285 0.8448514906028188
1 580 0 1
871
-0.0645970487894941 0.2227935224050382 0.9341260129669758
1 581 0 1
872
-0.0636074923981569 0.154377575695098 0.9687748251390804
1 582 0 1
873
0.179582548924446 0.3028069520881209 0.8124603457054779
1 583 0 1
874
0.1944616023859001 0.3126962665430126 0.7739312750024485
1 584 0 1
875
0.2059425127988469 0.3312215766344015 0.7408426602994226
1 585 0 1
876
0.1811862406085917 0.3603288326959309 0.7058786032660883
1 586 0 1
877
0.1472157970747206 0.3783122038596136 0.686460023802927
1 587 0 1
878
0.1529659540614955 0.3929000023165833 0.5614660411116653
1 588 0 1
879
0.2143077657663549 0.3335298443633095 0.4339550890175767
1 589 0 1
880
0.1624525312364379 0.3318029778684776 0.3724204764787236
1 590 0 1
881
0.1802184817236465 0.3617386903694781 0.4535290733615697
1 591 0 1
882
0.09919032141930195 0.3274180755652916 0.3310859785050438
1 592 0 1
883
-0.0114939889167814 0.3106733571521195 0.2920042591168324
1 593 0 1
884
-0.1098229434418731 0.2602505085855932 0.2637148505350161
1 594 0 1
885
-0.2663391695068915 0.1874585297715999 0.3135054706184577
1 595 0 1
886
-0.2339480498089797 0.1795825489244463 0.2757054446060948
1 596 0 1
887
-0.1869058558869877 0.2228746645675609 0.27289119753517
1 597 0 1
888
-0.3041171460185688 0.2073850793316972 0.3792613907651252
1 598 0 1
889
-0.3236248054644995 0.2093671152481765 0.4067374625650828
1 599 0 1
890
-0.362784945476863 0.1747006130766648 0.4531482847845876
1 600 0 1
891
-0.3783542113083472 0.1265371957449563 0.4519814000088799
1 601 0 1
892
-0.3934065612454745 0.09792415089193542 0.4656311749075437
1 602 0 1
893
-0.4106735630314563 0.08116874792071653 0.499344256669413
1 603 0 1
894
-0.4106220805972843 0.04070360506035109 0.5202296445164637
1 604 0 1
895
-0.4099946652052062 0.01380034148905891 0.5882642230625468
1 605 0 1
896
-0.3911811492402856 0.06280360540230728 0.7308024516615533
1 606 0 1
897
-0.4102274575335867 0.04576390246910677 0.6178875886366935
1 607 0 1
898
-0.4098032251403971 0.07843345066196034 0.6627254876752959
1 608 0 1
899
-0.3346245075744855 0.07134928628399646 0.8245239173239677
1 609 0 1
900
-0.1134470749728345 0.1006632784639535 0.9707841772369807
1 610 0 1
901
-0.2654734935102628 0.1140546584140118 0.8845827756815111
1 611 0 1
902
-0.2397248173931534 0.1028105722381423 0.9081680303896447
1 612 0 1
903
-0.21154936063088 0.1118224929617552 0.9247481965291295
1 613 0 1
904
-0.1808726337102694 0.1290761390501786 0.939156524650234
1 614 0 1
905
-0.04688764582175788 0.2977910560738886 0.8777758050264506
1 615 0 1
906
0.01160723515230341 0.3140948348722089 0.8606347499883849
1 616 0 1
907
0.1230558945795785 0.318003871151457 0.8196674832986938
1 617 0 1
908
0.1626503467568737 0.3284073043640475 0.7878850054179907
1 618 0 1
909
-0.0916003792947542 0.2485461800319857 0.907609308641988
1 619 0 1
910
-0.1111881981254628 0.2148721321861871 0.922914635650409
1 620 0 1
911
-0.1340244501948804 0.1354051773280951 0.951440692073297
1 621 0 1
912
0.09693361172285325 0.3922481938768895 0.69242825665134
1 622 0 1
913
0.1238490718179531 0.3608686044727125 0.760764623563377
1 623 0 1
914
0.1534604172642973 0.392762010241436 0.5196116537109643
1 624 0 1
915
0.1207948001824228 0.4095538011886432 0.5762692694901896
1 625 0 1
916
0.1115431824867863 0.3429842670663946 0.3609152234170202
1 626 0 1
917
0.1307504395353766 0.3762131921920684 0.4500652102013049
1 627 0 1
918
0.1253373501156528 0.3618436711921706 0.3987858582304352
1 628 0 1
919
0.009107502159157121 0.3405006617080353 0.3217992580043153
1 629 0 1
920
-0.05066745942727399 0.3125746540969458 0.2942227916778076
1 630 0 1
921
-0.1732355938522588 0.2674923205936012 0.3050676936932661
1 631 0 1
922
-0.1346816009135974 0.2899891615490383 0.3057806359485746
1 632 0 1
923
-0.2594275204222908 0.2118254707783221 0.3209194451278187
1 633 0 1
924
-0.3003319145357413 0.1912883390449568 0.351644428955644
1 634 0 1
925
-0.211764513358712 0.252613317531006 0.3149569829487286
1 635 0 1
926
-0.2972054969339681 0.2317520203384191 0.386675365274486
1 636 0 1
927
-0.3160347121433771 0.2564869234125814 0.4669990503317859
1 637 0 1
928
-0.3386687891910808 0.218005278035598 0.4594441858129015
1 638 0 1
929
-0.3551948521557409 0.2218204212410696 0.5134098725512909
1 639 0 1
930
-0.3943633583786504 0.1499027114291152 0.5207637464216406
1 640 0 1
931
-0.4108548729256648 0.07266716604039847 0.5498530100906103
1 641 0 1
932
-0.4095970182099861 0.1127880846957761 0.5849222747415017
1 642 0 1
933
-0.409545535775814 0.07232294183541071 0.6058076625885518
1 643 0 1
934
-0.3911562522040827 0.08865665755580474 0.7035079921489569
1 644 0 1
935
-0.3219899672856718 0.1207202602703916 0.8165723381887493
1 645 0 1
936
-0.3598996360151574 0.1223977862825465 0.7636333769999963
1 646 0 1
937
-0.2960617956332672 0.1374739496804143 0.8426222986832261
1 647 0 1
938
-0.2648204502985307 0.1818568478225839 0.8497421958520162
1 648 0 1
939
-0.2060566914132527 0.1674494772797953 0.9082828389897857
1 649 0 1
940
-0.1310330511355913 0.182790436281324 0.9371471725523335
1 650 0 1
941
-0.09347879515772645 0.2898696658550374 0.8665644277098838
1 651 0 1
942
-0.008371729220851925 0.3409158475060864 0.8344741639990402
1 652 0 1
943
0.05200156761618141 0.3158961404813552 0.8583779898930781
1 653 0 1
944
0.07277370922771104 0.3319398611687332 0.825635716147106
1 654 0 1
945
-0.1580363816408515 0.2085430939082713 0.9106304682273458
1 655 0 1
946
0.08643951096344385 0.4097599829196248 0.6540714492473807
1 656 0 1
947
0.06307278570667635 0.3923163835327238 0.7283760490078304
1 657 0 1
948
0.09857928565630367 0.3928669910641283 0.4648684385798294
1 658 0 1
949
0.08067398232476264 0.4108116055054631 0.5411992488564181
1 659 0 1
950
0.08116844552756422 0.4106736134303158 0.4993448614557174
1 660 0 1
951
0.0620751402985162 0.3574587688889849 0.3574513602567554
1 661 0 1
952
0.02290166978802388 0.3593600658338113 0.3596698928177307
1 662 0 1
953
-0.0576639801899418 0.3578041018688642 0.358512735021754
1 663 0 1
954
-0.07826547126588027 0.3279767973129485 0.3287177361342713
1 664 0 1
955
-0.1229884105077654 0.314749717642284 0.3326342062451789
1 665 0 1
956
-0.1864010609181506 0.3219915296502922 0.373987049403429
1 666 0 1
957
-0.2457572583875616 0.2564431268043628 0.3530959412859148
1 667 0 1
958
-0.2495424898703895 0.2725398670911031 0.3807129030953961
1 668 0 1
959
-0.2684005080275513 0.2818379021356115 0.4208438763230861
1 669 0 1
960
-0.2834444917541323 0.2904760649230336 0.4735505995709051
1 670 0 1
961
-0.3380572998383551 0.2578564116003023 0.5676259156203209
1 671 0 1
962
-0.3621734561241373 0.214551746641369 0.5613300145920073
1 672 0 1
963
-0.3777607647470396 0.1820083971907243 0.5791990307452773
1 673 0 1
964
-0.3928131146841668 0.1533953523377032 0.5928488056439407
1 674 0 1
965
-0.3929944245783753 0.1448937704573851 0.6433575590651379
1 675 0 1
966
-0.3785217119152691 0.1380276315421997 0.6955564130137387
1 676 0 1
967
-0.3213369240739395 0.1885224496789635 0.7817317583592547
1 677 0 1
968
-0.2532604136774095 0.216452791591902 0.8395804251669392
1 678 0 1
969
-0.2226721115544058 0.1930335003254992 0.8815409021652238
1 679 0 1
970
-0.1862118384031251 0.1995311731846581 0.8940503020878608
1 680 0 1
971
-0.1651615958892347 0.2655237411723973 0.8589634230358509
1 681 0 1
972
-0.1204488624162377 0.3147686172143002 0.8291299194203139
1 682 0 1
973
-0.05970840989350419 0.3596566631173185 0.7960630770242503
1 683 0 1
974
-0.01931407742962605 0.3614579687264647 0.793806316928944
1 684 0 1
975
0.05279474485455579 0.3587608738026106 0.7994751301577616
1 685 0 1
976
0.0199099935350111 0.4102523797692194 0.6451816953572796
1 686 0 1
977
0.05377081955118821 0.410184190113385 0.6092339030007893
1 687 0 1
978
0.01625952860037402 0.3933680061185622 0.7297409508994086
1 688 0 1
979
0.005765427840964649 0.4108797951612975 0.6913841434954492
1 689 0 1
980
0.05845846779864368 0.3941247953809483 0.4297984179460582
1 690 0 1
981
0.04070350426263369 0.4106220553978557 0.5202295689181753
1 691 0 1
982
0.08032985891749211 0.409502243156183 0.5971539769526475
1 692 0 1
983
-0.03654995792035451 0.3760039361307055 0.3914480615960144
1 693 0 1
984
0.01641768021900497 0.392962043311655 0.4271001638484541
1 694 0 1
985
-0.0641479697589607 0.3914060793467079 0.4259430060524775
1 695 0 1
986
-0.1299849312704341 0.3599791654142021 0.3969241495891253
1 696 0 1
987
-0.2169522694811443 0.3065290086015553 0.3872644523345147
1 697 0 1
988
-0.2052590790753126 0.3312895646948008 0.4141180226311194
1 698 0 1
989
-0.2540846618121789 0.3197336607800941 0.4722478142726865
1 699 0 1
990
-0.3017188659280053 0.2943826820570634 0.5184029882813863
1 700 0 1
991
-0.3161821036056738 0.2792485095728209 0.6347405637983745
1 701 0 1
992
-0.3092034996372773 0.2865171841725216 0.586820421757658
1 702 0 1
993
-0.3606232124296538 0.2180443875499569 0.6334150738143072
1 703 0 1
994
-0.3617378083894501 0.1786348991841265 0.7034829439161776
1 704 0 1
995
-0.3067511163718887 0.2176123181342378 0.7714226718101692
1 705 0 1
996
-0.332679288024293 0.2008586287242153 0.7453727113156927
1 706 0 1
997
-0.2437702077846402 0.2478494158103235 0.8146553168000061
1 707 0 1
998
-0.2016218690405155 0.2590260683132387 0.8464540231132138
1 708 0 1
999
-0.1746518017820043 0.234127116953976 0.8838885314027838
1 709 0 1
1000
-0.1815443244997239 0.3183470873792709 0.7893486386737811
1 710 0 1
1001
-0.1098615237682159 0.3426930120619107 0.7969496433478144
1 711 0 1
1002
-0.1208038719769896 0.363235133282289 0.7562817962777182
1 712 0 1
1003
0.001458064181903883 0.3775016894138427 0.7610640431829718
1 713 0 1
1004
-0.02690326357129148 0.4113040023550577 0.6465465972488578
1 714 0 1
1005
0.01380034148905893 0.4099946400057776 0.5882642230625468
1 715 0 1
1006
-0.05584929368380803 0.3960651010424164 0.7240721376705908
1 716 0 1
1007
-0.000993159909734781 0.4107686656778424 0.4615765867243418
1 717 0 1
1008
-0.001337283317005188 0.4094593033285623 0.5175313148205709
1 718 0 1
1009
-0.1340924130558513 0.3752180163279851 0.4483453995466927
1 719 0 1
1010
-0.1129783907862634 0.3934178505898263 0.4812807261209524
1 720 0 1
1011
-0.1788153522977361 0.3619909366573206 0.4522618696576002
1 721 0 1
1012
-0.2235334532491854 0.3351961818288308 0.4589704113416008
1 722 0 1
1013
-0.2798436696953239 0.3157747800295822 0.5855176364594392
1 723 0 1
1014
-0.302710891863419 0.2689288896622651 0.6944993473511591
1 724 0 1
1015
-0.331564692064497 0.2402681170900456 0.6753048412138221
1 725 0 1
1016
-0.3471520006873993 0.2077247676394008 0.6931738573670921
1 726 0 1
1017
-0.2780776936861331 0.2688835810882848 0.7387278233902428
1 727 0 1
1018
-0.2667353297357795 0.2565474020430333 0.7750868704338049
1 728 0 1
1019
-0.2150967850988852 0.29912067876437 0.7819604683800798
1 729 0 1
1020
-0.2045094464508628 0.3270450736119807 0.7497801923075803
1 730 0 1
1021
-0.1785620224344314 0.3606709905477115 0.7052205957667738
1 731 0 1
1022
-0.128408908559719 0.3776346416031191 0.7043340294432103
1 732 0 1
1023
-0.07266817401757183 0.4108556037091168 0.6071882133257597
1 733 0 1
1024
-0.05852360832352509 0.4102281883170387 0.56098576518759
1 734 0 1
1025
0.01901536339405314 0.4112679167722216 0.5728878588627742
1 735 0 1
1026
-0.007543675972250401 0.4119498637294235 0.5849677849109165
1 736 0 1
1027
-0.09597031313690318 0.3948072967255962 0.6890017894442381
1 737 0 1
1028
-0.08116884871843284 0.4106736134303158 0.6576786971606747
1 738 0 1
1029
-0.02268130077831446 0.4114145270522083 0.5142348766689406
1 739 0 1
1030
-0.07366123312958954 0.4096928516398234 0.4902528569456144
1 740 0 1
1031
-0.1436056764264798 0.3935047886211006 0.5126552504398293
1 741 0 1
1032
-0.2276409350346029 0.3504350327426138 0.5103916612991676
1 742 0 1
1033
-0.267631245047634 0.3276767729070492 0.6305466227708398
1 743 0 1
1034
-0.2601466113383621 0.3355422707915909 0.5621291892945675
1 744 0 1
1035
-0.2626951052273102 0.3078639735710601 0.6981635459747951
1 745 0 1
1036
-0.2121144830335927 0.3414445819328107 0.6978324254730721
1 746 0 1
1037
-0.1537284635943444 0.3922431539910188 0.6379405889332932
1 747 0 1
1038
-0.1127891934706671 0.4095977993922968 0.572117865099407
1 748 0 1
1039
-0.05330858641853065 0.4115014650834826 0.5456094009878174
1 749 0 1
1040
-0.1521063511273412 0.3933227983422997 0.5631457342747442
1 750 0 1
1041
-0.2154285103869128 0.3623370256200809 0.5554206476105674
1 751 0 1
1042
-0.2170506228539167 0.3612573812687997 0.6302155022691167
1 752 0 1
1043
-0.2367476812108787 0.3414898905067909 0.6536039494339886
1 753 0 1
1044
-0.1845449465501575 0.3761501432198225 0.5784779742737165
2 1 0 99
1045
1046
1047
1048
1049
1050
1051
1052
1053
1054
1055
1056
1057
1058
1059
1060
1061
1062
1063
1064
1065
1066
1067
1068
1069
1070
1071
1072
1073
1074
1075
1076
1077
1078
1079
1080
1081
1082
1083
1084
1085
1086
1087
1088
1089
1090
1091
1092
1093
1094
1095
1096
1097
1098
1099
1100
1101
1102
1103
1104
1105
1106
1107
1108
1109
1110
1111
1112
1113
1114
1115
1116
1117
1118
1119
1120
1121
1122
1123
1124
1125
1126
1127
1128
1129
1130
1131
1132
1133
1134
1135
1136
1137
1138
1139
1140
1141
1142
1143
-0.3240727245083354 -0.4933030327686004 0.8326611304887919
-0.3228249870881714 0.4941204717682484 0.1680735901055306
0.3963428378683179 -0.4373595406292657 0.8330615789282949
0.3997516538073599 0.4342460456782938 0.8319263495930643
-0.5902296272714157 -1.406282497858532e-15 0.168073652042064
0.08016647164450928 -0.5847600787784887 0.1670386762008922
0.04874077232778162 0.5882136941808187 0.8319263546586442
-0.4657740882988973 0.3625265667206824 0.8319263780404389
-0.4657740882988972 -0.3625265667206826 0.1680736219595636
0.2370925382515031 0.5405165503612389 0.1680736506125846
-0.5531860495369411 -0.2058062377739492 0.8356894066240724
0.0540156898154471 -0.5877527695917013 0.8329492017072718
0.3961774988864717 -0.4375093167979555 0.1666731538755375
0.5648157894921328 0.1713304901333469 0.4999999999999988
0.5652070167760429 -0.1700354113003525 0.4999944284007817
0.5051578330162445 0.3052647648374871 0.1665558239008502
0.5720493111555434 -0.1453636767401763 0.3075897071605826
0.5127561527000308 -0.2923219813445726 0.4001445805552414
0.5095911728982082 -0.2978050526992152 0.5954120946484862
0.3787603919188618 -0.4526716010778942 0.4981366650979419
0.5725417987001602 -0.1434116510264746 0.6968414371774541
0.5535231632901242 0.204897829686526 0.7043400798582101
0.4797505875827928 0.3438173739398857 0.5972804315408339
0.4957095378889175 0.3203795670059343 0.3984135183183175
0.3711065838231811 0.4589672279717174 0.5003977336353492
0.3868550228022775 0.4457737141662836 0.3033488955785617
0.231020747006071 0.5431394179782122 0.40201941844469
0.04890327049216395 0.5882002065998655 0.2830932406625548
0.05421760007577239 0.5877341786479479 0.4785521102673369
-0.1074942862731925 0.5803585024168865 0.3706245632624647
-0.1212771225865863 0.5776355879324544 0.5617439968707676
-0.2721505077371741 0.5237414572547724 0.4563740313325028
-0.2827625755120762 0.5180891224478001 0.6467151066141463
-0.4072710611455957 0.4272017037211984 0.5333895813601265
0.1984103349694105 0.5558815988016518 0.5888455394144677
-0.144892851669611 0.5721687464760745 0.168073590105535
-0.3891120447106914 0.4438049454096012 0.336412671984058
-0.5062857964856439 0.3033903511746073 0.4248013863767088
-0.5080720744188216 0.3003893808121545 0.6436224751010793
-0.5744784425457921 0.1354456789975801 0.509318081254803
-0.5741237549278738 0.1369413266201 0.6889103990146062
-0.5901098705190153 -0.01188922306062817 0.5928623191487291
-0.5097650219765831 0.2975073701241165 0.2343688650611896
-0.5897857675066323 -0.02288583307566009 0.396371604035987
-0.5513829893465851 -0.2105892019268269 0.498534408601266
-0.5586822429564753 -0.1903816280896773 0.2871091713715619
-0.4829645863368647 -0.3392878147729675 0.3706932163052796
-0.3574927616350628 -0.4696487392589173 0.292918023236825
-0.3764779119473149 -0.4545716607145062 0.4863666165307964
-0.2229047333667988 -0.5465203498055956 0.4103612628526196
-0.2374675726877826 -0.54035188981878 0.6292958358504555
-0.07277788272219136 -0.5857255267575668 0.5273242124240626
-0.2138608862017167 -0.5501222902791439 0.2199163105473292
-0.5709204021744401 0.1497361255339872 0.3150497370923798
-0.1422573626425762 0.5728296916911106 0.7552031615467282
-0.05010383091269027 -0.5880991574869215 0.3360263094336153
0.1300209318643957 -0.5757304666126922 0.3350423262609705
-0.4641670826595941 -0.3645818595106399 0.8333940713566284
-0.5060303410296292 -0.3038162386482846 0.6676228064463839
-0.3228249870881666 0.4941204717682515 0.8360548444852259
-0.1487515190215682 -0.5711777293432669 0.8341682389503312
0.242894381878385 -0.5379343195603635 0.1674877188951182
0.2394208148833422 0.5394892828495768 0.8327356599947181
0.2370925317443698 -0.540516553215532 0.8319263551559428
0.1646860574130029 -0.5667887749441719 0.666898260435959
0.5190914680789104 0.2809182455388678 0.8324410369490017
0.5067196872847101 -0.3026651143211582 0.8313644576848389
0.5067291655802001 -0.3026492452647918 0.1681633014536351
-0.3996975585393592 -0.4342958376575003 0.6718531298550299
0.322825001959692 -0.4941204620521992 0.672283044919561
0.5667442033762146 0.164839378937237 0.3116113366038096
-0.5891030761163312 -0.03644967241595376 0.8356879277551534
0.3011827854389402 -0.507602149979879 0.3257752750209317
0.03242126301993246 0.5893385059650748 0.6553903187947929
0.3410649809965834 0.4817112118756987 0.6762395077894614
-0.5582493566345951 0.1916472507656058 0.8577288558330705
-0.03225437477519929 -0.5893476632827308 0.6877515390039818
0.08350721197149014 -0.5842923570077765 0.5016583495417415
0.3997516538073596 0.434246045678294 0.1385509109828297
-0.5696903764387349 0.1543498879236616 0.1509324051741286
-0.3485381055192601 -0.4763320290616614 0.1408586091140669
-0.4059968685859491 0.4284128331497061 0.6962141278043332
0.237445509974985 -0.5403615851461624 0.4960680784282465
-0.5582493566345939 -0.1916472507656092 0.1271065185550307
-0.2522759289943964 0.5335989772844103 0.3006057067685241
0.04874077232778207 0.5882136941808186 0.1261619628705305
0.5706760608895672 -0.1506646821140276 0.148816843937848
0.5681430405438066 0.1599515501350106 0.8493954754835378
0.5688155877049207 -0.1575431372445645 0.8500935689727397
-0.4808892564409684 -0.3422229331132073 0.5233670912530315
0.5697900615729918 0.1539814879834598 0.1476182346439002
-0.5655119946093813 -0.1690183329165022 0.6854742965546778
-0.4314293346900999 0.4027899478361048 0.1380107761667762
-0.1465748387270923 0.5717401766196609 0.8985707672829839
-0.08837378491925281 -0.5835761193263478 0.1369609664747412
0.4300887939104731 -0.4042210314439225 0.6964631995615724
0.4288348320178951 -0.405551106221075 0.3037433643254657
0.1763756064764973 0.5632607374467015 0.7168648363769499
0.4659357420939838 0.36231877835448 0.732815233785054
2 2 0 30
1144
1145
1146
1147
1148
1149
1150
1151
1152
1153
1154
1155
1156
1157
1158
1159
1160
1161
1162
1163
1164
1165
1166
1167
1168
1169
1170
1171
1172
1173
-0.1016097313851295 0.4012477379109006 0.9999999999999998
0.03418069088008419 -0.4124996279708874 0.9999999999999998
0.3992843984682301 0.06680348624320015 0.9999999999999998
-0.4139133443156364 -9.436895709313831e-16 0.9999999999999998
-0.2263891642466718 -0.3465144431655706 0.9999999999999998
-0.3266357934148029 0.2542308722823738 0.9999999999999999
0.1664370218508778 0.3853499257219263 0.9999999999999998
0.2803358840381166 -0.3045259424090891 0.9999999999999998
-0.2539035177216685 0.3886283000949532 0.9999999999999998
-0.1584136475519318 0.2474236340459094 0.9999999999999998
-0.2497012365351615 0.08660558613534386 0.9999999999999998
-0.05421265766980621 0.09659227464525261 0.9999999999999998
-0.1344999013767475 -0.06029443770695225 0.9999999999999998
0.05034209008867474 -0.05845460756617848 0.9999999999999998
0.1476529058971372 0.1031412795734968 0.9999999999999998
0.2610219007053796 -0.1071517070227263 0.9999999999999998
0.2971700659545945 0.2433573563996982 0.9999999999999998
-0.07086718469298586 -0.2475837257618906 0.9999999999999998
0.03239461575016706 0.2568208116972565 0.9999999999999999
0.4421745987662571 -0.09453979071548249 0.9999999999999998
0.1235813141172238 -0.2592224426141258 0.9999999999999998
-0.3663337366925465 -0.2851290253653781 0.9999999999999998
-0.2531438294243779 -0.1908583494736359 0.9999999999999998
-0.4205262781074277 -0.1511194656690852 0.9999999999999998
0.03833487094297788 0.462633096387421 0.9999999999999998
-0.1097817972547366 -0.4270656071292788 0.9999999999999998
-0.4242362085053527 0.1457666324941246 0.9999999999999998
0.186474503684074 -0.4251190449539842 0.9999999999999999
-0.2849998937195999 -0.05704091675263839 0.9999999999999998
0.4017935566692395 -0.2260987725076114 0.9999999999999998
2 3 0 29
1174
1175
1176
1177
1178
1179
1180
1181
1182
1183
1184
1185
1186
1187
1188
1189
1190
1191
1192
1193
1194
1195
1196
1197
1198
1199
1200
1201
1202
-0.2263891642466756 0.3465144431655673 0
0.1662670952637877 -0.3790508019920487 0
0.3559590203243297 0.1928313367695938 0
-0.3914863752626623 -0.134397445585222 0
-0.2276719760841635 -0.3533753114757041 0
0.03229609110040926 0.4185126301697281 0
0.3640259310645886 -0.1970009760780166 0
-0.3914863752626644 0.1343974455852197 0
-0.3663337366925493 0.2851290253653739 0
-0.2301686620667066 0.1825807387109053 0
-0.2734708440370606 -0.006831576138680961 0
-0.08279454124924662 0.06977331379921919 0
-0.097684940412405 -0.1109899951297282 0
0.06822697388726834 -0.04132005470116423 0
0.1062524469466379 0.1451093451945918 0
0.2819171450240882 -0.0169872293056727 0
0.202055279192968 0.3266425035970722 0
0.03881751575747477 -0.228260998380456 0
-0.05275019375809659 0.2534241093387911 0
0.4489625876224616 0.05407750316176374 0
0.2056102317094638 -0.2006928018006953 0
-0.0273705541475609 -0.4123492050944374 0
-0.3663337366925465 -0.2851290253653781 0
-0.2459901017689779 -0.1875828299369109 0
-0.1139589502049919 0.4500136981087029 0
-0.4569088513718503 -0.0004979282899927884 0
0.3144067292595749 -0.3415367503468131 0
-0.1032903623204791 -0.2645290685623369 0
0.4534675533219681 -0.08343432093097908 0
2 4 0 0
2 5 0 0
2 6 0 0
2 7 0 0
2 8 0 0
2 9 0 1
1203
0.1529303472678173 -0.3623065469102752 0.4298010260869965
2 10 0 0
2 11 0 0
2 12 0 0
2 13 0 1
1204
0.2232596614492446 -0.3226062344502032 0.428993512893262
2 14 0 1
1205
0.09523328022713211 -0.3589898988163019 0.3802518543359189
2 15 0 0
2 16 0 0
2 17 0 1
1206
0.08760959606667987 -0.4106953857372776 0.5586561283425895
2 18 0 0
2 19 0 0
2 20 0 1
1207
0.2731686180529373 -0.3141802231385771 0.6477563714533277
2 21 0 0
2 22 0 1
1208
0.1892903266902659 -0.3251880142653857 0.3893770968933409
2 23 0 0
2 24 0 1
1209
0.1416440772472078 -0.3198297588039383 0.3455853521644072
2 25 0 0
2 26 0 0
2 27 0 0
2 28 0 0
2 29 0 0
2 30 0 0
2 31 0 0
2 32 0 0
2 33 0 1
1210
0.2841510151859971 -0.2756472439755935 0.7123849754619174
2 34 0 1
1211
0.3502862553117024 -0.2367563120154326 0.6125524032528196
2 35 0 0
2 36 0 0
2 37 0 0
2 38 0 0
2 39 0 1
1212
0.1345908829679209 -0.2922176100854641 0.3093499461209749
2 40 0 0
2 41 0 0
2 42 0 1
1213
-0.0356275832076775 -0.4012957213941807 0.4496713935193468
2 43 0 0
2 44 0 0
2 45 0 1
1214
-0.01918527810630719 -0.4099513977850039 0.5466147624612462
2 46 0 0
2 47 0 0
2 48 0 0
2 49 0 0
2 50 0 0
2 51 0 1
1215
0.3614458981998034 -0.197660128154772 0.6687684872306034
2 52 0 0
2 53 0 1
1216
0.3464042328207227 -0.2146878739587435 0.4802009935716688
2 54 0 1
1217
0.24065342352314 -0.2838079272184534 0.3812048662278076
2 55 0 0
2 56 0 0
2 57 0 0
2 58 0 1
1218
0.1744583961617059 -0.2426765525506389 0.2843290925222083
2 59 0 0
2 60 0 1
1219
-0.08355392516260374 -0.3156695782075729 0.3113451374101112
2 61 0 0
2 62 0 1
1220
-0.0848872415740471 -0.3505141301485695 0.3606153710172654
2 63 0 1
1221
-0.0949078925955865 -0.3773661164839125 0.4167479736754571
2 64 0 0
2 65 0 0
2 66 0 0
2 67 0 1
1222
0.1419013886203503 -0.3326439836237668 0.7936219982228707
2 68 0 0
2 69 0 1
1223
0.2377395055508587 -0.264504827445861 0.8059534498551753
2 70 0 0
2 71 0 0
2 72 0 0
2 73 0 1
1224
0.3731308971679986 -0.1464450033710376 0.4555735385270878
2 74 0 0
2 75 0 1
1225
0.3426210832196953 -0.139406910877411 0.377114164636273
2 76 0 1
1226
0.285761252882369 -0.1900866589685983 0.335872830573238
2 77 0 0
2 78 0 0
2 79 0 0
2 80 0 0
2 81 0 0
2 82 0 1
1227
-0.1518098129145019 -0.3733365368971829 0.462352429833401
2 83 0 0
2 84 0 0
2 85 0 0
2 86 0 1
1228
0.1975156164267363 -0.2834550193617106 0.8196778525932633
2 87 0 1
1229
0.08405972725402681 -0.3139436886949376 0.8482741022972295
2 88 0 0
2 89 0 0
2 90 0 1
1230
0.2753423177388805 -0.2099756257826454 0.8139709933618842
2 91 0 1
1231
0.342522625357323 -0.1457046138526341 0.7739561358702276
2 92 0 0
2 93 0 0
2 94 0 0
2 95 0 0
2 96 0 0
2 97 0 0
2 98 0 1
1232
0.2939421960319403 -0.1411115881055086 0.3142442296891405
2 99 0 1
1233
0.2319305321451244 -0.162132005267642 0.2679652305134942
2 100 0 0
2 101 0 0
2 102 0 1
1234
-0.1765628887051343 -0.2924143924292961 0.3352643588849513
2 103 0 0
2 104 0 0
2 105 0 0
2 106 0 1
1235
-0.2156406139837932 -0.3472675148715621 0.4817992673785031
2 107 0 0
2 108 0 0
2 109 0 0
2 110 0 1
1236
0.01958335853171316 -0.3249042434914205 0.8493237341281485
2 111 0 0
2 112 0 1
1237
-0.09854215429714883 -0.3527527880566732 0.7857212312170035
2 113 0 1
1238
0.2432480252095498 -0.1765628761054197 0.8709267513243674
2 114 0 0
2 115 0 0
2 116 0 0
2 117 0 0
2 118 0 0
2 119 0 0
2 120 0 0
2 121 0 1
1239
0.2155121472929429 -0.1037072057337326 0.2341373605220101
2 122 0 1
1240
0.1539193996705676 -0.1543998897897912 0.2175272196613073
2 123 0 1
1241
-0.1457046151076767 -0.1954437763125879 0.2359897227148823
2 124 0 1
1242
-0.2099756368940712 -0.2354586459886369 0.303170039597785
2 125 0 1
1243
-0.01430572864448553 -0.2162395792201293 0.2167151428509165
2 126 0 1
1244
-0.2257541421732179 -0.3136927908088986 0.4132548745586008
2 127 0 0
2 128 0 0
2 129 0 0
2 130 0 1
1245
0.1652615675173402 -0.2257525845604156 0.8922051202670679
2 131 0 1
1246
-0.02123638614046779 -0.2838228369022356 0.8904975522589142
2 132 0 0
2 133 0 0
2 134 0 0
2 135 0 0
2 136 0 0
2 137 0 1
1247
0.4015512940066986 0.03612576332630929 0.7067098064433597
2 138 0 1
1248
0.3617972034444403 -0.01430572864448565 0.7947519255154862
2 139 0 0
2 140 0 0
2 141 0 0
2 142 0 0
2 143 0 0
2 144 0 0
2 145 0 0
2 146 0 0
2 147 0 0
2 148 0 1
1249
-0.2645048400455752 -0.2274411287592483 0.340772865943928
2 149 0 0
2 150 0 0
2 151 0 1
1250
-0.2191899158092853 -0.3599691738404623 0.5975259205299255
2 152 0 1
1251
-0.2831285084492108 -0.312895997893449 0.599334376774205
2 153 0 1
1252
0.09671450268461276 -0.215640954176089 0.9257800879617833
2 154 0 1
1253
-0.09263787760043923 -0.279367614675666 0.8793815126649442
2 155 0 0
2 156 0 0
2 157 0 0
2 158 0 0
2 159 0 1
1254
0.2671672015673334 -0.08355392235547841 0.8941819074950434
2 160 0 0
2 161 0 0
2 162 0 0
2 163 0 0
2 164 0 0
2 165 0 0
2 166 0 0
2 167 0 0
2 168 0 0
2 169 0 0
2 170 0 1
1255
0.2831743790708781 0.04307905446791929 0.2671623214664852
2 171 0 0
2 172 0 0
2 173 0 0
2 174 0 1
1256
-0.1976601281547717 -0.09025614093524684 0.2170664354958385
2 175 0 0
2 176 0 1
1257
-0.2834550375126823 -0.2411655445745929 0.3809967959942019
2 177 0 0
2 178 0 1
1258
0.03612576332630959 -0.128197447548288 0.176961052288658
2 179 0 1
1259
-0.3139447344712558 -0.2697694922266845 0.494468973470981
2 180 0 1
1260
-0.3243644213157802 -0.2714021506548734 0.5588191560508002
2 181 0 1
1261
-0.2677188354307433 -0.314402451457618 0.6615649629471021
2 182 0 1
1262
0.1161577791623656 -0.1518107112355319 0.9518489957765511
2 183 0 0
2 184 0 1
1263
-0.01848499100442077 -0.2176044181131344 0.9393658311104555
2 185 0 1
1264
-0.2158911681817354 -0.3312815509034331 0.7206333052710816
2 186 0 0
2 187 0 1
1265
-0.225926882449598 -0.2646887202815782 0.817457291748835
2 188 0 1
1266
0.2178969679854889 -0.08488724462080663 0.9290264577256071
2 189 0 0
2 190 0 1
1267
0.1617644356184731 -0.0949078043975833 0.9558784375798401
2 191 0 0
2 192 0 0
2 193 0 1
1268
0.4106394242495963 0.06626634082976046 0.6338399694194852
2 194 0 0
2 195 0 0
2 196 0 1
1269
0.4106953605378493 0.08760906687866295 0.5586582198952256
2 197 0 0
2 198 0 0
2 199 0 0
2 200 0 0
2 201 0 0
2 202 0 0
2 203 0 1
1270
0.06626645018241013 -0.05532740875940222 0.1678729338588676
2 204 0 0
2 205 0 1
1271
-0.2367563120154327 -0.03404006955717791 0.2282260783839399
2 206 0 1
1272
-0.275647241664906 -0.1338726077015193 0.2943612967440172
2 207 0 0
2 208 0 0
2 209 0 1
1273
-0.3326407076979506 -0.2151155989928418 0.4366130945866157
2 210 0 0
2 211 0 0
2 212 0 0
2 213 0 0
2 214 0 0
2 215 0 0
2 216 0 1
1274
-0.2359315865354207 -0.2100426151311911 0.8535026404630286
2 217 0 0
2 218 0 0
2 219 0 1
1275
0.1288409275765804 -0.03562758320767737 0.9798080676895373
2 220 0 0
2 221 0 1
1276
0.3609851014346203 0.1539193240722792 0.7329123746820094
2 222 0 0
2 223 0 0
2 224 0 0
2 225 0 1
1277
0.345923531691756 0.1990780555612019 0.4426676298908039
2 226 0 0
2 227 0 0
2 228 0 0
2 229 0 0
2 230 0 0
2 231 0 0
2 232 0 0
2 233 0 0
2 234 0 0
2 235 0 1
1278
-0.3141802231385775 -0.06924401255825618 0.3053437408421346
2 236 0 0
2 237 0 0
2 238 0 0
2 239 0 0
2 240 0 1
1279
-0.3528197051413251 -0.2075877079431388 0.6753999186607781
2 241 0 0
2 242 0 0
2 243 0 0
2 244 0 1
1280
-0.1954406647675203 -0.1457059014383967 0.9210364748298427
2 245 0 0
2 246 0 0
2 247 0 1
1281
-0.2886940620767723 -0.1803549618330319 0.8237279429489353
2 248 0 0
2 249 0 1
1282
0.1982605171588674 0.09523328022713198 0.9375022325119442
2 250 0 0
2 251 0 1
1283
0.2691624127740966 0.1345908829679205 0.8707299941799649
2 252 0 1
1284
0.3489260153145551 0.2102051474708028 0.6836659362754867
2 253 0 0
2 254 0 0
2 255 0 0
2 256 0 0
2 257 0 1
1285
0.3064374137157362 0.1907397575476719 0.3631605480112852
2 258 0 0
2 259 0 0
2 260 0 1
1286
0.1529300700740945 0.1487119375943793 0.2162059001827983
2 261 0 1
1287
0.08760944487010341 0.01985512177759084 0.1678170109569372
2 262 0 0
2 263 0 0
2 264 0 1
1288
-0.1237405630751502 0.0438650624686424 0.1768812330961766
2 265 0 0
2 266 0 0
2 267 0 0
2 268 0 0
2 269 0 0
2 270 0 0
2 271 0 0
2 272 0 0
2 273 0 0
2 274 0 0
2 275 0 0
2 276 0 1
1289
0.03189757375433898 -0.01918527810630735 0.9884637642399041
2 277 0 0
2 278 0 0
2 279 0 0
2 280 0 0
2 281 0 0
2 282 0 1
1290
0.1487113328080751 0.1529303472678175 0.9408188806059172
2 283 0 1
1291
0.2329270193303788 0.1416440772472076 0.8983421176990098
2 284 0 0
2 285 0 0
2 286 0 1
1292
0.2941832789725777 0.1744583709622763 0.8211888988459949
2 287 0 1
1293
0.3129696343358069 0.2296998967054335 0.7413628485953299
2 288 0 0
2 289 0 0
2 290 0 0
2 291 0 0
2 292 0 0
2 293 0 0
2 294 0 0
2 295 0 0
2 296 0 0
2 297 0 0
2 298 0 0
2 299 0 1
1294
-0.1139961705384783 0.09991021871711163 0.1855953973625324
2 300 0 1
1295
-0.2144056277502541 0.09835065123376682 0.2318708482475429
2 301 0 0
2 302 0 0
2 303 0 0
2 304 0 0
2 305 0 0
2 306 0 0
2 307 0 1
1296
-0.3495228008002509 -0.1006058615641679 0.7879483567833889
2 308 0 0
2 309 0 0
2 310 0 0
2 311 0 0
2 312 0 0
2 313 0 0
2 314 0 1
1297
0.1891352746014447 0.1892903266902654 0.9037003479610279
2 315 0 1
1298
0.0198562305524824 0.08760959606667983 0.9892077572320639
2 316 0 0
2 317 0 0
2 318 0 0
2 319 0 0
2 320 0 0
2 321 0 0
2 322 0 0
2 323 0 0
2 324 0 0
2 325 0 0
2 326 0 0
2 327 0 0
2 328 0 0
2 329 0 0
2 330 0 0
2 331 0 0
2 332 0 0
2 333 0 0
2 334 0 0
2 335 0 0
2 336 0 0
2 337 0 0
2 338 0 0
2 339 0 0
2 340 0 1
1299
-0.2735834132598327 -0.01482603386209058 0.9013422609602856
2 341 0 0
2 342 0 0
2 343 0 0
2 344 0 0
2 345 0 1
1300
0.1495188535616381 0.2232596614492449 0.9011185505062445
2 346 0 0
2 347 0 0
2 348 0 0
2 349 0 1
1301
0.2426395429854439 0.2857612348958307 0.7685989127420906
2 350 0 0
2 351 0 0
2 352 0 0
2 353 0 0
2 354 0 0
2 355 0 1
1302
0.1593799518488944 0.259145479297929 0.2893257684490279
2 356 0 1
1303
0.0706841280711072 0.2711498738152645 0.2636302207329002
2 357 0 0
2 358 0 1
1304
-0.09923555439499253 0.2058253102529172 0.2244834213370074
2 359 0 0
2 360 0 0
2 361 0 1
1305
-0.3226062344502028 0.1495188535616383 0.3552526747663402
2 362 0 0
2 363 0 0
2 364 0 0
2 365 0 0
2 366 0 0
2 367 0 0
2 368 0 1
1306
-0.3208431286560156 -0.01561749753926926 0.8536403459777828
2 369 0 1
1307
-0.3602752461094068 -0.01455059149952705 0.797456807063011
2 370 0 0
2 371 0 0
2 372 0 0
2 373 0 0
2 374 0 0
2 375 0 1
1308
0.1946298035369587 0.2406407158524871 0.8638648229228665
2 376 0 0
2 377 0 0
2 378 0 1
1309
0.201022961517168 0.3426417743308898 0.718595338179979
2 379 0 0
2 380 0 0
2 381 0 0
2 382 0 0
2 383 0 0
2 384 0 0
2 385 0 0
2 386 0 0
2 387 0 0
2 388 0 1
1310
-0.325188014265386 0.1891352746014449 0.3892219944056616
2 389 0 1
1311
-0.3623065469102751 0.1487113328080748 0.4255819990275392
2 390 0 0
2 391 0 1
1312
-0.4106953857372777 0.01985623055248251 0.4909027250292477
2 392 0 0
2 393 0 0
2 394 0 0
2 395 0 0
2 396 0 0
2 397 0 1
1313
-0.2629009742420402 0.08380305687176157 0.8977301813911047
2 398 0 0
2 399 0 0
2 400 0 0
2 401 0 0
2 402 0 0
2 403 0 0
2 404 0 0
2 405 0 1
1314
0.1229390198591448 0.3731308741510486 0.7249571716228331
2 406 0 0
2 407 0 1
1315
0.1396182195230803 0.3331622552474238 0.361852526271647
2 408 0 0
2 409 0 0
2 410 0 1
1316
-0.1415292686470657 0.2638714145895974 0.2843912721141411
2 411 0 1
1317
-0.2853524867072812 0.1946298035369582 0.3378716405226417
2 412 0 1
1318
-0.1900864688561819 0.2426396799720365 0.2927512883241371
2 413 0 0
2 414 0 1
1319
-0.3198297588039384 0.2329270193303788 0.4368682564484343
2 415 0 1
1320
-0.3589898988163019 0.1982605171588674 0.483279078667939
2 416 0 0
2 417 0 0
2 418 0 0
2 419 0 1
1321
-0.4099513977850039 0.0318975737543388 0.5976975840825771
2 420 0 0
2 421 0 1
1322
-0.3472620717948214 0.09687353628327153 0.7940786471619821
2 422 0 0
2 423 0 1
1323
-0.2138888504527587 0.1433962994078563 0.9115529487776262
2 424 0 0
2 425 0 1
1324
-0.06924401255825588 0.2731686180529371 0.8926925568342193
2 426 0 0
2 427 0 1
1325
0.0983113905228321 0.3464042328207231 0.7932001698552416
2 428 0 0
2 429 0 0
2 430 0 0
2 431 0 0
2 432 0 0
2 433 0 0
2 434 0 0
2 435 0 1
1326
-0.1621118600853524 0.310495094534614 0.346622898034832
2 436 0 0
2 437 0 0
2 438 0 1
1327
-0.2922176100854642 0.2691624127740966 0.443921463327436
2 439 0 0
2 440 0 0
2 441 0 1
1328
-0.4012957213941807 0.1288409275765807 0.6141399169033197
2 442 0 1
1329
-0.373339047641374 0.1161564005896653 0.7303192662716165
2 443 0 1
1330
-0.3136886955210736 0.1653508183029392 0.8042264827763327
2 444 0 1
1331
-0.2411656120065772 0.1975153958420682 0.8619674399715203
2 445 0 0
2 446 0 1
1332
-0.1338726077773414 0.2841510163212677 0.854159576842856
2 447 0 1
1333
-0.0340400695571778 0.3502862553117026 0.8152686205116452
2 448 0 0
2 449 0 0
2 450 0 0
2 451 0 0
2 452 0 0
2 453 0 0
2 454 0 0
2 455 0 1
1334
-0.1041252012681569 0.3439779813635754 0.3628209428616985
2 456 0 0
2 457 0 1
1335
-0.242676388754348 0.2941834553685833 0.4040541643288005
2 458 0 0
2 459 0 0
2 460 0 0
2 461 0 1
1336
-0.3773661164839127 0.1617643348207558 0.6734202514906578
2 462 0 0
2 463 0 1
1337
-0.2274411413589627 0.2377394299525704 0.8430172241400762
2 464 0 0
2 465 0 0
2 466 0 0
2 467 0 1
1338
-0.09025614093524703 0.3614458981998039 0.776172436650984
2 468 0 0
2 469 0 0
2 470 0 0
2 471 0 0
2 472 0 0
2 473 0 1
1339
0.01985517217644949 0.4106953605378491 0.4909030778212585
2 474 0 0
2 475 0 1
1340
-0.154400141784085 0.3609850510357615 0.4245930096233627
2 476 0 0
2 477 0 0
2 478 0 1
1341
-0.3156695679196609 0.2671672190442768 0.6620662802125372
2 479 0 1
1342
-0.3505141378070349 0.2178969625235459 0.6633995747492307
2 480 0 0
2 481 0 1
1343
-0.2924144050290108 0.2432479496112615 0.7550752476002061
2 482 0 1
1344
-0.235458649135765 0.2753422511623606 0.7884880056349028
2 483 0 0
2 484 0 0
2 485 0 0
2 486 0 0
2 487 0 0
2 488 0 0
2 489 0 0
2 490 0 0
2 491 0 0
2 492 0 0
2 493 0 1
1345
-0.1954437744858833 0.342522625098847 0.7242169743554138
2 494 0 0
2 495 0 0
2 496 0 0
2 497 0 1
1346
-0.05532755292804824 0.4106394247459506 0.5122459609078968
2 498 0 1
1347
-0.1281974349485736 0.4015512940066989 0.5423865577696181
2 499 0 0
2 500 0 0
2 501 0 0
2 502 0 0
2 503 0 1
1348
-0.2162395666204147 0.3617972034444404 0.5928180749398421
3 2 0 274
1349
1350
1351
1352
1353
1354
1355
1356
1357
1358
1359
1360
1361
1362
1363
1364
1365
1366
1367
1368
1369
1370
1371
1372
1373
1374
1375
1376
1377
1378
1379
1380
1381
1382
1383
1384
1385
1386
1387
1388
1389
1390
1391
1392
1393
1394
1395
1396
1397
1398
1399
1400
1401
1402
1403
1404
1405
1406
1407
1408
1409
1410
1411
1412
1413
1414
1415
1416
1417
1418
1419
1420
1421
1422
1423
1424
1425
1426
1427
1428
1429
1430
1431
1432
1433
1434
1435
1436
1437
1438
1439
1440
1441
1442
1443
1444
1445
1446
1447
1448
1449
1450
1451
1452
1453
1454
1455
1456
1457
1458
1459
1460
1461
1462
1463
1464
1465
1466
1467
1468
1469
1470
1471
1472
1473
1474
1475
1476
1477
1478
1479
1480
1481
1482
1483
1484
1485
1486
1487
1488
1489
1490
1491
1492
1493
1494
1495
1496
1497
1498
1499
1500
1501
1502
1503
1504
1505
1506
1507
1508
1509
1510
1511
1512
1513
1514
1515
1516
1517
1518
1519
1520
1521
1522
1523
1524
1525
1526
1527
1528
1529
1530
1531
1532
1533
1534
1535
1536
1537
1538
1539
1540
1541
1542
1543
1544
1545
1546
1547
1548
1549
1550
1551
1552
1553
1554
1555
1556
1557
1558
1559
1560
1561
1562
1563
1564
1565
1566
1567
1568
1569
1570
1571
1572
1573
1574
1575
1576
1577
1578
1579
1580
1581
1582
1583
1584
1585
1586
1587
1588
1589
1590
1591
1592
1593
1594
1595
1596
1597
1598
1599
1600
1601
1602
1603
1604
1605
1606
1607
1608
1609
1610
1611
1612
1613
1614
1615
1616
1617
1618
1619
1620
1621
1622
0.4070761233419002 0.2339035879750931 0.304679017596437
0.2454977473607465 -0.3294792662220491 0.1556831590445446
0.400900255457901 0.131423278962099 0.1745668579984364
0.3112086267163067 0.3249182209486963 0.2167834116365625
0.1616006606624248 0.382322399971546 0.1699720863338615
-0.2769770510977965 0.3290132091058885 0.1728557077136344
-0.3710534392864327 0.1977932361984596 0.1823230039365728
0.1810952882446439 -0.4152171254771889 0.2484133505533646
-0.4220371870053039 0.03550718677928335 0.1698419251359488
0.2832398791949565 -0.4152884967396098 0.8237251269360648
-0.3926555939297901 -0.229706550549741 0.3210742465987477
-0.3138756111701115 -0.31057359837679 0.2090263841305459
-0.3820951484294097 -0.1621640965740409 0.1664548693848408
-0.1179593474065545 0.3236324530593429 0.1014444747274692
0.2362954283919295 -0.3876799942841297 0.3315805186621775
-0.3810756585043313 0.251972226818774 0.3421400764192568
-0.1876421223000367 -0.2952035443543281 0.1397963664080953
-0.117863222682849 -0.4195494105865692 0.2011962205132689
0.3478851499563693 -0.1939597580402977 0.1477434475968114
0.3869412968256029 -0.2656165110322912 0.2664775629693694
-0.03072824254712226 0.4434967926766412 0.1863215842932244
-0.2291923019337507 -0.3924516271147284 0.2677965573134812
0.3331559294569597 -0.314326828529318 0.8693378216717957
0.2467793565213733 0.3991689597067113 0.8220671333590347
0.02846358818151373 -0.3905159484450175 0.1608920511030327
0.2134396275896838 0.2573027605738282 0.1933310839957684
-0.4401172532690649 -0.1217678588672074 0.2879700284184891
-0.3814262795415495 -0.2331321967562443 0.8878861334993617
0.4217898061526656 -0.03254085518024109 0.1750461300041939
0.4388806627391481 -0.1392762478977427 0.2698463225440564
-0.1360534277516871 -0.4680534666043518 0.3226141563234559
0.03533734752118852 0.5063363763828085 0.5949212272713842
0.506336106547392 -0.01640886603612578 0.5431749769422776
-0.1387760640911379 0.4521151259665998 0.2832340105708296
0.2625241937786199 0.3982813752244301 0.3586636344193385
-0.417710320362653 0.230351566107742 0.8820686573435629
0.4017029550796467 0.2315656883838026 0.8887592586584604
0.1340994060471151 0.4615024053075562 0.8432081988592203
-0.2957073887771308 0.09918164996470541 0.1183886736527185
-0.2722006375919872 -0.427384431691779 0.3818194989219043
0.1338758507635675 -0.268640120322182 0.1200731514792318
-0.1919389971084063 0.05355728064144394 0.07835693951188229
-0.4558995623778907 0.102316097854399 0.8722807939924226
-0.2847410030512265 -0.01203927354277816 0.1291339459085011
0.3241828212095666 -0.3682164332332603 0.3921330003228142
0.2746054774148223 0.1382271217873584 0.1137154869279653
-0.2339906644604954 0.2311484302532625 0.9558088422179868
-0.03322604155810555 -0.2798616790918525 0.1066540721983329
0.008157848400406505 0.4639362358146162 0.8651724592898745
-0.1178088660709262 0.4521352138800421 0.8601284639590221
-0.3043245915101252 -0.3116068837679678 0.8793328918701727
-0.4787638030731703 0.03341738519645288 0.2949808903954007
0.477833171532385 0.02295107082227182 0.2918741136399403
-0.2913015674275812 0.3336599869133825 0.8932928487769699
-0.2278790940756027 0.2388104061727942 0.1924837455507573
0.1034813692413357 -0.4587163212661846 0.3222866135625029
0.1639856033076895 0.1859451612659222 0.101514612765537
0.1097756873378145 -0.4602976990711182 0.881766495843508
-0.4507411032990906 -0.08512413384470134 0.8880159303525457
0.3033631519440952 0.315915853511522 0.8819135109771861
-0.2596374477651433 -0.1467556142958266 0.1204656637627379
0.3956314021661917 -0.3294550074616579 0.4675429795937376
0.2235832461467277 0.2345083874761536 0.9341189106432356
0.1118886584430141 0.4588270257503254 0.2787864312662646
-0.3462384701634097 0.3246418141871101 0.8009503919755739
-0.4452244334928971 0.2590182793617334 0.7556699484651966
0.2189469596885683 -0.4445882838616358 0.4082100648804617
-0.1657210583248688 0.3136550309351324 0.2036107195621748
-0.292779432723495 0.4085156126486791 0.7439962552165085
-0.02352232456441348 0.459486761728669 0.3087002818130582
0.1282758673221396 0.4638409154954907 0.3978326539917437
0.4341291921296977 -0.1859307251177521 0.8707106842838226
0.4734689667682642 0.004560078478999459 0.8761996110344348
-0.3349774120589816 -0.3716778861621023 0.7743556814778199
0.4573094934809208 0.1809622891306967 0.408025392298667
0.3224764147775761 0.2130677029852372 0.218981944599614
0.3245307491245965 -0.2223644952993286 0.9246359766658045
-0.2681038419007721 0.411076572385112 0.3405270655007437
-0.3472740333457949 0.3670749430584009 0.413569766805077
-0.4648518698654246 -0.1830748085844698 0.7035531259360603
-0.2108391266176816 -0.3989280355069348 0.8799547694074487
-0.1470221164071734 0.1602704713023031 0.09154683825998769
0.1312372018483449 -0.4877281283016012 0.7635928962792491
-0.4452859023815459 0.1769558600860447 0.3714746743921556
-0.4340462426110852 -0.1475977128609288 0.8235358591109428
-0.4914042902738273 0.04911317037895137 0.5493311827770394
0.028144893566696 -0.5019563019522401 0.5366953133393353
-0.4963377980180042 -0.1350773845407269 0.4038695515141738
-0.1601295144506277 0.466517391924802 0.391076002927787
-0.3395468496311845 -0.3189265367359483 0.3377877424268861
0.2231545858265367 -0.24893656761459 0.1925723390245365
0.2978123138752262 -0.08910523636816384 0.1198946772427139
0.2071535263462941 0.3472578459369562 0.8968392149700899
-0.04218038082661255 0.5131959147686522 0.5255544717848242
0.3320059107039462 0.3632676090015741 0.7607578128058964
0.3887335131642239 0.2808161899034552 0.7939378686195958
0.4571239068130563 0.1853874134835169 0.7925194110415131
0.4190373973326986 0.1229925910307614 0.8863810304862356
-0.07544265047538931 0.5297964137182264 0.6553481176918937
-0.1303720922873337 -0.4572415419506337 0.8219308645166001
0.1620243382904193 -0.3171621232054324 0.2158297140379792
-0.2437134857911648 -0.4481326553635377 0.7451321071848749
-0.3983646523058696 -0.2954180365479432 0.4213816014314961
-0.1818609591904606 0.4615066840258895 0.7639342319559209
-0.1341421553466292 -0.1919630661304036 0.09518865137687374
0.3697532949544239 0.3080564390872031 0.3737405065668751
0.2472190371798503 0.4268146290636922 0.7294762834001479
0.4805458756931814 -0.2381733046989221 0.709974078917059
0.05100740412896979 -0.5097825859304046 0.6479710842760165
0.5297965014454694 -0.0768357170443172 0.6539550010766119
-0.4837390244188586 0.1237056888177715 0.7625127736347255
-0.4134951291649607 0.1182040377385415 0.2617890500224895
0.2403383670012908 -0.2280942476918263 0.9447412439726496
-0.3896327495104751 0.288029868063636 0.4339966649124731
-0.4437273840085322 0.2924403624213845 0.5362482266641183
-0.002921335686704269 -0.4449107020425913 0.291982333199788
0.4389052103753339 0.2429577373417166 0.7127249735925129
-0.3286287440956716 -0.2156461828807592 0.2400427074994566
-0.3207387142790718 0.2373317883228671 0.241597859821042
0.3673160067923223 0.04177762036134425 0.2134556063403164
0.03707923786240719 -0.2186608450044678 0.1249244748271821
-0.2186602514491618 0.4535866965410927 0.5414330663217924
0.2102759898286238 -0.3534279448811462 0.8704965519808865
0.1251408690716576 -0.3685254888827714 0.9225892388676828
0.441133686232408 0.2544377890183087 0.4663860235370156
-0.496584655203844 -0.1798011337589437 0.6012836366137587
0.1128712353270677 -0.4858105767695354 0.442805825886732
-0.5059573300408353 -0.08964287798051213 0.5363156210195318
-0.004572147345565212 -0.4384150760693428 0.881847541060907
0.10758119586941 0.3857337611835554 0.9009679924777588
0.5087987463388201 0.07762417200890387 0.5791954155604541
0.3254063574687926 -0.3585123517517078 0.7457810985771061
-0.01373185931456078 0.4966352058265404 0.7604814987341355
0.09214594414771846 0.2932676531926935 0.1371864111961552
-0.4170371347844546 -0.2689690179562361 0.7670181861283057
0.2332296774202955 0.3476156646340504 0.2779210523741014
-0.2820681171691123 0.4236735627092852 0.4781124306925342
-0.1871895875409548 0.371151647929095 0.8971476989233443
-0.1222518936746807 0.3269895593015672 0.9466204968073643
0.2236079596514403 0.03932203025773499 0.1037440848778892
-0.492118133439941 0.09952901289560719 0.4268283784255624
0.4936178967932868 0.1050222314190134 0.7305708807210062
0.2454498243506197 0.4438412306799153 0.4515750907311201
0.02157107697988018 0.4997910672173025 0.4007598245857909
-0.4595070583512195 0.004918272146637363 0.830013146863099
0.01928368946183525 -0.4902686943445859 0.774700405259344
0.2400893837589993 0.4440981759675933 0.6142442468179239
0.1625577542197177 -0.100638863305027 0.08560097636033911
-0.5085386774345203 0.1755274280125072 0.5987610784054449
-0.01994580399600283 -0.5037964901577795 0.4048857975180402
0.01797633636836284 -0.1339365007330399 0.08625800643084937
-0.2288553624929996 -0.2879612234611377 0.2315251406277969
-0.103256369084052 -0.309505011891107 0.1820397150629969
-0.3403628881307179 0.205263968920805 0.2960593755200734
0.1725500161355261 -0.4116816589094861 0.8139946956260299
-0.2946909182064884 0.4133432126623598 0.6518195598656268
-0.3281808631329526 0.0942031610365697 0.2162136021542114
0.380944334638062 -0.2548875337963017 0.3568362969670054
0.4662622331676007 -0.18201082030786 0.398299323766351
0.07906496153515785 0.5097740636447551 0.4947919465743441
0.3454103494669913 0.1397092470492813 0.2679468454340742
-0.1102243549830507 -0.4845839225040449 0.7245545101299281
0.2919977675879228 0.06304591213950944 0.1678390334874671
0.4824588479006862 -0.01928563346794351 0.3867749963335375
0.3389298637185477 -0.1853787610913481 0.2424942116132243
0.4380090598213625 0.1112886382492814 0.3251519941922596
0.3039983924184009 0.2879890836003569 0.2965400683686856
-0.2724100530366816 0.3267321523970635 0.2878720213978177
-0.2530634696288097 0.1525320555006399 0.1740956060047505
0.2858214632113666 -0.2675623374562549 0.2567422542688008
-0.4963187149172295 0.07853210024408006 0.6362793316096865
0.3480334581913898 -0.1350588886933939 0.9208203891308305
0.3681458019499931 -0.03864098628139485 0.9362516064807272
-0.1210167724651967 -0.4850308689433483 0.4338161130327463
-0.3176907253040435 -0.1811364178062086 0.9276013324182119
-0.2435244203707868 0.377879462837698 0.8110031500777733
-0.1432918271683797 0.2215216505722198 0.1564067462756758
-0.000405551104804119 0.02636863228559847 0.09096462039391358
0.09928818015254441 0.05260734563610577 0.07653634243686375
-0.2946716239194269 -0.4490044893003133 0.581806692607606
-0.1599197064654683 -0.3294520789645652 0.2460313518649588
-0.391609465729271 -0.3491794934793033 0.5770844870309855
0.2418658800204638 -0.4010573703359757 0.7336651974431397
-0.1817127617101755 -0.5012181504040886 0.535815587493907
-0.3916321846079108 -0.005411393691251247 0.2537243144997101
0.1208280858991657 0.4656100856108573 0.7487178355059444
-0.4097685142182534 0.3062790869442999 0.6720445373954923
-0.3050596438471883 0.2336056986428455 0.8869277008082112
0.3386063042374939 0.1403382643305658 0.9397190872919722
-0.3979077679823738 0.00244910608205258 0.8939867894697237
0.02573882315689273 0.3797821339504966 0.2340259306034054
0.03478766358482982 0.3495464628249701 0.9404825228217565
-0.3026864471692504 -0.4075853041292544 0.6747255631998574
0.3753726874540808 0.3787132241998256 0.631656407143136
-0.03856479426484992 -0.3458845619390983 0.2222501069287907
-0.0842274580209291 -0.3928226399552385 0.2761403798148921
0.2012076647173622 -0.1771986214900012 0.1475051626429572
-0.3437736713679886 0.04551427981214382 0.9458495837929315
0.478734508149453 -0.1326466963836134 0.7689496133039169
0.3615945440240842 -0.3628324478435512 0.5984851923052577
0.4271219207954489 -0.2783996327825762 0.6373908187146203
-0.2735388068872703 -0.4280731454039474 0.4868211522258106
0.3774502543370691 -0.2322189828758973 0.8217309439148188
-0.2112523921455876 0.2974320612152856 0.9156507958827158
0.4065712992380143 -0.0713593120439298 0.8687201438942583
0.4673402809155746 -0.05253425473467088 0.8067161069950627
0.4709519049533936 0.006371220548999431 0.7535298838907344
0.1713909035610744 0.4109327375969014 0.3314214854638845
-0.1341863061416161 -0.09626693029411579 0.09089016702291959
0.2188450360998537 -0.321278829434788 0.2738995954576806
-0.4397973354810964 0.214281445113604 0.4564144817319382
-0.284632760670768 -0.2596750341477991 0.2783457166641584
0.4982654549237538 0.1972401542824108 0.5978948049852276
-0.4269601795274121 -0.253856835285026 0.6683107884086601
0.3679901254545342 -0.194202683856936 0.3175843248255893
0.4989535301399393 -0.1830050909085457 0.5921620465883174
0.1583065180215258 -0.3574536815939102 0.286862506074837
0.5060550736396623 0.05831295581865483 0.4771757562807027
-0.1330118170830234 -0.357461642877716 0.9213768496936492
-0.0338934925879245 -0.3496602192260046 0.9318600346119187
0.1451128996250292 0.2578149775884955 0.9546048022363944
0.3091287385794209 -0.3864046510054198 0.6688851735149488
0.2444989086607747 -0.4462269783598658 0.5985979330548159
0.2814344511796287 -0.320585337935845 0.3294139278200633
0.05297920184668148 -0.2907585902460553 0.1705010810251589
-0.004967100794831694 0.2906508564392007 0.1535187390621306
0.02104621061877552 0.199181998513355 0.08284528225557093
-0.04921096302859158 -0.4949513838867448 0.580646809240668
-0.3495772046342982 -0.09184877778373239 0.2363961511946278
0.4020717895393998 0.2961556791646341 0.6558865180770739
-0.345710755977771 0.3560880372690127 0.617076080976495
-0.4768485274764467 -0.02441810322118544 0.3815638889604969
0.3816306630040388 0.3226761765689676 0.4841087737712705
-0.3496343675049952 0.1341034594772049 0.9184592357210373
-0.464140469956868 0.1921519471230089 0.6776503265593212
0.4045747666800074 -0.1419172427172983 0.3454372400183352
-0.2151133716288336 -0.3746687569976365 0.3390054596859635
-0.07921750487464214 0.3648933280496802 0.2495761708626947
0.06058840444339841 -0.3205384107159999 0.9617158204109684
-0.4833006368397178 0.03235882235070628 0.7437668481709921
-0.2524688013623639 -0.3799537086048884 0.8002737298072655
-0.5023247420372982 -0.00374019349545176 0.4794789758417028
0.4124805862560499 -0.04258064427074967 0.287484920550642
-0.192392482623774 -0.4492595414647901 0.4662571814188057
-0.1755900097853459 -0.2122553225239727 0.1622016581123524
-0.5078984449706522 -0.08249400116377634 0.7463725921405995
-0.5186463535062741 -0.031687495509066 0.6377048061472906
0.1076538423198216 -0.4920201450861538 0.5612245838004292
-0.3385621723281479 0.3443802987414368 0.711481339291938
-0.0899661568849779 0.2732634372989302 0.1770389096809368
-0.3416000890613472 -0.03323210794676637 0.9331039943859512
0.2583386997782741 0.09361918350548144 0.9652103547630266
-0.06934578561512932 -0.03127910018936249 0.0890100587430129
0.1186893017504713 0.3121354112412611 0.2119698501439733
-0.2710379461270059 0.3313076166909706 0.3552578247607049
-0.1231334874967312 0.485628890677073 0.471376646410537
0.1503944764814244 -0.2181543697593638 0.1661076561683233
-0.3093576268720655 -0.2633750279316093 0.3310083616528917
-0.1414118070196804 0.4728078618449346 0.6838618525409718
-0.1916531261670988 0.3441817007622328 0.2788578259266684
0.3922943642056388 -0.2452320126634636 0.4299351865722077
0.4949398933138442 0.02395310980640151 0.6432208572819228
0.208561566685677 0.3527478483949609 0.8130631256603458
0.256309616096194 0.3616647939870439 0.7693079239906508
0.1477300510287581 0.389792337442495 0.821961570262299
0.3089395468590545 -0.383741576007693 0.2361477788849252
0.03032986029352495 0.4853591181288661 0.6726223552927824
0.4833912887222542 -0.128284914461882 0.4719616497361703
-0.2315696076358612 -0.08672579079148857 0.1520525848673783
-0.1900008841026177 -0.02067590082220736 0.1199000118793987
-0.3694101807541293 -0.3251977557931608 0.4881871159227754
0.1796590008674294 -0.4354601398121209 0.7038048173489728
0.3251684309709741 0.3899850961390624 0.5516948684198035
0.1490488330010283 -0.4056073112747191 0.1266761010560551
$EndNodes
$Elements
504 8192 1 8192
2 1 2 244
1 1 1132 255 
2 272 1133 1 
3 276 1132 1 
4 1 1133 276 
5 273 1131 2 
6 2 1135 273 
7 277 1135 2 
8 2 1131 294 
9 255 1110 256 
10 255 1132 1110 
11 256 1048 257 
12 256 1110 1048 
13 257 1107 258 
14 1048 1107 257 
15 258 1051 259 
16 258 1107 1051 
17 259 1138 260 
18 1051 1138 259 
19 260 1104 261 
20 260 1138 1104 
21 261 1052 262 
22 261 1104 1052 
23 262 1120 263 
24 1052 1120 262 
25 263 1116 264 
26 263 1120 1116 
27 264 1055 265 
28 264 1116 1055 
29 265 1102 266 
30 1055 1102 265 
31 266 1045 267 
32 266 1102 1045 
33 267 1105 268 
34 1045 1105 267 
35 268 1056 269 
36 268 1105 1056 
37 269 1108 270 
38 1056 1108 269 
39 270 1047 271 
40 270 1108 1047 
41 271 1111 272 
42 1047 1111 271 
43 1111 1133 272 
44 274 1061 273 
45 273 1115 274 
46 1061 1131 273 
47 273 1135 1115 
48 274 1058 275 
49 275 1059 274 
50 274 1115 1058 
51 1059 1061 274 
52 276 1065 275 
53 275 1066 276 
54 1058 1066 275 
55 275 1065 1059 
56 276 1133 1065 
57 1066 1132 276 
58 278 1060 277 
59 1060 1135 277 
60 279 1123 278 
61 278 1123 1060 
62 280 1054 279 
63 1054 1123 279 
64 281 1130 280 
65 280 1130 1054 
66 282 1080 281 
67 1080 1130 281 
68 283 1046 282 
69 1046 1080 282 
70 284 1137 283 
71 283 1137 1046 
72 285 1124 284 
73 284 1124 1087 
74 1087 1137 284 
75 286 1049 285 
76 1049 1124 285 
77 287 1128 286 
78 286 1128 1049 
79 288 1053 287 
80 1053 1128 287 
81 289 1125 288 
82 288 1125 1053 
83 290 1139 289 
84 1097 1125 289 
85 289 1139 1097 
86 291 1050 290 
87 1050 1139 290 
88 292 1106 291 
89 291 1106 1050 
90 293 1057 292 
91 1057 1106 292 
92 294 1112 293 
93 293 1112 1057 
94 294 1131 1112 
95 1095 1105 1045 
96 1045 1113 1095 
97 1102 1113 1045 
98 1046 1129 1080 
99 1081 1129 1046 
100 1046 1137 1081 
101 1108 1114 1047 
102 1047 1140 1111 
103 1114 1140 1047 
104 1048 1119 1107 
105 1110 1143 1048 
106 1048 1143 1119 
107 1049 1090 1088 
108 1088 1098 1049 
109 1049 1128 1090 
110 1098 1124 1049 
111 1050 1101 1100 
112 1100 1139 1050 
113 1050 1106 1101 
114 1051 1118 1099 
115 1099 1138 1051 
116 1107 1142 1051 
117 1051 1142 1118 
118 1083 1120 1052 
119 1052 1126 1083 
120 1104 1126 1052 
121 1053 1091 1090 
122 1090 1128 1053 
123 1053 1092 1091 
124 1053 1125 1092 
125 1054 1071 1070 
126 1070 1123 1054 
127 1054 1072 1071 
128 1054 1130 1072 
129 1055 1103 1102 
130 1055 1136 1103 
131 1116 1136 1055 
132 1105 1121 1056 
133 1056 1109 1108 
134 1056 1121 1109 
135 1057 1117 1106 
136 1112 1141 1057 
137 1057 1141 1117 
138 1058 1067 1066 
139 1058 1068 1067 
140 1058 1115 1068 
141 1059 1062 1061 
142 1059 1063 1062 
143 1059 1065 1063 
144 1060 1070 1068 
145 1068 1115 1060 
146 1060 1123 1070 
147 1115 1135 1060 
148 1062 1112 1061 
149 1112 1131 1061 
150 1063 1064 1062 
151 1064 1141 1062 
152 1062 1141 1112 
153 1063 1140 1064 
154 1065 1111 1063 
155 1111 1140 1063 
156 1114 1127 1064 
157 1064 1140 1114 
158 1064 1127 1117 
159 1117 1141 1064 
160 1065 1133 1111 
161 1067 1143 1066 
162 1110 1132 1066 
163 1066 1143 1110 
164 1068 1069 1067 
165 1069 1119 1067 
166 1119 1143 1067 
167 1068 1070 1069 
168 1070 1071 1069 
169 1071 1079 1069 
170 1079 1119 1069 
171 1072 1073 1071 
172 1073 1079 1071 
173 1072 1074 1073 
174 1072 1080 1074 
175 1072 1130 1080 
176 1074 1075 1073 
177 1075 1118 1073 
178 1073 1118 1079 
179 1074 1076 1075 
180 1074 1129 1076 
181 1080 1129 1074 
182 1076 1077 1075 
183 1077 1099 1075 
184 1099 1118 1075 
185 1076 1078 1077 
186 1076 1081 1078 
187 1076 1129 1081 
188 1078 1126 1077 
189 1077 1104 1099 
190 1077 1126 1104 
191 1081 1082 1078 
192 1082 1083 1078 
193 1083 1126 1078 
194 1118 1142 1079 
195 1079 1142 1119 
196 1081 1087 1082 
197 1081 1137 1087 
198 1082 1084 1083 
199 1082 1098 1084 
200 1087 1098 1082 
201 1084 1085 1083 
202 1085 1120 1083 
203 1084 1086 1085 
204 1084 1088 1086 
205 1084 1098 1088 
206 1086 1116 1085 
207 1116 1120 1085 
208 1088 1089 1086 
209 1089 1136 1086 
210 1086 1136 1116 
211 1087 1124 1098 
212 1088 1090 1089 
213 1090 1091 1089 
214 1091 1134 1089 
215 1089 1134 1103 
216 1103 1136 1089 
217 1092 1093 1091 
218 1093 1134 1091 
219 1092 1094 1093 
220 1092 1097 1094 
221 1092 1125 1097 
222 1094 1095 1093 
223 1095 1113 1093 
224 1113 1134 1093 
225 1094 1096 1095 
226 1094 1100 1096 
227 1097 1100 1094 
228 1096 1121 1095 
229 1095 1121 1105 
230 1100 1122 1096 
231 1096 1122 1121 
232 1097 1139 1100 
233 1104 1138 1099 
234 1101 1122 1100 
235 1106 1117 1101 
236 1117 1127 1101 
237 1101 1127 1122 
238 1103 1113 1102 
239 1103 1134 1113 
240 1119 1142 1107 
241 1109 1114 1108 
242 1109 1127 1114 
243 1121 1122 1109 
244 1122 1127 1109 
2 2 2 77
245 255 1146 1 
246 1 1163 272 
247 1146 1163 1 
248 256 1160 255 
249 255 1160 1146 
250 257 1160 256 
251 258 1150 257 
252 1150 1160 257 
253 259 1168 258 
254 258 1168 1150 
255 260 1144 259 
256 1144 1168 259 
257 261 1152 260 
258 260 1152 1144 
259 262 1149 261 
260 1149 1152 261 
261 263 1170 262 
262 262 1170 1149 
263 264 1147 263 
264 1147 1170 263 
265 265 1167 264 
266 264 1167 1147 
267 266 1165 265 
268 1165 1167 265 
269 267 1148 266 
270 1148 1165 266 
271 268 1169 267 
272 267 1169 1148 
273 269 1145 268 
274 1145 1169 268 
275 270 1171 269 
276 269 1171 1145 
277 271 1151 270 
278 1151 1171 270 
279 272 1173 271 
280 271 1173 1151 
281 1163 1173 272 
282 1152 1153 1144 
283 1153 1162 1144 
284 1162 1168 1144 
285 1145 1164 1161 
286 1161 1169 1145 
287 1145 1171 1164 
288 1158 1159 1146 
289 1146 1160 1158 
290 1159 1163 1146 
291 1154 1170 1147 
292 1147 1172 1154 
293 1167 1172 1147 
294 1161 1166 1148 
295 1148 1169 1161 
296 1148 1166 1165 
297 1149 1153 1152 
298 1149 1154 1153 
299 1149 1170 1154 
300 1150 1162 1160 
301 1150 1168 1162 
302 1159 1164 1151 
303 1151 1173 1159 
304 1164 1171 1151 
305 1154 1155 1153 
306 1155 1162 1153 
307 1154 1156 1155 
308 1154 1172 1156 
309 1156 1157 1155 
310 1157 1158 1155 
311 1158 1162 1155 
312 1156 1161 1157 
313 1156 1166 1161 
314 1156 1172 1166 
315 1157 1159 1158 
316 1157 1164 1159 
317 1161 1164 1157 
318 1160 1162 1158 
319 1159 1173 1163 
320 1166 1167 1165 
321 1166 1172 1167 
2 3 2 75
322 277 2 1193 
323 2 294 1202 
324 1193 2 1202 
325 278 277 1176 
326 1176 277 1193 
327 279 278 1190 
328 278 1176 1190 
329 280 279 1190 
330 281 280 1179 
331 1179 280 1190 
332 282 281 1198 
333 281 1179 1198 
334 283 282 1174 
335 1174 282 1198 
336 284 283 1182 
337 283 1174 1182 
338 285 284 1181 
339 1181 284 1182 
340 286 285 1199 
341 285 1181 1199 
342 287 286 1177 
343 1177 286 1199 
344 288 287 1196 
345 287 1177 1196 
346 289 288 1178 
347 1178 288 1196 
348 290 289 1195 
349 289 1178 1195 
350 291 290 1195 
351 292 291 1175 
352 1175 291 1195 
353 293 292 1200 
354 292 1175 1200 
355 294 293 1180 
356 1180 293 1200 
357 294 1180 1202 
358 1182 1174 1183 
359 1183 1174 1192 
360 1192 1174 1198 
361 1175 1191 1194 
362 1191 1175 1195 
363 1175 1194 1200 
364 1188 1176 1189 
365 1176 1188 1190 
366 1189 1176 1193 
367 1177 1184 1197 
368 1184 1177 1199 
369 1196 1177 1197 
370 1195 1178 1201 
371 1178 1196 1197 
372 1178 1197 1201 
373 1179 1190 1192 
374 1179 1192 1198 
375 1189 1180 1194 
376 1180 1189 1202 
377 1194 1180 1200 
378 1181 1182 1183 
379 1181 1183 1184 
380 1181 1184 1199 
381 1184 1183 1185 
382 1185 1183 1192 
383 1184 1185 1186 
384 1184 1186 1197 
385 1186 1185 1187 
386 1187 1185 1188 
387 1188 1185 1192 
388 1186 1187 1191 
389 1186 1191 1201 
390 1197 1186 1201 
391 1187 1188 1189 
392 1187 1189 1194 
393 1191 1187 1194 
394 1190 1188 1192 
395 1189 1193 1202 
396 1191 1195 1201 
2 4 2 4
397 296 3 295 
398 297 3 296 
399 295 4 296 
400 296 5 297 
2 5 2 4
401 295 3 298 
402 298 4 295 
403 299 4 298 
404 298 6 299 
2 6 2 4
405 296 4 300 
406 301 5 296 
407 300 7 301 
408 301 296 300 
2 7 2 4
409 303 3 297 
410 302 3 303 
411 297 5 303 
412 8 302 303 
2 8 2 4
413 298 3 302 
414 304 6 298 
415 304 302 8 
416 298 302 304 
2 9 2 6
417 306 4 299 
418 6 1203 299 
419 305 1203 6 
420 306 305 9 
421 299 1203 306 
422 306 1203 305 
2 10 2 4
423 300 4 307 
424 308 7 300 
425 10 300 307 
426 308 300 10 
2 11 2 4
427 309 5 301 
428 7 310 301 
429 301 11 309 
430 310 11 301 
2 12 2 4
431 303 5 311 
432 312 8 303 
433 311 12 312 
434 303 311 312 
2 13 2 6
435 304 1204 6 
436 6 1204 313 
437 304 8 314 
438 313 1204 13 
439 13 1204 314 
440 314 1204 304 
2 14 2 6
441 305 6 315 
442 305 1205 9 
443 9 1205 316 
444 315 14 316 
445 315 1205 305 
446 316 1205 315 
2 15 2 4
447 317 4 306 
448 306 9 318 
449 318 15 317 
450 318 317 306 
2 16 2 4
451 307 4 317 
452 317 10 307 
453 319 10 317 
454 317 15 319 
2 17 2 6
455 320 7 308 
456 10 1206 308 
457 321 1206 10 
458 321 16 320 
459 308 1206 320 
460 320 1206 321 
2 18 2 4
461 322 5 309 
462 323 309 11 
463 323 17 322 
464 323 322 309 
2 19 2 4
465 310 7 324 
466 325 11 310 
467 324 18 325 
468 310 324 325 
2 20 2 6
469 5 1207 311 
470 322 1207 5 
471 326 12 311 
472 322 17 326 
473 311 1207 326 
474 326 1207 322 
2 21 2 4
475 328 8 312 
476 312 12 327 
477 327 19 312 
478 312 19 328 
2 22 2 6
479 313 1208 6 
480 6 1208 330 
481 313 13 329 
482 329 20 330 
483 329 1208 313 
484 330 1208 329 
2 23 2 4
485 314 8 331 
486 332 13 314 
487 331 21 332 
488 332 314 331 
2 24 2 6
489 315 6 330 
490 333 14 315 
491 20 1209 330 
492 333 1209 20 
493 330 1209 315 
494 315 1209 333 
2 25 2 4
495 335 9 316 
496 316 14 334 
497 334 22 335 
498 316 334 335 
2 26 2 4
499 318 9 336 
500 337 15 318 
501 336 23 337 
502 337 318 336 
2 27 2 4
503 338 10 319 
504 15 338 319 
505 339 338 15 
506 339 24 338 
2 28 2 4
507 340 7 320 
508 320 16 341 
509 320 25 340 
510 341 25 320 
2 29 2 4
511 10 338 321 
512 338 16 321 
513 342 16 338 
514 338 24 342 
2 30 2 4
515 323 11 344 
516 343 17 323 
517 344 26 343 
518 344 343 323 
2 31 2 4
519 324 7 346 
520 345 18 324 
521 324 27 345 
522 346 27 324 
2 32 2 4
523 11 325 344 
524 325 18 347 
525 325 26 344 
526 347 26 325 
2 33 2 6
527 349 12 326 
528 17 1210 326 
529 348 1210 17 
530 28 1210 348 
531 349 1210 28 
532 326 1210 349 
2 34 2 6
533 12 1211 327 
534 350 1211 12 
535 351 19 327 
536 351 350 29 
537 327 1211 351 
538 351 1211 350 
2 35 2 4
539 352 8 328 
540 19 352 328 
541 353 352 19 
542 353 30 352 
2 36 2 4
543 329 13 354 
544 355 20 329 
545 354 31 329 
546 329 31 355 
2 37 2 4
547 331 8 356 
548 356 21 331 
549 357 21 356 
550 357 356 32 
2 38 2 4
551 358 13 332 
552 359 332 21 
553 359 33 358 
554 359 358 332 
2 39 2 6
555 361 14 333 
556 20 1212 333 
557 360 1212 20 
558 360 34 361 
559 333 1212 361 
560 361 1212 360 
2 40 2 4
561 363 334 14 
562 363 22 334 
563 362 22 363 
564 363 35 362 
2 41 2 4
565 336 9 335 
566 335 22 364 
567 364 23 336 
568 336 335 364 
2 42 2 6
569 339 15 337 
570 23 365 337 
571 339 1213 24 
572 24 1213 365 
573 337 1213 339 
574 365 1213 337 
2 43 2 4
575 7 340 346 
576 340 25 366 
577 366 27 346 
578 340 366 346 
2 44 2 4
579 341 16 367 
580 25 341 367 
581 25 367 368 
582 368 367 36 
2 45 2 6
583 342 1214 16 
584 16 1214 367 
585 342 24 369 
586 367 1214 36 
587 36 1214 369 
588 369 1214 342 
2 46 2 4
589 370 17 343 
590 26 370 343 
591 371 370 26 
592 371 37 370 
2 47 2 4
593 372 18 345 
594 373 18 372 
595 345 27 372 
596 372 38 373 
2 48 2 4
597 347 18 374 
598 374 18 373 
599 26 347 374 
600 373 38 374 
2 49 2 4
601 348 17 376 
602 375 28 348 
603 376 39 375 
604 376 375 348 
2 50 2 4
605 378 12 349 
606 349 28 377 
607 377 40 378 
608 378 349 377 
2 51 2 6
609 350 12 378 
610 350 1215 29 
611 29 1215 379 
612 378 40 379 
613 378 1215 350 
614 379 1215 378 
2 52 2 4
615 353 19 351 
616 351 29 380 
617 380 30 353 
618 380 353 351 
2 53 2 6
619 356 8 352 
620 30 1216 352 
621 381 1216 30 
622 381 32 356 
623 352 1216 356 
624 356 1216 381 
2 54 2 6
625 13 1217 354 
626 358 1217 13 
627 354 1217 31 
628 31 1217 382 
629 358 33 382 
630 382 1217 358 
2 55 2 4
631 384 20 355 
632 355 31 383 
633 41 384 383 
634 383 384 355 
2 56 2 4
635 386 21 357 
636 357 32 386 
637 32 385 386 
638 386 385 42 
2 57 2 4
639 359 21 386 
640 386 33 359 
641 387 33 386 
642 386 42 387 
2 58 2 6
643 360 20 384 
644 360 1218 34 
645 34 1218 388 
646 388 384 41 
647 384 1218 360 
648 388 1218 384 
2 59 2 4
649 390 14 361 
650 361 34 389 
651 43 361 389 
652 390 361 43 
2 60 2 6
653 362 1219 22 
654 22 1219 392 
655 35 1219 362 
656 391 1219 35 
657 391 44 392 
658 392 1219 391 
2 61 2 4
659 363 14 390 
660 393 35 363 
661 390 43 393 
662 363 390 393 
2 62 2 6
663 22 1220 364 
664 392 1220 22 
665 364 1220 23 
666 23 1220 394 
667 392 44 394 
668 394 1220 392 
2 63 2 6
669 23 1221 365 
670 395 1221 23 
671 365 396 24 
672 395 45 396 
673 365 1221 396 
674 396 1221 395 
2 64 2 4
675 366 25 368 
676 397 27 366 
677 368 36 397 
678 368 397 366 
2 65 2 4
679 369 24 399 
680 398 36 369 
681 399 46 398 
682 399 398 369 
2 66 2 4
683 376 17 370 
684 370 37 400 
685 370 39 376 
686 400 39 370 
2 67 2 6
687 26 1222 371 
688 374 1222 26 
689 371 1222 37 
690 37 1222 401 
691 38 401 374 
692 401 1222 374 
2 68 2 4
693 372 27 402 
694 403 38 372 
695 403 402 47 
696 372 402 403 
2 69 2 6
697 405 28 375 
698 39 1223 375 
699 404 1223 39 
700 404 48 405 
701 375 1223 405 
702 405 1223 404 
2 70 2 4
703 377 28 407 
704 406 40 377 
705 407 49 406 
706 407 406 377 
2 71 2 4
707 409 29 379 
708 379 40 409 
709 409 40 408 
710 408 50 409 
2 72 2 4
711 380 29 411 
712 410 30 380 
713 411 51 410 
714 411 410 380 
2 73 2 6
715 30 1224 381 
716 412 1224 30 
717 381 1224 32 
718 32 1224 413 
719 412 52 413 
720 413 1224 412 
2 74 2 4
721 383 31 382 
722 414 382 33 
723 414 41 383 
724 383 382 414 
2 75 2 6
725 32 1225 385 
726 416 1225 32 
727 385 1225 42 
728 42 1225 415 
729 416 53 415 
730 415 1225 416 
2 76 2 6
731 387 1226 33 
732 33 1226 414 
733 417 41 414 
734 42 1226 387 
735 417 1226 42 
736 414 1226 417 
2 77 2 4
737 419 34 388 
738 388 41 418 
739 418 54 419 
740 388 418 419 
2 78 2 4
741 389 34 420 
742 420 34 419 
743 420 43 389 
744 54 420 419 
2 79 2 4
745 391 35 421 
746 422 44 391 
747 422 421 55 
748 391 421 422 
2 80 2 4
749 423 35 393 
750 393 43 424 
751 393 56 423 
752 424 56 393 
2 81 2 4
753 394 395 23 
754 394 44 425 
755 45 395 425 
756 425 395 394 
2 82 2 6
757 426 24 396 
758 45 1227 396 
759 427 1227 45 
760 426 1227 57 
761 57 1227 427 
762 396 1227 426 
2 83 2 4
763 428 27 397 
764 36 428 397 
765 429 428 36 
766 429 58 428 
2 84 2 4
767 429 36 398 
768 398 46 430 
769 430 58 429 
770 430 429 398 
2 85 2 4
771 399 24 426 
772 426 46 399 
773 431 46 426 
774 426 57 431 
2 86 2 6
775 37 1228 400 
776 432 1228 37 
777 400 1228 39 
778 39 1228 404 
779 432 48 404 
780 404 1228 432 
2 87 2 6
781 433 37 401 
782 434 401 38 
783 433 1229 59 
784 59 1229 434 
785 401 1229 433 
786 434 1229 401 
2 88 2 4
787 402 27 436 
788 435 47 402 
789 402 60 435 
790 436 60 402 
2 89 2 4
791 438 38 403 
792 403 47 437 
793 438 437 61 
794 403 437 438 
2 90 2 6
795 405 1230 28 
796 28 1230 407 
797 405 48 439 
798 407 1230 49 
799 49 1230 439 
800 439 1230 405 
2 91 2 6
801 406 1231 40 
802 40 1231 408 
803 49 1231 406 
804 440 1231 49 
805 440 50 408 
806 408 1231 440 
2 92 2 4
807 441 29 409 
808 409 50 442 
809 442 62 441 
810 442 441 409 
2 93 2 4
811 443 30 410 
812 410 51 444 
813 410 63 443 
814 444 63 410 
2 94 2 4
815 411 29 441 
816 411 441 51 
817 441 445 51 
818 62 445 441 
2 95 2 4
819 412 30 443 
820 446 52 412 
821 443 63 412 
822 412 63 446 
2 96 2 4
823 416 32 413 
824 413 52 447 
825 413 53 416 
826 447 53 413 
2 97 2 4
827 448 42 415 
828 449 415 53 
829 449 64 448 
830 448 415 449 
2 98 2 6
831 450 41 417 
832 42 1232 417 
833 448 1232 42 
834 448 64 450 
835 417 1232 450 
836 450 1232 448 
2 99 2 6
837 41 1233 418 
838 450 1233 41 
839 418 1233 54 
840 54 1233 451 
841 450 64 451 
842 451 1233 450 
2 100 2 4
843 453 43 420 
844 452 420 54 
845 65 420 452 
846 453 420 65 
2 101 2 4
847 421 35 455 
848 454 55 421 
849 455 66 454 
850 455 454 421 
2 102 2 6
851 422 1234 44 
852 44 1234 457 
853 422 55 456 
854 456 67 457 
855 456 1234 422 
856 457 1234 456 
2 103 2 4
857 455 35 423 
858 423 56 455 
859 455 56 458 
860 458 66 455 
2 104 2 4
861 424 43 453 
862 459 56 424 
863 65 459 453 
864 453 459 424 
2 105 2 4
865 425 44 457 
866 425 460 45 
867 67 460 457 
868 457 460 425 
2 106 2 6
869 427 45 461 
870 427 1235 57 
871 57 1235 462 
872 462 461 68 
873 461 1235 427 
874 462 1235 461 
2 107 2 4
875 27 428 436 
876 428 58 463 
877 428 60 436 
878 463 60 428 
2 108 2 4
879 430 46 464 
880 464 46 431 
881 431 57 464 
882 464 58 430 
2 109 2 4
883 432 37 433 
884 465 48 432 
885 433 59 465 
886 432 433 465 
2 110 2 6
887 38 1236 434 
888 438 1236 38 
889 466 59 434 
890 438 61 466 
891 434 1236 466 
892 466 1236 438 
2 111 2 4
893 468 47 435 
894 435 60 467 
895 467 69 468 
896 435 467 468 
2 112 2 6
897 47 1237 437 
898 469 1237 47 
899 61 437 470 
900 469 70 470 
901 437 1237 470 
902 470 1237 469 
2 113 2 6
903 472 439 48 
904 471 49 439 
905 471 1238 71 
906 71 1238 472 
907 439 1238 471 
908 472 1238 439 
2 114 2 4
909 440 49 473 
910 474 50 440 
911 473 72 474 
912 474 440 473 
2 115 2 4
913 50 476 442 
914 475 62 442 
915 476 73 475 
916 442 476 475 
2 116 2 4
917 444 51 477 
918 478 63 444 
919 477 74 478 
920 444 477 478 
2 117 2 4
921 480 51 445 
922 445 62 480 
923 480 62 479 
924 75 480 479 
2 118 2 4
925 481 52 446 
926 446 63 478 
927 478 74 481 
928 446 478 481 
2 119 2 4
929 447 52 483 
930 482 53 447 
931 76 482 483 
932 483 482 447 
2 120 2 4
933 449 53 484 
934 485 64 449 
935 484 77 485 
936 449 484 485 
2 121 2 6
937 487 54 451 
938 451 64 486 
939 78 1239 486 
940 487 1239 78 
941 486 1239 451 
942 451 1239 487 
2 122 2 6
943 54 1240 452 
944 487 1240 54 
945 488 65 452 
946 487 78 488 
947 452 1240 488 
948 488 1240 487 
2 123 2 6
949 454 1241 55 
950 55 1241 490 
951 454 66 489 
952 79 1241 489 
953 490 1241 79 
954 489 1241 454 
2 124 2 6
955 55 1242 456 
956 491 1242 55 
957 492 67 456 
958 80 1242 491 
959 492 1242 80 
960 456 1242 492 
2 125 2 6
961 56 1243 458 
962 459 1243 56 
963 459 65 493 
964 493 66 458 
965 458 1243 493 
966 493 1243 459 
2 126 2 6
967 460 1244 45 
968 45 1244 461 
969 67 1244 460 
970 494 1244 67 
971 494 68 461 
972 461 1244 494 
2 127 2 4
973 495 57 462 
974 462 68 496 
975 496 81 495 
976 496 495 462 
2 128 2 4
977 463 58 467 
978 467 58 497 
979 467 60 463 
980 497 69 467 
2 129 2 4
981 464 57 498 
982 497 58 464 
983 498 69 497 
984 497 464 498 
2 130 2 6
985 465 1245 48 
986 48 1245 500 
987 465 59 499 
988 82 1245 499 
989 500 1245 82 
990 499 1245 465 
2 131 2 6
991 502 59 466 
992 61 1246 466 
993 501 1246 61 
994 83 1246 501 
995 502 1246 83 
996 466 1246 502 
2 132 2 4
997 469 47 468 
998 468 69 503 
999 468 70 469 
1000 503 70 468 
2 133 2 4
1001 505 61 470 
1002 470 70 504 
1003 504 84 505 
1004 505 470 504 
2 134 2 4
1005 473 49 471 
1006 471 71 506 
1007 506 72 473 
1008 471 506 473 
2 135 2 4
1009 472 48 500 
1010 507 71 472 
1011 507 500 82 
1012 472 500 507 
2 136 2 4
1013 509 50 474 
1014 474 72 508 
1015 508 85 474 
1016 474 85 509 
2 137 2 6
1017 479 62 475 
1018 475 73 510 
1019 479 1247 75 
1020 75 1247 510 
1021 475 1247 479 
1022 510 1247 475 
2 138 2 6
1023 476 50 509 
1024 511 73 476 
1025 85 1248 509 
1026 511 1248 85 
1027 509 1248 476 
1028 476 1248 511 
2 139 2 4
1029 477 51 480 
1030 477 480 74 
1031 74 480 512 
1032 512 480 75 
2 140 2 4
1033 514 52 481 
1034 481 74 513 
1035 513 86 481 
1036 481 86 514 
2 141 2 4
1037 484 53 482 
1038 482 76 515 
1039 515 77 484 
1040 482 515 484 
2 142 2 4
1041 483 52 517 
1042 516 76 483 
1043 483 87 516 
1044 517 87 483 
2 143 2 4
1045 518 64 485 
1046 485 77 519 
1047 518 519 88 
1048 485 519 518 
2 144 2 4
1049 486 64 518 
1050 520 78 486 
1051 518 88 486 
1052 88 520 486 
2 145 2 4
1053 522 65 488 
1054 488 78 521 
1055 521 89 522 
1056 522 488 521 
2 146 2 4
1057 489 66 523 
1058 523 79 489 
1059 524 79 523 
1060 523 90 524 
2 147 2 4
1061 491 55 490 
1062 490 79 525 
1063 525 80 491 
1064 491 490 525 
2 148 2 6
1065 526 67 492 
1066 492 80 527 
1067 526 1249 91 
1068 91 1249 527 
1069 492 1249 526 
1070 527 1249 492 
2 149 2 4
1071 493 65 528 
1072 529 66 493 
1073 528 92 529 
1074 493 528 529 
2 150 2 4
1075 494 67 531 
1076 530 68 494 
1077 531 93 530 
1078 531 530 494 
2 151 2 6
1079 498 57 495 
1080 532 69 498 
1081 81 1250 495 
1082 532 1250 81 
1083 495 1250 498 
1084 498 1250 532 
2 152 2 6
1085 496 68 533 
1086 496 1251 81 
1087 81 1251 534 
1088 94 1251 533 
1089 534 1251 94 
1090 533 1251 496 
2 153 2 6
1091 499 59 535 
1092 536 82 499 
1093 95 1252 535 
1094 536 1252 95 
1095 535 1252 499 
1096 499 1252 536 
2 154 2 6
1097 61 1253 501 
1098 537 1253 61 
1099 538 83 501 
1100 537 96 538 
1101 501 1253 538 
1102 538 1253 537 
2 155 2 4
1103 535 59 502 
1104 502 83 539 
1105 539 95 535 
1106 502 539 535 
2 156 2 4
1107 503 69 540 
1108 540 69 532 
1109 540 70 503 
1110 532 81 540 
2 157 2 4
1111 504 70 542 
1112 541 84 504 
1113 542 97 541 
1114 542 541 504 
2 158 2 4
1115 537 61 505 
1116 505 84 543 
1117 543 96 537 
1118 505 543 537 
2 159 2 6
1119 506 71 544 
1120 506 1254 72 
1121 72 1254 545 
1122 98 1254 544 
1123 545 1254 98 
1124 544 1254 506 
2 160 2 4
1125 547 71 507 
1126 507 82 546 
1127 547 546 99 
1128 547 507 546 
2 161 2 4
1129 508 72 548 
1130 548 85 508 
1131 549 85 548 
1132 548 100 549 
2 162 2 4
1133 510 73 550 
1134 550 75 510 
1135 551 75 550 
1136 550 101 551 
2 163 2 4
1137 552 73 511 
1138 511 85 549 
1139 549 100 552 
1140 511 549 552 
2 164 2 4
1141 554 74 512 
1142 512 75 553 
1143 553 102 512 
1144 512 102 554 
2 165 2 4
1145 74 554 513 
1146 555 86 513 
1147 513 554 102 
1148 513 102 555 
2 166 2 4
1149 557 52 514 
1150 514 86 557 
1151 557 86 556 
1152 556 103 557 
2 167 2 4
1153 515 76 559 
1154 559 76 558 
1155 559 77 515 
1156 559 558 104 
2 168 2 4
1157 76 516 561 
1158 516 87 560 
1159 560 105 561 
1160 561 516 560 
2 169 2 4
1161 517 52 557 
1162 517 557 87 
1163 87 557 562 
1164 557 103 562 
2 170 2 6
1165 519 77 563 
1166 88 519 564 
1167 106 1255 563 
1168 564 1255 106 
1169 563 1255 519 
1170 519 1255 564 
2 171 2 4
1171 565 78 520 
1172 521 78 565 
1173 565 520 88 
1174 565 89 521 
2 172 2 4
1175 567 65 522 
1176 522 89 566 
1177 107 522 566 
1178 567 522 107 
2 173 2 4
1179 523 66 529 
1180 568 90 523 
1181 529 92 568 
1182 529 568 523 
2 174 2 6
1183 79 524 570 
1184 90 1256 524 
1185 569 1256 90 
1186 569 108 570 
1187 524 1256 570 
1188 570 1256 569 
2 175 2 4
1189 525 79 570 
1190 571 80 525 
1191 570 108 571 
1192 570 571 525 
2 176 2 6
1193 531 67 526 
1194 91 1257 526 
1195 572 1257 91 
1196 531 1257 93 
1197 93 1257 572 
1198 526 1257 531 
2 177 2 4
1199 527 80 573 
1200 527 574 91 
1201 109 574 573 
1202 573 574 527 
2 178 2 6
1203 528 65 567 
1204 575 92 528 
1205 107 1258 567 
1206 575 1258 107 
1207 567 1258 528 
1208 528 1258 575 
2 179 2 6
1209 530 1259 68 
1210 68 1259 577 
1211 530 93 576 
1212 576 110 577 
1213 576 1259 530 
1214 577 1259 576 
2 180 2 6
1215 533 68 577 
1216 578 94 533 
1217 110 1260 577 
1218 578 1260 110 
1219 577 1260 533 
1220 533 1260 578 
2 181 2 6
1221 534 1261 81 
1222 81 1261 580 
1223 94 1261 534 
1224 579 1261 94 
1225 579 97 580 
1226 580 1261 579 
2 182 2 6
1227 536 1262 82 
1228 82 1262 582 
1229 95 1262 536 
1230 581 1262 95 
1231 581 111 582 
1232 582 1262 581 
2 183 2 4
1233 584 83 538 
1234 538 96 583 
1235 583 112 584 
1236 584 538 583 
2 184 2 6
1237 83 1263 539 
1238 585 1263 83 
1239 586 95 539 
1240 585 113 586 
1241 539 1263 586 
1242 586 1263 585 
2 185 2 6
1243 540 1264 70 
1244 70 1264 542 
1245 540 81 580 
1246 542 1264 97 
1247 97 1264 580 
1248 580 1264 540 
2 186 2 4
1249 588 84 541 
1250 541 97 587 
1251 587 114 588 
1252 588 541 587 
2 187 2 6
1253 84 1265 543 
1254 588 1265 84 
1255 96 543 589 
1256 588 114 589 
1257 543 1265 589 
1258 589 1265 588 
2 188 2 6
1259 544 71 547 
1260 544 1266 98 
1261 98 1266 590 
1262 99 1266 547 
1263 590 1266 99 
1264 547 1266 544 
2 189 2 4
1265 592 72 545 
1266 545 98 592 
1267 592 98 591 
1268 115 592 591 
2 190 2 6
1269 546 82 582 
1270 546 1267 99 
1271 99 1267 593 
1272 111 593 582 
1273 582 1267 546 
1274 593 1267 582 
2 191 2 4
1275 548 72 592 
1276 594 100 548 
1277 115 594 592 
1278 592 594 548 
2 192 2 4
1279 550 73 595 
1280 596 101 550 
1281 595 116 596 
1282 550 595 596 
2 193 2 6
1283 551 1268 75 
1284 75 1268 553 
1285 101 1268 551 
1286 597 1268 101 
1287 597 102 553 
1288 553 1268 597 
2 194 2 4
1289 552 598 73 
1290 73 598 599 
1291 552 100 598 
1292 598 117 599 
2 195 2 4
1293 600 86 555 
1294 597 101 600 
1295 555 102 600 
1296 600 102 597 
2 196 2 6
1297 600 556 86 
1298 600 101 601 
1299 556 1269 103 
1300 103 1269 601 
1301 600 1269 556 
1302 601 1269 600 
2 197 2 4
1303 558 76 561 
1304 561 104 558 
1305 602 104 561 
1306 561 105 602 
2 198 2 4
1307 603 77 559 
1308 559 104 604 
1309 559 118 603 
1310 604 118 559 
2 199 2 4
1311 560 87 562 
1312 562 103 560 
1313 560 103 605 
1314 605 105 560 
2 200 2 4
1315 563 77 603 
1316 606 106 563 
1317 603 118 606 
1318 606 563 603 
2 201 2 4
1319 608 88 564 
1320 564 106 607 
1321 607 119 608 
1322 564 607 608 
2 202 2 4
1323 565 88 608 
1324 609 89 565 
1325 609 608 119 
1326 565 608 609 
2 203 2 6
1327 89 1270 566 
1328 610 1270 89 
1329 566 1270 107 
1330 107 1270 611 
1331 610 120 611 
1332 611 1270 610 
2 204 2 4
1333 613 90 568 
1334 568 92 612 
1335 568 612 121 
1336 613 568 121 
2 205 2 6
1337 90 615 569 
1338 569 1271 108 
1339 108 1271 614 
1340 614 615 122 
1341 615 1271 569 
1342 614 1271 615 
2 206 2 6
1343 571 1272 80 
1344 80 1272 573 
1345 108 616 571 
1346 573 1272 109 
1347 109 1272 616 
1348 616 1272 571 
2 207 2 4
1349 572 91 617 
1350 617 91 574 
1351 93 572 617 
1352 617 574 109 
2 208 2 4
1353 618 92 575 
1354 612 92 618 
1355 575 107 618 
1356 121 612 618 
2 209 2 6
1357 93 1273 576 
1358 619 1273 93 
1359 620 110 576 
1360 123 1273 619 
1361 620 1273 123 
1362 576 1273 620 
2 210 2 4
1363 94 578 622 
1364 578 110 621 
1365 621 124 622 
1366 622 578 621 
2 211 2 4
1367 579 94 623 
1368 587 97 579 
1369 623 114 587 
1370 587 579 623 
2 212 2 4
1371 625 581 95 
1372 624 111 581 
1373 581 125 624 
1374 625 125 581 
2 213 2 4
1375 583 96 627 
1376 626 112 583 
1377 627 126 626 
1378 627 626 583 
2 214 2 4
1379 585 83 584 
1380 584 112 628 
1381 584 113 585 
1382 628 113 584 
2 215 2 4
1383 629 95 586 
1384 586 113 630 
1385 630 127 629 
1386 630 629 586 
2 216 2 6
1387 589 1274 96 
1388 96 1274 627 
1389 589 114 631 
1390 627 1274 126 
1391 126 1274 631 
1392 631 1274 589 
2 217 2 4
1393 632 98 590 
1394 590 99 633 
1395 633 128 632 
1396 633 632 590 
2 218 2 4
1397 591 98 632 
1398 634 115 591 
1399 632 128 634 
1400 634 591 632 
2 219 2 6
1401 593 636 99 
1402 111 1275 593 
1403 635 1275 111 
1404 635 129 636 
1405 593 1275 636 
1406 636 1275 635 
2 220 2 4
1407 594 637 100 
1408 100 637 638 
1409 594 115 637 
1410 637 130 638 
2 221 2 6
1411 595 73 599 
1412 639 116 595 
1413 117 1276 599 
1414 639 1276 117 
1415 599 1276 595 
1416 595 1276 639 
2 222 2 4
1417 641 101 596 
1418 596 116 641 
1419 641 116 640 
1420 640 131 641 
2 223 2 4
1421 598 100 638 
1422 642 117 598 
1423 638 130 598 
1424 598 130 642 
2 224 2 4
1425 601 101 643 
1426 643 103 601 
1427 605 103 643 
1428 643 105 605 
2 225 2 6
1429 602 1277 104 
1430 104 1277 644 
1431 602 105 645 
1432 644 1277 132 
1433 132 1277 645 
1434 645 1277 602 
2 226 2 4
1435 604 104 646 
1436 646 104 644 
1437 646 118 604 
1438 644 132 646 
2 227 2 4
1439 647 106 606 
1440 606 118 648 
1441 648 133 647 
1442 648 647 606 
2 228 2 4
1443 607 106 649 
1444 650 119 607 
1445 649 134 650 
1446 650 607 649 
2 229 2 4
1447 651 89 609 
1448 652 609 119 
1449 651 609 135 
1450 135 609 652 
2 230 2 4
1451 610 89 653 
1452 653 120 610 
1453 654 120 653 
1454 654 653 136 
2 231 2 4
1455 656 107 611 
1456 611 120 656 
1457 656 120 655 
1458 655 137 656 
2 232 2 4
1459 613 658 90 
1460 613 121 657 
1461 657 138 658 
1462 657 658 613 
2 233 2 4
1463 660 108 614 
1464 614 122 660 
1465 660 122 659 
1466 659 139 660 
2 234 2 4
1467 90 658 615 
1468 661 122 615 
1469 658 138 661 
1470 615 658 661 
2 235 2 6
1471 616 108 662 
1472 663 109 616 
1473 140 1278 662 
1474 663 1278 140 
1475 662 1278 616 
1476 616 1278 663 
2 236 2 4
1477 619 93 617 
1478 617 109 664 
1479 619 617 123 
1480 123 617 664 
2 237 2 4
1481 618 107 656 
1482 665 121 618 
1483 137 618 656 
1484 665 618 137 
2 238 2 4
1485 666 110 620 
1486 620 123 667 
1487 620 141 666 
1488 667 141 620 
2 239 2 4
1489 621 110 668 
1490 621 669 124 
1491 142 669 668 
1492 668 669 621 
2 240 2 6
1493 671 94 622 
1494 124 1279 622 
1495 670 1279 124 
1496 671 670 143 
1497 622 1279 671 
1498 671 1279 670 
2 241 2 4
1499 623 94 671 
1500 672 114 623 
1501 671 143 672 
1502 623 671 672 
2 242 2 4
1503 674 111 624 
1504 624 125 673 
1505 673 144 674 
1506 624 673 674 
2 243 2 4
1507 625 95 629 
1508 629 125 625 
1509 675 125 629 
1510 629 127 675 
2 244 2 6
1511 626 1280 112 
1512 112 1280 677 
1513 126 1280 626 
1514 676 1280 126 
1515 676 145 677 
1516 677 1280 676 
2 245 2 4
1517 628 112 678 
1518 678 112 677 
1519 628 678 113 
1520 677 145 678 
2 246 2 4
1521 630 113 679 
1522 630 679 127 
1523 127 679 680 
1524 679 146 680 
2 247 2 6
1525 631 114 681 
1526 682 126 631 
1527 147 1281 681 
1528 682 1281 147 
1529 681 1281 631 
1530 631 1281 682 
2 248 2 4
1531 99 636 633 
1532 683 128 633 
1533 636 129 683 
1534 633 636 683 
2 249 2 6
1535 685 115 634 
1536 128 1282 634 
1537 684 1282 128 
1538 684 148 685 
1539 634 1282 685 
1540 685 1282 684 
2 250 2 4
1541 111 686 635 
1542 635 686 129 
1543 129 686 687 
1544 686 149 687 
2 251 2 6
1545 637 115 688 
1546 689 130 637 
1547 150 1283 688 
1548 689 1283 150 
1549 688 1283 637 
1550 637 1283 689 
2 252 2 6
1551 639 1284 116 
1552 116 1284 691 
1553 639 117 690 
1554 690 151 691 
1555 690 1284 639 
1556 691 1284 690 
2 253 2 4
1557 640 116 691 
1558 691 131 640 
1559 692 131 691 
1560 151 692 691 
2 254 2 4
1561 643 101 641 
1562 693 105 643 
1563 641 131 693 
1564 643 641 693 
2 255 2 4
1565 695 117 642 
1566 642 130 694 
1567 694 152 695 
1568 642 694 695 
2 256 2 4
1569 645 105 696 
1570 697 132 645 
1571 696 153 697 
1572 645 696 697 
2 257 2 6
1573 646 1285 118 
1574 118 1285 699 
1575 646 132 698 
1576 154 1285 698 
1577 699 1285 154 
1578 698 1285 646 
2 258 2 4
1579 649 106 647 
1580 647 133 649 
1581 649 133 700 
1582 700 134 649 
2 259 2 4
1583 648 118 699 
1584 701 133 648 
1585 699 154 701 
1586 701 648 699 
2 260 2 6
1587 703 119 650 
1588 134 1286 650 
1589 702 1286 134 
1590 703 702 155 
1591 650 1286 703 
1592 703 1286 702 
2 261 2 6
1593 653 89 651 
1594 135 1287 651 
1595 704 1287 135 
1596 704 136 653 
1597 651 1287 653 
1598 653 1287 704 
2 262 2 4
1599 652 119 705 
1600 135 652 705 
1601 706 135 705 
1602 705 156 706 
2 263 2 4
1603 707 120 654 
1604 655 120 707 
1605 654 136 707 
1606 707 137 655 
2 264 2 6
1607 657 121 709 
1608 708 138 657 
1609 708 1288 157 
1610 157 1288 709 
1611 657 1288 708 
1612 709 1288 657 
2 265 2 4
1613 122 710 659 
1614 661 710 122 
1615 661 138 710 
1616 659 710 139 
2 266 2 4
1617 662 108 660 
1618 711 660 139 
1619 711 140 662 
1620 662 660 711 
2 267 2 4
1621 713 109 663 
1622 663 140 712 
1623 713 712 158 
1624 663 712 713 
2 268 2 4
1625 664 109 713 
1626 714 123 664 
1627 713 158 714 
1628 714 664 713 
2 269 2 4
1629 709 121 665 
1630 665 137 715 
1631 157 709 715 
1632 715 709 665 
2 270 2 4
1633 668 110 666 
1634 666 141 668 
1635 668 141 716 
1636 716 142 668 
2 271 2 4
1637 667 123 717 
1638 717 123 714 
1639 717 141 667 
1640 714 158 717 
2 272 2 4
1641 718 124 669 
1642 669 142 719 
1643 669 159 718 
1644 719 159 669 
2 273 2 4
1645 670 124 721 
1646 721 143 670 
1647 720 143 721 
1648 721 160 720 
2 274 2 4
1649 681 114 672 
1650 672 143 722 
1651 722 147 681 
1652 722 681 672 
2 275 2 4
1653 675 673 125 
1654 675 127 723 
1655 144 673 723 
1656 723 673 675 
2 276 2 6
1657 725 111 674 
1658 144 1289 674 
1659 724 1289 144 
1660 161 1289 724 
1661 725 1289 161 
1662 674 1289 725 
2 277 2 4
1663 676 126 726 
1664 727 145 676 
1665 726 162 727 
1666 727 676 726 
2 278 2 4
1667 679 113 678 
1668 678 145 728 
1669 728 146 679 
1670 728 679 678 
2 279 2 4
1671 730 127 680 
1672 680 146 730 
1673 730 146 729 
1674 729 163 730 
2 280 2 4
1675 726 126 682 
1676 731 682 147 
1677 731 162 726 
1678 726 682 731 
2 281 2 4
1679 733 128 683 
1680 683 129 732 
1681 732 164 733 
1682 683 732 733 
2 282 2 6
1683 128 733 684 
1684 684 1290 148 
1685 148 1290 734 
1686 734 733 164 
1687 733 1290 684 
1688 734 1290 733 
2 283 2 6
1689 688 115 685 
1690 685 148 735 
1691 688 1291 150 
1692 150 1291 735 
1693 685 1291 688 
1694 735 1291 685 
2 284 2 4
1695 686 111 725 
1696 736 149 686 
1697 725 161 686 
1698 686 161 736 
2 285 2 4
1699 732 129 687 
1700 687 149 732 
1701 732 149 737 
1702 737 164 732 
2 286 2 6
1703 689 1292 130 
1704 130 1292 694 
1705 738 689 150 
1706 738 152 694 
1707 738 1292 689 
1708 694 1292 738 
2 287 2 6
1709 117 1293 690 
1710 695 1293 117 
1711 739 151 690 
1712 152 1293 695 
1713 739 1293 152 
1714 690 1293 739 
2 288 2 4
1715 741 131 692 
1716 692 151 741 
1717 741 151 740 
1718 740 165 741 
2 289 2 4
1719 696 105 693 
1720 693 131 742 
1721 693 153 696 
1722 693 742 153 
2 290 2 4
1723 743 132 697 
1724 697 153 744 
1725 166 743 744 
1726 744 743 697 
2 291 2 4
1727 698 132 745 
1728 746 154 698 
1729 745 167 746 
1730 746 698 745 
2 292 2 4
1731 700 133 747 
1732 747 134 700 
1733 748 134 747 
1734 747 168 748 
2 293 2 4
1735 749 133 701 
1736 701 154 750 
1737 750 169 749 
1738 750 749 701 
2 294 2 4
1739 702 134 751 
1740 751 155 702 
1741 752 155 751 
1742 751 170 752 
2 295 2 4
1743 705 119 703 
1744 703 155 753 
1745 753 156 705 
1746 753 705 703 
2 296 2 4
1747 704 135 754 
1748 754 136 704 
1749 755 136 754 
1750 754 157 755 
2 297 2 4
1751 754 135 706 
1752 156 754 706 
1753 756 754 156 
1754 756 157 754 
2 298 2 4
1755 707 136 755 
1756 715 137 707 
1757 755 157 715 
1758 715 707 755 
2 299 2 6
1759 758 138 708 
1760 157 1294 708 
1761 757 1294 157 
1762 757 171 758 
1763 708 1294 758 
1764 758 1294 757 
2 300 2 6
1765 138 1295 710 
1766 760 1295 138 
1767 759 139 710 
1768 760 172 759 
1769 710 1295 759 
1770 759 1295 760 
2 301 2 4
1771 711 139 761 
1772 140 711 762 
1773 173 711 761 
1774 762 711 173 
2 302 2 4
1775 712 140 763 
1776 158 712 763 
1777 763 764 158 
1778 174 764 763 
2 303 2 4
1779 716 141 765 
1780 716 765 142 
1781 142 765 766 
1782 766 765 174 
2 304 2 4
1783 765 141 717 
1784 717 158 764 
1785 174 765 764 
1786 764 765 717 
2 305 2 4
1787 124 718 721 
1788 718 159 767 
1789 767 160 721 
1790 721 718 767 
2 306 2 4
1791 719 142 769 
1792 769 159 719 
1793 768 159 769 
1794 769 175 768 
2 307 2 6
1795 720 771 143 
1796 160 1296 720 
1797 770 1296 160 
1798 162 771 770 
1799 720 1296 771 
1800 771 1296 770 
2 308 2 4
1801 143 771 722 
1802 771 147 722 
1803 731 147 771 
1804 731 771 162 
2 309 2 4
1805 723 127 730 
1806 723 730 144 
1807 144 730 772 
1808 730 163 772 
2 310 2 4
1809 144 774 724 
1810 773 161 724 
1811 724 176 773 
1812 774 176 724 
2 311 2 4
1813 776 145 727 
1814 727 162 775 
1815 775 177 727 
1816 727 177 776 
2 312 2 4
1817 728 145 777 
1818 777 146 728 
1819 729 146 777 
1820 777 163 729 
2 313 2 4
1821 779 148 734 
1822 734 164 779 
1823 779 164 778 
1824 778 178 779 
2 314 2 6
1825 148 1297 735 
1826 780 1297 148 
1827 781 150 735 
1828 780 179 781 
1829 735 1297 781 
1830 781 1297 780 
2 315 2 6
1831 736 1298 149 
1832 149 1298 783 
1833 736 161 782 
1834 782 180 783 
1835 782 1298 736 
1836 783 1298 782 
2 316 2 4
1837 149 784 737 
1838 783 784 149 
1839 784 164 737 
1840 783 180 784 
2 317 2 4
1841 738 150 785 
1842 786 152 738 
1843 785 181 786 
1844 738 785 786 
2 318 2 4
1845 788 151 739 
1846 739 152 787 
1847 787 182 788 
1848 739 787 788 
2 319 2 4
1849 740 151 789 
1850 789 165 740 
1851 790 165 789 
1852 790 789 183 
2 320 2 4
1853 742 131 741 
1854 153 742 791 
1855 741 165 791 
1856 791 742 741 
2 321 2 4
1857 745 132 743 
1858 792 743 166 
1859 792 167 745 
1860 745 743 792 
2 322 2 4
1861 744 153 791 
1862 791 165 793 
1863 793 166 744 
1864 793 744 791 
2 323 2 4
1865 750 154 746 
1866 746 167 794 
1867 794 169 750 
1868 794 750 746 
2 324 2 4
1869 747 133 749 
1870 795 168 747 
1871 749 169 747 
1872 747 169 795 
2 325 2 4
1873 751 134 748 
1874 748 168 751 
1875 751 168 796 
1876 796 170 751 
2 326 2 4
1877 798 155 752 
1878 752 170 797 
1879 797 171 798 
1880 798 752 797 
2 327 2 4
1881 753 155 798 
1882 156 753 799 
1883 798 171 799 
1884 799 753 798 
2 328 2 4
1885 756 156 799 
1886 757 157 756 
1887 799 171 757 
1888 757 756 799 
2 329 2 4
1889 760 138 758 
1890 758 171 800 
1891 760 758 172 
1892 172 758 800 
2 330 2 4
1893 801 139 759 
1894 802 759 172 
1895 759 184 801 
1896 759 802 184 
2 331 2 4
1897 761 139 803 
1898 804 173 761 
1899 803 185 804 
1900 804 761 803 
2 332 2 4
1901 806 140 762 
1902 762 173 806 
1903 806 173 805 
1904 805 186 806 
2 333 2 4
1905 763 140 806 
1906 807 174 763 
1907 806 186 807 
1908 763 806 807 
2 334 2 4
1909 808 142 766 
1910 809 766 174 
1911 809 187 808 
1912 808 766 809 
2 335 2 4
1913 767 159 768 
1914 810 160 767 
1915 768 175 767 
1916 767 175 810 
2 336 2 4
1917 769 142 811 
1918 812 175 769 
1919 811 188 769 
1920 769 188 812 
2 337 2 4
1921 770 160 814 
1922 813 162 770 
1923 770 189 813 
1924 814 189 770 
2 338 2 4
1925 774 144 772 
1926 772 163 815 
1927 815 176 774 
1928 815 774 772 
2 339 2 4
1929 782 161 773 
1930 773 176 782 
1931 782 176 816 
1932 816 180 782 
2 340 2 6
1933 775 162 817 
1934 775 1299 177 
1935 177 1299 818 
1936 817 190 818 
1937 817 1299 775 
1938 818 1299 817 
2 341 2 4
1939 820 145 776 
1940 776 177 820 
1941 820 177 819 
1942 819 191 820 
2 342 2 4
1943 777 145 820 
1944 821 163 777 
1945 820 191 821 
1946 820 821 777 
2 343 2 4
1947 778 164 822 
1948 822 178 778 
1949 823 178 822 
1950 822 192 823 
2 344 2 4
1951 825 148 779 
1952 779 178 824 
1953 824 193 825 
1954 779 824 825 
2 345 2 6
1955 148 1300 780 
1956 825 1300 148 
1957 780 1300 179 
1958 179 1300 826 
1959 825 193 826 
1960 826 1300 825 
2 346 2 4
1961 785 150 781 
1962 781 179 827 
1963 781 181 785 
1964 827 181 781 
2 347 2 4
1965 822 164 784 
1966 784 180 828 
1967 828 192 822 
1968 828 822 784 
2 348 2 4
1969 830 152 786 
1970 786 181 829 
1971 829 194 830 
1972 786 829 830 
2 349 2 6
1973 787 152 830 
1974 787 1301 182 
1975 182 1301 831 
1976 194 1301 830 
1977 831 1301 194 
1978 830 1301 787 
2 350 2 4
1979 789 151 788 
1980 832 788 182 
1981 789 832 183 
1982 789 788 832 
2 351 2 4
1983 834 165 790 
1984 790 183 834 
1985 834 183 833 
1986 834 833 195 
2 352 2 4
1987 792 166 835 
1988 835 167 792 
1989 836 167 835 
1990 835 196 836 
2 353 2 4
1991 793 165 838 
1992 837 166 793 
1993 838 197 837 
1994 838 837 793 
2 354 2 4
1995 836 794 167 
1996 839 169 794 
1997 836 196 839 
1998 839 794 836 
2 355 2 6
1999 795 1302 168 
2000 168 1302 840 
2001 169 1302 795 
2002 839 1302 169 
2003 839 196 840 
2004 840 1302 839 
2 356 2 6
2005 168 1303 796 
2006 842 1303 168 
2007 796 1303 170 
2008 170 1303 841 
2009 842 198 841 
2010 841 1303 842 
2 357 2 4
2011 797 170 843 
2012 844 171 797 
2013 843 199 844 
2014 844 797 843 
2 358 2 6
2015 171 1304 800 
2016 844 1304 171 
2017 845 172 800 
2018 844 199 845 
2019 800 1304 845 
2020 845 1304 844 
2 359 2 4
2021 846 139 801 
2022 801 184 847 
2023 847 200 846 
2024 847 846 801 
2 360 2 4
2025 802 172 849 
2026 849 172 848 
2027 849 184 802 
2028 849 848 201 
2 361 2 6
2029 803 139 846 
2030 803 1305 185 
2031 185 1305 850 
2032 200 1305 846 
2033 850 1305 200 
2034 846 1305 803 
2 362 2 4
2035 805 173 804 
2036 804 185 851 
2037 804 186 805 
2038 851 186 804 
2 363 2 4
2039 853 174 807 
2040 807 186 852 
2041 202 807 852 
2042 853 807 202 
2 364 2 4
2043 811 142 808 
2044 808 187 854 
2045 854 188 811 
2046 854 811 808 
2 365 2 4
2047 809 174 855 
2048 855 187 809 
2049 856 187 855 
2050 855 203 856 
2 366 2 4
2051 858 160 810 
2052 810 175 857 
2053 857 204 858 
2054 810 857 858 
2 367 2 4
2055 860 175 812 
2056 812 188 859 
2057 859 205 860 
2058 860 812 859 
2 368 2 6
2059 817 162 813 
2060 189 1306 813 
2061 861 1306 189 
2062 861 190 817 
2063 813 1306 817 
2064 817 1306 861 
2 369 2 6
2065 814 160 858 
2066 814 1307 189 
2067 189 1307 862 
2068 858 204 862 
2069 858 1307 814 
2070 862 1307 858 
2 370 2 4
2071 815 163 863 
2072 816 176 815 
2073 863 180 816 
2074 816 815 863 
2 371 2 4
2075 819 177 818 
2076 818 190 864 
2077 818 191 819 
2078 864 191 818 
2 372 2 4
2079 865 163 821 
2080 821 191 866 
2081 206 865 821 
2082 866 206 821 
2 373 2 4
2083 867 178 823 
2084 824 178 867 
2085 192 867 823 
2086 824 867 193 
2 374 2 4
2087 869 179 826 
2088 193 868 826 
2089 869 868 207 
2090 826 868 869 
2 375 2 6
2091 179 1308 827 
2092 870 1308 179 
2093 827 1308 181 
2094 181 1308 829 
2095 194 829 870 
2096 829 1308 870 
2 376 2 4
2097 828 180 872 
2098 871 192 828 
2099 828 208 871 
2100 872 208 828 
2 377 2 4
2101 874 182 831 
2102 831 194 874 
2103 874 194 873 
2104 873 207 874 
2 378 2 6
2105 182 1309 832 
2106 875 1309 182 
2107 183 832 876 
2108 209 1309 875 
2109 876 1309 209 
2110 832 1309 876 
2 379 2 4
2111 833 183 877 
2112 877 183 876 
2113 195 833 877 
2114 876 209 877 
2 380 2 4
2115 838 165 834 
2116 878 834 195 
2117 878 197 838 
2118 838 834 878 
2 381 2 4
2119 835 166 879 
2120 880 196 835 
2121 210 835 879 
2122 880 835 210 
2 382 2 4
2123 879 166 837 
2124 197 881 837 
2125 879 881 210 
2126 837 881 879 
2 383 2 4
2127 842 168 840 
2128 840 196 882 
2129 882 198 842 
2130 842 840 882 
2 384 2 4
2131 843 170 841 
2132 841 198 883 
2133 883 199 843 
2134 883 843 841 
2 385 2 4
2135 172 845 848 
2136 845 199 884 
2137 845 201 848 
2138 884 201 845 
2 386 2 4
2139 847 184 886 
2140 885 200 847 
2141 886 211 885 
2142 886 885 847 
2 387 2 4
2143 886 184 849 
2144 849 201 887 
2145 849 211 886 
2146 887 211 849 
2 388 2 6
2147 850 1310 185 
2148 185 1310 889 
2149 850 200 888 
2150 212 889 888 
2151 888 1310 850 
2152 889 1310 888 
2 389 2 6
2153 185 1311 851 
2154 890 1311 185 
2155 891 186 851 
2156 891 890 213 
2157 851 1311 891 
2158 891 1311 890 
2 390 2 4
2159 852 186 892 
2160 892 202 852 
2161 893 202 892 
2162 892 214 893 
2 391 2 6
2163 855 174 853 
2164 202 1312 853 
2165 894 1312 202 
2166 894 203 855 
2167 853 1312 855 
2168 855 1312 894 
2 392 2 4
2169 854 187 895 
2170 895 187 856 
2171 854 895 188 
2172 856 203 895 
2 393 2 4
2173 860 857 175 
2174 896 204 857 
2175 860 205 857 
2176 857 205 896 
2 394 2 4
2177 859 188 897 
2178 898 205 859 
2179 215 898 897 
2180 898 859 897 
2 395 2 4
2181 861 189 862 
2182 899 190 861 
2183 862 204 899 
2184 861 862 899 
2 396 2 4
2185 863 163 900 
2186 900 163 865 
2187 900 180 863 
2188 900 865 206 
2 397 2 6
2189 190 1313 864 
2190 901 1313 190 
2191 864 1313 191 
2192 191 1313 902 
2193 901 216 902 
2194 902 1313 901 
2 398 2 4
2195 866 191 903 
2196 903 206 866 
2197 904 206 903 
2198 903 217 904 
2 399 2 4
2199 867 192 905 
2200 906 193 867 
2201 905 218 906 
2202 867 905 906 
2 400 2 4
2203 868 193 907 
2204 907 207 868 
2205 907 908 207 
2206 908 907 209 
2 401 2 4
2207 870 179 869 
2208 873 194 870 
2209 869 207 873 
2210 873 870 869 
2 402 2 4
2211 909 192 871 
2212 871 208 910 
2213 910 219 909 
2214 910 909 871 
2 403 2 4
2215 872 180 900 
2216 900 206 911 
2217 911 208 872 
2218 872 900 911 
2 404 2 4
2219 875 182 874 
2220 874 207 908 
2221 874 209 875 
2222 908 209 874 
2 405 2 6
2223 912 195 877 
2224 209 1314 877 
2225 913 1314 209 
2226 912 1314 220 
2227 220 1314 913 
2228 877 1314 912 
2 406 2 4
2229 878 195 915 
2230 914 197 878 
2231 878 221 914 
2232 915 221 878 
2 407 2 6
2233 880 1315 196 
2234 196 1315 882 
2235 916 198 882 
2236 210 1315 880 
2237 916 1315 210 
2238 882 1315 916 
2 408 2 4
2239 881 197 917 
2240 917 210 881 
2241 918 210 917 
2242 917 222 918 
2 409 2 4
2243 883 198 919 
2244 920 199 883 
2245 919 223 883 
2246 883 223 920 
2 410 2 6
2247 884 199 922 
2248 884 1316 201 
2249 201 1316 921 
2250 922 224 921 
2251 922 1316 884 
2252 921 1316 922 
2 411 2 6
2253 885 1317 200 
2254 200 1317 924 
2255 885 211 923 
2256 225 1317 923 
2257 924 1317 225 
2258 923 1317 885 
2 412 2 6
2259 201 1318 887 
2260 921 1318 201 
2261 887 1318 211 
2262 211 1318 925 
2263 921 224 925 
2264 925 1318 921 
2 413 2 4
2265 888 200 924 
2266 926 212 888 
2267 924 225 888 
2268 888 225 926 
2 414 2 6
2269 928 185 889 
2270 212 1319 889 
2271 927 1319 212 
2272 928 927 226 
2273 889 1319 928 
2274 928 1319 927 
2 415 2 6
2275 890 185 928 
2276 890 1320 213 
2277 213 1320 929 
2278 928 226 929 
2279 928 1320 890 
2280 929 1320 928 
2 416 2 4
2281 892 186 891 
2282 891 213 930 
2283 930 214 892 
2284 930 892 891 
2 417 2 4
2285 931 202 893 
2286 214 931 893 
2287 932 931 214 
2288 215 931 932 
2 418 2 4
2289 894 202 931 
2290 931 203 894 
2291 933 203 931 
2292 933 931 215 
2 419 2 6
2293 895 1321 188 
2294 188 1321 897 
2295 203 1321 895 
2296 933 1321 203 
2297 933 215 897 
2298 897 1321 933 
2 420 2 4
2299 896 934 204 
2300 896 205 934 
2301 934 205 898 
2302 898 215 934 
2 421 2 6
2303 935 190 899 
2304 204 1322 899 
2305 936 1322 204 
2306 936 227 935 
2307 899 1322 935 
2308 935 1322 936 
2 422 2 4
2309 901 190 937 
2310 938 216 901 
2311 937 228 938 
2312 938 901 937 
2 423 2 6
2313 903 191 902 
2314 216 1323 902 
2315 939 1323 216 
2316 903 1323 217 
2317 217 1323 939 
2318 902 1323 903 
2 424 2 4
2319 911 206 904 
2320 940 208 911 
2321 904 217 911 
2322 911 217 940 
2 425 2 6
2323 192 1324 905 
2324 909 1324 192 
2325 941 218 905 
2326 909 219 941 
2327 905 1324 941 
2328 941 1324 909 
2 426 2 4
2329 943 193 906 
2330 906 218 942 
2331 942 229 906 
2332 906 229 943 
2 427 2 6
2333 907 193 944 
2334 913 209 907 
2335 913 1325 220 
2336 220 1325 944 
2337 907 1325 913 
2338 944 1325 907 
2 428 2 4
2339 910 208 940 
2340 940 217 945 
2341 910 945 219 
2342 940 945 910 
2 429 2 4
2343 946 195 912 
2344 947 912 220 
2345 912 230 946 
2346 947 230 912 
2 430 2 4
2347 917 197 914 
2348 914 221 948 
2349 948 222 917 
2350 914 948 917 
2 431 2 4
2351 195 949 915 
2352 915 949 221 
2353 221 949 950 
2354 950 949 231 
2 432 2 4
2355 951 198 916 
2356 916 210 918 
2357 918 222 916 
2358 916 222 951 
2 433 2 4
2359 919 198 952 
2360 952 198 951 
2361 222 952 951 
2362 919 952 223 
2 434 2 4
2363 954 199 920 
2364 920 223 954 
2365 954 223 953 
2366 953 232 954 
2 435 2 6
2367 922 199 955 
2368 922 1326 224 
2369 224 1326 956 
2370 233 1326 955 
2371 956 1326 233 
2372 955 1326 922 
2 436 2 4
2373 923 211 925 
2374 925 224 957 
2375 957 225 923 
2376 957 923 925 
2 437 2 4
2377 958 212 926 
2378 957 224 958 
2379 926 225 957 
2380 958 926 957 
2 438 2 6
2381 212 1327 927 
2382 959 1327 212 
2383 226 927 960 
2384 959 234 960 
2385 927 1327 960 
2386 960 1327 959 
2 439 2 4
2387 962 213 929 
2388 929 226 961 
2389 961 235 962 
2390 929 961 962 
2 440 2 4
2391 930 213 963 
2392 964 214 930 
2393 963 236 964 
2394 964 930 963 
2 441 2 6
2395 932 214 964 
2396 932 1328 215 
2397 215 1328 965 
2398 964 236 965 
2399 964 1328 932 
2400 965 1328 964 
2 442 2 6
2401 934 1329 204 
2402 204 1329 936 
2403 934 215 966 
2404 936 1329 227 
2405 227 1329 966 
2406 966 1329 934 
2 443 2 6
2407 937 190 935 
2408 227 1330 935 
2409 967 1330 227 
2410 937 1330 228 
2411 228 1330 967 
2412 935 1330 937 
2 444 2 6
2413 938 1331 216 
2414 216 1331 969 
2415 938 228 968 
2416 237 1331 968 
2417 969 1331 237 
2418 968 1331 938 
2 445 2 4
2419 939 216 970 
2420 939 970 217 
2421 217 970 945 
2422 945 970 219 
2 446 2 6
2423 972 218 941 
2424 219 1332 941 
2425 971 1332 219 
2426 238 1332 971 
2427 972 1332 238 
2428 941 1332 972 
2 447 2 6
2429 218 1333 942 
2430 973 1333 218 
2431 974 229 942 
2432 973 239 974 
2433 942 1333 974 
2434 974 1333 973 
2 448 2 4
2435 944 193 943 
2436 975 220 944 
2437 229 944 943 
2438 975 944 229 
2 449 2 4
2439 977 195 946 
2440 946 230 976 
2441 976 240 977 
2442 946 976 977 
2 450 2 4
2443 947 220 978 
2444 978 230 947 
2445 979 230 978 
2446 978 241 979 
2 451 2 4
2447 948 221 950 
2448 980 222 948 
2449 948 950 231 
2450 980 948 231 
2 452 2 4
2451 949 195 982 
2452 981 231 949 
2453 949 242 981 
2454 982 242 949 
2 453 2 4
2455 222 984 952 
2456 983 223 952 
2457 984 243 983 
2458 952 984 983 
2 454 2 4
2459 953 223 983 
2460 983 232 953 
2461 985 232 983 
2462 983 243 985 
2 455 2 6
2463 955 199 954 
2464 232 1334 954 
2465 986 1334 232 
2466 986 233 955 
2467 954 1334 955 
2468 955 1334 986 
2 456 2 4
2469 987 224 956 
2470 233 988 956 
2471 988 234 987 
2472 956 988 987 
2 457 2 6
2473 959 212 958 
2474 958 224 987 
2475 959 1335 234 
2476 234 1335 987 
2477 958 1335 959 
2478 987 1335 958 
2 458 2 4
2479 990 226 960 
2480 960 234 989 
2481 244 960 989 
2482 990 960 244 
2 459 2 4
2483 961 226 992 
2484 992 235 961 
2485 991 235 992 
2486 992 245 991 
2 460 2 4
2487 963 213 962 
2488 235 993 962 
2489 963 993 236 
2490 962 993 963 
2 461 2 6
2491 966 215 965 
2492 994 227 966 
2493 236 1336 965 
2494 994 1336 236 
2495 965 1336 966 
2496 966 1336 994 
2 462 2 4
2497 967 227 996 
2498 995 228 967 
2499 246 995 996 
2500 996 995 967 
2 463 2 6
2501 968 228 997 
2502 968 1337 237 
2503 237 1337 998 
2504 997 238 998 
2505 997 1337 968 
2506 998 1337 997 
2 464 2 4
2507 970 216 969 
2508 219 970 999 
2509 237 970 969 
2510 999 970 237 
2 465 2 4
2511 971 219 999 
2512 999 237 998 
2513 998 238 971 
2514 999 998 971 
2 466 2 4
2515 1001 218 972 
2516 1000 972 238 
2517 1000 247 1001 
2518 1001 972 1000 
2 467 2 6
2519 973 218 1001 
2520 973 1338 239 
2521 239 1338 1002 
2522 1001 247 1002 
2523 1001 1338 973 
2524 1002 1338 1001 
2 468 2 4
2525 1003 220 975 
2526 229 974 975 
2527 1003 974 239 
2528 975 974 1003 
2 469 2 4
2529 976 230 979 
2530 1004 240 976 
2531 979 241 1004 
2532 979 1004 976 
2 470 2 4
2533 982 195 977 
2534 1005 977 240 
2535 977 242 982 
2536 1005 242 977 
2 471 2 4
2537 978 220 1003 
2538 1003 239 1006 
2539 1006 241 978 
2540 1006 978 1003 
2 472 2 4
2541 980 984 222 
2542 980 231 984 
2543 984 231 1007 
2544 1007 243 984 
2 473 2 6
2545 981 1339 231 
2546 231 1339 1007 
2547 1008 981 242 
2548 1008 243 1007 
2549 1008 1339 981 
2550 1007 1339 1008 
2 474 2 4
2551 1009 232 985 
2552 985 243 1010 
2553 1010 248 1009 
2554 1010 1009 985 
2 475 2 6
2555 986 232 1009 
2556 986 1340 233 
2557 233 1340 1011 
2558 1009 248 1011 
2559 1009 1340 986 
2560 1011 1340 1009 
2 476 2 4
2561 1012 988 233 
2562 1012 234 988 
2563 989 234 1012 
2564 1012 244 989 
2 477 2 4
2565 992 226 990 
2566 990 244 1013 
2567 1013 245 992 
2568 992 990 1013 
2 478 2 6
2569 991 1341 235 
2570 235 1341 1015 
2571 245 1341 991 
2572 1014 1341 245 
2573 1014 246 1015 
2574 1015 1341 1014 
2 479 2 6
2575 235 1342 993 
2576 1015 1342 235 
2577 993 1342 236 
2578 236 1342 1016 
2579 246 1016 1015 
2580 1016 1342 1015 
2 480 2 4
2581 996 227 994 
2582 1016 994 236 
2583 1016 246 996 
2584 996 994 1016 
2 481 2 6
2585 1018 228 995 
2586 246 1343 995 
2587 1017 1343 246 
2588 1017 249 1018 
2589 995 1343 1018 
2590 1018 1343 1017 
2 482 2 6
2591 997 228 1018 
2592 997 1344 238 
2593 238 1344 1019 
2594 249 1344 1018 
2595 1019 1344 249 
2596 1018 1344 997 
2 483 2 4
2597 1000 238 1019 
2598 1020 247 1000 
2599 1019 249 1020 
2600 1019 1020 1000 
2 484 2 4
2601 1022 239 1002 
2602 1002 247 1022 
2603 1022 247 1021 
2604 1021 250 1022 
2 485 2 4
2605 1004 1023 240 
2606 240 1023 1024 
2607 1004 241 1023 
2608 1023 251 1024 
2 486 2 4
2609 1005 240 1026 
2610 1025 242 1005 
2611 1005 252 1025 
2612 1026 252 1005 
2 487 2 4
2613 1006 239 1027 
2614 241 1006 1027 
2615 241 1027 1028 
2616 1027 253 1028 
2 488 2 4
2617 1008 242 1025 
2618 1029 243 1008 
2619 1025 252 1008 
2620 1008 252 1029 
2 489 2 4
2621 1010 243 1030 
2622 248 1010 1031 
2623 251 1010 1030 
2624 1031 1010 251 
2 490 2 4
2625 1012 233 1011 
2626 1032 244 1012 
2627 1012 1011 248 
2628 1032 1012 248 
2 491 2 4
2629 244 1034 1013 
2630 1033 245 1013 
2631 1013 254 1033 
2632 1034 254 1013 
2 492 2 4
2633 1014 245 1035 
2634 1017 246 1014 
2635 1035 249 1017 
2636 1017 1014 1035 
2 493 2 6
2637 1020 1345 247 
2638 247 1345 1021 
2639 249 1345 1020 
2640 1036 1345 249 
2641 1036 250 1021 
2642 1021 1345 1036 
2 494 2 4
2643 1027 239 1022 
2644 1022 250 1037 
2645 1037 253 1027 
2646 1037 1027 1022 
2 495 2 4
2647 1023 241 1028 
2648 1038 251 1023 
2649 1028 253 1023 
2650 1023 253 1038 
2 496 2 4
2651 1024 1026 240 
2652 1024 251 1039 
2653 1024 252 1026 
2654 1039 252 1024 
2 497 2 6
2655 1029 1346 243 
2656 243 1346 1030 
2657 1030 1346 251 
2658 251 1346 1039 
2659 1029 252 1039 
2660 1039 1346 1029 
2 498 2 6
2661 1040 248 1031 
2662 251 1347 1031 
2663 1038 1347 251 
2664 1038 253 1040 
2665 1031 1347 1040 
2666 1040 1347 1038 
2 499 2 4
2667 1034 244 1032 
2668 1032 248 1041 
2669 1041 254 1034 
2670 1041 1034 1032 
2 500 2 4
2671 1043 245 1033 
2672 1042 250 1043 
2673 1033 254 1043 
2674 1043 254 1042 
2 501 2 4
2675 245 1043 1035 
2676 1036 249 1035 
2677 1043 250 1036 
2678 1035 1043 1036 
2 502 2 4
2679 1044 248 1040 
2680 1037 250 1044 
2681 1040 253 1037 
2682 1044 1040 1037 
2 503 2 6
2683 1041 248 1044 
2684 1044 250 1042 
2685 1041 1348 254 
2686 254 1348 1042 
2687 1044 1348 1041 
2688 1042 1348 1044 
3 2 4 5504
2689 95 625 629 1164 
2690 392 394 44 1544 
2691 300 7 308 1596 
2692 254 1348 1041 1470 
2693 666 1134 110 668 
2694 1156 772 730 163 
2695 4 298 295 1415 
2696 903 217 1323 1395 
2697 973 1333 974 1397 
2698 695 694 642 1444 
2699 631 1281 681 1376 
2700 749 169 750 1515 
2701 195 946 1534 1615 
2702 693 153 742 1473 
2703 878 838 197 1495 
2704 1374 1394 1352 1424 
2705 1310 924 850 1502 
2706 713 664 714 1375 
2707 218 942 1333 1397 
2708 8 304 314 1393 
2709 104 644 1277 1423 
2710 700 133 649 1424 
2711 1229 434 401 1472 
2712 1159 98 632 591 
2713 458 493 1243 1396 
2714 996 967 995 1414 
2715 163 1154 865 821 
2716 63 478 444 1381 
2717 195 949 982 1380 
2718 24 338 342 1435 
2719 900 1153 872 911 
2720 1153 208 828 872 
2721 801 846 847 1502 
2722 882 196 840 1602 
2723 955 986 1334 1382 
2724 1231 40 408 1551 
2725 1044 1348 1042 1470 
2726 163 1154 821 777 
2727 478 477 444 1381 
2728 456 1234 457 1585 
2729 209 876 877 1455 
2730 1333 973 218 1398 
2731 227 1330 967 1384 
2732 538 583 96 1567 
2733 944 1325 220 1613 
2734 388 384 1218 1558 
2735 141 1089 666 668 
2736 95 629 586 1164 
2737 956 233 1326 1608 
2738 584 1148 112 583 
2739 627 1274 96 1399 
2740 828 208 1153 871 
2741 14 1373 390 1565 
2742 194 830 1301 1612 
2743 372 18 373 1494 
2744 39 375 1223 1371 
2745 1277 644 132 1473 
2746 621 110 1134 668 
2747 147 681 1281 1376 
2748 165 789 740 1495 
2749 936 1322 935 1391 
2750 232 953 954 1586 
2751 557 514 52 1381 
2752 254 1041 1034 1470 
2753 785 150 738 1385 
2754 55 454 421 1501 
2755 414 1226 33 1563 
2756 902 216 901 1582 
2757 1273 620 123 1451 
2758 521 565 78 1496 
2759 731 771 147 1376 
2760 784 783 149 1162 
2761 227 935 1330 1384 
2762 647 606 106 1509 
2763 1008 981 1339 1442 
2764 1262 82 582 1164 
2765 722 681 147 1376 
2766 14 334 363 1543 
2767 520 565 88 1488 
2768 1231 408 440 1420 
2769 298 3 295 1064 
2770 957 225 926 1603 
2771 1204 313 13 1393 
2772 233 1012 1011 1485 
2773 529 1453 92 1469 
2774 623 671 94 1562 
2775 123 619 1273 1451 
2776 750 169 794 1515 
2777 1036 1021 250 1417 
2778 763 806 762 1580 
2779 987 988 956 1603 
2780 947 978 220 1481 
2781 1318 887 211 1403 
2782 525 571 570 1409 
2783 973 974 239 1481 
2784 406 1231 49 1551 
2785 184 801 847 1467 
2786 332 359 21 1393 
2787 404 405 48 1371 
2788 71 1238 471 1425 
2789 198 882 842 1539 
2790 951 198 952 1418 
2791 375 39 376 1480 
2792 997 968 1337 1536 
2793 797 798 171 1574 
2794 394 395 425 1585 
2795 957 923 225 1516 
2796 586 539 95 1164 
2797 667 141 1436 1451 
2798 378 377 349 1551 
2799 14 363 390 1543 
2800 89 566 1270 1187 
2801 795 1302 169 1374 
2802 1257 93 572 1606 
2803 233 988 1012 1485 
2804 583 627 96 1166 
2805 116 641 640 1578 
2806 649 133 647 1424 
2807 166 743 792 1454 
2808 1236 38 434 1477 
2809 251 1347 1038 1604 
2810 757 799 756 1575 
2811 942 974 1333 1397 
2812 1234 456 422 1529 
2813 24 342 369 1576 
2814 681 722 672 1376 
2815 1148 584 538 583 
2816 1007 1339 231 1508 
2817 714 664 123 1359 
2818 127 1161 630 629 
2819 358 33 359 1572 
2820 338 10 321 1596 
2821 330 315 1209 1565 
2822 1272 573 109 1466 
2823 681 114 631 1376 
2824 628 1161 113 678 
2825 218 1487 905 1540 
2826 498 532 1250 1528 
2827 1040 1038 1347 1470 
2828 902 1323 216 1154 
2829 349 377 28 1551 
2830 1002 247 1001 1452 
2831 641 131 640 1578 
2832 454 66 455 1501 
2833 1360 1365 1196 1409 
2834 24 369 399 1576 
2835 574 109 573 1466 
2836 380 351 353 1549 
2837 715 709 157 1601 
2838 620 141 667 1451 
2839 404 1223 405 1371 
2840 458 1243 56 1396 
2841 234 1012 988 1485 
2842 64 450 451 1513 
2843 1222 37 401 1503 
2844 456 67 492 1560 
2845 1233 41 418 1439 
2846 315 305 1205 1404 
2847 726 676 727 1523 
2848 784 180 783 1162 
2849 639 1276 595 1465 
2850 620 666 141 1451 
2851 179 869 826 1441 
2852 1023 1024 251 1442 
2853 738 689 1292 1385 
2854 253 1038 1040 1470 
2855 336 335 9 1464 
2856 792 745 167 1454 
2857 649 134 700 1394 
2858 611 610 1270 1187 
2859 206 900 1154 865 
2860 66 493 458 1396 
2861 147 1281 682 1523 
2862 1024 240 1026 1442 
2863 1343 246 995 1413 
2864 394 44 1544 1585 
2865 664 713 109 1375 
2866 165 790 789 1495 
2867 1233 451 1513 1545 
2868 906 942 218 1540 
2869 490 491 525 1500 
2870 804 805 186 1460 
2871 911 900 1153 1154 
2872 104 1277 602 1423 
2873 181 785 786 1411 
2874 465 432 48 1471 
2875 13 1217 358 1572 
2876 169 1302 839 1484 
2877 428 397 27 1457 
2878 1330 228 967 1384 
2879 115 591 592 1521 
2880 456 67 1560 1585 
2881 1373 1449 390 1565 
2882 227 936 935 1384 
2883 770 162 813 1407 
2884 710 1295 138 1387 
2885 315 14 333 1565 
2886 773 782 176 736 
2887 538 96 537 1567 
2888 1154 904 911 206 
2889 1241 55 490 1593 
2890 606 647 648 1509 
2891 996 995 246 1414 
2892 160 1296 770 1433 
2893 232 1334 986 1382 
2894 485 518 519 1468 
2895 1038 1347 1470 1604 
2896 104 646 644 1349 
2897 693 696 153 1473 
2898 1164 1159 1151 1461 
2899 250 1044 1042 1470 
2900 120 610 611 1526 
2901 651 609 89 1488 
2902 18 374 373 1503 
2903 973 239 1338 1398 
2904 21 331 332 1393 
2905 1274 1399 627 1523 
2906 53 447 413 1584 
2907 606 563 106 1509 
2908 693 105 696 1473 
2909 642 117 695 1444 
2910 498 497 69 1528 
2911 395 45 1585 1592 
2912 458 455 66 1501 
2913 833 1495 195 1534 
2914 246 1343 1017 1413 
2915 104 558 559 1514 
2916 1230 439 405 1425 
2917 560 103 562 1566 
2918 354 1217 13 1572 
2919 1337 998 997 1402 
2920 471 506 71 1520 
2921 1323 217 939 1395 
2922 198 919 952 1418 
2923 942 1397 218 1540 
2924 672 114 681 1376 
2925 570 79 525 1409 
2926 818 1299 177 1599 
2927 247 1000 1001 1524 
2928 352 1216 30 1609 
2929 694 738 1292 1385 
2930 840 839 1302 1484 
2931 877 833 195 1534 
2932 298 302 3 1064 
2933 403 47 402 1494 
2934 451 1239 1440 1545 
2935 1377 1468 1351 1511 
2936 486 78 520 1440 
2937 23 1220 364 1544 
2938 1125 1366 1365 1370 
2939 717 667 141 1436 
2940 220 978 1003 1481 
2941 50 440 408 1547 
2942 1183 1403 1355 1517 
2943 571 1409 525 1466 
2944 138 661 710 1387 
2945 317 4 307 1415 
2946 115 592 594 1521 
2947 162 770 771 1407 
2948 630 113 1161 679 
2949 353 351 19 1549 
2950 709 1288 157 1390 
2951 131 693 742 1578 
2952 1021 1036 1345 1417 
2953 155 751 702 1482 
2954 348 375 376 1480 
2955 850 1305 185 1432 
2956 98 591 1159 1521 
2957 395 1221 396 1522 
2958 756 157 757 1430 
2959 334 14 1464 1543 
2960 349 326 12 1549 
2961 8 328 312 1548 
2962 40 377 378 1551 
2963 647 1509 106 1511 
2964 678 1161 113 679 
2965 157 755 715 1526 
2966 470 1237 437 1448 
2967 1018 1343 995 1413 
2968 1016 246 1015 1535 
2969 738 694 152 1385 
2970 227 967 996 1414 
2971 595 1276 599 1445 
2972 473 49 440 1420 
2973 746 794 167 1515 
2974 38 401 434 1472 
2975 511 73 552 1421 
2976 1354 1355 1182 1403 
2977 179 1308 870 1441 
2978 550 551 101 1490 
2979 186 851 804 1432 
2980 527 574 573 1466 
2981 365 1221 23 1522 
2982 1340 233 1011 1437 
2983 364 336 23 1464 
2984 1196 1361 1360 1409 
2985 141 1089 668 716 
2986 404 1228 39 1471 
2987 745 746 167 1454 
2988 141 716 765 1436 
2989 1251 81 534 1541 
2990 605 560 105 1423 
2991 887 1318 201 1416 
2992 425 44 394 1585 
2993 66 529 493 1396 
2994 14 1404 1373 1565 
2995 457 67 456 1585 
2996 404 1371 48 1471 
2997 525 1500 1466 1593 
2998 393 43 390 1543 
2999 114 587 588 1399 
3000 226 961 992 1579 
3001 911 900 1154 206 
3002 714 158 713 1375 
3003 515 76 482 1401 
3004 693 131 641 1578 
3005 336 337 23 1498 
3006 636 593 99 1159 
3007 955 1326 233 1382 
3008 997 228 968 1536 
3009 955 233 986 1382 
3010 975 220 1003 1397 
3011 763 712 158 1580 
3012 402 47 435 1494 
3013 433 401 37 1503 
3014 30 380 353 1564 
3015 305 1404 315 1565 
3016 1257 531 93 1606 
3017 717 123 667 1436 
3018 437 47 403 1477 
3019 103 557 562 1566 
3020 957 1516 225 1603 
3021 351 327 19 1549 
3022 7 1571 310 1620 
3023 1087 1364 1467 1516 
3024 549 100 548 1521 
3025 1063 1111 1065 1456 
3026 69 532 498 1528 
3027 1223 375 405 1371 
3028 9 1205 305 1404 
3029 888 924 1310 1364 
3030 882 840 842 1602 
3031 1327 959 212 1427 
3032 1245 500 82 1461 
3033 560 516 561 1423 
3034 869 868 826 1441 
3035 451 487 1239 1545 
3036 1233 1439 418 1545 
3037 564 519 88 1468 
3038 8 302 304 1393 
3039 895 188 1321 1519 
3040 544 506 1254 1520 
3041 1226 387 33 1563 
3042 701 154 699 1515 
3043 632 128 633 1600 
3044 883 843 199 1539 
3045 901 1313 902 1582 
3046 657 1288 709 1618 
3047 428 60 1121 436 
3048 152 787 830 1444 
3049 598 599 117 1445 
3050 166 837 793 1621 
3051 977 195 982 1380 
3052 771 731 162 1407 
3053 250 1037 1044 1470 
3054 23 1221 395 1379 
3055 708 758 1294 1430 
3056 70 469 470 1448 
3057 801 847 1467 1502 
3058 1350 1439 1367 1545 
3059 622 578 94 1562 
3060 850 1305 1432 1502 
3061 378 379 40 1456 
3062 498 495 57 1550 
3063 246 1014 1015 1535 
3064 997 1344 1018 1413 
3065 571 108 570 1617 
3066 649 650 134 1394 
3067 643 605 105 1561 
3068 749 750 701 1424 
3069 546 507 547 1461 
3070 519 518 88 1468 
3071 103 605 1058 560 
3072 204 1322 936 1391 
3073 1292 689 130 1385 
3074 1087 1467 1354 1516 
3075 106 563 1255 1468 
3076 454 55 1241 1593 
3077 1348 1042 1470 1504 
3078 789 151 740 1542 
3079 852 186 807 1580 
3080 582 546 1267 1159 
3081 609 565 89 1488 
3082 314 331 8 1393 
3083 295 298 1064 1415 
3084 132 645 1277 1473 
3085 305 1203 306 1415 
3086 1213 365 337 1498 
3087 46 1522 399 1576 
3088 1220 394 392 1544 
3089 1166 628 112 678 
3090 451 1239 486 1440 
3091 717 714 123 1436 
3092 226 992 990 1579 
3093 92 528 529 1469 
3094 826 868 193 1478 
3095 1042 250 1470 1504 
3096 443 410 30 1564 
3097 58 429 428 1576 
3098 399 398 46 1576 
3099 1034 254 1470 1504 
3100 749 1374 169 1515 
3101 7 301 310 1571 
3102 915 221 1079 878 
3103 1010 248 1031 1604 
3104 1161 628 1166 678 
3105 64 451 486 1513 
3106 518 64 486 1440 
3107 194 1301 831 1612 
3108 1348 254 1042 1504 
3109 537 96 543 1567 
3110 979 978 230 1615 
3111 87 560 562 1566 
3112 525 1466 1409 1593 
3113 63 446 478 1381 
3114 228 997 1018 1413 
3115 33 382 414 1572 
3116 84 1265 588 1399 
3117 598 117 642 1445 
3118 1274 631 589 1399 
3119 792 743 745 1454 
3120 107 575 618 1499 
3121 921 1316 201 1416 
3122 64 518 485 1591 
3123 168 748 751 1374 
3124 914 1079 221 878 
3125 378 349 1456 1551 
3126 1038 253 1023 1447 
3127 468 70 503 1450 
3128 954 1334 232 1586 
3129 337 365 23 1498 
3130 1009 1011 248 1604 
3131 1338 1001 973 1398 
3132 448 1232 450 1513 
3133 1348 1470 254 1504 
3134 627 96 1166 1399 
3135 390 1449 361 1565 
3136 1230 49 439 1425 
3137 1232 448 42 1563 
3138 611 656 120 1526 
3139 742 1473 153 1581 
3140 348 28 375 1480 
3141 870 1308 829 1441 
3142 234 1426 988 1603 
3143 804 851 185 1432 
3144 7 300 301 1571 
3145 108 662 660 1533 
3146 909 871 192 1487 
3147 1125 1365 1360 1370 
3148 88 565 608 1488 
3149 1333 1397 973 1398 
3150 43 393 424 1573 
3151 469 70 468 1450 
3152 526 492 67 1606 
3153 55 454 1501 1593 
3154 461 462 68 1619 
3155 1233 1513 1439 1545 
3156 43 1449 390 1573 
3157 571 525 80 1466 
3158 953 232 1418 1586 
3159 700 649 1394 1424 
3160 196 1484 840 1602 
3161 184 886 802 1517 
3162 564 1255 519 1468 
3163 677 1166 112 678 
3164 87 516 560 1566 
3165 1318 925 921 1608 
3166 483 482 76 1512 
3167 972 941 218 1487 
3168 947 1481 220 1534 
3169 469 1237 470 1448 
3170 705 652 135 1527 
3171 218 905 906 1540 
3172 1323 939 216 1395 
3173 156 754 756 1527 
3174 97 580 1264 1422 
3175 100 594 548 1521 
3176 149 737 784 1162 
3177 486 1239 78 1440 
3178 361 390 43 1449 
3179 6 313 1204 1415 
3180 1285 699 154 1349 
3181 297 303 5 1548 
3182 253 1075 1038 1470 
3183 460 1244 67 1585 
3184 661 138 658 1618 
3185 1274 627 126 1523 
3186 1046 1080 1382 1416 
3187 648 699 118 1509 
3188 104 559 604 1514 
3189 4 299 298 1415 
3190 631 682 1281 1523 
3191 623 94 579 1422 
3192 389 361 43 1449 
3193 467 69 497 1510 
3194 65 1469 567 1605 
3195 6 1208 313 1363 
3196 882 1556 196 1602 
3197 432 404 48 1471 
3198 656 655 120 1526 
3199 13 358 332 1572 
3200 549 511 552 1421 
3201 958 957 926 1603 
3202 882 842 1539 1602 
3203 1302 795 168 1602 
3204 1364 1355 1467 1502 
3205 923 1502 225 1516 
3206 1218 34 388 1439 
3207 147 682 731 1523 
3208 1019 1344 238 1524 
3209 653 610 120 1526 
3210 456 1560 1500 1585 
3211 595 596 116 1465 
3212 1324 192 905 1487 
3213 468 69 467 1510 
3214 731 771 1376 1433 
3215 1127 4 295 1415 
3216 786 738 152 1408 
3217 1017 1014 246 1597 
3218 623 94 1483 1562 
3219 388 1218 1439 1558 
3220 899 935 1322 1391 
3221 464 497 498 1532 
3222 461 427 1235 1388 
3223 24 1435 342 1576 
3224 983 232 985 1418 
3225 672 722 143 1483 
3226 1046 1354 1174 1362 
3227 104 1349 644 1423 
3228 1024 1023 240 1442 
3229 312 328 19 1548 
3230 421 55 1501 1529 
3231 314 332 331 1393 
3232 221 949 915 1508 
3233 518 1468 485 1591 
3234 505 537 543 1567 
3235 249 1344 1019 1524 
3236 695 152 694 1444 
3237 229 974 942 1397 
3238 632 633 1159 1600 
3239 525 80 1466 1560 
3240 489 66 454 1593 
3241 891 1311 851 1432 
3242 458 66 1396 1501 
3243 705 119 652 1405 
3244 1027 239 1006 1607 
3245 522 488 65 1605 
3246 1233 41 1439 1513 
3247 1564 1609 30 1616 
3248 1360 1500 1365 1593 
3249 63 1381 444 1616 
3250 823 867 192 1540 
3251 846 1502 801 1505 
3252 620 576 110 1619 
3253 1243 1396 493 1469 
3254 1234 422 44 1529 
3255 430 46 398 1576 
3256 79 525 1409 1593 
3257 621 124 669 1562 
3258 563 603 77 1509 
3259 1113 1095 1093 1528 
3260 516 483 76 1512 
3261 789 790 183 1455 
3262 14 390 1373 1543 
3263 622 94 671 1562 
3264 1243 459 56 1573 
3265 130 694 1292 1385 
3266 803 185 1305 1432 
3267 233 1382 1326 1608 
3268 399 369 398 1576 
3269 1382 1426 1046 1608 
3270 225 1364 926 1603 
3271 481 52 514 1381 
3272 712 663 713 1375 
3273 522 65 567 1605 
3274 108 614 1271 1392 
3275 1013 1034 244 1579 
3276 315 1205 316 1404 
3277 147 731 1376 1523 
3278 893 214 892 1489 
3279 372 345 18 1494 
3280 162 1407 731 1523 
3281 1334 1382 232 1586 
3282 1007 1442 1339 1508 
3283 179 870 869 1441 
3284 1024 1026 252 1442 
3285 710 1295 1387 1517 
3286 1239 78 1440 1545 
3287 233 1426 988 1485 
3288 244 1034 1485 1579 
3289 648 647 133 1424 
3290 1043 1036 250 1504 
3291 28 407 1230 1551 
3292 447 53 1512 1584 
3293 378 1215 379 1456 
3294 956 1426 233 1608 
3295 444 477 51 1458 
3296 67 1244 494 1438 
3297 579 94 1261 1541 
3298 838 1491 197 1495 
3299 379 409 40 1547 
3300 239 974 1003 1481 
3301 1172 777 1154 1156 
3302 270 1371 1358 1471 
3303 1125 1178 1365 1366 
3304 213 930 963 1463 
3305 237 1337 968 1536 
3306 1340 1011 1009 1437 
3307 955 1326 1382 1608 
3308 473 440 474 1553 
3309 983 953 232 1418 
3310 358 382 33 1572 
3311 571 1409 1466 1577 
3312 326 311 12 1548 
3313 141 765 717 1436 
3314 1335 959 234 1603 
3315 708 1294 157 1430 
3316 1161 1164 1145 1587 
3317 407 49 1230 1551 
3318 1183 1355 1387 1517 
3319 1040 1037 253 1470 
3320 363 393 390 1543 
3321 448 450 64 1513 
3322 644 1277 1423 1473 
3323 306 299 4 1415 
3324 54 1233 418 1545 
3325 439 49 471 1425 
3326 520 88 1440 1488 
3327 92 1469 1453 1499 
3328 1270 566 107 1499 
3329 18 1406 373 1494 
3330 105 693 643 1561 
3331 237 1331 969 1536 
3332 980 222 984 1492 
3333 234 989 1012 1485 
3334 586 629 1161 1164 
3335 30 443 1564 1616 
3336 916 198 951 1412 
3337 959 958 212 1603 
3338 1265 543 589 1399 
3339 722 147 771 1433 
3340 169 1484 794 1515 
3341 1228 400 39 1471 
3342 227 994 966 1459 
3343 962 963 993 1463 
3344 3 302 303 1064 
3345 1239 487 78 1545 
3346 7 1596 1571 1620 
3347 949 950 231 1508 
3348 365 1213 24 1522 
3349 660 711 139 1533 
3350 1262 536 82 1164 
3351 66 1501 454 1593 
3352 1365 1366 1195 1501 
3353 409 408 40 1547 
3354 988 233 956 1426 
3355 524 1557 523 1593 
3356 709 1390 157 1601 
3357 899 861 190 1546 
3358 1197 1196 1365 1409 
3359 1204 313 1393 1415 
3360 903 904 217 1395 
3361 1274 589 96 1399 
3362 336 318 337 1498 
3363 906 229 942 1540 
3364 749 750 1424 1515 
3365 649 607 650 1394 
3366 349 28 1210 1480 
3367 926 1364 212 1603 
3368 64 1440 1377 1513 
3369 315 316 14 1565 
3370 765 142 766 1476 
3371 94 534 1261 1541 
3372 1360 1409 1361 1466 
3373 713 663 109 1375 
3374 312 303 8 1548 
3375 236 993 963 1583 
3376 937 1330 935 1582 
3377 399 1522 24 1576 
3378 379 29 409 1456 
3379 567 1469 1499 1605 
3380 878 834 838 1495 
3381 249 1018 1344 1413 
3382 116 639 595 1465 
3383 1360 1365 1409 1593 
3384 114 623 587 1422 
3385 988 1426 956 1603 
3386 188 895 854 1595 
3387 88 518 1440 1468 
3388 1231 408 1420 1551 
3389 51 445 441 1458 
3390 239 1022 1002 1452 
3391 138 1387 1295 1517 
3392 197 881 917 1491 
3393 1183 1354 1182 1403 
3394 547 507 71 1461 
3395 349 28 1480 1551 
3396 181 829 1308 1411 
3397 458 56 455 1501 
3398 448 64 449 1591 
3399 788 151 789 1542 
3400 180 828 1162 784 
3401 1200 1350 1057 1367 
3402 904 911 1153 1154 
3403 973 1397 974 1481 
3404 771 770 1296 1433 
3405 543 1265 84 1399 
3406 114 589 631 1399 
3407 298 299 6 1415 
3408 1159 590 633 632 
3409 621 668 1134 1474 
3410 47 437 1237 1448 
3411 529 528 493 1469 
3412 159 768 769 1595 
3413 425 395 45 1585 
3414 671 670 1279 1483 
3415 190 864 1313 1546 
3416 317 306 4 1415 
3417 117 599 1276 1445 
3418 611 1499 656 1526 
3419 973 239 1398 1481 
3420 448 449 1584 1591 
3421 228 1018 995 1413 
3422 360 34 1218 1449 
3423 571 1577 108 1617 
3424 926 212 958 1603 
3425 552 100 549 1446 
3426 797 1574 171 1598 
3427 38 372 373 1477 
3428 30 410 380 1564 
3429 173 762 806 1400 
3430 64 486 1440 1513 
3431 713 158 712 1375 
3432 307 1127 300 1596 
3433 134 1374 700 1394 
3434 531 530 93 1451 
3435 414 33 1518 1563 
3436 300 1571 7 1596 
3437 243 1492 985 1604 
3438 623 94 1422 1483 
3439 1365 1195 1396 1501 
3440 1352 1394 1176 1424 
3441 49 473 471 1520 
3442 1057 1367 1350 1614 
3443 83 1246 502 1568 
3444 1392 1533 1357 1577 
3445 1308 179 827 1411 
3446 571 570 1409 1617 
3447 920 199 954 1586 
3448 839 794 169 1484 
3449 1318 921 201 1416 
3450 338 321 1435 1596 
3451 649 647 1394 1424 
3452 785 150 1385 1411 
3453 490 525 79 1593 
3454 1302 1374 795 1602 
3455 461 68 494 1619 
3456 770 813 189 1407 
3457 955 1382 1334 1586 
3458 1310 850 185 1364 
3459 1267 99 593 1159 
3460 1159 98 590 632 
3461 295 1064 3 1571 
3462 396 45 395 1592 
3463 984 222 952 1492 
3464 130 642 694 1385 
3465 1271 615 569 1617 
3466 13 314 1204 1393 
3467 1356 1449 1373 1565 
3468 621 578 622 1562 
3469 1344 997 238 1402 
3470 785 1385 738 1411 
3471 461 494 1244 1388 
3472 1234 1529 44 1585 
3473 791 742 153 1581 
3474 645 132 697 1473 
3475 701 133 749 1424 
3476 209 1314 913 1534 
3477 56 423 455 1501 
3478 664 1359 714 1375 
3479 548 594 592 1521 
3480 1213 339 24 1498 
3481 879 210 881 1491 
3482 1352 1374 1176 1394 
3483 248 1437 1011 1485 
3484 563 1468 106 1509 
3485 1013 244 990 1579 
3486 180 828 872 1162 
3487 104 604 646 1349 
3488 998 238 997 1402 
3489 394 23 395 1379 
3490 94 1251 534 1530 
3491 1333 218 1397 1398 
3492 657 708 1288 1390 
3493 799 171 798 1575 
3494 647 106 649 1511 
3495 307 300 10 1596 
3496 619 93 1273 1451 
3497 490 1500 525 1593 
3498 1350 1389 1439 1545 
3499 728 777 145 1172 
3500 330 1208 6 1363 
3501 439 471 1238 1425 
3502 529 1396 1453 1469 
3503 1364 1460 1355 1502 
3504 1153 940 208 911 
3505 524 90 523 1557 
3506 151 788 739 1443 
3507 623 1483 671 1562 
3508 494 530 531 1451 
3509 559 118 604 1509 
3510 64 1377 518 1591 
3511 872 828 1153 1162 
3512 156 705 706 1405 
3513 650 1286 134 1405 
3514 1001 972 218 1398 
3515 216 969 1331 1536 
3516 138 760 1430 1517 
3517 119 650 607 1394 
3518 899 1322 204 1391 
3519 305 1363 1415 1565 
3520 973 1001 218 1398 
3521 354 13 1363 1572 
3522 647 1424 1509 1511 
3523 1409 1617 1557 1618 
3524 1271 614 615 1392 
3525 496 462 495 1550 
3526 455 421 454 1501 
3527 872 1153 208 911 
3528 1020 1345 249 1417 
3529 529 1396 66 1453 
3530 1183 1182 1355 1403 
3531 911 1153 217 904 
3532 757 756 1430 1575 
3533 966 1329 227 1459 
3534 488 452 65 1605 
3535 1328 965 964 1583 
3536 1271 569 108 1617 
3537 240 1023 1004 1447 
3538 218 941 905 1487 
3539 848 201 845 1525 
3540 1482 1539 1369 1574 
3541 240 977 1005 1380 
3542 348 1210 28 1480 
3543 923 957 925 1516 
3544 199 1586 1574 1598 
3545 394 1220 23 1379 
3546 212 889 1319 1462 
3547 922 884 1316 1416 
3548 1021 250 1417 1452 
3549 809 808 187 1590 
3550 368 397 36 1576 
3551 109 1272 1466 1577 
3552 304 6 1204 1415 
3553 711 761 139 1533 
3554 1041 1032 1034 1485 
3555 579 580 97 1422 
3556 1349 1509 1351 1514 
3557 435 60 402 1494 
3558 241 1023 1028 1447 
3559 669 668 621 1474 
3560 64 1377 1378 1513 
3561 299 306 1203 1415 
3562 92 1499 1453 1557 
3563 618 575 92 1499 
3564 1303 170 841 1602 
3565 252 1039 1024 1442 
3566 714 1359 123 1436 
3567 840 1484 1302 1602 
3568 420 43 453 1573 
3569 803 804 185 1432 
3570 55 491 490 1500 
3571 126 627 626 1166 
3572 295 4 1127 1571 
3573 309 323 11 1531 
3574 61 437 438 1568 
3575 44 1529 1544 1585 
3576 48 500 1245 1461 
3577 722 1376 147 1433 
3578 378 1456 349 1549 
3579 801 1467 184 1505 
3580 441 445 62 1547 
3581 140 1278 663 1577 
3582 160 721 720 1594 
3583 974 975 1003 1397 
3584 575 528 92 1499 
3585 1087 1355 1354 1467 
3586 598 642 130 1446 
3587 657 658 138 1618 
3588 621 110 578 1530 
3589 843 199 1539 1574 
3590 814 770 189 1407 
3591 1203 305 6 1415 
3592 363 334 22 1543 
3593 101 551 1268 1479 
3594 166 792 1383 1454 
3595 621 1134 110 1530 
3596 390 1449 1373 1573 
3597 1373 1404 1356 1565 
3598 227 936 1384 1459 
3599 841 170 843 1574 
3600 1017 1018 249 1413 
3601 100 549 1446 1521 
3602 945 219 999 1552 
3603 29 411 441 1456 
3604 543 96 1399 1429 
3605 64 518 1377 1440 
3606 993 235 962 1463 
3607 1243 56 1396 1573 
3608 1107 1386 1372 1441 
3609 1212 361 360 1449 
3610 99 633 636 1159 
3611 349 1480 326 1549 
3612 602 1277 645 1473 
3613 1193 1377 1351 1511 
3614 1369 1482 1353 1539 
3615 936 227 1329 1459 
3616 708 157 1288 1390 
3617 323 309 322 1570 
3618 489 523 66 1453 
3619 334 14 316 1464 
3620 45 396 1227 1592 
3621 247 1001 1398 1524 
3622 984 952 983 1418 
3623 229 975 974 1397 
3624 305 1363 6 1415 
3625 596 595 550 1490 
3626 753 705 156 1405 
3627 436 402 60 1494 
3628 647 649 1394 1511 
3629 746 167 1454 1515 
3630 1037 253 1470 1607 
3631 1057 1368 1367 1614 
3632 826 1441 868 1478 
3633 110 1134 666 1619 
3634 126 676 726 1523 
3635 18 373 1406 1503 
3636 1318 1516 925 1608 
3637 1230 405 28 1371 
3638 67 494 531 1438 
3639 960 959 1327 1427 
3640 143 722 771 1433 
3641 1222 401 374 1503 
3642 198 919 1418 1539 
3643 492 1560 67 1606 
3644 209 877 1314 1455 
3645 232 985 1418 1437 
3646 402 372 403 1494 
3647 905 1487 192 1540 
3648 204 862 899 1391 
3649 228 1330 937 1536 
3650 67 1560 1438 1606 
3651 887 1403 1318 1416 
3652 55 1500 490 1593 
3653 1000 972 1001 1486 
3654 346 1457 7 1620 
3655 92 568 612 1557 
3656 1075 1118 1099 1447 
3657 1270 1187 566 1499 
3658 324 27 346 1431 
3659 1361 1392 1357 1577 
3660 672 1376 722 1483 
3661 349 1480 1456 1551 
3662 1359 1053 1361 1466 
3663 375 28 405 1371 
3664 229 1397 942 1540 
3665 833 834 195 1495 
3666 117 1293 695 1444 
3667 858 814 1307 1493 
3668 234 988 1426 1485 
3669 89 522 566 1496 
3670 317 307 10 1475 
3671 1272 571 80 1466 
3672 316 335 334 1464 
3673 525 1466 1500 1560 
3674 451 1440 486 1513 
3675 1066 1067 1058 1561 
3676 1208 330 329 1363 
3677 223 883 920 1586 
3678 571 1409 1577 1617 
3679 690 639 1284 1465 
3680 339 1213 337 1498 
3681 403 1477 47 1494 
3682 354 329 31 1363 
3683 195 1534 1142 1615 
3684 1272 571 1466 1577 
3685 592 591 98 1521 
3686 119 703 650 1405 
3687 237 998 1337 1552 
3688 741 692 131 1542 
3689 1154 1323 216 1395 
3690 928 889 185 1462 
3691 111 686 1157 635 
3692 1037 1040 1044 1470 
3693 166 793 744 1621 
3694 29 379 1215 1456 
3695 702 134 1286 1405 
3696 1096 1094 1095 1532 
3697 106 607 649 1511 
3698 448 64 1378 1513 
3699 428 1510 463 1576 
3700 540 1264 580 1541 
3701 1034 1504 1485 1579 
3702 578 110 1260 1530 
3703 313 1363 13 1393 
3704 1264 70 542 1450 
3705 15 338 339 1435 
3706 1373 1404 14 1464 
3707 1345 247 1021 1452 
3708 574 1359 109 1466 
3709 529 493 1396 1469 
3710 1342 236 1016 1583 
3711 13 332 314 1393 
3712 123 620 667 1451 
3713 316 1404 14 1565 
3714 954 955 1334 1586 
3715 1330 1384 935 1582 
3716 767 721 160 1594 
3717 854 895 187 1434 
3718 337 318 15 1498 
3719 1211 327 351 1549 
3720 251 1024 1039 1442 
3721 1244 1388 67 1585 
3722 877 876 183 1455 
3723 246 1016 996 1414 
3724 29 441 409 1456 
3725 1539 1574 199 1586 
3726 677 1166 145 676 
3727 563 77 1468 1509 
3728 962 213 963 1463 
3729 304 1204 1393 1415 
3730 73 510 550 1490 
3731 588 1265 589 1399 
3732 759 801 184 1505 
3733 88 564 1468 1511 
3734 691 116 640 1578 
3735 588 587 541 1589 
3736 916 882 198 1412 
3737 703 119 705 1405 
3738 236 963 964 1583 
3739 3 296 295 1571 
3740 744 743 166 1581 
3741 1016 994 996 1414 
3742 1174 1362 1403 1525 
3743 372 373 1477 1494 
3744 463 1510 58 1576 
3745 254 1504 1034 1579 
3746 1022 239 1027 1452 
3747 104 604 1349 1514 
3748 632 1159 591 1600 
3749 743 1454 166 1581 
3750 76 558 1423 1514 
3751 196 839 840 1484 
3752 57 431 464 1532 
3753 541 84 588 1589 
3754 436 60 1121 1494 
3755 567 528 1258 1469 
3756 380 1549 353 1564 
3757 438 1236 466 1568 
3758 96 1429 543 1567 
3759 228 997 1413 1536 
3760 711 762 173 1533 
3761 889 1310 185 1364 
3762 1360 1370 1365 1500 
3763 573 1272 80 1466 
3764 766 808 809 1590 
3765 371 37 1222 1503 
3766 741 131 742 1542 
3767 1108 1471 1358 1503 
3768 1088 1086 1089 1476 
3769 4 1127 307 1415 
3770 394 1379 395 1585 
3771 807 202 852 1580 
3772 627 583 626 1166 
3773 243 1010 1030 1604 
3774 362 1219 35 1544 
3775 191 818 819 1546 
3776 1269 556 103 1479 
3777 614 122 615 1392 
3778 832 789 183 1455 
3779 1196 1360 1178 1365 
3780 549 548 85 1521 
3781 1035 1043 245 1504 
3782 24 339 1435 1498 
3783 1330 937 1536 1582 
3784 359 21 1393 1506 
3785 464 430 58 1532 
3786 58 497 464 1532 
3787 1274 631 1399 1523 
3788 884 922 199 1416 
3789 197 917 914 1491 
3790 1020 247 1345 1524 
3791 24 339 338 1435 
3792 611 1270 107 1499 
3793 60 463 428 1510 
3794 1339 1442 981 1508 
3795 192 867 905 1540 
3796 1256 524 570 1617 
3797 370 343 376 1358 
3798 198 842 841 1539 
3799 305 1415 1404 1565 
3800 114 588 589 1399 
3801 1000 1486 1001 1524 
3802 710 122 659 1505 
3803 147 1376 1281 1523 
3804 538 1148 583 1567 
3805 1036 1417 250 1504 
3806 418 388 419 1439 
3807 1215 378 350 1549 
3808 1004 976 240 1615 
3809 480 477 74 1610 
3810 1343 1018 1017 1413 
3811 805 1400 186 1460 
3812 55 1501 1529 1593 
3813 43 390 1543 1573 
3814 492 1242 456 1560 
3815 428 27 436 1457 
3816 368 367 25 1576 
3817 433 1229 401 1472 
3818 959 212 1427 1603 
3819 64 1378 1377 1591 
3820 1172 727 162 775 
3821 871 1162 192 1487 
3822 1389 1469 1396 1573 
3823 200 846 1305 1502 
3824 985 243 983 1492 
3825 763 806 140 762 
3826 703 1286 650 1405 
3827 25 320 340 1435 
3828 1367 1513 451 1545 
3829 165 834 790 1495 
3830 529 568 92 1557 
3831 598 73 599 1446 
3832 67 531 526 1606 
3833 173 806 805 1400 
3834 511 476 73 1555 
3835 740 1495 789 1542 
3836 1232 1513 448 1563 
3837 55 1529 1500 1593 
3838 892 930 891 1559 
3839 972 218 1398 1487 
3840 1043 250 1042 1504 
3841 147 1376 771 1433 
3842 458 1396 56 1501 
3843 1212 333 361 1565 
3844 1438 1560 67 1585 
3845 237 968 1331 1536 
3846 123 1359 619 1451 
3847 1251 534 1530 1541 
3848 29 1215 350 1549 
3849 74 481 513 1381 
3850 94 1422 1483 1562 
3851 474 440 50 1553 
3852 351 380 29 1549 
3853 216 938 901 1582 
3854 603 563 606 1509 
3855 38 1472 434 1477 
3856 746 750 794 1515 
3857 1038 1075 253 1447 
3858 707 715 755 1526 
3859 270 1358 1108 1471 
3860 956 224 1603 1608 
3861 188 854 811 1595 
3862 480 445 51 1458 
3863 337 15 339 1498 
3864 220 1003 1397 1481 
3865 304 298 6 1415 
3866 666 1089 1134 668 
3867 250 1077 1037 1470 
3868 1212 360 20 1565 
3869 891 890 1311 1559 
3870 1193 1351 1394 1511 
3871 902 1154 216 1582 
3872 511 549 85 1421 
3873 160 770 814 1433 
3874 414 382 383 1572 
3875 41 450 417 1513 
3876 82 507 546 1461 
3877 98 545 592 1521 
3878 34 1439 1218 1449 
3879 903 1323 1154 1395 
3880 804 186 1432 1460 
3881 550 101 596 1490 
3882 210 918 917 1419 
3883 690 117 639 1465 
3884 451 54 487 1545 
3885 438 437 403 1477 
3886 1034 1470 1485 1504 
3887 551 1479 101 1490 
3888 1176 1060 1352 1424 
3889 1058 560 605 1423 
3890 243 1346 1029 1442 
3891 950 948 231 1508 
3892 852 1489 186 1580 
3893 1199 1387 1357 1392 
3894 324 345 27 1431 
3895 868 207 907 1478 
3896 330 1209 20 1565 
3897 188 897 1321 1519 
3898 1309 209 875 1612 
3899 923 1317 225 1502 
3900 701 648 133 1424 
3901 1383 1054 1484 1556 
3902 615 661 658 1392 
3903 39 1358 376 1480 
3904 66 1453 1501 1593 
3905 663 616 109 1577 
3906 1125 1178 1360 1365 
3907 1007 984 243 1492 
3908 1006 239 1003 1481 
3909 249 1345 1036 1417 
3910 226 990 1462 1463 
3911 1178 1196 1125 1360 
3912 1016 1015 1342 1535 
3913 1318 1403 1516 1608 
3914 33 1506 359 1572 
3915 858 160 814 1493 
3916 311 5 303 1548 
3917 524 1557 1593 1617 
3918 173 805 804 1460 
3919 169 1374 1302 1484 
3920 1377 1468 518 1591 
3921 403 372 38 1477 
3922 40 1231 406 1551 
3923 631 1281 1376 1523 
3924 40 1547 408 1551 
3925 459 424 56 1573 
3926 143 722 1433 1483 
3927 45 461 1244 1388 
3928 205 934 898 1459 
3929 362 363 22 1543 
3930 444 1381 477 1458 
3931 156 1527 756 1575 
3932 96 583 1148 1567 
3933 43 1543 393 1573 
3934 370 376 39 1358 
3935 1219 392 391 1544 
3936 1084 1083 1085 1497 
3937 851 186 891 1489 
3938 516 1423 560 1566 
3939 52 517 1381 1512 
3940 618 92 612 1601 
3941 731 1407 771 1433 
3942 1198 1046 1174 1362 
3943 243 984 983 1492 
3944 447 1507 413 1584 
3945 806 1400 762 1580 
3946 540 503 70 1450 
3947 545 1254 72 1520 
3948 1214 342 16 1435 
3949 1244 1388 494 1438 
3950 214 893 1434 1489 
3951 314 304 1204 1393 
3952 1013 990 992 1579 
3953 858 857 810 1588 
3954 1087 1364 1355 1467 
3955 171 1575 1525 1598 
3956 138 708 1390 1430 
3957 109 616 1272 1577 
3958 643 103 605 1561 
3959 94 1530 534 1541 
3960 250 1037 1077 1607 
3961 1276 1445 595 1465 
3962 1377 1401 1351 1468 
3963 225 1516 1364 1603 
3964 516 1512 76 1514 
3965 629 1161 630 586 
3966 994 1016 236 1583 
3967 647 1424 648 1509 
3968 502 539 83 1587 
3969 953 983 223 1418 
3970 856 187 895 1434 
3971 420 389 43 1573 
3972 1383 1491 166 1581 
3973 336 23 1464 1498 
3974 1359 1360 1053 1466 
3975 711 173 761 1533 
3976 1365 1370 1366 1529 
3977 912 946 230 1534 
3978 794 1484 167 1515 
3979 975 229 944 1478 
3980 360 1449 1218 1558 
3981 522 1496 488 1605 
3982 464 498 57 1532 
3983 26 370 371 1358 
3984 478 446 481 1381 
3985 1139 1373 1366 1464 
3986 543 96 589 1399 
3987 936 935 1384 1391 
3988 448 449 415 1584 
3989 21 356 331 1609 
3990 366 27 397 1457 
3991 739 152 1293 1444 
3992 388 418 41 1439 
3993 720 771 1296 1433 
3994 1251 496 81 1528 
3995 869 207 868 1441 
3996 249 1035 1017 1597 
3997 951 1412 198 1418 
3998 389 1449 43 1573 
3999 386 33 387 1563 
4000 595 599 73 1490 
4001 139 846 801 1505 
4002 690 1293 117 1465 
4003 457 1234 44 1585 
4004 233 986 1382 1437 
4005 1023 1442 1038 1447 
4006 423 1501 56 1543 
4007 569 570 108 1617 
4008 1240 452 488 1605 
4009 498 1250 495 1528 
4010 605 1423 105 1473 
4011 611 1187 1270 1499 
4012 583 1148 112 1166 
4013 1174 1403 1183 1525 
4014 1187 89 566 1496 
4015 767 160 810 1594 
4016 1416 1362 1586 1598 
4017 519 563 77 1468 
4018 1011 1437 248 1604 
4019 1161 539 586 1164 
4020 670 143 721 1428 
4021 1350 1367 1194 1545 
4022 33 414 1518 1572 
4023 896 857 204 1588 
4024 309 1531 11 1571 
4025 731 1433 1376 1523 
4026 15 1435 339 1498 
4027 1196 1053 1360 1361 
4028 417 1232 42 1563 
4029 419 388 34 1439 
4030 751 155 752 1482 
4031 195 1079 915 1380 
4032 69 532 1528 1541 
4033 87 483 516 1512 
4034 888 225 924 1364 
4035 366 25 340 1457 
4036 1260 110 577 1619 
4037 1310 889 888 1364 
4038 1128 1177 1199 1361 
4039 158 714 717 1436 
4040 229 975 1397 1478 
4041 365 23 1498 1522 
4042 705 1405 652 1527 
4043 700 1394 1374 1424 
4044 938 228 937 1536 
4045 1179 1482 1369 1574 
4046 691 690 1284 1578 
4047 9 316 1205 1404 
4048 251 1031 1347 1604 
4049 1157 1289 161 725 
4050 559 1509 604 1514 
4051 482 1401 76 1512 
4052 223 952 919 1418 
4053 157 1294 757 1430 
4054 563 519 1255 1468 
4055 252 1029 1039 1442 
4056 1139 1366 1379 1464 
4057 395 1585 1379 1592 
4058 767 768 159 1428 
4059 486 520 88 1440 
4060 195 915 949 1380 
4061 1212 1449 360 1565 
4062 596 641 116 1561 
4063 440 1420 408 1547 
4064 1377 1189 1440 1511 
4065 49 1420 473 1520 
4066 292 1350 1200 1622 
4067 862 1307 189 1538 
4068 237 1337 1536 1552 
4069 76 1401 515 1514 
4070 327 312 19 1548 
4071 927 1327 212 1462 
4072 66 1453 1396 1501 
4073 44 422 391 1529 
4074 1237 469 47 1448 
4075 471 71 1425 1520 
4076 317 1415 307 1475 
4077 428 397 1457 1576 
4078 850 924 200 1502 
4079 160 858 810 1493 
4080 1453 1469 1396 1499 
4081 657 138 708 1390 
4082 451 1233 54 1545 
4083 758 760 172 1525 
4084 886 1403 802 1517 
4085 122 661 615 1392 
4086 1153 217 940 911 
4087 672 623 114 1483 
4088 787 152 739 1444 
4089 347 18 325 1431 
4090 384 388 1518 1558 
4091 198 1412 882 1539 
4092 221 915 1079 1508 
4093 27 436 1457 1494 
4094 69 540 532 1541 
4095 1288 1390 709 1618 
4096 787 1443 830 1444 
4097 77 485 519 1468 
4098 343 17 376 1531 
4099 307 10 1475 1596 
4100 88 1488 608 1511 
4101 927 212 1319 1462 
4102 1033 245 1043 1504 
4103 1183 1355 1182 1387 
4104 477 478 74 1381 
4105 668 142 716 1474 
4106 108 662 1533 1577 
4107 1010 1009 248 1604 
4108 1243 1469 459 1573 
4109 797 752 798 1574 
4110 199 1416 922 1586 
4111 1050 1356 1373 1404 
4112 1392 1577 1409 1617 
4113 473 1420 440 1553 
4114 1319 889 928 1462 
4115 661 1387 138 1390 
4116 1035 249 1036 1417 
4117 963 930 964 1497 
4118 1367 1440 451 1513 
4119 533 577 68 1619 
4120 971 219 1332 1552 
4121 813 1407 162 1599 
4122 1373 1501 1366 1543 
4123 119 652 1405 1488 
4124 470 437 61 1567 
4125 15 319 338 1435 
4126 214 931 932 1434 
4127 222 918 916 1556 
4128 1087 1354 1137 1516 
4129 633 99 590 1159 
4130 1087 1081 1364 1516 
4131 420 1573 453 1605 
4132 494 1438 1388 1619 
4133 691 1284 116 1578 
4134 196 880 836 1556 
4135 178 867 823 1540 
4136 218 1397 1144 1540 
4137 104 561 558 1423 
4138 975 1386 220 1397 
4139 485 1468 77 1591 
4140 61 1567 437 1568 
4141 540 69 503 1450 
4142 602 1423 1277 1473 
4143 481 446 52 1381 
4144 642 117 1444 1445 
4145 886 184 847 1467 
4146 1023 251 1038 1442 
4147 1456 1480 349 1549 
4148 1375 712 1533 1580 
4149 731 726 162 1523 
4150 315 1404 316 1565 
4151 841 843 883 1539 
4152 1371 1461 48 1471 
4153 229 943 944 1478 
4154 760 1517 172 1525 
4155 1135 1351 1193 1377 
4156 374 18 347 1503 
4157 903 1323 902 1154 
4158 395 1379 1221 1522 
4159 910 909 1153 871 
4160 837 166 879 1491 
4161 715 157 1526 1601 
4162 1230 405 1371 1425 
4163 470 504 70 1429 
4164 693 742 1067 1473 
4165 997 1337 1402 1536 
4166 320 321 1206 1596 
4167 1403 1430 1183 1525 
4168 1418 1437 985 1492 
4169 995 1413 246 1414 
4170 470 1448 437 1567 
4171 1367 1377 1202 1440 
4172 1229 59 434 1472 
4173 963 993 1463 1583 
4174 123 617 619 1359 
4175 104 602 561 1423 
4176 847 885 886 1467 
4177 552 73 598 1446 
4178 87 517 483 1512 
4179 661 1390 138 1618 
4180 1080 1046 1198 1362 
4181 66 523 529 1453 
4182 1312 894 202 1590 
4183 672 114 1376 1483 
4184 1263 1161 539 586 
4185 1318 921 1416 1608 
4186 834 878 195 1495 
4187 843 199 1574 1598 
4188 1369 1574 1586 1598 
4189 273 1351 1377 1401 
4190 317 10 319 1475 
4191 1243 493 459 1469 
4192 693 641 643 1561 
4193 38 1236 438 1477 
4194 904 1153 217 1395 
4195 731 1407 1433 1523 
4196 1227 427 45 1592 
4197 862 861 899 1538 
4198 166 1454 1383 1581 
4199 1154 1149 1153 1395 
4200 1373 1464 14 1543 
4201 114 631 1376 1399 
4202 524 90 1557 1617 
4203 1365 1500 1370 1529 
4204 411 441 1456 1564 
4205 516 1512 1514 1566 
4206 1174 1354 1183 1403 
4207 448 415 42 1584 
4208 621 1134 1530 1562 
4209 1499 1557 92 1601 
4210 433 37 1471 1503 
4211 1129 1046 1382 1426 
4212 859 812 860 1595 
4213 305 306 9 1475 
4214 240 1380 1026 1442 
4215 104 1423 558 1514 
4216 1347 1031 1040 1470 
4217 813 1306 189 1538 
4218 664 109 1359 1375 
4219 791 742 1581 1621 
4220 985 1492 1437 1604 
4221 364 335 336 1464 
4222 1183 1430 1403 1517 
4223 934 205 896 1459 
4224 1134 1451 666 1619 
4225 919 883 223 1539 
4226 1250 532 81 1528 
4227 568 523 90 1557 
4228 106 1509 1468 1511 
4229 1079 1380 195 1615 
4230 142 719 769 1476 
4231 234 988 987 1603 
4232 776 727 145 1172 
4233 92 1557 612 1601 
4234 1031 1470 1347 1604 
4235 199 955 954 1586 
4236 1253 61 501 1567 
4237 1150 1386 1107 1441 
4238 693 641 1561 1578 
4239 188 859 897 1519 
4240 45 427 461 1388 
4241 1128 1361 1049 1375 
4242 1108 1171 1471 1503 
4243 1201 1365 1195 1396 
4244 1377 1440 518 1468 
4245 428 436 1121 1457 
4246 707 755 136 1526 
4247 949 1380 915 1508 
4248 998 1402 1337 1552 
4249 1067 742 693 1578 
4250 450 1233 451 1513 
4251 437 1448 47 1477 
4252 67 1388 1244 1438 
4253 40 378 1456 1551 
4254 792 167 1383 1454 
4255 698 746 745 1454 
4256 226 990 1463 1579 
4257 49 471 1425 1520 
4258 191 864 818 1546 
4259 1106 1350 292 1622 
4260 196 1556 1484 1602 
4261 732 149 1158 737 
4262 965 1328 215 1583 
4263 349 1210 326 1480 
4264 428 36 397 1576 
4265 877 1314 1455 1534 
4266 1174 1362 1354 1403 
4267 701 750 154 1515 
4268 142 769 811 1476 
4269 396 395 1522 1592 
4270 651 135 609 1488 
4271 106 1255 564 1511 
4272 765 766 174 1436 
4273 516 87 1512 1566 
4274 252 1008 1029 1442 
4275 49 1425 1230 1551 
4276 786 152 830 1408 
4277 818 177 819 1599 
4278 324 346 7 1620 
4279 621 1474 1134 1562 
4280 384 388 41 1518 
4281 598 638 100 1446 
4282 1274 126 631 1523 
4283 1182 1355 1181 1387 
4284 225 1502 1364 1516 
4285 26 347 325 1620 
4286 849 802 886 1403 
4287 154 1349 699 1515 
4288 533 496 1251 1530 
4289 58 1532 430 1576 
4290 1353 1369 1179 1482 
4291 838 837 197 1491 
4292 1125 1097 1366 1370 
4293 663 1278 616 1577 
4294 1374 1484 169 1515 
4295 1130 1179 1353 1369 
4296 231 1339 981 1508 
4297 997 1402 1344 1413 
4298 28 1371 375 1480 
4299 605 1473 105 1561 
4300 244 1034 1032 1485 
4301 53 482 447 1512 
4302 247 1398 1001 1452 
4303 46 426 399 1522 
4304 24 1498 1435 1576 
4305 712 1375 158 1580 
4306 645 697 696 1473 
4307 476 475 73 1555 
4308 433 1472 401 1503 
4309 350 351 29 1549 
4310 1318 1416 1403 1608 
4311 38 1406 401 1472 
4312 528 1469 92 1499 
4313 930 214 1497 1559 
4314 209 1534 913 1613 
4315 324 1431 346 1620 
4316 378 349 12 1549 
4317 701 1424 750 1515 
4318 227 1384 967 1414 
4319 185 851 1311 1432 
4320 845 172 848 1525 
4321 1202 1367 1131 1377 
4322 1041 1034 1470 1485 
4323 689 150 1283 1537 
4324 199 1416 1586 1598 
4325 65 453 1573 1605 
4326 251 1038 1442 1604 
4327 627 1399 1166 1523 
4328 803 1305 846 1502 
4329 538 537 1253 1567 
4330 228 1384 1330 1536 
4331 1137 1182 1354 1355 
4332 1221 365 396 1522 
4333 18 345 324 1431 
4334 1403 1467 211 1516 
4335 289 1178 1125 1366 
4336 540 70 1264 1450 
4337 151 1443 739 1578 
4338 906 943 229 1540 
4339 621 1530 578 1562 
4340 76 1423 516 1514 
4341 758 757 1294 1430 
4342 1177 1392 1361 1409 
4343 508 85 548 1521 
4344 753 703 705 1405 
4345 24 1522 1498 1576 
4346 109 1466 1375 1577 
4347 663 109 1375 1577 
4348 58 467 497 1510 
4349 756 1185 157 1430 
4350 184 1467 886 1517 
4351 1557 1601 1390 1618 
4352 230 1534 946 1615 
4353 1207 311 326 1570 
4354 1353 1412 1369 1539 
4355 1014 1341 1015 1535 
4356 994 227 996 1414 
4357 1324 909 192 1487 
4358 334 1464 22 1543 
4359 971 1332 238 1486 
4360 1345 1021 1417 1452 
4361 870 829 194 1441 
4362 1360 1361 1053 1466 
4363 756 799 156 1575 
4364 801 1502 1467 1505 
4365 762 1400 173 1533 
4366 852 892 186 1489 
4367 932 215 1328 1497 
4368 992 961 235 1579 
4369 469 1448 70 1450 
4370 1194 1367 1440 1545 
4371 749 1424 1374 1515 
4372 122 1387 661 1392 
4373 710 759 1295 1517 
4374 1023 253 1028 1447 
4375 209 1455 1314 1534 
4376 138 1295 760 1517 
4377 771 1407 770 1433 
4378 218 1144 1397 1398 
4379 1190 1352 1123 1353 
4380 1069 1067 1119 1542 
4381 966 994 1336 1583 
4382 836 167 794 1484 
4383 461 1550 462 1619 
4384 1416 1586 1382 1608 
4385 1212 361 1449 1565 
4386 442 441 62 1547 
4387 1310 1364 924 1502 
4388 1131 1377 1367 1378 
4389 1078 1083 1082 1463 
4390 1351 1401 1135 1514 
4391 426 46 431 1592 
4392 1439 1513 41 1518 
4393 479 62 480 1610 
4394 233 1437 1382 1608 
4395 171 1430 1525 1575 
4396 1177 1361 1196 1409 
4397 484 485 77 1591 
4398 596 1465 595 1490 
4399 1519 1588 1085 1595 
4400 1316 884 201 1416 
4401 743 697 132 1581 
4402 1047 1358 270 1371 
4403 899 1538 861 1546 
4404 644 1454 132 1473 
4405 353 19 1063 1549 
4406 1196 1177 287 1361 
4407 607 608 119 1511 
4408 573 80 527 1466 
4409 471 473 506 1520 
4410 1393 1506 1368 1572 
4411 1403 1517 1430 1525 
4412 603 118 559 1509 
4413 78 1496 1440 1545 
4414 557 52 517 1381 
4415 826 1478 193 1569 
4416 647 1394 1424 1511 
4417 88 1468 1440 1511 
4418 1143 1119 1067 1542 
4419 326 1548 12 1549 
4420 71 472 1238 1461 
4421 956 224 987 1603 
4422 194 873 870 1441 
4423 1305 850 200 1502 
4424 1395 1536 216 1582 
4425 145 727 676 1172 
4426 450 41 1233 1513 
4427 233 1426 1437 1608 
4428 8 1410 328 1548 
4429 467 58 463 1510 
4430 751 796 168 1602 
4431 94 533 1251 1530 
4432 114 587 1399 1422 
4433 1512 1584 53 1591 
4434 949 981 242 1380 
4435 1303 796 170 1602 
4436 1124 1181 1355 1357 
4437 38 373 1406 1477 
4438 1467 1502 923 1516 
4439 427 57 1235 1592 
4440 1392 108 1577 1617 
4441 94 1113 1422 1562 
4442 899 1546 190 1582 
4443 77 1468 1509 1514 
4444 50 440 1547 1553 
4445 1053 1360 1359 1438 
4446 451 1440 1367 1545 
4447 1178 1195 1365 1366 
4448 682 631 126 1523 
4449 1220 1379 394 1544 
4450 1007 243 1442 1492 
4451 1151 1371 270 1471 
4452 505 543 84 1429 
4453 1125 1196 1053 1360 
4454 1156 730 146 729 
4455 578 1530 94 1562 
4456 1193 1189 1377 1511 
4457 1263 1161 83 539 
4458 559 515 77 1514 
4459 1194 1440 1496 1545 
4460 88 608 564 1511 
4461 417 450 1232 1513 
4462 487 488 78 1545 
4463 171 1574 798 1575 
4464 173 1460 761 1533 
4465 251 1039 1346 1442 
4466 194 831 1611 1612 
4467 516 1514 1423 1566 
4468 1172 819 820 177 
4469 287 1053 1196 1361 
4470 668 716 1089 1474 
4471 610 1187 611 1526 
4472 1009 1437 1011 1604 
4473 1367 1377 1440 1513 
4474 469 468 47 1510 
4475 703 702 1286 1405 
4476 156 1405 706 1527 
4477 879 881 837 1491 
4478 702 703 155 1405 
4479 849 886 211 1403 
4480 80 491 1242 1560 
4481 1259 577 576 1619 
4482 1359 1361 1090 1375 
4483 360 1218 384 1558 
4484 1175 1200 1350 1622 
4485 1226 417 42 1563 
4486 719 142 669 1474 
4487 579 1422 94 1541 
4488 882 1539 1412 1602 
4489 1054 1353 1352 1484 
4490 623 1422 114 1483 
4491 220 1386 975 1613 
4492 56 1501 1396 1543 
4493 246 1014 1535 1597 
4494 771 720 143 1433 
4495 985 1009 1010 1604 
4496 36 1214 367 1576 
4497 1357 1387 1355 1505 
4498 1063 19 353 1410 
4499 365 1498 1213 1522 
4500 249 1413 1344 1524 
4501 985 983 1418 1492 
4502 233 1340 986 1437 
4503 1390 1184 1557 1618 
4504 1022 250 1021 1607 
4505 1268 597 101 1479 
4506 669 142 668 1474 
4507 1190 1176 1352 1374 
4508 1063 1064 1140 1548 
4509 200 847 846 1502 
4510 218 1144 1487 1540 
4511 114 1399 1376 1483 
4512 588 1399 587 1589 
4513 166 1581 1491 1621 
4514 220 1481 1397 1534 
4515 762 1400 1533 1580 
4516 788 182 787 1443 
4517 1194 1350 1200 1367 
4518 139 803 846 1460 
4519 705 135 706 1527 
4520 437 1567 1477 1568 
4521 22 335 364 1464 
4522 282 1174 1198 1046 
4523 876 209 1309 1455 
4524 938 937 901 1582 
4525 1377 1440 1468 1511 
4526 338 319 10 1596 
4527 240 1005 1026 1380 
4528 1369 1586 1362 1598 
4529 293 1180 1200 1367 
4530 213 930 1463 1559 
4531 1050 1404 1373 1464 
4532 754 1526 756 1527 
4533 931 215 932 1519 
4534 268 1448 1169 1477 
4535 1112 1200 1057 1367 
4536 974 1397 1003 1481 
4537 1218 1449 1439 1558 
4538 787 739 788 1443 
4539 1130 1369 1353 1412 
4540 661 658 1392 1618 
4541 1352 1424 1349 1515 
4542 1191 1195 1389 1396 
4543 834 165 838 1495 
4544 804 1432 803 1460 
4545 1026 1005 252 1380 
4546 1308 1411 829 1441 
4547 394 1544 1379 1585 
4548 88 518 486 1440 
4549 58 428 463 1576 
4550 1027 1006 241 1607 
4551 19 352 353 1410 
4552 423 56 393 1543 
4553 301 11 310 1620 
4554 1500 1560 1370 1585 
4555 521 488 522 1496 
4556 1272 616 571 1577 
4557 1082 1489 1432 1559 
4558 1300 179 826 1569 
4559 250 1452 1021 1607 
4560 263 1147 1407 1493 
4561 90 613 568 1557 
4562 430 429 58 1576 
4563 1350 1367 1439 1518 
4564 248 1470 1031 1604 
4565 1506 1518 33 1563 
4566 108 1533 1392 1577 
4567 14 1404 316 1464 
4568 1273 93 576 1451 
4569 1332 941 972 1487 
4570 160 720 1296 1433 
4571 1063 1410 353 1609 
4572 662 1278 140 1577 
4573 1364 1502 1467 1516 
4574 33 1518 1506 1572 
4575 739 1293 690 1444 
4576 973 1398 1397 1481 
4577 223 1418 919 1539 
4578 430 1532 46 1576 
4579 254 1034 1013 1579 
4580 214 893 931 1434 
4581 670 1279 1483 1562 
4582 956 1603 1426 1608 
4583 447 1512 1507 1584 
4584 1302 1484 1374 1602 
4585 930 214 964 1497 
4586 1012 248 1011 1485 
4587 1255 1468 564 1511 
4588 1200 292 1057 1350 
4589 1174 1046 283 1354 
4590 882 1412 1556 1602 
4591 1364 1427 212 1603 
4592 1369 1574 1539 1586 
4593 77 1509 603 1514 
4594 97 587 579 1422 
4595 446 1381 63 1616 
4596 124 1279 670 1562 
4597 448 1378 64 1591 
4598 965 236 964 1583 
4599 922 1586 1416 1608 
4600 524 523 79 1593 
4601 326 311 1548 1570 
4602 1228 404 432 1471 
4603 922 955 1586 1608 
4604 372 27 345 1494 
4605 370 26 343 1358 
4606 622 671 1279 1562 
4607 1164 465 1471 1472 
4608 541 587 97 1589 
4609 1104 1398 1486 1524 
4610 253 1075 1470 1607 
4611 841 843 1539 1574 
4612 980 231 948 1419 
4613 1350 1194 1389 1545 
4614 994 236 1336 1583 
4615 1135 1193 273 1377 
4616 1202 1180 294 1367 
4617 850 185 1364 1432 
4618 234 1485 1426 1603 
4619 665 709 715 1601 
4620 1050 1373 1356 1622 
4621 141 1089 716 1436 
4622 987 1335 234 1603 
4623 297 1548 5 1570 
4624 1358 1480 1114 1531 
4625 73 1445 599 1446 
4626 1190 1352 1353 1374 
4627 1361 1409 1392 1577 
4628 836 794 839 1484 
4629 172 800 758 1525 
4630 761 173 804 1460 
4631 644 1423 1349 1454 
4632 235 961 962 1463 
4633 1176 1351 1060 1424 
4634 1354 1403 1362 1416 
4635 135 652 1488 1527 
4636 152 1385 694 1444 
4637 1448 1477 437 1567 
4638 326 322 1207 1570 
4639 751 168 1374 1602 
4640 105 1473 693 1561 
4641 1221 1379 23 1522 
4642 1396 1501 1373 1543 
4643 77 1401 1468 1514 
4644 1432 1460 1364 1502 
4645 94 578 533 1530 
4646 1142 195 1495 1534 
4647 618 656 1499 1601 
4648 1383 167 1484 1515 
4649 56 1543 1396 1573 
4650 199 922 955 1586 
4651 455 423 35 1501 
4652 1491 1495 838 1621 
4653 1053 1090 1359 1361 
4654 1006 1481 241 1607 
4655 1167 1376 1055 1433 
4656 1348 1044 1041 1470 
4657 23 1379 1220 1544 
4658 1147 1407 1493 1538 
4659 788 1443 151 1542 
4660 477 1381 74 1610 
4661 1271 108 1392 1617 
4662 932 1328 964 1497 
4663 1179 1369 1362 1574 
4664 1376 1433 722 1483 
4665 473 474 72 1553 
4666 830 194 829 1408 
4667 549 1521 85 1553 
4668 618 1499 92 1601 
4669 1409 1557 1184 1618 
4670 1191 1453 1396 1499 
4671 89 521 522 1496 
4672 211 887 849 1403 
4673 1049 1400 1375 1533 
4674 502 1246 466 1568 
4675 853 202 807 1580 
4676 1165 1102 1376 1399 
4677 328 352 19 1410 
4678 1060 1349 1352 1424 
4679 921 1316 1416 1608 
4680 27 346 1431 1457 
4681 109 1359 1375 1466 
4682 216 1331 938 1536 
4683 1182 1174 283 1354 
4684 1199 1181 285 1357 
4685 474 50 509 1553 
4686 1197 1409 1365 1593 
4687 1355 1357 1181 1387 
4688 327 1548 19 1549 
4689 241 1004 1023 1447 
4690 226 1463 961 1579 
4691 709 1390 1601 1618 
4692 1417 1452 250 1504 
4693 1149 1384 261 1402 
4694 168 840 1302 1602 
4695 1503 1531 1431 1620 
4696 94 1530 1113 1562 
4697 1057 292 1106 1350 
4698 293 1200 1112 1367 
4699 559 77 603 1514 
4700 420 419 34 1605 
4701 1097 289 1125 1366 
4702 1367 1378 1377 1513 
4703 1195 1373 1050 1622 
4704 138 1430 1390 1517 
4705 1258 528 575 1499 
4706 553 102 597 1610 
4707 1012 989 244 1485 
4708 1350 1356 1106 1614 
4709 579 587 623 1422 
4710 1023 240 1442 1447 
4711 413 1507 447 1616 
4712 97 1264 542 1589 
4713 1242 1500 456 1560 
4714 1335 958 959 1603 
4715 232 1382 986 1437 
4716 151 739 690 1578 
4717 758 1430 760 1525 
4718 623 672 671 1483 
4719 1235 462 461 1550 
4720 602 105 1423 1473 
4721 600 597 102 1479 
4722 494 530 1451 1619 
4723 6 1363 313 1415 
4724 947 912 230 1534 
4725 1159 591 1146 1521 
4726 204 858 862 1493 
4727 499 465 1245 1164 
4728 179 1411 1308 1441 
4729 166 1491 837 1621 
4730 1117 1356 1404 1415 
4731 1199 1184 1387 1392 
4732 1378 1584 1512 1591 
4733 765 174 764 1436 
4734 301 309 11 1571 
4735 1008 1380 981 1442 
4736 1153 828 871 1162 
4737 432 433 37 1471 
4738 489 1453 66 1593 
4739 1080 1362 1198 1369 
4740 1242 491 55 1500 
4741 79 523 489 1593 
4742 952 223 983 1418 
4743 882 1315 196 1556 
4744 560 1058 103 1566 
4745 1360 1466 1438 1560 
4746 58 497 1095 1510 
4747 1171 270 1108 1471 
4748 441 1458 445 1547 
4749 1003 978 1006 1481 
4750 616 108 571 1577 
4751 1363 1393 313 1415 
4752 1147 1493 1391 1538 
4753 143 670 671 1483 
4754 29 380 411 1564 
4755 274 1401 1512 1514 
4756 523 1453 489 1593 
4757 620 110 666 1619 
4758 77 1468 1401 1591 
4759 618 137 656 1601 
4760 312 311 303 1548 
4761 739 1444 690 1578 
4762 419 1439 34 1605 
4763 643 601 103 1561 
4764 842 841 1539 1602 
4765 1315 882 916 1556 
4766 155 702 1405 1482 
4767 1112 1367 1057 1368 
4768 196 836 839 1484 
4769 1025 252 1005 1380 
4770 379 40 1456 1547 
4771 1151 1159 1173 1461 
4772 648 118 606 1509 
4773 58 1510 1095 1576 
4774 717 764 158 1436 
4775 220 1397 1386 1534 
4776 985 232 1009 1437 
4777 986 1340 1009 1437 
4778 456 1242 55 1500 
4779 151 690 691 1578 
4780 491 1500 1242 1560 
4781 218 1144 1398 1487 
4782 1060 1123 278 1352 
4783 260 1104 1398 1486 
4784 607 1394 649 1511 
4785 174 1436 766 1590 
4786 249 1019 1020 1524 
4787 515 1401 77 1514 
4788 324 325 18 1431 
4789 398 429 430 1576 
4790 35 421 455 1501 
4791 611 107 656 1499 
4792 268 1145 1406 1477 
4793 239 1452 1398 1481 
4794 245 991 1341 1597 
4795 480 62 445 1458 
4796 494 1451 1438 1619 
4797 921 922 1316 1608 
4798 1203 6 299 1415 
4799 1439 1513 1367 1545 
4800 686 149 736 1158 
4801 1344 1402 238 1524 
4802 763 158 764 1580 
4803 1028 1027 241 1607 
4804 52 1381 446 1616 
4805 1382 1418 232 1586 
4806 374 26 1222 1503 
4807 1070 1054 1352 1484 
4808 892 891 186 1489 
4809 261 1384 1052 1402 
4810 583 96 1148 1166 
4811 962 929 213 1463 
4812 345 1431 18 1494 
4813 1108 1406 1171 1503 
4814 1310 850 1364 1502 
4815 162 1407 1523 1599 
4816 601 1269 103 1479 
4817 86 557 556 1381 
4818 932 964 214 1497 
4819 211 886 885 1467 
4820 402 436 27 1494 
4821 1021 247 1022 1452 
4822 155 703 753 1405 
4823 1256 90 524 1617 
4824 1002 1022 247 1452 
4825 1202 294 1131 1367 
4826 1029 1346 1039 1442 
4827 184 1505 1467 1517 
4828 1368 1378 1367 1513 
4829 504 470 505 1429 
4830 941 1324 905 1487 
4831 721 1433 720 1594 
4832 155 798 752 1575 
4833 1001 1486 1398 1524 
4834 975 1478 944 1613 
4835 1000 238 972 1486 
4836 123 664 617 1359 
4837 1361 1466 1409 1577 
4838 2 273 1193 1377 
4839 1431 1457 1109 1494 
4840 106 1468 1255 1511 
4841 644 1423 1454 1473 
4842 234 1427 989 1485 
4843 297 1570 5 1571 
4844 284 1182 1137 1355 
4845 598 1445 642 1446 
4846 274 1514 1512 1566 
4847 1264 1422 580 1541 
4848 835 167 836 1383 
4849 599 1445 73 1490 
4850 295 1064 1127 1415 
4851 475 510 73 1555 
4852 53 413 416 1584 
4853 1370 1560 1438 1585 
4854 158 1375 714 1436 
4855 608 565 609 1488 
4856 210 1315 916 1556 
4857 50 408 409 1547 
4858 417 1513 1232 1563 
4859 101 596 1490 1561 
4860 743 132 745 1454 
4861 130 638 598 1446 
4862 199 845 884 1598 
4863 992 235 991 1579 
4864 1326 224 956 1608 
4865 1077 1470 250 1504 
4866 465 433 432 1471 
4867 870 873 869 1441 
4868 959 1427 234 1603 
4869 1349 1424 1351 1509 
4870 1197 1365 1453 1593 
4871 949 242 982 1380 
4872 1362 1183 1430 1525 
4873 1017 246 1413 1597 
4874 1062 1064 1063 1410 
4875 803 846 1460 1502 
4876 889 1364 185 1462 
4877 372 1477 403 1494 
4878 26 325 344 1620 
4879 60 428 1121 1510 
4880 795 1374 168 1602 
4881 1261 580 579 1541 
4882 732 1158 164 737 
4883 193 825 826 1569 
4884 88 1440 1488 1511 
4885 1059 1507 1609 1616 
4886 709 1601 121 1618 
4887 1362 1416 1403 1525 
4888 234 1427 1485 1603 
4889 1183 1174 1182 1354 
4890 160 720 1433 1594 
4891 769 768 175 1595 
4892 81 495 1250 1528 
4893 1197 1453 1409 1593 
4894 1383 1454 167 1515 
4895 943 1478 229 1540 
4896 966 965 215 1583 
4897 1406 1477 373 1494 
4898 494 531 1438 1451 
4899 584 1161 1148 538 
4900 8 1064 302 1393 
4901 504 505 84 1429 
4902 1373 1543 390 1573 
4903 694 1385 642 1444 
4904 47 1477 1448 1494 
4905 688 150 1291 1537 
4906 1139 1050 1373 1464 
4907 620 1451 576 1619 
4908 454 1241 489 1593 
4909 166 744 1581 1621 
4910 1317 924 225 1502 
4911 258 1107 1150 1386 
4912 607 119 1394 1511 
4913 1283 150 688 1537 
4914 1353 1484 1054 1556 
4915 1198 1080 282 1046 
4916 449 484 53 1591 
4917 660 662 711 1533 
4918 699 1349 1509 1515 
4919 754 157 756 1526 
4920 464 431 46 1532 
4921 1193 1394 1189 1511 
4922 346 340 7 1457 
4923 994 966 1459 1583 
4924 2 1193 1202 1377 
4925 437 1477 438 1568 
4926 600 556 1269 1479 
4927 813 189 1407 1538 
4928 318 1475 15 1498 
4929 175 768 767 1594 
4930 3 297 296 1571 
4931 1178 289 1195 1366 
4932 1209 315 333 1565 
4933 154 750 746 1515 
4934 632 591 634 1600 
4935 1382 1586 955 1608 
4936 319 1435 15 1475 
4937 1190 1482 1179 1575 
4938 804 803 761 1460 
4939 81 496 495 1528 
4940 496 1550 1530 1619 
4941 1464 1543 1366 1544 
4942 1081 1046 1426 1516 
4943 1355 1403 1354 1467 
4944 1124 285 1181 1357 
4945 350 378 12 1549 
4946 602 645 105 1473 
4947 811 769 188 1595 
4948 1059 1609 1564 1616 
4949 97 1422 1264 1589 
4950 862 899 1391 1538 
4951 441 442 409 1547 
4952 1166 626 126 1280 
4953 570 569 1256 1617 
4954 1057 1350 1106 1614 
4955 1199 1181 1357 1387 
4956 268 1406 1056 1477 
4957 899 1538 1546 1582 
4958 445 1458 62 1547 
4959 49 407 406 1551 
4960 1016 1535 1342 1583 
4961 860 205 859 1519 
4962 620 666 1451 1619 
4963 334 335 22 1464 
4964 1049 1357 1400 1533 
4965 1107 1372 257 1441 
4966 1139 1195 289 1366 
4967 1062 1378 1368 1507 
4968 354 31 1217 1572 
4969 1371 1425 1420 1551 
4970 226 927 928 1462 
4971 209 1455 1534 1613 
4972 175 860 812 1595 
4973 529 92 1453 1557 
4974 328 1410 19 1548 
4975 22 362 1543 1544 
4976 238 1332 972 1486 
4977 993 235 1463 1535 
4978 348 376 17 1480 
4979 305 9 1404 1475 
4980 905 867 906 1540 
4981 1400 1432 186 1460 
4982 37 400 1228 1471 
4983 756 1185 1430 1575 
4984 1191 1396 1389 1469 
4985 119 650 1394 1405 
4986 1202 1131 2 1377 
4987 769 175 812 1595 
4988 1182 283 1137 1354 
4989 73 550 595 1490 
4990 1183 1182 1181 1387 
4991 757 171 1430 1525 
4992 513 554 74 1381 
4993 842 1303 841 1602 
4994 187 808 1476 1590 
4995 1054 1123 1352 1353 
4996 1427 1462 990 1463 
4997 527 1466 1560 1606 
4998 327 1211 12 1549 
4999 1027 1452 239 1607 
5000 704 1287 653 1527 
5001 248 1470 1437 1485 
5002 1038 1470 1075 1604 
5003 204 936 1329 1459 
5004 972 1398 1001 1486 
5005 1127 1571 300 1596 
5006 1020 1345 1417 1524 
5007 1182 284 1181 1355 
5008 980 1419 222 1492 
5009 615 90 569 1617 
5010 984 952 1418 1492 
5011 718 767 159 1428 
5012 1080 1382 1369 1418 
5013 928 890 1320 1559 
5014 1186 1390 1557 1601 
5015 136 654 707 1526 
5016 249 1017 1413 1597 
5017 531 93 1438 1451 
5018 1087 1364 1432 1460 
5019 1124 1357 1355 1460 
5020 1106 1356 1350 1622 
5021 855 809 187 1590 
5022 609 652 119 1488 
5023 1197 1196 1178 1365 
5024 102 554 513 1381 
5025 1224 413 412 1616 
5026 1309 182 832 1612 
5027 1060 1351 1349 1424 
5028 609 135 652 1488 
5029 138 1390 1387 1517 
5030 466 434 59 1587 
5031 374 347 26 1503 
5032 1189 1394 1188 1488 
5033 621 669 1474 1562 
5034 248 1437 1470 1604 
5035 499 535 59 1587 
5036 604 1509 1349 1514 
5037 505 543 1429 1567 
5038 1026 1380 252 1442 
5039 501 1246 83 1568 
5040 114 1422 1399 1483 
5041 308 10 300 1596 
5042 812 859 188 1595 
5043 1032 248 1012 1485 
5044 198 883 919 1539 
5045 173 1400 805 1460 
5046 717 765 764 1436 
5047 953 1418 223 1586 
5048 1135 273 1351 1377 
5049 844 843 797 1598 
5050 1124 1181 284 1355 
5051 1089 1436 141 1451 
5052 318 9 306 1475 
5053 496 1528 1251 1530 
5054 961 1463 235 1579 
5055 499 59 465 1587 
5056 760 1430 1517 1525 
5057 216 1536 938 1582 
5058 850 1432 1364 1502 
5059 1052 1120 1083 1414 
5060 789 790 1455 1495 
5061 1071 1054 1383 1556 
5062 1370 1544 1529 1585 
5063 498 1528 495 1550 
5064 885 923 211 1467 
5065 1128 1177 286 1199 
5066 552 1421 73 1446 
5067 413 32 416 1507 
5068 435 60 1494 1510 
5069 36 428 429 1576 
5070 448 1513 1378 1563 
5071 103 556 557 1566 
5072 899 935 1391 1582 
5073 1381 1564 444 1616 
5074 657 1390 1288 1618 
5075 52 447 1512 1616 
5076 1070 1383 1054 1484 
5077 925 224 921 1608 
5078 714 1375 1359 1436 
5079 1397 1398 1138 1481 
5080 287 1177 1128 1361 
5081 759 1505 184 1517 
5082 488 487 1240 1545 
5083 1079 195 1142 1615 
5084 71 1238 1425 1461 
5085 1104 1452 1398 1524 
5086 972 1398 1486 1487 
5087 707 120 655 1526 
5088 326 1548 1480 1570 
5089 46 430 464 1532 
5090 323 344 11 1531 
5091 27 366 346 1457 
5092 966 1336 965 1583 
5093 116 1465 641 1578 
5094 762 711 140 1533 
5095 107 567 1258 1499 
5096 895 1321 1434 1519 
5097 731 682 726 1523 
5098 915 1380 1079 1508 
5099 1037 1470 1077 1607 
5100 171 1574 1575 1598 
5101 1174 1183 1362 1525 
5102 868 1441 207 1478 
5103 227 1414 994 1459 
5104 807 806 763 1580 
5105 1327 1427 212 1462 
5106 19 1548 1410 1549 
5107 449 53 1584 1591 
5108 252 1380 1008 1442 
5109 885 200 1317 1502 
5110 1351 1468 1401 1514 
5111 343 376 1358 1531 
5112 228 1413 1384 1536 
5113 923 885 1317 1502 
5114 1070 1060 1349 1352 
5115 903 1154 904 1395 
5116 1189 1202 1377 1440 
5117 1137 1354 1087 1355 
5118 715 137 665 1601 
5119 741 165 740 1621 
5120 312 327 12 1548 
5121 58 1095 1532 1576 
5122 157 1185 756 1526 
5123 480 51 477 1458 
5124 49 1520 1425 1551 
5125 296 301 300 1571 
5126 1147 1170 1154 1546 
5127 28 1230 1371 1551 
5128 10 1206 321 1596 
5129 241 979 1004 1615 
5130 508 72 474 1553 
5131 873 207 869 1441 
5132 307 1475 1127 1596 
5133 26 1503 347 1620 
5134 267 1429 1169 1448 
5135 1247 75 510 1555 
5136 366 340 346 1457 
5137 755 754 136 1526 
5138 527 1249 91 1606 
5139 810 857 175 1588 
5140 143 1428 670 1483 
5141 791 744 793 1621 
5142 1423 1514 1115 1566 
5143 448 42 1563 1584 
5144 671 1483 1279 1562 
5145 170 752 797 1574 
5146 232 1418 1382 1437 
5147 1081 1364 1427 1462 
5148 1089 1086 1136 1476 
5149 208 910 1153 871 
5150 287 1128 1053 1361 
5151 1094 1528 1532 1550 
5152 767 1428 721 1594 
5153 494 68 530 1619 
5154 1379 1464 1366 1544 
5155 166 1383 879 1491 
5156 283 1046 1137 1354 
5157 751 1482 796 1602 
5158 576 620 1273 1451 
5159 1271 1392 615 1617 
5160 1050 1101 1356 1404 
5161 1396 1453 1365 1501 
5162 707 654 120 1526 
5163 1379 1522 395 1592 
5164 438 1477 1236 1568 
5165 1127 1064 295 1571 
5166 1087 1137 1081 1516 
5167 1345 247 1452 1524 
5168 1197 1177 1196 1409 
5169 650 134 1394 1405 
5170 851 1432 186 1489 
5171 1154 1395 216 1582 
5172 1225 42 415 1584 
5173 512 74 554 1610 
5174 1243 1396 1469 1573 
5175 1122 1121 1109 1457 
5176 1268 551 75 1610 
5177 656 1526 1499 1601 
5178 275 1066 1058 1479 
5179 1104 1486 1402 1524 
5180 362 35 1543 1544 
5181 1151 270 1171 1471 
5182 301 310 1571 1620 
5183 543 1399 84 1429 
5184 1226 42 387 1563 
5185 851 891 1432 1489 
5186 567 1469 1258 1499 
5187 705 706 1405 1527 
5188 1054 279 1123 1353 
5189 263 1391 1147 1493 
5190 595 1445 599 1490 
5191 1178 288 1125 1196 
5192 13 332 1393 1572 
5193 626 583 112 1166 
5194 186 1432 1400 1489 
5195 1330 1536 1384 1582 
5196 238 1402 998 1552 
5197 323 1531 309 1570 
5198 1379 1464 23 1498 
5199 27 372 402 1494 
5200 789 1495 1455 1542 
5201 904 1154 1153 1395 
5202 1247 510 475 1555 
5203 768 1428 767 1594 
5204 1373 1449 1356 1622 
5205 637 689 1283 1537 
5206 791 153 744 1581 
5207 347 18 1431 1503 
5208 1139 1195 1366 1373 
5209 979 1481 978 1615 
5210 1199 286 1128 1049 
5211 741 151 692 1542 
5212 876 832 183 1455 
5213 891 1311 1432 1559 
5214 1139 1379 1100 1464 
5215 438 403 38 1477 
5216 355 383 31 1558 
5217 346 1431 1457 1620 
5218 39 1358 1371 1471 
5219 27 1431 345 1494 
5220 846 1460 1502 1505 
5221 193 824 825 1569 
5222 578 1260 533 1530 
5223 687 149 1158 732 
5224 268 1105 1448 1477 
5225 165 838 1495 1621 
5226 1130 281 1179 1369 
5227 1175 1350 1194 1389 
5228 46 1532 1522 1576 
5229 266 1399 1148 1429 
5230 70 470 1429 1448 
5231 1007 231 1492 1508 
5232 1356 1404 1363 1565 
5233 2 1131 273 1377 
5234 232 986 1009 1437 
5235 210 880 1315 1556 
5236 1113 94 1422 1541 
5237 634 128 632 1600 
5238 770 1407 814 1433 
5239 1175 292 1200 1622 
5240 391 421 35 1529 
5241 310 324 7 1620 
5242 434 1477 1472 1587 
5243 65 452 420 1605 
5244 264 263 1147 1407 
5245 1180 1112 294 1367 
5246 555 102 513 1381 
5247 191 821 866 1154 
5248 61 505 470 1567 
5249 1320 213 929 1559 
5250 259 1397 1144 1398 
5251 818 819 1546 1599 
5252 1108 1358 1114 1531 
5253 52 413 447 1616 
5254 1235 461 1388 1550 
5255 32 385 1225 1584 
5256 1306 817 861 1599 
5257 860 175 857 1588 
5258 383 384 41 1518 
5259 307 1415 1127 1475 
5260 258 1386 1150 1478 
5261 875 182 1309 1612 
5262 1095 498 497 1532 
5263 1351 1509 1468 1514 
5264 435 47 468 1510 
5265 695 1293 152 1444 
5266 745 132 698 1454 
5267 598 599 1445 1446 
5268 798 155 753 1575 
5269 448 1563 1378 1584 
5270 122 1387 1392 1505 
5271 618 121 665 1601 
5272 1080 1074 1382 1418 
5273 1268 1479 551 1610 
5274 862 858 1307 1493 
5275 368 36 367 1576 
5276 786 830 829 1408 
5277 531 1438 93 1606 
5278 1386 1534 1455 1613 
5279 1361 1375 1359 1466 
5280 240 976 977 1380 
5281 1402 1413 997 1536 
5282 657 138 1390 1618 
5283 557 86 514 1381 
5284 523 1557 1453 1593 
5285 1197 1365 1201 1453 
5286 247 1398 1452 1524 
5287 1121 1457 436 1494 
5288 1404 1415 1363 1565 
5289 949 231 981 1508 
5290 966 934 1329 1459 
5291 369 1214 36 1576 
5292 643 101 601 1561 
5293 54 418 1439 1545 
5294 1047 1108 270 1358 
5295 1386 1478 975 1613 
5296 638 637 100 1537 
5297 765 766 1436 1476 
5298 65 420 453 1605 
5299 329 355 31 1363 
5300 936 1391 1384 1459 
5301 1548 1570 297 1571 
5302 263 1407 1116 1493 
5303 1439 1518 388 1558 
5304 76 1512 1401 1514 
5305 1351 1176 1394 1424 
5306 1115 1135 1401 1514 
5307 754 156 706 1527 
5308 448 1584 1378 1591 
5309 421 422 55 1529 
5310 21 1393 1506 1609 
5311 1173 1420 1371 1425 
5312 279 1190 1123 1353 
5313 1167 1055 1407 1433 
5314 498 57 1532 1550 
5315 741 740 151 1542 
5316 907 1478 207 1613 
5317 1403 1467 1355 1517 
5318 696 105 645 1473 
5319 1014 1017 1035 1597 
5320 115 1146 591 1521 
5321 379 1456 409 1547 
5322 957 224 925 1516 
5323 1012 244 1032 1485 
5324 1251 1528 81 1541 
5325 388 1439 41 1518 
5326 223 1539 883 1586 
5327 676 677 1166 1280 
5328 1360 1438 1370 1560 
5329 963 1463 930 1497 
5330 492 1249 527 1560 
5331 419 54 418 1439 
5332 979 241 978 1481 
5333 433 59 1229 1472 
5334 747 795 169 1374 
5335 502 83 1568 1587 
5336 1201 1396 1191 1453 
5337 266 1102 1165 1399 
5338 844 797 171 1598 
5339 265 1165 1102 1376 
5340 898 215 1519 1583 
5341 1507 1512 447 1616 
5342 52 1512 1381 1616 
5343 1360 1370 1500 1560 
5344 1382 1437 1426 1608 
5345 876 1309 832 1455 
5346 634 591 115 1600 
5347 139 761 803 1460 
5348 756 1527 1526 1575 
5349 103 1058 605 1561 
5350 1198 1179 281 1369 
5351 1191 1469 1389 1499 
5352 258 1051 1386 1397 
5353 1095 497 498 1528 
5354 1057 1112 293 1200 
5355 1130 1179 280 1353 
5356 742 1542 131 1578 
5357 116 1284 639 1465 
5358 845 201 884 1416 
5359 258 1386 1168 1397 
5360 260 1398 1144 1486 
5361 592 545 72 1521 
5362 211 1403 886 1467 
5363 273 1135 1351 1401 
5364 1195 1201 1178 1365 
5365 32 386 385 1563 
5366 73 1490 1446 1555 
5367 1448 1477 1105 1494 
5368 143 671 672 1483 
5369 1091 1053 1359 1438 
5370 1089 1090 1088 1436 
5371 1254 506 72 1520 
5372 326 1480 1548 1549 
5373 293 1112 1180 1367 
5374 1387 1390 661 1392 
5375 1222 26 371 1503 
5376 835 792 167 1383 
5377 661 1392 1390 1618 
5378 530 576 93 1451 
5379 949 221 950 1508 
5380 1366 1464 1373 1543 
5381 84 1399 588 1589 
5382 214 1434 932 1497 
5383 305 1415 306 1475 
5384 1112 1368 1061 1378 
5385 1048 1443 1372 1455 
5386 708 157 1390 1430 
5387 1313 1154 902 1582 
5388 1172 728 777 1156 
5389 790 183 1455 1495 
5390 268 1145 269 1406 
5391 1405 1488 652 1527 
5392 692 151 691 1578 
5393 1371 1480 28 1551 
5394 71 1461 1425 1520 
5395 1341 991 235 1535 
5396 751 1374 1482 1602 
5397 1058 1423 605 1473 
5398 25 341 320 1435 
5399 880 1383 836 1556 
5400 1300 826 825 1569 
5401 118 603 606 1509 
5402 1386 1397 975 1478 
5403 768 1428 1594 1595 
5404 347 1431 325 1620 
5405 1065 1059 1063 1564 
5406 152 830 1408 1444 
5407 1139 289 1097 1366 
5408 977 982 242 1380 
5409 1386 1455 1372 1613 
5410 1381 1512 517 1566 
5411 1248 476 511 1554 
5412 1253 537 61 1567 
5413 753 1405 156 1575 
5414 1185 756 1526 1575 
5415 441 409 1456 1547 
5416 75 480 512 1610 
5417 134 747 700 1374 
5418 1365 1366 1501 1529 
5419 270 271 1047 1371 
5420 1202 1180 1367 1440 
5421 1388 1438 67 1585 
5422 1111 1480 1371 1551 
5423 72 508 548 1521 
5424 1055 1167 265 1376 
5425 710 1387 1505 1517 
5426 1214 1435 367 1576 
5427 294 1112 1131 1367 
5428 283 1174 282 1046 
5429 512 554 102 1610 
5430 311 1207 5 1570 
5431 1108 1531 1114 1620 
5432 1041 248 1032 1470 
5433 787 739 1443 1444 
5434 566 1187 1496 1499 
5435 1386 1441 1150 1478 
5436 318 1404 1475 1498 
5437 1037 250 1022 1607 
5438 401 1472 1406 1503 
5439 1104 1152 1402 1486 
5440 15 317 319 1475 
5441 205 1459 898 1519 
5442 1061 1512 1401 1591 
5443 597 1268 553 1610 
5444 864 1154 1313 1546 
5445 306 1415 317 1475 
5446 1016 1414 246 1535 
5447 270 1151 271 1371 
5448 1090 1375 1049 1400 
5449 254 1033 1043 1504 
5450 1211 351 350 1549 
5451 1060 278 1176 1352 
5452 1149 262 261 1384 
5453 1095 69 497 1528 
5454 1369 1362 1574 1598 
5455 641 1465 116 1561 
5456 142 811 808 1476 
5457 1359 1436 1091 1451 
5458 864 191 1313 1154 
5459 1135 1349 1060 1351 
5460 229 1478 1397 1540 
5461 26 1358 371 1503 
5462 608 609 119 1488 
5463 890 891 213 1559 
5464 1096 1457 1435 1576 
5465 984 1418 983 1492 
5466 59 433 465 1472 
5467 1356 1350 1449 1558 
5468 1496 1545 488 1605 
5469 1139 1050 1195 1373 
5470 1261 534 81 1541 
5471 1045 1105 1095 1450 
5472 107 618 656 1499 
5473 427 1388 45 1592 
5474 10 319 1475 1596 
5475 1367 1368 1112 1378 
5476 1376 1399 631 1523 
5477 862 189 861 1538 
5478 676 1166 126 1280 
5479 413 1224 32 1507 
5480 1184 1409 1197 1557 
5481 1180 1194 1367 1440 
5482 580 1422 579 1541 
5483 1092 1360 1053 1438 
5484 279 1054 280 1353 
5485 22 1220 392 1544 
5486 1022 1452 1027 1607 
5487 747 169 749 1374 
5488 1372 1408 257 1441 
5489 277 1193 1135 1351 
5490 1325 944 907 1613 
5491 189 1306 861 1538 
5492 677 112 1166 1280 
5493 409 442 50 1547 
5494 473 1520 1420 1553 
5495 1159 1146 1163 1521 
5496 1087 1355 1364 1460 
5497 54 419 420 1605 
5498 539 535 95 1164 
5499 268 269 1056 1406 
5500 301 5 309 1571 
5501 414 383 1518 1572 
5502 800 845 1304 1525 
5503 210 918 1419 1556 
5504 1259 576 530 1619 
5505 596 116 1465 1561 
5506 1094 1093 1095 1528 
5507 1310 888 850 924 
5508 1117 1363 1356 1415 
5509 1409 1593 1557 1617 
5510 57 431 1532 1592 
5511 977 976 946 1615 
5512 243 985 1010 1604 
5513 1264 1450 542 1589 
5514 1365 1529 1501 1593 
5515 882 1412 916 1556 
5516 1168 1386 258 1478 
5517 276 1066 275 1490 
5518 1094 1528 1095 1532 
5519 223 954 953 1586 
5520 1314 877 912 1534 
5521 1210 17 326 1480 
5522 87 517 1512 1566 
5523 743 744 697 1581 
5524 243 1442 1492 1604 
5525 738 1385 152 1408 
5526 495 462 57 1550 
5527 1227 396 426 1592 
5528 253 1447 1075 1607 
5529 193 1540 824 1569 
5530 249 1020 1417 1524 
5531 238 998 971 1552 
5532 1148 1166 96 1399 
5533 1052 1402 1384 1413 
5534 18 1431 1406 1494 
5535 702 1374 134 1405 
5536 1213 1498 24 1522 
5537 899 190 935 1582 
5538 1500 1529 1365 1593 
5539 433 1471 465 1472 
5540 1101 1404 1050 1464 
5541 909 1153 219 910 
5542 266 1045 1399 1429 
5543 1135 1060 277 1351 
5544 354 1363 31 1572 
5545 226 928 929 1462 
5546 922 1416 1316 1608 
5547 1094 1093 1528 1550 
5548 1075 1442 1038 1604 
5549 1184 1392 1177 1409 
5550 22 1464 364 1544 
5551 179 1441 826 1569 
5552 1124 1400 1357 1460 
5553 53 415 449 1584 
5554 1324 941 909 1487 
5555 1033 254 1013 1579 
5556 285 1049 1199 1357 
5557 260 1152 1104 1486 
5558 33 386 359 1506 
5559 22 1543 1464 1544 
5560 976 1004 979 1615 
5561 1215 1456 378 1549 
5562 177 1299 775 1599 
5563 1384 1391 935 1582 
5564 1359 1438 1360 1466 
5565 191 819 1154 1546 
5566 627 1166 126 1523 
5567 641 101 643 1561 
5568 1191 1396 1469 1499 
5569 76 559 558 1514 
5570 1108 1503 1358 1531 
5571 512 102 553 1610 
5572 220 1325 913 1613 
5573 288 1053 1125 1196 
5574 261 262 1052 1384 
5575 913 1314 220 1534 
5576 971 999 219 1552 
5577 895 1434 854 1595 
5578 1098 1432 1082 1489 
5579 1109 1571 1596 1620 
5580 692 131 1542 1578 
5581 879 835 210 1383 
5582 1184 1185 1183 1390 
5583 1061 1368 1062 1378 
5584 545 1520 72 1521 
5585 1351 1509 1424 1511 
5586 198 1418 1412 1539 
5587 1191 1195 1175 1389 
5588 511 1554 476 1555 
5589 1104 1402 1052 1413 
5590 371 1471 37 1503 
5591 1140 1111 1063 1456 
5592 552 549 1421 1446 
5593 1385 1408 738 1411 
5594 81 540 580 1541 
5595 155 752 1482 1575 
5596 1365 1396 1201 1453 
5597 235 1342 1015 1535 
5598 1262 95 536 1164 
5599 408 1547 1420 1551 
5600 160 1493 810 1594 
5601 1240 488 1545 1605 
5602 739 1443 1444 1578 
5603 132 697 1473 1581 
5604 596 101 641 1561 
5605 1097 1379 1370 1388 
5606 1087 1124 284 1355 
5607 284 1137 1087 1355 
5608 1048 1372 1107 1455 
5609 1095 497 58 1532 
5610 22 1219 362 1544 
5611 100 1146 594 1521 
5612 318 1404 9 1475 
5613 1235 57 462 1550 
5614 216 1395 969 1536 
5615 201 1416 845 1525 
5616 517 52 483 1512 
5617 443 412 63 1616 
5618 1426 1081 1516 1603 
5619 492 526 1249 1606 
5620 549 85 1421 1553 
5621 827 181 1308 1411 
5622 1056 1109 1457 1494 
5623 1439 1449 34 1605 
5624 1445 1446 73 1490 
5625 355 20 1558 1565 
5626 411 380 410 1564 
5627 1392 1505 1357 1533 
5628 836 1383 167 1484 
5629 1394 1488 1189 1511 
5630 343 344 323 1531 
5631 886 1467 1403 1517 
5632 1086 1519 1085 1595 
5633 945 999 970 1395 
5634 267 266 1148 1429 
5635 891 930 213 1559 
5636 812 188 769 1595 
5637 909 1153 871 1487 
5638 483 447 482 1512 
5639 1067 1473 742 1581 
5640 275 1490 1479 1610 
5641 1111 1456 1480 1551 
5642 1385 1411 150 1537 
5643 1412 222 1419 1492 
5644 1113 1483 1422 1562 
5645 1353 1054 1412 1556 
5646 311 5 1548 1570 
5647 225 888 926 1364 
5648 844 171 1304 1598 
5649 139 1460 846 1505 
5650 1195 1050 291 1622 
5651 892 891 1489 1559 
5652 1367 1513 1439 1518 
5653 301 1571 11 1620 
5654 1025 1005 242 1380 
5655 1092 1370 1360 1438 
5656 1389 1545 1496 1605 
5657 1230 1425 1371 1551 
5658 1076 1075 1077 1470 
5659 1006 978 241 1481 
5660 1093 1388 1092 1438 
5661 1150 257 1408 1441 
5662 45 1388 1585 1592 
5663 342 338 16 1435 
5664 74 478 481 1381 
5665 945 999 1395 1552 
5666 615 1392 658 1618 
5667 871 1153 1162 1487 
5668 62 442 1547 1554 
5669 1058 1479 1066 1561 
5670 1199 1184 1181 1387 
5671 67 457 460 1585 
5672 1169 268 1105 1448 
5673 1076 1470 1077 1485 
5674 670 721 124 1428 
5675 1202 1193 1189 1377 
5676 1365 1501 1453 1593 
5677 767 718 721 1428 
5678 194 873 1441 1611 
5679 1158 164 733 732 
5680 1416 1516 1403 1608 
5681 135 1488 651 1527 
5682 502 535 539 1587 
5683 1312 855 894 1590 
5684 913 1534 220 1613 
5685 1125 1360 1092 1370 
5686 1082 1463 1083 1497 
5687 1191 1389 1496 1499 
5688 1061 1378 1512 1591 
5689 421 391 422 1529 
5690 227 1384 1414 1459 
5691 204 1391 936 1459 
5692 32 1224 381 1507 
5693 376 17 1480 1531 
5694 1344 1413 1402 1524 
5695 202 1489 852 1580 
5696 80 527 1466 1560 
5697 253 1028 1447 1607 
5698 1053 1128 1090 1361 
5699 1080 1369 1072 1418 
5700 559 603 1509 1514 
5701 1056 1431 1109 1494 
5702 845 800 172 1525 
5703 421 1501 35 1529 
5704 798 1574 752 1575 
5705 918 222 917 1419 
5706 1406 1431 18 1503 
5707 1070 1349 1068 1454 
5708 1129 1046 1080 1382 
5709 1038 1442 1075 1447 
5710 596 1465 1490 1561 
5711 1147 1154 1172 1546 
5712 235 1015 1341 1535 
5713 104 1349 1423 1514 
5714 540 1450 1264 1541 
5715 17 1210 348 1480 
5716 938 968 228 1536 
5717 1131 273 1377 1378 
5718 1148 1429 96 1567 
5719 51 444 1458 1564 
5720 1101 1117 1356 1404 
5721 200 924 1317 1502 
5722 264 1167 1055 1407 
5723 1081 1082 1364 1462 
5724 26 344 1531 1620 
5725 1071 1412 1054 1556 
5726 1130 1353 1054 1412 
5727 1390 1430 1387 1517 
5728 1062 1141 1064 1410 
5729 502 466 59 1587 
5730 990 1427 1078 1485 
5731 358 1217 382 1572 
5732 65 528 567 1469 
5733 1148 1399 96 1429 
5734 241 1004 1447 1615 
5735 1019 238 1000 1524 
5736 363 362 35 1543 
5737 87 557 517 1566 
5738 1035 1504 245 1597 
5739 1420 1547 440 1553 
5740 115 594 1146 1521 
5741 1363 1572 1393 1614 
5742 1051 1397 1138 1481 
5743 1075 1074 1073 1442 
5744 1150 1107 257 1441 
5745 1194 1200 1180 1367 
5746 1161 539 1164 1587 
5747 1387 1430 1183 1517 
5748 653 610 1526 1527 
5749 980 948 222 1419 
5750 1062 1368 1506 1507 
5751 1055 1433 1376 1483 
5752 980 984 231 1492 
5753 1383 1454 1069 1581 
5754 1184 1186 1390 1557 
5755 204 862 1391 1493 
5756 1301 182 831 1612 
5757 598 100 552 1446 
5758 242 1005 977 1380 
5759 898 1459 934 1583 
5760 433 1471 1472 1503 
5761 1384 1402 1149 1536 
5762 1131 1367 1112 1378 
5763 1293 1444 117 1465 
5764 142 808 766 1476 
5765 199 884 1416 1598 
5766 11 1571 1531 1620 
5767 1380 1442 240 1447 
5768 1121 1494 60 1510 
5769 309 1570 1531 1571 
5770 177 1172 819 1599 
5771 1456 1458 441 1547 
5772 134 748 747 1374 
5773 220 975 944 1613 
5774 1058 560 1423 1566 
5775 766 809 174 1590 
5776 65 1573 1469 1605 
5777 20 333 1212 1565 
5778 20 1209 333 1565 
5779 15 1475 1435 1498 
5780 642 1385 130 1446 
5781 1175 1200 1194 1350 
5782 709 665 121 1601 
5783 94 1113 1530 1541 
5784 222 1419 918 1556 
5785 1082 1083 1084 1497 
5786 796 1482 170 1602 
5787 25 1435 340 1457 
5788 1072 1419 1073 1492 
5789 1379 1498 23 1522 
5790 1363 1404 1356 1415 
5791 140 711 662 1533 
5792 392 1219 22 1544 
5793 1000 1020 1019 1524 
5794 364 1220 22 1544 
5795 1139 1100 1050 1464 
5796 481 514 86 1381 
5797 230 946 976 1615 
5798 1313 190 1546 1582 
5799 927 1319 928 1462 
5800 482 1401 1512 1591 
5801 274 1115 1514 1566 
5802 1177 1184 1199 1392 
5803 993 1535 1463 1583 
5804 279 280 1190 1353 
5805 576 577 110 1619 
5806 879 1383 210 1491 
5807 1370 1529 1500 1585 
5808 1187 1194 1189 1496 
5809 1058 274 275 1566 
5810 2 273 1135 1193 
5811 254 1043 1042 1504 
5812 49 1420 1520 1551 
5813 810 175 767 1594 
5814 205 898 859 1519 
5815 1176 277 1060 1351 
5816 1241 490 79 1593 
5817 479 1555 62 1610 
5818 1124 1049 285 1357 
5819 858 810 1493 1588 
5820 1198 1362 1179 1369 
5821 469 47 1448 1510 
5822 1095 1105 1121 1510 
5823 277 1176 1193 1351 
5824 306 317 318 1475 
5825 1080 1198 281 1369 
5826 265 1102 1055 1376 
5827 338 1435 319 1596 
5828 396 365 24 1522 
5829 38 1406 1472 1477 
5830 818 817 1299 1599 
5831 1165 1148 266 1399 
5832 1126 1104 1413 1417 
5833 1056 1105 1477 1494 
5834 12 311 312 1548 
5835 1367 1368 1513 1518 
5836 1528 1530 496 1550 
5837 1007 1492 1442 1508 
5838 1381 1458 444 1564 
5839 423 393 35 1543 
5840 1484 1556 1353 1602 
5841 895 188 1519 1595 
5842 1134 668 1089 1474 
5843 1111 1371 1173 1420 
5844 1175 291 292 1622 
5845 830 1408 1443 1612 
5846 340 1435 320 1596 
5847 190 818 864 1546 
5848 1402 1536 1337 1552 
5849 209 1455 1611 1612 
5850 1194 1440 1189 1496 
5851 949 981 1380 1508 
5852 690 1465 1284 1578 
5853 274 1115 1401 1514 
5854 690 1444 1293 1465 
5855 506 473 72 1520 
5856 1370 1388 1379 1585 
5857 81 532 540 1541 
5858 618 612 121 1601 
5859 423 35 1501 1543 
5860 1453 1557 1409 1593 
5861 1080 281 1130 1369 
5862 219 909 941 1487 
5863 343 26 344 1531 
5864 384 383 355 1558 
5865 1035 249 1417 1597 
5866 1372 1441 1386 1613 
5867 1123 1070 1054 1352 
5868 1485 1504 1078 1579 
5869 108 616 662 1577 
5870 428 1457 1121 1576 
5871 1186 1453 1191 1499 
5872 1090 1436 1375 1580 
5873 197 837 881 1491 
5874 28 377 407 1551 
5875 235 993 1342 1535 
5876 246 1414 1413 1597 
5877 264 1116 263 1407 
5878 1053 1090 1091 1359 
5879 899 1391 1538 1582 
5880 1169 1477 1448 1567 
5881 369 36 398 1576 
5882 1313 901 190 1582 
5883 735 685 1291 1600 
5884 798 753 799 1575 
5885 924 1364 225 1502 
5886 651 1287 135 1527 
5887 1102 1399 1045 1422 
5888 1403 172 1517 1525 
5889 1056 1457 1121 1494 
5890 856 855 187 1434 
5891 198 841 883 1539 
5892 472 500 48 1461 
5893 143 1433 1428 1483 
5894 938 1536 937 1582 
5895 1225 416 32 1584 
5896 1588 1594 1116 1595 
5897 1106 292 291 1622 
5898 1108 1431 1503 1531 
5899 1114 1358 1047 1480 
5900 31 383 382 1572 
5901 1045 1102 266 1399 
5902 496 495 1528 1550 
5903 994 1414 1016 1583 
5904 267 1169 1105 1448 
5905 1138 1397 259 1398 
5906 1332 972 1486 1487 
5907 75 551 550 1490 
5908 1050 1356 1106 1622 
5909 1139 1366 1097 1379 
5910 192 1487 1162 1540 
5911 1172 775 162 1599 
5912 75 1247 479 1555 
5913 622 124 621 1562 
5914 1163 1133 1420 1553 
5915 1370 1438 1388 1585 
5916 1421 1446 549 1521 
5917 237 969 1395 1536 
5918 1478 1540 193 1569 
5919 1456 1547 40 1551 
5920 763 764 174 1580 
5921 1074 1075 1076 1604 
5922 266 265 1165 1102 
5923 1421 73 1446 1555 
5924 735 1297 148 1411 
5925 1078 1427 990 1463 
5926 1479 1490 551 1610 
5927 260 1144 1152 1486 
5928 1102 1376 1399 1483 
5929 693 1473 1067 1561 
5930 1069 1495 1491 1621 
5931 70 1429 504 1589 
5932 802 759 184 1517 
5933 1439 1545 1389 1605 
5934 69 1450 540 1541 
5935 13 1393 1363 1572 
5936 1176 1188 1189 1394 
5937 463 60 467 1510 
5938 880 196 1315 1556 
5939 1058 1067 1068 1473 
5940 1055 1376 1102 1483 
5941 1440 1189 1488 1511 
5942 1138 260 1104 1398 
5943 267 1105 1429 1448 
5944 1144 1168 1162 1540 
5945 963 1497 964 1583 
5946 1431 1531 1108 1620 
5947 210 916 918 1556 
5948 121 657 709 1618 
5949 1371 1420 1111 1551 
5950 155 1405 753 1575 
5951 1449 1573 1389 1622 
5952 929 962 961 1463 
5953 406 407 377 1551 
5954 158 1436 764 1580 
5955 1179 1190 280 1353 
5956 67 1438 531 1606 
5957 1157 674 1289 725 
5958 1148 538 1161 1567 
5959 971 1332 1486 1552 
5960 1122 1435 1096 1457 
5961 93 1438 1451 1606 
5962 1186 1453 1499 1557 
5963 799 753 156 1575 
5964 718 124 1428 1562 
5965 1353 1539 1482 1602 
5966 473 72 1520 1553 
5967 853 807 174 1580 
5968 980 231 1419 1492 
5969 1352 1484 1374 1515 
5970 432 37 1228 1471 
5971 414 383 41 1518 
5972 223 1418 1539 1586 
5973 1095 1510 1121 1576 
5974 1134 1113 1093 1530 
5975 192 1162 823 1540 
5976 615 658 90 1618 
5977 453 424 459 1573 
5978 820 776 1172 177 
5979 27 1457 1431 1494 
5980 267 1045 266 1429 
5981 898 897 859 1519 
5982 1304 171 800 1525 
5983 1332 219 941 1487 
5984 261 1052 1104 1402 
5985 1108 1109 1056 1431 
5986 595 1465 1445 1490 
5987 148 684 685 1600 
5988 15 318 317 1475 
5989 743 132 1454 1581 
5990 1388 1379 1585 1592 
5991 937 935 190 1582 
5992 1171 1108 269 1406 
5993 611 1187 1499 1526 
5994 985 1437 1009 1604 
5995 75 479 480 1610 
5996 757 1430 758 1525 
5997 1051 1099 1118 1481 
5998 1028 241 1447 1607 
5999 1050 1101 1106 1356 
6000 1048 1110 1385 1444 
6001 557 1381 517 1566 
6002 817 818 190 1546 
6003 1071 1072 1054 1412 
6004 1121 1510 428 1576 
6005 172 802 849 1403 
6006 1186 1185 1390 1601 
6007 305 1404 1415 1475 
6008 1141 1393 1368 1572 
6009 710 1505 759 1517 
6010 676 1166 145 1172 
6011 196 836 1484 1556 
6012 512 480 74 1610 
6013 1087 1124 1355 1460 
6014 268 1056 1105 1477 
6015 601 1479 103 1561 
6016 1261 81 580 1541 
6017 1070 1071 1054 1383 
6018 212 1364 889 1462 
6019 853 202 1580 1590 
6020 1134 110 1530 1619 
6021 360 384 20 1558 
6022 1022 1021 1452 1607 
6023 1180 294 1112 293 
6024 1069 1454 1068 1581 
6025 1078 1427 1081 1485 
6026 17 343 323 1531 
6027 212 1427 1364 1462 
6028 425 460 457 1585 
6029 1114 1108 1047 1358 
6030 343 1358 26 1531 
6031 849 848 172 1403 
6032 999 237 970 1395 
6033 1128 1049 1090 1375 
6034 1069 1491 1383 1581 
6035 505 1429 470 1567 
6036 1054 1130 280 1353 
6037 510 1490 73 1555 
6038 1101 1117 1106 1356 
6039 183 834 833 1495 
6040 1117 1404 1101 1415 
6041 885 1467 847 1502 
6042 1070 1060 1068 1349 
6043 1304 845 844 1598 
6044 1370 1366 1529 1544 
6045 226 929 961 1463 
6046 1062 1061 1378 1507 
6047 1167 264 1055 265 
6048 1007 231 984 1492 
6049 148 685 735 1600 
6050 434 1472 59 1587 
6051 1041 1470 1032 1485 
6052 1374 1394 134 1405 
6053 693 1561 1067 1578 
6054 357 386 32 1506 
6055 1084 1489 1082 1559 
6056 513 86 555 1381 
6057 527 1560 1249 1606 
6058 1159 1254 545 1520 
6059 1162 1168 1150 1540 
6060 1091 1092 1053 1438 
6061 1093 1094 1092 1388 
6062 1373 1573 1449 1622 
6063 59 1472 465 1587 
6064 1356 1363 1117 1614 
6065 360 1558 20 1565 
6066 1357 1355 1460 1505 
6067 223 920 954 1586 
6068 1063 1564 1059 1609 
6069 530 68 1259 1619 
6070 1075 1077 1470 1607 
6071 1058 1473 605 1561 
6072 126 726 682 1523 
6073 426 1522 46 1592 
6074 1104 1077 1099 1452 
6075 969 970 237 1395 
6076 1104 1138 1398 1452 
6077 1353 1374 1352 1484 
6078 976 1380 240 1615 
6079 238 971 1486 1552 
6080 843 844 199 1598 
6081 384 1518 383 1558 
6082 1168 1397 1386 1478 
6083 1360 1500 1466 1560 
6084 258 1051 1107 1386 
6085 1409 1453 1197 1557 
6086 1384 1413 1402 1536 
6087 1403 1416 1354 1516 
6088 1078 1126 1535 1579 
6089 1161 1145 1169 1568 
6090 80 1242 492 1560 
6091 353 1410 352 1609 
6092 1136 1103 1089 1474 
6093 1381 1512 274 1616 
6094 1356 1350 1558 1614 
6095 483 52 447 1512 
6096 1059 1381 274 1616 
6097 802 1403 172 1517 
6098 507 500 472 1461 
6099 441 1458 1456 1564 
6100 261 1104 1152 1402 
6101 932 215 1497 1519 
6102 896 204 1459 1588 
6103 1139 290 1195 1050 
6104 257 1372 1048 1408 
6105 1309 1455 209 1612 
6106 214 1489 1084 1559 
6107 124 721 718 1428 
6108 592 72 548 1521 
6109 112 626 1166 1280 
6110 29 1549 380 1564 
6111 493 65 459 1469 
6112 1068 1060 1115 1349 
6113 607 106 564 1511 
6114 1393 1410 1141 1506 
6115 1284 1465 116 1578 
6116 1216 352 356 1609 
6117 825 824 779 1569 
6118 1345 1452 1417 1524 
6119 1128 1090 1361 1375 
6120 1258 1469 528 1499 
6121 981 1442 1380 1508 
6122 19 1410 1063 1549 
6123 238 1486 1000 1524 
6124 719 669 159 1474 
6125 80 492 527 1560 
6126 413 1507 416 1584 
6127 160 1433 1493 1594 
6128 1175 1195 291 1622 
6129 1379 1544 1370 1585 
6130 1087 1432 1098 1460 
6131 51 410 444 1564 
6132 1449 1558 360 1565 
6133 1193 1351 1176 1394 
6134 838 165 793 1621 
6135 1175 1350 1389 1622 
6136 1075 1073 1118 1442 
6137 274 1512 1061 1616 
6138 1092 1097 1370 1388 
6139 1115 273 274 1401 
6140 29 1456 1215 1549 
6141 1075 1447 1099 1607 
6142 1061 1112 1062 1368 
6143 170 1482 752 1574 
6144 1186 1185 1184 1390 
6145 1040 1031 248 1470 
6146 168 796 1303 1602 
6147 542 1450 70 1589 
6148 85 1521 508 1553 
6149 958 1335 987 1603 
6150 1477 1567 1169 1568 
6151 1428 1433 721 1594 
6152 54 420 452 1605 
6153 1374 1424 1352 1515 
6154 1080 1072 1074 1418 
6155 210 1383 880 1556 
6156 62 1554 1547 1555 
6157 168 842 840 1602 
6158 157 1390 1185 1601 
6159 948 1419 231 1508 
6160 263 1116 1391 1493 
6161 958 987 224 1603 
6162 607 564 608 1511 
6163 1078 1463 990 1579 
6164 1048 1385 1408 1444 
6165 355 31 1363 1558 
6166 1079 1142 195 1495 
6167 1402 1413 1104 1524 
6168 1169 1448 1429 1567 
6169 513 481 86 1381 
6170 897 215 933 1519 
6171 1060 1135 1115 1349 
6172 1091 1093 1092 1438 
6173 165 741 791 1621 
6174 925 1516 224 1608 
6175 1165 1166 1399 1523 
6176 1357 1392 1387 1505 
6177 1375 1466 1361 1577 
6178 931 932 1434 1519 
6179 885 847 200 1502 
6180 1400 1460 173 1533 
6181 1117 1363 1393 1614 
6182 862 1493 1307 1538 
6183 1354 1467 1403 1516 
6184 31 1558 383 1572 
6185 1468 1509 1351 1511 
6186 1441 1478 1386 1613 
6187 29 411 1456 1564 
6188 480 1458 477 1610 
6189 1159 98 545 1254 
6190 968 938 1331 1536 
6191 1279 124 622 1562 
6192 1368 1393 1141 1506 
6193 1188 1394 1176 1405 
6194 1160 1150 1408 1441 
6195 1364 1432 185 1559 
6196 259 1168 1144 1397 
6197 186 1489 1400 1580 
6198 1260 1530 110 1619 
6199 1066 1479 275 1490 
6200 1061 1512 1507 1616 
6201 1101 1050 1100 1464 
6202 170 1482 1574 1602 
6203 1216 381 30 1609 
6204 1389 1573 1449 1605 
6205 1090 1049 1088 1400 
6206 1405 1482 1188 1575 
6207 763 174 807 1580 
6208 74 1381 554 1610 
6209 1171 269 1108 270 
6210 101 1490 1479 1561 
6211 897 898 215 1519 
6212 1070 1454 1383 1515 
6213 275 274 1059 1381 
6214 130 1385 689 1537 
6215 162 1523 1172 1599 
6216 61 537 505 1567 
6217 1075 1099 1077 1607 
6218 70 1450 1448 1589 
6219 1168 258 1150 1478 
6220 1146 591 1159 1600 
6221 449 485 484 1591 
6222 1187 1191 1496 1499 
6223 199 844 845 1598 
6224 1486 1524 238 1552 
6225 999 998 237 1552 
6226 325 1431 324 1620 
6227 371 1358 1471 1503 
6228 210 1419 1491 1556 
6229 608 1488 119 1511 
6230 845 1416 884 1598 
6231 416 1507 32 1584 
6232 1095 1450 69 1541 
6233 1184 1183 1387 1390 
6234 829 1408 194 1441 
6235 1069 1068 1067 1581 
6236 1072 1071 1073 1419 
6237 1103 1428 1055 1483 
6238 279 278 1123 1190 
6239 107 1258 575 1499 
6240 1064 1393 1117 1415 
6241 594 100 637 1537 
6242 479 475 62 1555 
6243 1116 1459 1391 1493 
6244 1412 1418 1369 1539 
6245 249 1417 1413 1524 
6246 224 1516 957 1603 
6247 999 971 998 1552 
6248 54 452 1240 1605 
6249 1109 1431 1108 1620 
6250 258 1168 1051 1397 
6251 1102 1103 1055 1483 
6252 1059 1507 1062 1609 
6253 245 1341 1014 1597 
6254 1070 1123 1060 1352 
6255 193 943 906 1540 
6256 1426 1485 1427 1603 
6257 1063 1410 1064 1548 
6258 285 284 1124 1181 
6259 347 1503 1431 1620 
6260 322 309 5 1570 
6261 12 1211 350 1549 
6262 790 834 183 1495 
6263 276 1555 1490 1610 
6264 62 1547 1458 1555 
6265 1354 1516 1416 1608 
6266 269 1108 1056 1406 
6267 979 241 1481 1615 
6268 1459 1493 1116 1588 
6269 1165 265 1167 1376 
6270 1105 1448 1494 1510 
6271 220 1534 1386 1613 
6272 1350 1356 1449 1622 
6273 1188 1189 1488 1527 
6274 1341 1535 1014 1597 
6275 119 1405 1394 1488 
6276 190 861 817 1546 
6277 1109 1571 1127 1596 
6278 1368 1572 1518 1614 
6279 1164 1171 1145 1587 
6280 468 467 435 1510 
6281 1167 1523 1407 1599 
6282 890 213 1320 1559 
6283 1163 1421 1133 1553 
6284 172 1403 848 1525 
6285 207 1441 873 1611 
6286 1107 258 1150 257 
6287 1190 1353 1179 1482 
6288 1151 1471 1171 1472 
6289 1087 1081 1082 1364 
6290 1435 1498 1096 1576 
6291 1394 1405 1188 1488 
6292 291 1195 290 1050 
6293 1154 1546 1170 1582 
6294 1190 1374 1353 1482 
6295 555 102 1381 1479 
6296 1095 1096 1532 1576 
6297 207 1478 1441 1613 
6298 202 893 892 1489 
6299 1061 274 1401 1512 
6300 175 1588 860 1595 
6301 1107 1455 1386 1534 
6302 1177 287 1128 286 
6303 991 1535 1341 1597 
6304 1443 151 1542 1578 
6305 1067 1473 1058 1561 
6306 1200 293 1057 292 
6307 1076 1077 1078 1485 
6308 1498 1522 1096 1576 
6309 236 965 1336 1583 
6310 247 1020 1000 1524 
6311 1105 1095 1450 1510 
6312 1180 1189 1194 1440 
6313 1099 1447 1118 1481 
6314 1435 1475 319 1596 
6315 235 1535 991 1579 
6316 811 1476 769 1595 
6317 1140 1480 1456 1549 
6318 255 1160 1385 1537 
6319 1082 1087 1364 1432 
6320 1103 1483 1113 1562 
6321 1426 1427 1081 1603 
6322 83 539 1161 1587 
6323 545 98 1159 1521 
6324 1440 1488 1189 1496 
6325 101 1479 601 1561 
6326 843 170 797 1574 
6327 97 542 541 1589 
6328 830 1443 1408 1444 
6329 551 1490 75 1610 
6330 1187 89 1496 1527 
6331 222 948 917 1419 
6332 1107 1048 257 1372 
6333 205 857 896 1588 
6334 275 1059 1065 1458 
6335 1085 1459 1116 1588 
6336 1126 1417 1413 1597 
6337 30 353 352 1609 
6338 819 1172 1154 1546 
6339 1197 1184 1177 1409 
6340 1067 1542 742 1578 
6341 267 268 1105 1169 
6342 457 44 425 1585 
6343 1117 1106 1356 1614 
6344 1397 1481 1051 1534 
6345 1049 1098 1088 1400 
6346 945 1153 940 910 
6347 1047 1371 1111 1480 
6348 1089 1136 1474 1476 
6349 768 1594 175 1595 
6350 1053 288 287 1196 
6351 1111 271 1173 1371 
6352 449 64 485 1591 
6353 103 1479 556 1566 
6354 1186 1184 1197 1557 
6355 1114 1127 1109 1571 
6356 1100 1094 1096 1522 
6357 1109 1108 1114 1620 
6358 1186 1201 1191 1453 
6359 1413 1417 249 1597 
6360 1104 1417 1077 1452 
6361 642 1444 1385 1445 
6362 355 20 384 1558 
6363 1465 1561 641 1578 
6364 1153 940 910 208 
6365 1127 1117 1101 1415 
6366 1202 1189 1180 1440 
6367 963 1463 1497 1583 
6368 470 1429 1448 1567 
6369 1386 1397 1051 1534 
6370 157 1185 1390 1430 
6371 1096 1095 1121 1576 
6372 1402 238 1524 1552 
6373 259 1051 1168 1397 
6374 1164 1471 1151 1472 
6375 256 1048 1385 1408 
6376 171 1525 1304 1598 
6377 1138 1051 259 1397 
6378 1178 1201 1197 1365 
6379 1111 1173 272 1420 
6380 1251 1530 1528 1541 
6381 1033 1504 254 1579 
6382 1141 1572 1368 1614 
6383 1246 61 466 1568 
6384 246 1535 1414 1597 
6385 1351 1424 1394 1511 
6386 1096 1122 1100 1498 
6387 502 1568 466 1587 
6388 966 934 1459 1583 
6389 1350 1439 1389 1449 
6390 1076 1078 1081 1485 
6391 174 764 1436 1580 
6392 843 1574 797 1598 
6393 53 416 415 1584 
6394 1119 1048 1107 1455 
6395 1304 1525 845 1598 
6396 1149 1536 1395 1582 
6397 509 476 1248 1554 
6398 1058 1423 1115 1566 
6399 431 46 1532 1592 
6400 411 410 51 1564 
6401 559 76 515 1514 
6402 472 71 507 1461 
6403 1091 1451 1134 1619 
6404 1257 526 531 1606 
6405 1074 1437 1418 1492 
6406 135 754 706 1527 
6407 554 1381 102 1610 
6408 587 1422 97 1589 
6409 256 1048 1110 1385 
6410 930 1497 1463 1559 
6411 1144 1162 1153 1487 
6412 1326 922 224 1608 
6413 224 922 921 1608 
6414 219 1487 1332 1552 
6415 852 202 892 1489 
6416 1264 1422 1541 1589 
6417 1190 1405 1374 1482 
6418 493 528 65 1469 
6419 1184 1183 1181 1387 
6420 213 1463 929 1559 
6421 1069 1079 1491 1495 
6422 1190 1179 1192 1575 
6423 168 1303 842 1602 
6424 1350 1449 1389 1622 
6425 1124 1098 1400 1460 
6426 1078 1535 1463 1579 
6427 1151 1461 1371 1471 
6428 32 1563 385 1584 
6429 1139 290 289 1195 
6430 1369 1418 1382 1586 
6431 1309 832 1455 1612 
6432 1159 71 547 544 
6433 1165 1399 1376 1523 
6434 791 1581 744 1621 
6435 435 467 60 1510 
6436 377 40 406 1551 
6437 62 1458 480 1610 
6438 1439 1350 1518 1558 
6439 499 82 536 1164 
6440 1185 1526 1527 1575 
6441 741 740 1542 1621 
6442 1153 945 219 910 
6443 556 1381 557 1566 
6444 260 261 1104 1152 
6445 1080 1130 1072 1369 
6446 205 896 1459 1588 
6447 245 1504 1033 1579 
6448 1151 1173 1371 1425 
6449 1072 1369 1130 1412 
6450 1217 31 382 1572 
6451 1078 1077 1126 1504 
6452 1084 1497 214 1559 
6453 1102 1399 1422 1483 
6454 1099 1138 1398 1481 
6455 1401 1468 1377 1591 
6456 1072 1412 1071 1419 
6457 1074 1437 1492 1604 
6458 1172 776 727 177 
6459 1070 1069 1383 1454 
6460 7 1457 340 1596 
6461 429 398 36 1576 
6462 1074 1492 1442 1604 
6463 1142 1386 1051 1534 
6464 353 1549 1063 1564 
6465 1113 1102 1422 1483 
6466 1138 259 1144 1398 
6467 1353 1556 1412 1602 
6468 1074 1076 1437 1604 
6469 489 1241 79 1593 
6470 54 1439 419 1605 
6471 718 159 669 1474 
6472 958 224 957 1603 
6473 438 466 61 1568 
6474 1413 1417 1104 1524 
6475 1539 1574 1482 1602 
6476 1119 1443 1048 1455 
6477 637 1283 688 1537 
6478 1172 1546 819 1599 
6479 1077 1104 1126 1417 
6480 492 1249 1560 1606 
6481 253 1027 1028 1607 
6482 245 1579 991 1597 
6483 1154 206 865 821 
6484 1044 248 1041 1470 
6485 1439 1449 1350 1558 
6486 1372 1386 1107 1455 
6487 1076 1075 1470 1604 
6488 1070 1383 1069 1491 
6489 1188 1187 1189 1527 
6490 70 1448 1429 1589 
6491 824 867 178 1540 
6492 1152 1149 261 1402 
6493 32 1506 1563 1584 
6494 255 1160 256 1385 
6495 425 45 460 1585 
6496 1079 1069 1119 1495 
6497 1153 1149 1152 1395 
6498 1080 1074 1129 1382 
6499 923 1467 885 1502 
6500 1194 1187 1191 1496 
6501 1133 1547 1553 1554 
6502 1085 1083 1120 1414 
6503 130 638 1446 1537 
6504 1071 1383 1070 1491 
6505 994 1459 1414 1583 
6506 275 276 1490 1610 
6507 1375 1533 1400 1580 
6508 1170 1149 1154 1582 
6509 670 1483 1428 1562 
6510 1079 1380 1073 1508 
6511 1081 1427 1426 1485 
6512 1153 217 945 940 
6513 1045 1399 1429 1589 
6514 91 1257 572 1606 
6515 550 510 75 1490 
6516 1419 1491 1071 1508 
6517 260 1138 1144 1398 
6518 363 35 393 1543 
6519 1091 1359 1090 1436 
6520 553 1268 75 1610 
6521 1387 1390 1183 1430 
6522 813 1538 1407 1599 
6523 727 1172 177 775 
6524 210 1491 1383 1556 
6525 1141 1062 1112 1368 
6526 1264 1541 1450 1589 
6527 1117 1064 1141 1393 
6528 500 507 82 1461 
6529 898 1519 1459 1583 
6530 1089 1091 1436 1451 
6531 1045 1429 1448 1450 
6532 1191 1175 1194 1389 
6533 1079 1071 1069 1491 
6534 257 1048 256 1408 
6535 241 1481 1447 1607 
6536 1385 1446 255 1537 
6537 1166 676 126 1523 
6538 1058 1068 1115 1423 
6539 1132 1066 276 1490 
6540 274 1061 1059 1616 
6541 376 1480 1358 1531 
6542 1073 1380 1118 1442 
6543 1104 1052 1126 1413 
6544 268 1169 1145 1477 
6545 1185 1526 157 1601 
6546 1364 185 1462 1559 
6547 271 1151 1173 1371 
6548 119 1488 1394 1511 
6549 1267 546 99 1159 
6550 1369 1412 1072 1418 
6551 1172 1523 1167 1599 
6552 1075 1074 1442 1604 
6553 1092 1125 1053 1360 
6554 992 991 245 1579 
6555 1186 1557 1499 1601 
6556 1179 1362 1192 1574 
6557 1077 1452 1417 1504 
6558 1141 1368 1057 1614 
6559 1506 1518 1368 1572 
6560 1192 1525 1575 1598 
6561 1113 1102 1045 1422 
6562 1124 1049 1357 1400 
6563 453 43 424 1573 
6564 1396 1543 1373 1573 
6565 549 1421 1521 1553 
6566 286 1199 285 1049 
6567 355 1558 1363 1565 
6568 613 90 658 1618 
6569 1074 1073 1442 1492 
6570 1 1133 1163 1421 
6571 386 1506 33 1563 
6572 1518 1558 1350 1614 
6573 137 618 665 1601 
6574 859 860 1519 1595 
6575 165 791 793 1621 
6576 1099 1051 1138 1481 
6577 1055 1428 1433 1483 
6578 1252 95 535 1164 
6579 616 1278 662 1577 
6580 813 1306 1538 1599 
6581 1164 1461 1151 1471 
6582 1141 1393 1572 1614 
6583 976 979 230 1615 
6584 1064 1393 8 1410 
6585 191 1154 864 1546 
6586 26 1531 1503 1620 
6587 273 1115 1135 1401 
6588 1399 1422 587 1589 
6589 1045 1422 1399 1589 
6590 1095 69 1528 1541 
6591 1092 1388 1370 1438 
6592 1246 501 61 1568 
6593 615 90 1617 1618 
6594 1154 1149 1395 1582 
6595 810 1588 175 1594 
6596 1121 1457 1096 1576 
6597 1355 1467 1502 1505 
6598 1161 113 630 586 
6599 85 508 474 1553 
6600 81 1528 532 1541 
6601 1313 1546 1154 1582 
6602 1078 1504 1126 1579 
6603 1094 1379 1097 1388 
6604 124 670 1428 1562 
6605 1424 1509 1349 1515 
6606 1444 1465 690 1578 
6607 193 1478 943 1540 
6608 1139 1097 1100 1379 
6609 1224 1507 413 1616 
6610 1122 1101 1100 1498 
6611 1501 1529 1366 1544 
6612 1058 1115 274 1566 
6613 1114 1570 1548 1571 
6614 1074 1072 1073 1492 
6615 274 273 1061 1401 
6616 1127 1415 1101 1475 
6617 83 1161 538 501 
6618 102 1479 597 1610 
6619 1117 1393 1363 1415 
6620 1101 1475 1404 1498 
6621 766 1476 808 1590 
6622 1463 1535 235 1579 
6623 1160 1150 257 1408 
6624 944 1478 907 1613 
6625 1368 1518 1506 1563 
6626 501 1567 61 1568 
6627 1194 1191 1389 1496 
6628 1375 1436 158 1580 
6629 1328 964 1497 1583 
6630 1071 1419 1412 1556 
6631 1068 1349 1115 1423 
6632 1188 1482 1190 1575 
6633 207 1441 1611 1613 
6634 752 1574 1482 1575 
6635 1103 1113 1134 1530 
6636 1129 1081 1046 1426 
6637 1287 704 135 1527 
6638 1126 1413 1052 1597 
6639 1142 1495 1455 1534 
6640 245 1033 1013 1579 
6641 1160 257 256 1408 
6642 57 1550 1235 1592 
6643 1145 1568 1161 1587 
6644 155 1482 1405 1575 
6645 1056 1109 1121 1457 
6646 1120 1116 1085 1459 
6647 1111 1047 271 1371 
6648 207 1611 908 1613 
6649 1192 1362 1525 1598 
6650 1370 1379 1366 1544 
6651 594 1146 100 1537 
6652 222 1412 1419 1556 
6653 1100 1096 1498 1522 
6654 142 1474 719 1476 
6655 1035 245 1014 1597 
6656 1063 1062 1410 1609 
6657 1127 1114 1064 1571 
6658 1141 1393 1064 1410 
6659 205 860 857 1588 
6660 1117 1057 1106 1614 
6661 1153 1152 1144 1487 
6662 259 258 1168 1051 
6663 202 853 1312 1590 
6664 718 1428 159 1474 
6665 1113 1103 1102 1483 
6666 1140 1111 1456 1480 
6667 1412 1539 1353 1602 
6668 87 562 557 1566 
6669 255 1146 1160 1537 
6670 1501 1366 1543 1544 
6671 1076 1129 1074 1437 
6672 217 945 970 1395 
6673 1062 1063 1059 1609 
6674 1349 1115 1423 1514 
6675 1389 1449 1439 1605 
6676 1187 1186 1191 1499 
6677 1374 1484 1353 1602 
6678 226 1462 929 1463 
6679 260 1138 259 1144 
6680 1035 1417 1504 1597 
6681 1087 1098 1124 1460 
6682 1129 1426 1382 1437 
6683 479 1247 475 1555 
6684 1144 1397 1168 1540 
6685 63 412 446 1616 
6686 1152 1153 1395 1552 
6687 1165 1166 1148 1399 
6688 115 591 1146 1600 
6689 499 82 1164 1245 
6690 1193 1176 1189 1394 
6691 1104 1099 1138 1452 
6692 1372 1611 1455 1612 
6693 640 131 691 1578 
6694 1131 1061 273 1378 
6695 901 937 190 1582 
6696 1356 1558 1363 1614 
6697 1147 1167 264 1407 
6698 512 553 75 1610 
6699 1420 1547 1456 1551 
6700 1072 1130 1054 1412 
6701 642 1445 1385 1446 
6702 542 504 541 1589 
6703 84 504 1429 1589 
6704 1516 1603 224 1608 
6705 1105 1494 1121 1510 
6706 662 140 1533 1577 
6707 1089 716 1436 1476 
6708 1085 1414 1459 1583 
6709 1073 1071 1079 1508 
6710 1098 1082 1084 1489 
6711 1432 1489 891 1559 
6712 1167 1166 1165 1523 
6713 194 1441 1408 1611 
6714 1111 1133 1065 1456 
6715 1122 1475 1101 1498 
6716 72 508 1521 1553 
6717 1382 1418 1074 1437 
6718 1353 1482 1374 1602 
6719 1328 1497 215 1583 
6720 1069 1491 1581 1621 
6721 1044 1040 248 1470 
6722 2 1135 277 1193 
6723 813 817 1306 1599 
6724 744 153 697 1581 
6725 1436 174 1580 1590 
6726 1094 1100 1097 1379 
6727 1145 1171 269 1406 
6728 1121 1122 1096 1457 
6729 526 91 1249 1606 
6730 291 1050 1106 1622 
6731 1058 275 1479 1566 
6732 84 1429 1399 1589 
6733 1114 1531 1480 1570 
6734 902 1313 191 1154 
6735 1133 272 1 1163 
6736 1120 1391 1116 1459 
6737 1167 1172 1166 1523 
6738 1090 1088 1436 1580 
6739 1125 1092 1097 1370 
6740 1062 1368 1141 1506 
6741 288 1125 289 1178 
6742 5 1207 322 1570 
6743 1142 1119 1107 1455 
6744 187 1476 1434 1590 
6745 1147 1538 1391 1546 
6746 1173 1425 1159 1520 
6747 25 1435 1457 1576 
6748 1032 1470 248 1485 
6749 542 70 504 1589 
6750 1111 271 272 1173 
6751 1148 1169 267 1429 
6752 1022 1027 1037 1607 
6753 1245 82 1164 1461 
6754 267 1105 1045 1429 
6755 1126 1052 1535 1597 
6756 1256 569 90 1617 
6757 1436 1476 766 1590 
6758 1133 1553 1421 1554 
6759 1098 1084 1088 1489 
6760 862 1391 1493 1538 
6761 1103 1134 1474 1562 
6762 21 1506 357 1609 
6763 1109 1114 1571 1620 
6764 191 903 1154 866 
6765 1163 1420 1520 1553 
6766 320 1435 321 1596 
6767 1357 1505 1460 1533 
6768 1366 1370 1097 1379 
6769 148 735 1411 1600 
6770 1083 1414 1085 1583 
6771 1383 1484 836 1556 
6772 1387 1355 1505 1517 
6773 1079 1071 1491 1508 
6774 1173 1159 1163 1520 
6775 1073 1419 1071 1508 
6776 1070 1068 1069 1454 
6777 1152 1486 1487 1552 
6778 1093 1550 1388 1619 
6779 16 338 321 1435 
6780 1384 1536 1149 1582 
6781 477 1458 1381 1610 
6782 568 121 612 1557 
6783 1133 1547 1420 1553 
6784 1187 1526 610 1527 
6785 1082 1098 1087 1432 
6786 1152 1487 1153 1552 
6787 1426 1437 1076 1485 
6788 1531 1571 1114 1620 
6789 977 1380 976 1615 
6790 1444 1445 117 1465 
6791 1467 1505 1355 1517 
6792 613 658 657 1618 
6793 214 1434 1084 1489 
6794 1127 1064 1117 1415 
6795 1306 861 1538 1599 
6796 50 1553 1547 1554 
6797 1105 1056 1121 1494 
6798 1458 1555 276 1610 
6799 692 1542 151 1578 
6800 1118 1073 1079 1380 
6801 1447 1481 241 1615 
6802 939 217 970 1395 
6803 1031 251 1010 1604 
6804 509 1553 50 1554 
6805 84 541 504 1589 
6806 281 1198 1080 282 
6807 1092 1094 1097 1388 
6808 103 1058 1479 1566 
6809 597 1479 1268 1610 
6810 859 1519 188 1595 
6811 209 1611 875 1612 
6812 1356 1558 1449 1565 
6813 932 1497 1434 1519 
6814 57 1532 1550 1592 
6815 253 1037 1027 1607 
6816 1398 1452 1099 1481 
6817 1425 1520 1420 1551 
6818 1188 1405 1190 1482 
6819 1131 1112 1061 1378 
6820 1167 1165 1376 1523 
6821 474 509 85 1553 
6822 310 325 324 1620 
6823 1153 219 945 1552 
6824 1170 262 1149 1384 
6825 1389 1194 1496 1545 
6826 1108 1056 1406 1431 
6827 1192 1362 1183 1430 
6828 1185 1183 1390 1430 
6829 1129 1076 1426 1437 
6830 344 325 11 1620 
6831 383 1558 1518 1572 
6832 692 691 131 1578 
6833 1422 1450 1045 1541 
6834 255 1132 1421 1446 
6835 1140 1064 1114 1548 
6836 499 536 1252 1164 
6837 263 1116 1120 1391 
6838 132 1473 1454 1581 
6839 1142 1455 1107 1534 
6840 1118 1442 1380 1447 
6841 1192 1188 1190 1575 
6842 344 11 1531 1620 
6843 1098 1432 1400 1460 
6844 1161 1169 1148 1567 
6845 1164 1472 1171 1587 
6846 1095 1528 498 1532 
6847 1071 1070 1069 1491 
6848 416 1225 415 1584 
6849 205 1519 860 1588 
6850 1076 1081 1426 1485 
6851 874 194 831 1611 
6852 1192 1525 1430 1575 
6853 861 817 1546 1599 
6854 1170 1546 1391 1582 
6855 1159 1425 1173 1461 
6856 1073 1492 1419 1508 
6857 1109 1127 1122 1596 
6858 1147 263 1170 1391 
6859 1132 1446 1445 1490 
6860 1146 594 115 1537 
6861 1129 1382 1074 1437 
6862 1151 1425 1371 1461 
6863 2 1202 294 1131 
6864 1240 487 54 1545 
6865 1372 1455 1443 1612 
6866 5 1570 309 1571 
6867 174 853 1580 1590 
6868 32 1507 1506 1584 
6869 1061 1507 1059 1616 
6870 152 1408 1385 1444 
6871 1161 1263 585 586 
6872 845 1525 1416 1598 
6873 1142 1119 1455 1495 
6874 615 1617 1392 1618 
6875 1129 1076 1081 1426 
6876 1206 10 308 1596 
6877 1188 1176 1190 1405 
6878 274 1512 1381 1566 
6879 1077 1417 1126 1504 
6880 1171 1472 1145 1587 
6881 1299 817 775 1599 
6882 100 1446 1146 1521 
6883 1359 1451 1438 1606 
6884 121 1601 1557 1618 
6885 1076 1470 1437 1604 
6886 1045 1429 1105 1448 
6887 874 875 209 1611 
6888 1089 1091 1090 1436 
6889 1076 1437 1470 1485 
6890 1201 1195 1191 1396 
6891 442 50 1547 1554 
6892 274 1381 275 1566 
6893 1368 1378 1513 1563 
6894 1051 1142 1107 1386 
6895 1088 1089 1436 1476 
6896 1355 1502 1460 1505 
6897 1055 1103 1136 1428 
6898 1358 1371 1047 1480 
6899 1186 1197 1201 1453 
6900 272 1163 1133 1420 
6901 237 1536 1395 1552 
6902 906 867 193 1540 
6903 1103 1113 1530 1562 
6904 501 83 1161 1568 
6905 1068 1473 1067 1581 
6906 498 1532 1528 1550 
6907 1161 1169 1567 1568 
6908 1126 1052 1083 1535 
6909 1119 1495 1069 1621 
6910 1059 1564 1381 1616 
6911 32 1507 381 1609 
6912 1254 1159 98 544 
6913 148 1297 780 1411 
6914 1391 1546 1538 1582 
6915 396 1522 426 1592 
6916 1192 1574 1362 1598 
6917 535 1164 539 1587 
6918 179 1411 1441 1569 
6919 1099 1481 1452 1607 
6920 1120 1052 262 1384 
6921 1426 1603 1516 1608 
6922 1045 1448 1105 1450 
6923 1048 1408 1372 1443 
6924 280 1130 281 1179 
6925 1113 1095 1528 1541 
6926 1117 1393 1141 1614 
6927 1048 1143 1110 1444 
6928 276 275 1065 1458 
6929 1192 1575 1574 1598 
6930 501 1161 1567 1568 
6931 1518 1572 1558 1614 
6932 1105 1450 1448 1510 
6933 1359 1375 1090 1436 
6934 1140 1047 1111 1480 
6935 1421 1446 1490 1555 
6936 1186 1197 1453 1557 
6937 1192 1183 1185 1430 
6938 1469 1573 1389 1605 
6939 1186 1499 1187 1601 
6940 1227 57 427 1592 
6941 1072 1412 1419 1492 
6942 1163 1520 1159 1521 
6943 1400 1432 1098 1489 
6944 545 1159 1520 1521 
6945 255 1421 1146 1446 
6946 613 657 121 1618 
6947 204 1493 1459 1588 
6948 1152 1395 1149 1552 
6949 1077 1099 1452 1607 
6950 1059 1458 1381 1564 
6951 1176 278 1060 277 
6952 26 1358 1503 1531 
6953 1065 1458 1059 1564 
6954 1161 1568 83 1587 
6955 509 50 476 1554 
6956 283 284 1182 1137 
6957 327 12 1548 1549 
6958 1108 1431 1406 1503 
6959 613 121 568 1557 
6960 1162 1487 1144 1540 
6961 535 499 1252 1164 
6962 544 1254 1159 1520 
6963 1122 1457 1109 1596 
6964 1493 1588 810 1594 
6965 1124 1098 1049 1400 
6966 1406 1056 1477 1494 
6967 264 1055 1116 1407 
6968 999 237 1395 1552 
6969 1141 1112 1057 1368 
6970 1513 1518 1368 1563 
6971 1062 1141 1410 1506 
6972 1048 1119 1143 1443 
6973 1164 1151 1171 1472 
6974 32 1506 386 1563 
6975 1146 255 1446 1537 
6976 1159 546 547 1461 
6977 1120 262 1170 1384 
6978 1391 1459 204 1493 
6979 1372 1611 1441 1613 
6980 718 1428 1474 1562 
6981 1143 1443 1119 1542 
6982 576 1451 530 1619 
6983 1 255 1132 1421 
6984 62 1555 1458 1610 
6985 1141 1057 1117 1614 
6986 1397 1478 1168 1540 
6987 1122 1127 1101 1475 
6988 1094 1388 1093 1550 
6989 612 1557 121 1601 
6990 955 922 1326 1608 
6991 908 1611 209 1613 
6992 1084 1489 1434 1590 
6993 1116 1407 1433 1594 
6994 1055 1433 1428 1594 
6995 1103 1530 1134 1562 
6996 1152 1149 1402 1552 
6997 1173 1163 1420 1520 
6998 31 1363 1558 1572 
6999 1126 1083 1078 1535 
7000 1010 251 1030 1604 
7001 1052 1414 1083 1535 
7002 1048 1408 1443 1444 
7003 829 1411 1408 1441 
7004 894 203 931 1434 
7005 1419 1492 231 1508 
7006 535 502 59 1587 
7007 992 245 1013 1579 
7008 1522 1532 46 1592 
7009 54 1240 1545 1605 
7010 1075 1442 1118 1447 
7011 1 1132 276 1421 
7012 1458 1547 276 1555 
7013 1142 1079 1119 1495 
7014 103 1479 1058 1561 
7015 1170 1120 1384 1391 
7016 1 276 1133 1421 
7017 1091 1134 1093 1619 
7018 1089 1134 1091 1451 
7019 1171 1406 1145 1472 
7020 1016 1414 1535 1583 
7021 272 1173 1163 1420 
7022 638 100 1446 1537 
7023 1114 1548 1064 1571 
7024 1142 1107 1386 1534 
7025 1170 1147 1391 1546 
7026 205 1459 1519 1588 
7027 1332 1487 1486 1552 
7028 1489 1580 202 1590 
7029 1100 1464 1379 1498 
7030 275 1381 1059 1458 
7031 1362 1430 1192 1525 
7032 1395 1536 1402 1552 
7033 1160 1411 1150 1441 
7034 1104 1417 1452 1524 
7035 1408 1611 1372 1612 
7036 1410 1506 1393 1609 
7037 255 256 1110 1385 
7038 1443 1455 1119 1542 
7039 1547 1554 276 1555 
7040 1143 1444 1443 1578 
7041 1184 1390 1387 1392 
7042 1084 1088 1489 1590 
7043 1100 1379 1094 1522 
7044 219 1153 909 1487 
7045 1096 1522 1094 1532 
7046 1113 1422 1045 1541 
7047 71 1159 1461 1520 
7048 214 1084 1434 1497 
7049 1147 1172 1167 1599 
7050 1151 1173 1425 1461 
7051 1091 1438 1359 1451 
7052 1096 1435 1122 1498 
7053 1109 1457 1431 1620 
7054 1183 1192 1174 1362 
7055 11 325 310 1620 
7056 1173 1420 1425 1520 
7057 828 192 871 1162 
7058 1074 1418 1072 1492 
7059 855 187 1434 1590 
7060 1116 1055 1136 1594 
7061 685 688 1291 1600 
7062 1499 1526 1187 1601 
7063 1402 1524 1486 1552 
7064 1132 1421 1446 1490 
7065 1150 1540 1478 1569 
7066 1363 1558 1572 1614 
7067 1421 1490 276 1555 
7068 1068 1423 1058 1473 
7069 824 193 867 1540 
7070 1157 673 125 675 
7071 1154 903 904 206 
7072 907 207 908 1613 
7073 1061 1062 1059 1507 
7074 1067 1066 1143 1465 
7075 1096 1522 1532 1576 
7076 895 1519 1434 1595 
7077 1395 1402 1149 1552 
7078 1257 91 526 1606 
7079 340 1457 1435 1596 
7080 262 1120 1170 263 
7081 32 1506 1507 1609 
7082 1101 1415 1404 1475 
7083 1144 1486 1398 1487 
7084 121 1557 613 1618 
7085 685 684 1282 1600 
7086 1400 1489 1088 1580 
7087 1428 1474 1136 1595 
7088 1372 1443 1408 1612 
7089 1116 1407 1055 1433 
7090 1088 1400 1098 1489 
7091 442 476 50 1554 
7092 32 357 1506 1609 
7093 1111 272 1133 1420 
7094 1 1146 255 1421 
7095 1448 1450 1429 1589 
7096 1369 1539 1418 1586 
7097 1363 1558 1356 1565 
7098 1198 1174 1192 1362 
7099 1170 1384 1149 1582 
7100 735 781 1297 1411 
7101 1428 1483 1103 1562 
7102 1069 1581 1067 1621 
7103 256 1385 1160 1408 
7104 68 577 1259 1619 
7105 1067 1561 1465 1578 
7106 1192 1179 1198 1362 
7107 779 778 164 1569 
7108 556 1479 1381 1566 
7109 1120 1085 1414 1459 
7110 1143 1443 1542 1578 
7111 1140 1548 1480 1549 
7112 1093 1530 1550 1619 
7113 1455 1495 1119 1542 
7114 818 1546 817 1599 
7115 1159 547 71 1461 
7116 1170 263 1120 1391 
7117 1497 1519 215 1583 
7118 1379 1388 1094 1592 
7119 1472 1477 1145 1587 
7120 29 1456 1549 1564 
7121 1420 1456 1111 1551 
7122 585 113 1161 586 
7123 1089 1103 1134 1474 
7124 1410 1548 1063 1549 
7125 1188 1185 1527 1575 
7126 1169 1429 1148 1567 
7127 275 1458 276 1610 
7128 1474 1476 1136 1595 
7129 1145 1477 1169 1568 
7130 1407 1493 1433 1594 
7131 1133 276 1547 1554 
7132 1145 1472 1406 1477 
7133 1152 1486 1144 1487 
7134 1357 1460 1400 1533 
7135 1428 1136 1594 1595 
7136 1132 1385 1445 1446 
7137 1435 1475 1122 1498 
7138 83 1161 584 538 
7139 1062 1506 1410 1609 
7140 1531 1570 1114 1571 
7141 17 1480 1531 1570 
7142 1290 148 734 1569 
7143 1147 1167 1407 1599 
7144 1434 1497 1084 1519 
7145 72 1521 1520 1553 
7146 1116 1433 1055 1594 
7147 1252 536 95 1164 
7148 1406 1431 1056 1494 
7149 1163 1520 1521 1553 
7150 1067 1465 1143 1578 
7151 1114 1047 1140 1480 
7152 991 1579 1535 1597 
7153 75 1555 479 1610 
7154 1192 1430 1185 1575 
7155 1072 1418 1412 1492 
7156 1479 1490 1066 1561 
7157 162 775 817 1599 
7158 1052 1384 1120 1414 
7159 784 737 164 1162 
7160 1083 1463 1078 1535 
7161 1170 1391 1384 1582 
7162 1480 1548 1140 1570 
7163 180 1155 863 816 
7164 634 1282 128 1600 
7165 1094 1550 1532 1592 
7166 1048 1443 1143 1444 
7167 1111 1456 1420 1547 
7168 1379 1094 1522 1592 
7169 1100 1498 1379 1522 
7170 1349 1423 1068 1454 
7171 1113 1528 1093 1530 
7172 1099 1447 1481 1607 
7173 817 813 162 1599 
7174 1132 1385 1110 1445 
7175 1504 1579 245 1597 
7176 1159 1266 98 544 
7177 1163 1521 1421 1553 
7178 1086 1434 1084 1519 
7179 1163 1146 1 1421 
7180 860 1588 1519 1595 
7181 1168 1478 1150 1540 
7182 1416 1525 1362 1598 
7183 1052 1413 1384 1414 
7184 855 1434 894 1590 
7185 929 1463 1462 1559 
7186 1188 1488 1405 1527 
7187 1143 1066 1110 1465 
7188 1110 1445 1444 1465 
7189 1069 1067 1542 1621 
7190 75 1490 510 1555 
7191 546 547 99 1159 
7192 1185 1188 1192 1575 
7193 1152 1402 1486 1552 
7194 1045 1429 1450 1589 
7195 784 822 828 1162 
7196 1066 1465 1067 1561 
7197 1133 1421 276 1554 
7198 499 1164 535 1587 
7199 1065 1458 1456 1547 
7200 1149 1402 1395 1536 
7201 356 21 357 1609 
7202 1071 1491 1419 1556 
7203 276 1421 1132 1490 
7204 1071 1383 1491 1556 
7205 175 1594 1588 1595 
7206 1172 177 775 1599 
7207 1099 1398 1138 1452 
7208 54 1545 1439 1605 
7209 1425 1461 1159 1520 
7210 1390 1392 1184 1618 
7211 1118 1481 1447 1615 
7212 1068 1454 1423 1473 
7213 1477 1568 1145 1587 
7214 1063 1140 1456 1549 
7215 1146 1421 1163 1521 
7216 1384 1120 1414 1459 
7217 1150 1441 1411 1569 
7218 1381 1479 102 1610 
7219 1065 1063 1456 1564 
7220 1119 1069 1542 1621 
7221 1114 1480 1140 1570 
7222 1143 1465 1444 1578 
7223 1122 1435 1457 1596 
7224 1088 1086 1476 1590 
7225 1055 1428 1136 1594 
7226 1065 276 1458 1547 
7227 1127 1475 1122 1596 
7228 1160 1408 1411 1441 
7229 1147 1546 1172 1599 
7230 1114 1140 1548 1570 
7231 1111 1420 1133 1547 
7232 1133 1065 1456 1547 
7233 1143 1110 1444 1465 
7234 1066 1490 1465 1561 
7235 1088 1580 1489 1590 
7236 98 590 1266 1159 
7237 1088 1436 1580 1590 
7238 1093 1530 1528 1550 
7239 1085 1084 1497 1519 
7240 1086 1136 1476 1595 
7241 1065 1456 1458 1564 
7242 1153 945 217 1395 
7243 1132 255 1385 1446 
7244 1384 1391 1120 1459 
7245 825 148 1300 1569 
7246 1407 1538 1147 1599 
7247 861 1546 1538 1599 
7248 945 1395 1153 1552 
7249 584 1161 113 628 
7250 1110 1132 255 1385 
7251 1146 1446 100 1537 
7252 1153 1487 219 1552 
7253 130 1446 1385 1537 
7254 1380 1442 1073 1508 
7255 1442 1492 1073 1508 
7256 1103 1474 1428 1562 
7257 1381 1479 275 1566 
7258 191 903 902 1154 
7259 1463 1535 1083 1583 
7260 1160 1537 1146 1600 
7261 1085 1086 1084 1519 
7262 1111 1133 1456 1547 
7263 1119 1542 1495 1621 
7264 1126 1579 1504 1597 
7265 547 1266 99 1159 
7266 1408 1441 1372 1611 
7267 1088 1476 1436 1590 
7268 1126 1504 1417 1597 
7269 1160 1408 1385 1411 
7270 1066 1445 1110 1465 
7271 1160 1411 1385 1537 
7272 206 1154 866 821 
7273 685 115 688 1600 
7274 780 1300 148 1569 
7275 873 194 874 1611 
7276 1133 276 1065 1547 
7277 1528 1530 1113 1541 
7278 83 1161 585 584 
7279 688 1537 1291 1600 
7280 874 209 908 1611 
7281 1094 1388 1550 1592 
7282 1116 1493 1407 1594 
7283 1093 1134 1530 1619 
7284 1159 547 1266 544 
7285 685 634 115 1600 
7286 1160 1150 1411 1569 
7287 1062 1507 1506 1609 
7288 827 781 181 1411 
7289 1146 1446 1421 1521 
7290 1450 1541 1422 1589 
7291 164 734 779 1569 
7292 1126 1535 1579 1597 
7293 1445 1465 1066 1490 
7294 178 823 1162 1540 
7295 779 734 148 1569 
7296 1385 1444 1110 1445 
7297 781 785 181 1411 
7298 1154 866 903 206 
7299 1490 1555 75 1610 
7300 685 1282 634 1600 
7301 1083 1497 1463 1583 
7302 1136 1428 1103 1474 
7303 1083 1085 1497 1583 
7304 1122 1475 1435 1596 
7305 1118 1447 1380 1615 
7306 1162 1540 1150 1569 
7307 1085 1459 1519 1583 
7308 1454 1473 1068 1581 
7309 1094 1532 1522 1592 
7310 1132 1445 1066 1490 
7311 1116 1588 1493 1594 
7312 1263 83 1161 585 
7313 1045 1450 1422 1589 
7314 1063 1548 1140 1549 
7315 1110 1066 1132 1445 
7316 825 779 148 1569 
7317 1266 590 99 1159 
7318 1067 1143 1542 1578 
7319 115 1146 1537 1600 
7320 673 674 1157 624 
7321 1421 276 1554 1555 
7322 115 1537 688 1600 
7323 1085 1519 1497 1583 
7324 585 1161 113 584 
7325 1085 1519 1459 1588 
7326 146 777 1156 729 
7327 815 863 1155 816 
7328 780 148 1411 1569 
7329 1434 1476 1086 1590 
7330 1082 1462 1463 1559 
7331 684 733 1158 1290 
7332 1147 1538 1546 1599 
7333 778 1162 164 1569 
7334 1083 1535 1414 1583 
7335 1063 1549 1456 1564 
7336 1381 1458 275 1610 
7337 146 680 730 1156 
7338 1086 1476 1434 1595 
7339 674 111 725 1157 
7340 1162 822 823 178 
7341 680 146 679 1156 
7342 679 146 728 1156 
7343 863 1155 180 900 
7344 728 678 679 1156 
7345 1381 275 1479 1610 
7346 1411 1537 1160 1600 
7347 1434 1519 1086 1595 
7348 778 822 1162 178 
7349 687 1158 129 732 
7350 1157 125 673 624 
7351 128 684 733 1158 
7352 1158 683 129 732 
7353 733 683 128 1158 
7354 1158 733 683 732 
7355 724 1289 161 773 
7356 674 111 1157 624 
7357 146 777 728 1156 
7358 176 815 1155 816 
7359 636 635 1275 1159 
7360 635 1157 111 1159 
7361 1157 635 686 1158 
7362 1156 1161 127 1157 
7363 593 582 1267 1159 
7364 111 1157 624 1159 
7365 686 635 129 1158 
7366 1159 636 635 1158 
7367 880 836 835 196 
7368 849 184 886 802 
7369 888 200 850 924 
7370 593 1275 111 1159 
7371 1155 180 1153 1162 
7372 1156 176 1155 1157 
7373 1156 815 176 774 
7374 999 945 970 219 
7375 180 872 1153 1162 
7376 773 161 782 736 
7377 1155 149 783 1162 
7378 863 1155 163 815 
7379 1155 815 176 1156 
7380 1155 176 816 782 
7381 900 863 1155 1154 
7382 163 1155 863 1154 
7383 815 1155 163 1156 
7384 1155 1153 900 1154 
7385 163 863 900 1154 
7386 900 163 1154 865 
7387 370 17 376 343 
7388 629 625 125 1164 
7389 723 1156 127 1157 
7390 1157 127 723 675 
7391 679 1161 127 1156 
7392 630 1161 127 679 
7393 680 679 127 1156 
7394 1156 730 144 723 
7395 163 1155 1154 1156 
7396 163 730 1156 729 
7397 730 127 723 1156 
7398 1157 1161 127 675 
7399 581 125 625 1164 
7400 1161 127 675 629 
7401 1155 783 149 1298 
7402 725 161 1157 686 
7403 723 673 1157 675 
7404 774 176 1156 1157 
7405 111 686 725 1157 
7406 1157 624 1159 1164 
7407 624 1157 125 1164 
7408 1275 593 636 1159 
7409 1262 582 581 1164 
7410 582 593 111 1159 
7411 111 1275 635 1159 
7412 581 624 125 1164 
7413 1156 772 163 815 
7414 636 129 635 1158 
7415 149 1155 736 1158 
7416 1159 635 1157 1158 
7417 683 129 636 1158 
7418 1157 161 1289 773 
7419 1155 176 782 736 
7420 773 1157 161 686 
7421 161 773 686 736 
7422 1158 129 686 687 
7423 783 180 1155 1162 
7424 736 782 1155 1298 
7425 736 1155 149 1298 
7426 1158 149 1155 1162 
7427 730 127 1156 680 
7428 686 149 1158 687 
7429 931 933 215 1519 
7430 754 755 157 1526 
7431 135 704 754 1527 
7432 1160 1162 1150 1569 
7433 1158 1162 1160 1569 
7434 1158 1160 1146 1600 
7435 1159 1158 1146 1600 
7436 777 1156 163 1154 
7437 777 163 1156 729 
7438 297 1548 1064 303 
7439 1064 1548 297 1571 
7440 1064 3 297 303 
7441 297 3 1064 1571 
7442 678 1156 1161 679 
7443 1161 1156 678 1166 
7444 39 404 1371 1223 
7445 1371 404 39 1471 
7446 1301 182 1443 787 
7447 1443 182 1301 1612 
7448 1443 830 1301 787 
7449 1301 830 1443 1612 
7450 89 610 1187 1270 
7451 1187 610 89 1527 
7452 300 4 1127 307 
7453 300 1127 4 1571 
7454 48 465 1461 1245 
7455 48 1461 465 1471 
7456 1164 1461 465 1245 
7457 1164 465 1461 1471 
7458 1416 1046 1608 1382 
7459 1416 1608 1046 1354 
7460 737 1158 1162 149 
7461 762 763 1533 140 
7462 762 1533 763 1580 
7463 712 1533 763 140 
7464 712 763 1533 1580 
7465 1164 581 95 625 
7466 1164 95 581 1262 
7467 1451 123 1436 667 
7468 1451 1436 123 1359 
7469 89 1488 1527 651 
7470 89 1527 1488 1496 
7471 1008 1025 1380 252 
7472 600 555 1479 102 
7473 330 1565 6 315 
7474 330 6 1565 1363 
7475 305 6 1565 315 
7476 305 1565 6 1363 
7477 1612 194 1408 1611 
7478 1612 1408 194 830 
7479 1155 782 783 1298 
7480 1593 1466 1360 1500 
7481 1593 1360 1466 1409 
7482 1529 456 1585 1234 
7483 1529 1585 456 1500 
7484 1414 995 1384 967 
7485 1414 1384 995 1413 
7486 228 1384 995 967 
7487 228 995 1384 1413 
7488 1434 854 1476 187 
7489 1434 1476 854 1595 
7490 808 1476 854 187 
7491 1416 1046 1362 1354 
7492 1416 1362 1046 1080 
7493 1442 1008 1007 1339 
7494 1159 546 1164 582 
7495 1159 1164 546 1461 
7496 82 1164 546 582 
7497 82 546 1164 1461 
7498 1533 712 1577 140 
7499 1533 1577 712 1375 
7500 663 1577 712 140 
7501 663 712 1577 1375 
7502 1606 93 1359 1451 
7503 1606 1359 93 572 
7504 619 1359 93 1451 
7505 1614 1367 1518 1368 
7506 1614 1518 1367 1350 
7507 1393 1572 359 1506 
7508 1318 1516 211 925 
7509 211 1516 1318 1403 
7510 397 366 1576 368 
7511 397 1576 366 1457 
7512 25 1576 366 368 
7513 25 366 1576 1457 
7514 854 811 1476 808 
7515 1476 811 854 1595 
7516 1435 367 16 1214 
7517 1435 16 367 341 
7518 738 1411 786 785 
7519 786 1411 738 1408 
7520 1485 233 1437 1011 
7521 1485 1437 233 1426 
7522 1488 520 1496 1440 
7523 1488 1496 520 565 
7524 78 1496 520 1440 
7525 78 520 1496 565 
7526 1496 565 89 521 
7527 1496 89 565 1488 
7528 989 1485 960 244 
7529 989 960 1485 1427 
7530 990 960 1485 244 
7531 990 1485 960 1427 
7532 1544 391 44 392 
7533 1544 44 391 1529 
7534 434 1477 1568 1236 
7535 1568 1477 434 1587 
7536 1568 466 434 1236 
7537 434 466 1568 1587 
7538 878 195 1079 915 
7539 878 1079 195 1495 
7540 1615 195 977 1380 
7541 1615 977 195 946 
7542 367 25 1435 341 
7543 1435 25 367 1576 
7544 1560 525 491 1500 
7545 1560 491 525 80 
7546 34 420 1449 389 
7547 34 1449 420 1605 
7548 1573 1449 420 389 
7549 1573 420 1449 1605 
7550 211 1516 923 925 
7551 923 1516 211 1467 
7552 1502 803 1432 1460 
7553 1502 1432 803 1305 
7554 1575 757 171 1430 
7555 1575 171 757 799 
7556 1079 221 1491 914 
7557 1079 1491 221 1508 
7558 1419 221 1491 1508 
7559 895 1434 203 856 
7560 203 1434 895 1321 
7561 1480 39 1371 375 
7562 1480 1371 39 1358 
7563 1415 304 1064 1393 
7564 1415 1064 304 298 
7565 302 1064 304 1393 
7566 302 304 1064 298 
7567 572 1606 617 91 
7568 572 617 1606 1359 
7569 1573 393 56 1543 
7570 1573 56 393 424 
7571 1586 883 199 1539 
7572 1586 199 883 920 
7573 1563 414 1513 1518 
7574 1503 1171 1472 1406 
7575 1503 1472 1171 1471 
7576 1464 1498 318 336 
7577 318 1498 1464 1404 
7578 318 9 1464 336 
7579 1464 9 318 1404 
7580 5 296 1571 301 
7581 5 1571 296 297 
7582 192 822 1162 828 
7583 192 1162 822 823 
7584 1510 69 1095 1450 
7585 1510 1095 69 497 
7586 666 1089 1451 1134 
7587 666 1451 1089 141 
7588 1321 933 1519 897 
7589 1452 239 1338 1002 
7590 1338 239 1452 1398 
7591 1338 1001 1452 1002 
7592 1452 1001 1338 1398 
7593 1516 1046 1608 1354 
7594 1516 1608 1046 1426 
7595 401 1503 38 374 
7596 401 38 1503 1406 
7597 373 38 1503 374 
7598 373 1503 38 1406 
7599 1533 1049 1577 1375 
7600 1533 1577 1049 1357 
7601 1361 1577 1049 1375 
7602 1361 1049 1577 1357 
7603 1464 9 316 335 
7604 1464 316 9 1404 
7605 1555 511 1421 73 
7606 1555 1421 511 1554 
7607 1501 1195 1373 1366 
7608 1501 1373 1195 1396 
7609 1527 653 651 1287 
7610 1564 441 51 411 
7611 1564 51 441 1458 
7612 1585 1244 45 460 
7613 1585 45 1244 1388 
7614 1361 1049 1199 1128 
7615 1361 1199 1049 1357 
7616 296 4 1571 300 
7617 1571 4 296 295 
7618 164 822 1162 778 
7619 1162 822 164 784 
7620 806 186 1580 807 
7621 353 1564 1609 30 
7622 1609 1564 353 1063 
7623 1450 468 69 503 
7624 1450 69 468 1510 
7625 1433 721 143 1428 
7626 1433 143 721 720 
7627 1361 1199 1392 1177 
7628 1361 1392 1199 1357 
7629 814 1433 1493 160 
7630 1493 1433 814 1407 
7631 1619 461 1388 494 
7632 1619 1388 461 1550 
7633 1595 159 1428 1474 
7634 1595 1428 159 768 
7635 1533 139 1460 761 
7636 1533 1460 139 1505 
7637 1485 990 1579 1078 
7638 1485 1579 990 244 
7639 1548 1064 8 1410 
7640 77 1591 515 484 
7641 77 515 1591 1401 
7642 482 515 1591 484 
7643 482 1591 515 1401 
7644 1148 1166 584 112 
7645 1148 584 1166 1161 
7646 628 584 1166 112 
7647 628 1166 584 1161 
7648 1510 469 1450 1448 
7649 1510 1450 469 468 
7650 1516 1137 1046 1354 
7651 1516 1046 1137 1081 
7652 1420 1231 49 440 
7653 1420 49 1231 1551 
7654 1515 1070 1349 1352 
7655 1515 1349 1070 1454 
7656 1465 1276 117 639 
7657 1465 117 1276 1445 
7658 414 1513 41 417 
7659 414 41 1513 1518 
7660 1385 689 150 738 
7661 1385 150 689 1537 
7662 1619 1093 1438 1388 
7663 1544 23 1464 364 
7664 1544 1464 23 1379 
7665 1618 1409 1392 1184 
7666 1618 1392 1409 1617 
7667 1616 443 410 63 
7668 410 443 1616 1564 
7669 410 444 1616 63 
7670 1616 444 410 1564 
7671 1387 710 122 661 
7672 1387 122 710 1505 
7673 1596 1620 1457 1109 
7674 1457 1620 1596 7 
7675 1523 727 162 1172 
7676 1523 162 727 726 
7677 1499 1389 1605 1469 
7678 1499 1605 1389 1496 
7679 1607 239 1481 1452 
7680 1607 1481 239 1006 
7681 1586 1362 1382 1369 
7682 1586 1382 1362 1416 
7683 1080 1382 1362 1369 
7684 1080 1362 1382 1416 
7685 1617 570 79 524 
7686 79 570 1617 1409 
7687 79 1593 1617 524 
7688 1617 1593 79 1409 
7689 1476 716 765 142 
7690 1476 765 716 1436 
7691 1529 456 55 1500 
7692 1529 55 456 422 
7693 1616 1224 381 30 
7694 381 1224 1616 1507 
7695 381 1609 1616 30 
7696 1616 1609 381 1507 
7697 1559 214 892 930 
7698 1559 892 214 1489 
7699 1576 342 1214 1435 
7700 1576 1214 342 369 
7701 76 561 1423 558 
7702 76 1423 561 516 
7703 105 561 1423 560 
7704 1423 561 105 602 
7705 1534 1615 947 1481 
7706 1534 947 1615 230 
7707 978 947 1615 1481 
7708 978 1615 947 230 
7709 1482 702 1374 751 
7710 1482 1374 702 1405 
7711 391 1544 35 1219 
7712 35 1544 391 1529 
7713 1572 332 359 358 
7714 1572 359 332 1393 
7715 240 1615 1447 1004 
7716 1447 1615 240 1380 
7717 1563 417 414 1226 
7718 1563 414 417 1513 
7719 835 880 1383 836 
7720 1383 880 835 210 
7721 1574 841 1602 1539 
7722 1574 1602 841 170 
7723 1606 1466 1438 1359 
7724 1606 1438 1466 1560 
7725 1621 837 838 1491 
7726 1621 838 837 793 
7727 48 1461 439 472 
7728 1238 439 1461 472 
7729 1238 1461 439 1425 
7730 1591 482 53 1512 
7731 1591 53 482 484 
7732 145 678 1166 677 
7733 1352 278 1190 1123 
7734 1352 1190 278 1176 
7735 1064 303 8 302 
7736 1064 8 303 1548 
7737 1491 917 210 881 
7738 1491 210 917 1419 
7739 501 538 1567 1161 
7740 501 1567 538 1253 
7741 1575 1179 1574 1482 
7742 1575 1574 1179 1192 
7743 1619 462 496 1550 
7744 1619 496 462 68 
7745 1412 916 222 951 
7746 1412 222 916 1556 
7747 1077 250 1452 1504 
7748 1452 250 1077 1607 
7749 331 1609 1393 21 
7750 1504 1036 1035 1043 
7751 1504 1035 1036 1417 
7752 1559 1311 185 890 
7753 1559 185 1311 1432 
7754 786 1411 829 181 
7755 829 1411 786 1408 
7756 1621 740 1495 165 
7757 1621 1495 740 1542 
7758 1619 1260 533 577 
7759 1619 533 1260 1530 
7760 1508 948 221 950 
7761 1508 221 948 1419 
7762 1603 1081 1364 1427 
7763 1603 1364 1081 1516 
7764 1573 65 459 453 
7765 1573 459 65 1469 
7766 1510 47 1494 435 
7767 1510 1494 47 1448 
7768 1195 1573 1396 1373 
7769 1195 1396 1573 1389 
7770 329 1363 313 1208 
7771 780 781 1411 1297 
7772 1476 716 1474 1089 
7773 1476 1474 716 142 
7774 78 1496 488 521 
7775 78 488 1496 1545 
7776 1570 323 17 322 
7777 1570 17 323 1531 
7778 1595 159 1476 769 
7779 1595 1476 159 1474 
7780 719 1476 159 769 
7781 719 159 1476 1474 
7782 1433 1167 1523 1407 
7783 1433 1523 1167 1376 
7784 1085 1595 1116 1086 
7785 1116 1595 1085 1588 
7786 1514 1135 1349 1115 
7787 1514 1349 1135 1351 
7788 1557 523 529 568 
7789 1557 529 523 1453 
7790 1455 1611 1613 209 
7791 1613 1611 1455 1372 
7792 1172 676 1523 727 
7793 1172 1523 676 1166 
7794 1538 1307 1407 1493 
7795 1538 1407 1307 189 
7796 814 1407 1307 1493 
7797 814 1307 1407 189 
7798 1377 1591 273 1401 
7799 1377 273 1591 1378 
7800 1061 273 1591 1401 
7801 1061 1591 273 1378 
7802 90 1557 1618 613 
7803 1618 1557 90 1617 
7804 820 191 1154 821 
7805 1154 191 820 819 
7806 820 1172 1154 819 
7807 1562 718 669 1474 
7808 1562 669 718 124 
7809 1455 832 1443 1612 
7810 182 832 1443 788 
7811 182 1443 832 1612 
7812 465 1587 1164 499 
7813 1164 1587 465 1472 
7814 728 678 1166 145 
7815 1166 678 728 1156 
7816 1166 1172 728 145 
7817 728 1172 1166 1156 
7818 1621 741 742 1542 
7819 1621 742 741 791 
7820 1342 1583 993 236 
7821 993 1583 1342 1535 
7822 1619 496 533 1530 
7823 1619 533 496 68 
7824 820 145 1172 776 
7825 820 1172 145 777 
7826 1485 1077 1504 1470 
7827 1485 1504 1077 1078 
7828 1615 1079 1118 1142 
7829 1615 1118 1079 1380 
7830 1544 1501 35 1543 
7831 1544 35 1501 1529 
7832 1580 1090 1400 1375 
7833 1580 1400 1090 1088 
7834 1235 1592 1388 427 
7835 1388 1592 1235 1550 
7836 1116 1595 1136 1086 
7837 1136 1595 1116 1594 
7838 1622 1573 1195 1373 
7839 1526 653 654 120 
7840 1473 153 697 696 
7841 1473 697 153 1581 
7842 1464 1101 1498 1100 
7843 1464 1498 1101 1404 
7844 1584 385 42 1563 
7845 1584 42 385 1225 
7846 1484 1070 1515 1352 
7847 1484 1515 1070 1383 
7848 1615 1142 1481 1534 
7849 1615 1481 1142 1118 
7850 1051 1481 1142 1534 
7851 1051 1142 1481 1118 
7852 1478 1569 1441 1150 
7853 1441 1569 1478 826 
7854 1497 1082 1559 1084 
7855 1497 1559 1082 1463 
7856 1527 1189 1496 1187 
7857 1527 1496 1189 1488 
7858 1597 1414 1052 1535 
7859 1597 1052 1414 1413 
7860 1619 1091 1438 1093 
7861 1619 1438 1091 1451 
7862 1559 928 929 1320 
7863 1559 929 928 1462 
7864 1507 1378 1512 1061 
7865 1507 1512 1378 1584 
7866 1588 858 204 1493 
7867 1588 204 858 857 
7868 1570 17 326 322 
7869 1570 326 17 1480 
7870 1520 544 71 1159 
7871 1520 71 544 506 
7872 600 601 1479 1269 
7873 1590 1084 1086 1434 
7874 1590 1086 1084 1088 
7875 1596 320 308 1206 
7876 855 853 1590 1312 
7877 1405 1176 1374 1394 
7878 1405 1374 1176 1190 
7879 1045 1541 1095 1113 
7880 1095 1541 1045 1450 
7881 1082 1463 1081 1078 
7882 1082 1081 1463 1462 
7883 1427 1081 1463 1078 
7884 1427 1463 1081 1462 
7885 1569 179 780 1300 
7886 1569 780 179 1411 
7887 1584 1506 1378 1507 
7888 1584 1378 1506 1563 
7889 1368 1378 1506 1507 
7890 1368 1506 1378 1563 
7891 164 1158 1162 737 
7892 164 1162 1158 1569 
7893 1527 1575 1405 1188 
7894 1405 1575 1527 156 
7895 1185 1527 1187 1188 
7896 1187 1527 1185 1526 
7897 1621 1067 742 1581 
7898 1621 742 1067 1542 
7899 1559 1364 1082 1462 
7900 1559 1082 1364 1432 
7901 128 684 1600 1282 
7902 128 1600 684 1158 
7903 178 1540 1569 824 
7904 1569 1540 178 1162 
7905 1569 779 178 824 
7906 1569 778 178 779 
7907 1569 178 778 1162 
7908 180 900 1153 872 
7909 1153 900 180 1155 
7910 617 93 1359 572 
7911 1359 93 617 619 
7912 934 215 1583 966 
7913 1583 215 934 898 
7914 1158 1155 176 1157 
7915 176 1155 1158 736 
7916 773 736 1158 686 
7917 1158 736 773 176 
7918 1158 1157 773 686 
7919 773 1157 1158 176 
7920 1285 1349 118 699 
7921 1509 1349 118 604 
7922 1509 118 1349 699 
7923 356 1609 381 1216 
7924 426 24 1522 396 
7925 1522 24 426 399 
7926 617 109 1359 664 
7927 617 1359 109 574 
7928 138 758 1430 760 
7929 138 1430 758 708 
7930 758 171 1525 800 
7931 1525 171 758 757 
7932 835 166 1383 879 
7933 1383 166 835 792 
7934 960 234 1427 989 
7935 1427 234 960 959 
7936 201 1416 1403 887 
7937 1403 849 201 887 
7938 201 849 1403 848 
7939 139 1505 710 659 
7940 888 212 1364 889 
7941 888 1364 212 926 
7942 139 759 1505 801 
7943 139 1505 759 710 
7944 960 226 1462 927 
7945 1462 226 960 990 
7946 960 1427 1462 990 
7947 855 203 1434 856 
7948 855 1434 203 894 
7949 747 133 1374 749 
7950 747 1374 133 700 
7951 1424 1374 133 749 
7952 1424 133 1374 700 
7953 646 118 1349 604 
7954 646 1349 118 1285 
7955 1008 242 1380 1025 
7956 1008 1380 242 981 
7957 216 970 1395 939 
7958 1395 970 216 969 
7959 772 1156 774 815 
7960 180 782 1155 816 
7961 180 1155 782 783 
7962 204 934 1459 1329 
7963 204 1459 934 896 
7964 426 57 1592 431 
7965 426 1592 57 1227 
7966 772 144 1156 730 
7967 772 1156 144 774 
7968 1156 144 1157 723 
7969 1156 1157 144 774 
7970 673 1157 144 723 
7971 1164 581 1159 582 
7972 1164 1159 581 624 
7973 111 1159 581 582 
7974 111 581 1159 624 
7975 125 629 1161 675 
7976 1161 629 125 1164 
7977 1161 1157 125 675 
7978 125 1157 1161 1164 
7979 1358 1471 370 371 
7980 37 1471 370 400 
7981 37 370 1471 371 
7982 7 320 1596 340 
7983 7 1596 320 308 
7984 16 320 1435 321 
7985 16 1435 320 341 
7986 8 1410 352 328 
7987 412 30 1616 443 
7988 412 1616 30 1224 
7989 1381 86 1479 556 
7990 1381 1479 86 555 
7991 600 1479 86 556 
7992 600 86 1479 555 
7993 637 130 1537 638 
7994 637 1537 130 689 
7995 636 683 1159 633 
7996 1159 683 636 1158 
7997 683 1600 1159 633 
7998 1159 1600 683 1158 
7999 683 128 1600 633 
8000 1600 128 683 1158 
8001 115 637 1537 594 
8002 1537 637 115 688 
8003 207 874 1611 873 
8004 207 1611 874 908 
8005 781 179 1411 827 
8006 781 1411 179 780 
8007 150 781 1411 785 
8008 1411 781 150 735 
8009 912 195 1534 877 
8010 912 1534 195 946 
8011 912 220 1534 947 
8012 912 1534 220 1314 
8013 874 182 1612 831 
8014 1612 182 874 875 
8015 1612 1611 874 831 
8016 874 1611 1612 875 
8017 646 132 1454 698 
8018 1454 132 646 644 
8019 646 1349 1454 644 
8020 243 1008 1442 1029 
8021 243 1442 1008 1007 
8022 168 747 1374 795 
8023 168 1374 747 748 
8024 170 751 1482 796 
8025 170 1482 751 752 
8026 751 134 1374 748 
8027 751 1374 134 702 
8028 412 52 1616 413 
8029 1616 52 412 446 
8030 386 21 1506 357 
8031 386 1506 21 359 
8032 42 386 1563 385 
8033 42 1563 386 387 
8034 13 329 1363 313 
8035 1363 329 13 354 
8036 14 361 1565 390 
8037 14 1565 361 333 
8038 34 361 1449 360 
8039 1449 361 34 389 
8040 356 8 1609 352 
8041 356 1609 8 331 
8042 1410 1609 8 352 
8043 329 1363 1565 355 
8044 1565 1363 329 330 
8045 1565 20 329 355 
8046 329 20 1565 330 
8047 907 1613 913 1325 
8048 759 1517 760 1295 
8049 759 172 1517 802 
8050 759 1517 172 760 
8051 855 174 1590 853 
8052 855 1590 174 809 
8053 209 907 1613 913 
8054 209 1613 907 908 
8055 600 101 1479 601 
8056 600 1479 101 597 
8057 32 356 1609 381 
8058 32 1609 356 357 
8059 1478 944 193 943 
8060 653 89 1527 651 
8061 653 1527 89 610 
8062 1321 1519 203 1434 
8063 1321 203 1519 933 
8064 931 203 1519 1434 
8065 931 1519 203 933 
8066 894 202 1434 931 
8067 894 1434 202 1590 
8068 893 1434 202 931 
8069 511 1248 1421 85 
8070 511 1421 1248 1554 
8071 1421 1248 1553 85 
8072 1421 1553 1248 1554 
8073 1553 1248 509 85 
8074 1553 509 1248 1554 
8075 1534 833 1455 877 
8076 1534 1455 833 1495 
8077 183 1455 833 877 
8078 183 833 1455 1495 
8079 1290 148 1158 684 
8080 1290 1158 148 1569 
8081 1600 1158 148 684 
8082 164 734 1158 733 
8083 164 1158 734 1569 
8084 1290 1158 734 733 
8085 1290 734 1158 1569 
8086 1559 928 185 1462 
8087 1559 185 928 890 
8088 62 1555 442 1554 
8089 62 442 1555 475 
8090 476 442 1555 1554 
8091 476 1555 442 475 
8092 1187 1601 1185 1186 
8093 1185 1601 1187 1526 
8094 1411 148 1158 1569 
8095 1158 148 1411 1600 
8096 1158 1160 1411 1569 
8097 1411 1160 1158 1600 
8098 193 907 1478 868 
8099 1478 907 193 944 
8100 878 1079 1491 914 
8101 1491 1079 878 1495 
8102 1491 197 878 914 
8103 878 197 1491 1495 
8104 144 674 1157 673 
8105 1157 144 1289 674 
8106 724 144 1157 774 
8107 1157 144 724 1289 
8108 1157 176 724 774 
8109 122 1505 660 659 
8110 1412 222 1418 951 
8111 1412 1418 222 1492 
8112 952 1418 222 951 
8113 952 222 1418 1492 
8114 221 1491 948 1419 
8115 221 948 1491 914 
8116 917 948 1491 1419 
8117 917 1491 948 914 
8118 617 91 1359 574 
8119 1359 91 617 1606 
8120 91 1466 1359 574 
8121 1359 1466 91 1606 
8122 91 527 1466 574 
8123 1466 527 91 1606 
8124 806 186 1400 1580 
8125 1400 186 806 805 
8126 707 137 1526 655 
8127 656 1526 137 655 
8128 656 137 1526 1601 
8129 1371 1461 405 48 
8130 1371 405 1461 1425 
8131 439 405 1461 48 
8132 439 1461 405 1425 
8133 1195 1389 1622 1175 
8134 1622 1389 1195 1573 
8135 1030 251 1442 1604 
8136 1442 251 1030 1346 
8137 1442 243 1030 1604 
8138 1030 243 1442 1346 
8139 1154 820 777 1172 
8140 777 820 1154 821 
8141 832 1443 789 1455 
8142 832 789 1443 788 
8143 1542 789 1443 1455 
8144 1542 1443 789 788 
8145 724 773 1157 1289 
8146 724 1157 773 176 
8147 1403 201 1525 1416 
8148 1525 201 1403 848 
8149 1462 960 1327 1427 
8150 1327 960 1462 927 
8151 1471 370 39 1358 
8152 1471 39 370 400 
8153 1454 646 1285 1349 
8154 1285 646 1454 698 
8155 1454 1285 154 1349 
8156 154 1285 1454 698 
8157 1454 154 1515 1349 
8158 136 1526 653 654 
8159 1609 8 1393 1410 
8160 1609 1393 8 331 
8161 1434 202 1489 893 
8162 1434 1489 202 1590 
8163 1509 1515 701 699 
8164 701 1515 1509 1424 
8165 701 648 1509 699 
8166 1509 648 701 1424 
8167 1600 735 1537 1291 
8168 1600 1537 735 1411 
8169 150 1537 735 1291 
8170 150 735 1537 1411 
8171 1526 754 704 1527 
8172 704 754 1526 136 
8173 704 653 1526 1527 
8174 1526 653 704 136 
8175 566 107 1496 522 
8176 1496 107 566 1499 
8177 567 1605 1496 522 
8178 1496 1605 567 1499 
8179 107 567 1496 522 
8180 1496 567 107 1499 
8181 108 614 1533 660 
8182 1533 614 108 1392 
8183 614 1505 1533 660 
8184 1533 1505 614 1392 
8185 614 122 1505 660 
8186 1505 122 614 1392 
8187 1505 660 139 1533 
8188 1505 139 660 659 
8189 137 1526 715 707 
8190 137 715 1526 1601 
8191 1454 154 746 1515 
8192 1454 746 154 698 
$EndElements
